t,x,y,theta,rho,ex_w,ey_w,vx,vy,w,reached
1.840,0.4984,-0.9506,-0.0000,1.6558,-0.7984,1.4506,-0.1768,0.1768,0.0000,0
1.861,0.4984,-0.9506,-0.0000,1.6558,-0.7984,1.4506,-0.1768,0.1768,0.0000,0
1.881,0.4984,-0.9506,-0.0000,1.6558,-0.7984,1.4506,-0.1768,0.1768,0.0000,0
1.901,0.4984,-0.9506,-0.0000,1.6558,-0.7984,1.4506,-0.1768,0.1768,0.0000,0
1.920,0.4984,-0.9506,-0.0000,1.6558,-0.7984,1.4506,-0.1768,0.1768,0.0000,0
1.940,0.4984,-0.9506,-0.0000,1.6558,-0.7984,1.4506,-0.1768,0.1768,0.0000,0
1.960,0.4984,-0.9506,-0.0000,1.6558,-0.7984,1.4506,-0.1768,0.1768,0.0000,0
1.980,0.4984,-0.9506,-0.0000,1.6558,-0.7984,1.4506,-0.1768,0.1768,0.0000,0
2.000,0.4984,-0.9506,-0.0000,1.6558,-0.7984,1.4506,-0.1768,0.1768,0.0000,0
2.021,0.4984,-0.9506,-0.0000,1.6558,-0.7984,1.4506,-0.1768,0.1768,0.0000,0
2.040,0.4984,-0.9506,-0.0000,1.6558,-0.7984,1.4506,-0.1768,0.1768,0.0000,0
2.061,0.4984,-0.9506,-0.0000,1.6558,-0.7984,1.4506,-0.1768,0.1768,0.0000,0
2.082,0.4984,-0.9506,-0.0000,1.6558,-0.7984,1.4506,-0.1768,0.1768,0.0000,0
2.101,0.4984,-0.9506,-0.0000,1.6558,-0.7984,1.4506,-0.1768,0.1768,0.0000,0
2.120,0.4984,-0.9506,-0.0000,1.6558,-0.7984,1.4506,-0.1768,0.1768,0.0000,0
2.140,0.4984,-0.9506,-0.0000,1.6558,-0.7984,1.4506,-0.1768,0.1768,0.0000,0
2.161,0.4984,-0.9506,-0.0000,1.6558,-0.7984,1.4506,-0.1768,0.1768,0.0000,0
2.180,0.4984,-0.9506,-0.0000,1.6558,-0.7984,1.4506,-0.1768,0.1768,0.0000,0
2.201,0.4984,-0.9506,-0.0000,1.6558,-0.7984,1.4506,-0.1768,0.1768,0.0000,0
2.221,0.4984,-0.9506,-0.0000,1.6558,-0.7984,1.4506,-0.1768,0.1768,0.0000,0
2.240,0.4984,-0.9506,-0.0000,1.6558,-0.7984,1.4506,-0.1768,0.1768,0.0000,0
2.262,0.4984,-0.9506,-0.0000,1.6558,-0.7984,1.4506,-0.1768,0.1768,0.0000,0
2.282,0.4984,-0.9506,-0.0000,1.6558,-0.7984,1.4506,-0.1768,0.1768,0.0000,0
2.301,0.4984,-0.9506,-0.0000,1.6558,-0.7984,1.4506,-0.1768,0.1768,0.0000,0
2.320,0.4984,-0.9506,-0.0000,1.6558,-0.7984,1.4506,-0.1768,0.1768,0.0000,0
2.341,0.4984,-0.9506,-0.0000,1.6558,-0.7984,1.4506,-0.1768,0.1768,0.0000,0
2.360,0.4984,-0.9506,-0.0000,1.6558,-0.7984,1.4506,-0.1768,0.1768,0.0000,0
2.381,0.4984,-0.9506,-0.0000,1.6558,-0.7984,1.4506,-0.1768,0.1768,0.0000,0
2.402,0.4984,-0.9506,-0.0000,1.6558,-0.7984,1.4506,-0.1768,0.1768,0.0000,0
2.420,0.4984,-0.9506,-0.0000,1.6558,-0.7984,1.4506,-0.1768,0.1768,0.0000,0
2.440,0.4984,-0.9506,-0.0000,1.6558,-0.7984,1.4506,-0.1768,0.1768,0.0000,0
2.462,0.4984,-0.9506,-0.0000,1.6558,-0.7984,1.4506,-0.1768,0.1768,0.0000,0
2.481,0.4984,-0.9506,-0.0000,1.6558,-0.7984,1.4506,-0.1768,0.1768,0.0000,0
2.500,0.4984,-0.9506,-0.0000,1.6558,-0.7984,1.4506,-0.1768,0.1768,0.0000,0
2.521,0.4984,-0.9506,-0.0000,1.6558,-0.7984,1.4506,-0.1768,0.1768,0.0000,0
2.541,0.4984,-0.9506,-0.0000,1.6558,-0.7984,1.4506,-0.1768,0.1768,0.0000,0
2.560,0.4984,-0.9506,-0.0000,1.6558,-0.7984,1.4506,-0.1768,0.1768,0.0000,0
2.581,0.4984,-0.9506,-0.0000,1.6558,-0.7984,1.4506,-0.1768,0.1768,0.0000,0
2.601,0.4984,-0.9506,-0.0000,1.6558,-0.7984,1.4506,-0.1768,0.1768,0.0000,0
2.620,0.4984,-0.9506,-0.0000,1.6558,-0.7984,1.4506,-0.1768,0.1768,0.0000,0
2.640,0.4984,-0.9506,-0.0000,1.6558,-0.7984,1.4506,-0.1768,0.1768,0.0000,0
2.660,0.4984,-0.9506,-0.0000,1.6558,-0.7984,1.4506,-0.1768,0.1768,0.0000,0
2.682,0.4984,-0.9506,-0.0000,1.6558,-0.7984,1.4506,-0.1768,0.1768,0.0000,0
2.701,0.4984,-0.9506,-0.0000,1.6558,-0.7984,1.4506,-0.1768,0.1768,0.0000,0
2.721,0.4984,-0.9506,-0.0000,1.6558,-0.7984,1.4506,-0.1768,0.1768,0.0000,0
2.741,0.4984,-0.9506,-0.0000,1.6558,-0.7984,1.4506,-0.1768,0.1768,0.0000,0
2.760,0.4984,-0.9506,-0.0000,1.6558,-0.7984,1.4506,-0.1768,0.1768,0.0000,0
2.781,0.4984,-0.9506,-0.0000,1.6558,-0.7984,1.4506,-0.1768,0.1768,0.0000,0
2.802,0.4984,-0.9506,-0.0000,1.6558,-0.7984,1.4506,-0.1768,0.1768,0.0000,0
2.821,0.4984,-0.9506,-0.0000,1.6558,-0.7984,1.4506,-0.1768,0.1768,0.0000,0
2.841,0.4984,-0.9506,-0.0000,1.6558,-0.7984,1.4506,-0.1768,0.1768,0.0000,0
2.861,0.4984,-0.9506,-0.0000,1.6558,-0.7984,1.4506,-0.1768,0.1768,0.0000,0
2.881,0.4984,-0.9506,-0.0000,1.6558,-0.7984,1.4506,-0.1768,0.1768,0.0000,0
2.901,0.4984,-0.9506,-0.0000,1.6558,-0.7984,1.4506,-0.1768,0.1768,0.0000,0
2.922,0.4984,-0.9506,-0.0000,1.6558,-0.7984,1.4506,-0.1768,0.1768,0.0000,0
2.942,0.4971,-0.9493,-0.0000,1.6540,-0.7971,1.4493,-0.1768,0.1768,0.0000,0
2.961,0.4971,-0.9493,-0.0000,1.6540,-0.7971,1.4493,-0.1768,0.1768,0.0000,0
2.980,0.4971,-0.9493,-0.0000,1.6540,-0.7971,1.4493,-0.1768,0.1768,0.0000,0
3.002,0.4971,-0.9493,-0.0000,1.6540,-0.7971,1.4493,-0.1768,0.1768,0.0000,0
3.022,0.4971,-0.9493,-0.0000,1.6540,-0.7971,1.4493,-0.1768,0.1768,0.0000,0
3.040,0.4958,-0.9480,-0.0000,1.6523,-0.7958,1.4480,-0.1768,0.1768,0.0000,0
3.061,0.4906,-0.9428,-0.0000,1.6452,-0.7906,1.4428,-0.1768,0.1768,0.0000,0
3.081,0.4867,-0.9388,-0.0000,1.6399,-0.7867,1.4388,-0.1768,0.1768,0.0000,0
3.101,0.4841,-0.9362,-0.0000,1.6363,-0.7841,1.4362,-0.1768,0.1768,0.0000,0
3.121,0.4841,-0.9362,-0.0000,1.6363,-0.7841,1.4362,-0.1768,0.1768,0.0000,0
3.141,0.4841,-0.9362,-0.0000,1.6363,-0.7841,1.4362,-0.1768,0.1768,0.0000,0
3.160,0.4802,-0.9323,-0.0000,1.6310,-0.7802,1.4323,-0.1768,0.1768,0.0000,0
3.181,0.4802,-0.9323,-0.0000,1.6310,-0.7802,1.4323,-0.1768,0.1768,0.0000,0
3.201,0.4802,-0.9323,-0.0000,1.6310,-0.7802,1.4323,-0.1768,0.1768,0.0000,0
3.220,0.4775,-0.9297,-0.0000,1.6275,-0.7775,1.4297,-0.1768,0.1768,0.0000,0
3.240,0.4775,-0.9297,-0.0000,1.6275,-0.7775,1.4297,-0.1768,0.1768,0.0000,0
3.262,0.4775,-0.9297,-0.0000,1.6275,-0.7775,1.4297,-0.1768,0.1768,0.0000,0
3.280,0.4775,-0.9297,-0.0000,1.6275,-0.7775,1.4297,-0.1768,0.1768,0.0000,0
3.301,0.4749,-0.9271,-0.0000,1.6239,-0.7749,1.4271,-0.1768,0.1768,0.0000,0
3.320,0.4736,-0.9258,-0.0000,1.6221,-0.7736,1.4258,-0.1768,0.1768,0.0000,0
3.342,0.4736,-0.9258,-0.0000,1.6221,-0.7736,1.4258,-0.1768,0.1768,0.0000,0
3.361,0.4736,-0.9258,-0.0000,1.6221,-0.7736,1.4258,-0.1768,0.1768,0.0000,0
3.380,0.4723,-0.9245,-0.0000,1.6204,-0.7723,1.4245,-0.1768,0.1768,0.0000,0
3.400,0.4697,-0.9219,-0.0000,1.6168,-0.7697,1.4219,-0.1768,0.1768,0.0000,0
3.421,0.4697,-0.9219,-0.0000,1.6168,-0.7697,1.4219,-0.1768,0.1768,0.0000,0
3.440,0.4684,-0.9206,-0.0000,1.6151,-0.7684,1.4206,-0.1768,0.1768,0.0000,0
3.460,0.4671,-0.9193,-0.0000,1.6133,-0.7671,1.4193,-0.1768,0.1768,0.0000,0
3.480,0.4671,-0.9193,-0.0000,1.6133,-0.7671,1.4193,-0.1768,0.1768,0.0000,0
3.501,0.4671,-0.9193,-0.0000,1.6133,-0.7671,1.4193,-0.1768,0.1768,0.0000,0
3.520,0.4658,-0.9179,-0.0000,1.6115,-0.7658,1.4179,-0.1768,0.1768,0.0000,0
3.541,0.4658,-0.9179,-0.0000,1.6115,-0.7658,1.4179,-0.1768,0.1768,0.0000,0
3.560,0.4658,-0.9179,-0.0000,1.6115,-0.7658,1.4179,-0.1768,0.1768,0.0000,0
3.581,0.4658,-0.9179,-0.0000,1.6115,-0.7658,1.4179,-0.1768,0.1768,0.0000,0
3.600,0.4632,-0.9153,-0.0000,1.6080,-0.7632,1.4153,-0.1768,0.1768,0.0000,0
3.620,0.4632,-0.9153,-0.0000,1.6080,-0.7632,1.4153,-0.1768,0.1768,0.0000,0
3.640,0.4632,-0.9153,-0.0000,1.6080,-0.7632,1.4153,-0.1768,0.1768,0.0000,0
3.660,0.4632,-0.9153,-0.0000,1.6080,-0.7632,1.4153,-0.1768,0.1768,0.0000,0
3.680,0.4632,-0.9153,-0.0000,1.6080,-0.7632,1.4153,-0.1768,0.1768,0.0000,0
3.700,0.4619,-0.9140,-0.0000,1.6062,-0.7619,1.4140,-0.1768,0.1768,0.0000,0
3.720,0.4606,-0.9127,-0.0000,1.6045,-0.7606,1.4127,-0.1768,0.1768,0.0000,0
3.741,0.4606,-0.9127,-0.0000,1.6045,-0.7606,1.4127,-0.1768,0.1768,0.0000,0
3.760,0.4606,-0.9127,-0.0000,1.6045,-0.7606,1.4127,-0.1768,0.1768,0.0000,0
3.780,0.4606,-0.9127,-0.0000,1.6045,-0.7606,1.4127,-0.1768,0.1768,0.0000,0
3.801,0.4593,-0.9114,-0.0000,1.6027,-0.7593,1.4114,-0.1768,0.1768,0.0000,0
3.820,0.4567,-0.9088,-0.0000,1.5991,-0.7567,1.4088,-0.1768,0.1768,0.0000,0
3.841,0.4567,-0.9088,-0.0000,1.5991,-0.7567,1.4088,-0.1768,0.1768,0.0000,0
3.861,0.4567,-0.9088,-0.0000,1.5991,-0.7567,1.4088,-0.1768,0.1768,0.0000,0
3.880,0.4567,-0.9088,-0.0000,1.5991,-0.7567,1.4088,-0.1768,0.1768,0.0000,0
3.900,0.4567,-0.9088,-0.0000,1.5991,-0.7567,1.4088,-0.1768,0.1768,0.0000,0
3.920,0.4567,-0.9088,-0.0000,1.5991,-0.7567,1.4088,-0.1768,0.1768,0.0000,0
3.941,0.4567,-0.9088,-0.0000,1.5991,-0.7567,1.4088,-0.1768,0.1768,0.0000,0
3.962,0.4527,-0.9049,-0.0000,1.5938,-0.7527,1.4049,-0.1768,0.1768,0.0000,0
3.982,0.4527,-0.9049,-0.0000,1.5938,-0.7527,1.4049,-0.1768,0.1768,0.0000,0
4.001,0.4488,-0.9010,-0.0000,1.5885,-0.7488,1.4010,-0.1768,0.1768,0.0000,0
4.020,0.4488,-0.9010,-0.0000,1.5885,-0.7488,1.4010,-0.1768,0.1768,0.0000,0
4.041,0.4488,-0.9010,-0.0000,1.5885,-0.7488,1.4010,-0.1768,0.1768,0.0000,0
4.060,0.4488,-0.9010,-0.0000,1.5885,-0.7488,1.4010,-0.1768,0.1768,0.0000,0
4.080,0.4449,-0.8971,-0.0000,1.5832,-0.7449,1.3971,-0.1768,0.1768,0.0000,0
4.101,0.4436,-0.8958,-0.0000,1.5815,-0.7436,1.3958,-0.1768,0.1768,0.0000,0
4.121,0.4436,-0.8958,-0.0000,1.5815,-0.7436,1.3958,-0.1768,0.1768,0.0000,0
4.140,0.4436,-0.8958,-0.0000,1.5815,-0.7436,1.3958,-0.1768,0.1768,0.0000,0
4.160,0.4436,-0.8958,-0.0000,1.5815,-0.7436,1.3958,-0.1768,0.1768,0.0000,0
4.182,0.4436,-0.8958,-0.0000,1.5815,-0.7436,1.3958,-0.1768,0.1768,0.0000,0
4.201,0.4423,-0.8944,-0.0000,1.5797,-0.7423,1.3944,-0.1768,0.1768,0.0000,0
4.220,0.4423,-0.8944,-0.0000,1.5797,-0.7423,1.3944,-0.1768,0.1768,0.0000,0
4.240,0.4397,-0.8918,-0.0000,1.5762,-0.7397,1.3918,-0.1768,0.1768,0.0000,0
4.260,0.4397,-0.8918,-0.0000,1.5762,-0.7397,1.3918,-0.1768,0.1768,0.0000,0
4.280,0.4397,-0.8918,-0.0000,1.5762,-0.7397,1.3918,-0.1768,0.1768,0.0000,0
4.302,0.4397,-0.8918,-0.0000,1.5762,-0.7397,1.3918,-0.1768,0.1768,0.0000,0
4.320,0.4371,-0.8892,-0.0000,1.5727,-0.7371,1.3892,-0.1768,0.1768,0.0000,0
4.342,0.4371,-0.8892,-0.0000,1.5727,-0.7371,1.3892,-0.1768,0.1768,0.0000,0
4.360,0.4371,-0.8892,-0.0000,1.5727,-0.7371,1.3892,-0.1768,0.1768,0.0000,0
4.381,0.4371,-0.8892,-0.0000,1.5727,-0.7371,1.3892,-0.1768,0.1768,0.0000,0
4.401,0.4371,-0.8892,-0.0000,1.5727,-0.7371,1.3892,-0.1768,0.1768,0.0000,0
4.421,0.4345,-0.8866,-0.0000,1.5691,-0.7345,1.3866,-0.1768,0.1768,0.0000,0
4.440,0.4319,-0.8840,-0.0000,1.5656,-0.7319,1.3840,-0.1768,0.1768,0.0000,0
4.461,0.4292,-0.8814,-0.0000,1.5621,-0.7292,1.3814,-0.1768,0.1768,0.0000,0
4.481,0.4292,-0.8814,-0.0000,1.5621,-0.7292,1.3814,-0.1768,0.1768,0.0000,0
4.501,0.4292,-0.8814,-0.0000,1.5621,-0.7292,1.3814,-0.1768,0.1768,0.0000,0
4.520,0.4292,-0.8814,-0.0000,1.5621,-0.7292,1.3814,-0.1768,0.1768,0.0000,0
4.540,0.4292,-0.8814,-0.0000,1.5621,-0.7292,1.3814,-0.1768,0.1768,0.0000,0
4.560,0.4279,-0.8801,-0.0000,1.5603,-0.7279,1.3801,-0.1768,0.1768,0.0000,0
4.582,0.4279,-0.8801,-0.0000,1.5603,-0.7279,1.3801,-0.1768,0.1768,0.0000,0
4.601,0.4266,-0.8788,-0.0000,1.5585,-0.7266,1.3788,-0.1768,0.1768,0.0000,0
4.620,0.4240,-0.8762,-0.0000,1.5550,-0.7240,1.3762,-0.1768,0.1768,0.0000,0
4.640,0.4240,-0.8762,-0.0000,1.5550,-0.7240,1.3762,-0.1768,0.1768,0.0000,0
4.660,0.4240,-0.8762,-0.0000,1.5550,-0.7240,1.3762,-0.1768,0.1768,0.0000,0
4.681,0.4240,-0.8762,-0.0000,1.5550,-0.7240,1.3762,-0.1768,0.1768,0.0000,0
4.700,0.4227,-0.8749,-0.0000,1.5532,-0.7227,1.3749,-0.1768,0.1768,0.0000,0
4.720,0.4201,-0.8723,-0.0000,1.5497,-0.7201,1.3723,-0.1768,0.1768,0.0000,0
4.741,0.4201,-0.8723,-0.0000,1.5497,-0.7201,1.3723,-0.1768,0.1768,0.0000,0
4.761,0.4201,-0.8723,-0.0000,1.5497,-0.7201,1.3723,-0.1768,0.1768,0.0000,0
4.781,0.4175,-0.8696,-0.0000,1.5462,-0.7175,1.3696,-0.1768,0.1768,0.0000,0
4.800,0.4175,-0.8696,-0.0000,1.5462,-0.7175,1.3696,-0.1768,0.1768,0.0000,0
4.821,0.4175,-0.8696,-0.0000,1.5462,-0.7175,1.3696,-0.1768,0.1768,0.0000,0
4.841,0.4175,-0.8696,-0.0000,1.5462,-0.7175,1.3696,-0.1768,0.1768,0.0000,0
4.861,0.4175,-0.8696,-0.0000,1.5462,-0.7175,1.3696,-0.1768,0.1768,0.0000,0
4.881,0.4149,-0.8670,-0.0000,1.5427,-0.7149,1.3670,-0.1768,0.1768,0.0000,0
4.900,0.4149,-0.8670,-0.0000,1.5427,-0.7149,1.3670,-0.1768,0.1768,0.0000,0
4.920,0.4149,-0.8670,-0.0000,1.5427,-0.7149,1.3670,-0.1768,0.1768,0.0000,0
4.940,0.4136,-0.8657,-0.0000,1.5409,-0.7136,1.3657,-0.1768,0.1768,0.0000,0
4.960,0.4110,-0.8631,-0.0000,1.5374,-0.7110,1.3631,-0.1768,0.1768,0.0000,0
4.981,0.4110,-0.8631,-0.0000,1.5374,-0.7110,1.3631,-0.1768,0.1768,0.0000,0
5.001,0.4110,-0.8631,-0.0000,1.5374,-0.7110,1.3631,-0.1768,0.1768,0.0000,0
5.021,0.4071,-0.8592,-0.0000,1.5321,-0.7071,1.3592,-0.1768,0.1768,0.0000,0
5.041,0.4071,-0.8592,-0.0000,1.5321,-0.7071,1.3592,-0.1768,0.1768,0.0000,0
5.060,0.4071,-0.8592,-0.0000,1.5321,-0.7071,1.3592,-0.1768,0.1768,0.0000,0
5.082,0.4071,-0.8592,-0.0000,1.5321,-0.7071,1.3592,-0.1768,0.1768,0.0000,0
5.101,0.4031,-0.8553,-0.0000,1.5268,-0.7031,1.3553,-0.1768,0.1768,0.0000,0
5.121,0.4031,-0.8553,-0.0000,1.5268,-0.7031,1.3553,-0.1768,0.1768,0.0000,0
5.140,0.4005,-0.8527,-0.0000,1.5233,-0.7005,1.3527,-0.1768,0.1768,0.0000,0
5.160,0.3979,-0.8501,-0.0000,1.5198,-0.6979,1.3501,-0.1768,0.1768,0.0000,0
5.181,0.3979,-0.8501,-0.0000,1.5198,-0.6979,1.3501,-0.1768,0.1768,0.0000,0
5.201,0.3979,-0.8501,-0.0000,1.5198,-0.6979,1.3501,-0.1768,0.1768,0.0000,0
5.220,0.3979,-0.8501,-0.0000,1.5198,-0.6979,1.3501,-0.1768,0.1768,0.0000,0
5.241,0.3966,-0.8488,-0.0000,1.5180,-0.6966,1.3488,-0.1768,0.1768,0.0000,0
5.260,0.3966,-0.8488,-0.0000,1.5180,-0.6966,1.3488,-0.1768,0.1768,0.0000,0
5.281,0.3966,-0.8488,-0.0000,1.5180,-0.6966,1.3488,-0.1768,0.1768,0.0000,0
5.301,0.3966,-0.8488,-0.0000,1.5180,-0.6966,1.3488,-0.1768,0.1768,0.0000,0
5.320,0.3940,-0.8461,-0.0000,1.5145,-0.6940,1.3461,-0.1768,0.1768,0.0000,0
5.341,0.3940,-0.8461,-0.0000,1.5145,-0.6940,1.3461,-0.1768,0.1768,0.0000,0
5.360,0.3940,-0.8461,-0.0000,1.5145,-0.6940,1.3461,-0.1768,0.1768,0.0000,0
5.380,0.3940,-0.8461,-0.0000,1.5145,-0.6940,1.3461,-0.1768,0.1768,0.0000,0
5.401,0.3927,-0.8448,-0.0000,1.5128,-0.6927,1.3448,-0.1768,0.1768,0.0000,0
5.420,0.3914,-0.8435,-0.0000,1.5110,-0.6914,1.3435,-0.1768,0.1768,0.0000,0
5.441,0.3914,-0.8435,-0.0000,1.5110,-0.6914,1.3435,-0.1768,0.1768,0.0000,0
5.461,0.3914,-0.8435,-0.0000,1.5110,-0.6914,1.3435,-0.1768,0.1768,0.0000,0
5.481,0.3914,-0.8435,-0.0000,1.5110,-0.6914,1.3435,-0.1768,0.1768,0.0000,0
5.501,0.3914,-0.8435,-0.0000,1.5110,-0.6914,1.3435,-0.1768,0.1768,0.0000,0
5.521,0.3888,-0.8409,-0.0000,1.5075,-0.6888,1.3409,-0.1768,0.1768,0.0000,0
5.540,0.3862,-0.8383,-0.0000,1.5040,-0.6862,1.3383,-0.1768,0.1768,0.0000,0
5.560,0.3862,-0.8383,-0.0000,1.5040,-0.6862,1.3383,-0.1768,0.1768,0.0000,0
5.581,0.3862,-0.8383,-0.0000,1.5040,-0.6862,1.3383,-0.1768,0.1768,0.0000,0
5.601,0.3862,-0.8383,-0.0000,1.5040,-0.6862,1.3383,-0.1768,0.1768,0.0000,0
5.620,0.3862,-0.8383,-0.0000,1.5040,-0.6862,1.3383,-0.1768,0.1768,0.0000,0
5.640,0.3862,-0.8383,-0.0000,1.5040,-0.6862,1.3383,-0.1768,0.1768,0.0000,0
5.660,0.3862,-0.8383,-0.0000,1.5040,-0.6862,1.3383,-0.1768,0.1768,0.0000,0
5.682,0.3836,-0.8357,-0.0000,1.5005,-0.6836,1.3357,-0.1768,0.1768,0.0000,0
5.701,0.3809,-0.8331,-0.0000,1.4969,-0.6809,1.3331,-0.1768,0.1768,0.0000,0
5.720,0.3770,-0.8292,-0.0000,1.4917,-0.6770,1.3292,-0.1768,0.1768,0.0000,0
5.740,0.3770,-0.8292,-0.0000,1.4917,-0.6770,1.3292,-0.1768,0.1768,0.0000,0
5.760,0.3770,-0.8292,-0.0000,1.4917,-0.6770,1.3292,-0.1768,0.1768,0.0000,0
5.780,0.3770,-0.8292,-0.0000,1.4917,-0.6770,1.3292,-0.1768,0.1768,0.0000,0
5.800,0.3770,-0.8292,-0.0000,1.4917,-0.6770,1.3292,-0.1768,0.1768,0.0000,0
5.821,0.3744,-0.8266,-0.0000,1.4882,-0.6744,1.3266,-0.1768,0.1768,0.0000,0
5.841,0.3744,-0.8266,-0.0000,1.4882,-0.6744,1.3266,-0.1768,0.1768,0.0000,0
5.861,0.3731,-0.8253,-0.0000,1.4864,-0.6731,1.3253,-0.1768,0.1768,0.0000,0
5.881,0.3718,-0.8240,-0.0000,1.4846,-0.6718,1.3240,-0.1768,0.1768,0.0000,0
5.900,0.3718,-0.8240,-0.0000,1.4846,-0.6718,1.3240,-0.1768,0.1768,0.0000,0
5.921,0.3718,-0.8240,-0.0000,1.4846,-0.6718,1.3240,-0.1768,0.1768,0.0000,0
5.941,0.3718,-0.8240,-0.0000,1.4846,-0.6718,1.3240,-0.1768,0.1768,0.0000,0
5.960,0.3692,-0.8213,-0.0000,1.4811,-0.6692,1.3213,-0.1768,0.1768,0.0000,0
5.981,0.3692,-0.8213,-0.0000,1.4811,-0.6692,1.3213,-0.1768,0.1768,0.0000,0
6.001,0.3692,-0.8213,-0.0000,1.4811,-0.6692,1.3213,-0.1768,0.1768,0.0000,0
6.021,0.3692,-0.8213,-0.0000,1.4811,-0.6692,1.3213,-0.1768,0.1768,0.0000,0
6.041,0.3666,-0.8187,-0.0000,1.4776,-0.6666,1.3187,-0.1768,0.1768,0.0000,0
6.060,0.3640,-0.8161,-0.0000,1.4741,-0.6640,1.3161,-0.1768,0.1768,0.0000,0
6.081,0.3640,-0.8161,-0.0000,1.4741,-0.6640,1.3161,-0.1768,0.1768,0.0000,0
6.101,0.3614,-0.8135,-0.0000,1.4706,-0.6614,1.3135,-0.1768,0.1768,0.0000,0
6.121,0.3614,-0.8135,-0.0000,1.4706,-0.6614,1.3135,-0.1768,0.1768,0.0000,0
6.141,0.3614,-0.8135,-0.0000,1.4706,-0.6614,1.3135,-0.1768,0.1768,0.0000,0
6.160,0.3614,-0.8135,-0.0000,1.4706,-0.6614,1.3135,-0.1768,0.1768,0.0000,0
6.181,0.3601,-0.8122,-0.0000,1.4689,-0.6601,1.3122,-0.1768,0.1768,0.0000,0
6.201,0.3601,-0.8122,-0.0000,1.4689,-0.6601,1.3122,-0.1768,0.1768,0.0000,0
6.221,0.3601,-0.8122,-0.0000,1.4689,-0.6601,1.3122,-0.1768,0.1768,0.0000,0
6.242,0.3601,-0.8122,-0.0000,1.4689,-0.6601,1.3122,-0.1768,0.1768,0.0000,0
6.260,0.3601,-0.8122,-0.0000,1.4689,-0.6601,1.3122,-0.1768,0.1768,0.0000,0
6.281,0.3601,-0.8122,-0.0000,1.4689,-0.6601,1.3122,-0.1768,0.1768,0.0000,0
6.302,0.3601,-0.8122,-0.0000,1.4689,-0.6601,1.3122,-0.1768,0.1768,0.0000,0
6.321,0.3561,-0.8083,-0.0000,1.4636,-0.6561,1.3083,-0.1768,0.1768,0.0000,0
6.340,0.3548,-0.8070,-0.0000,1.4619,-0.6548,1.3070,-0.1768,0.1768,0.0000,0
6.361,0.3522,-0.8044,-0.0000,1.4584,-0.6522,1.3044,-0.1768,0.1768,0.0000,0
6.380,0.3522,-0.8044,-0.0000,1.4584,-0.6522,1.3044,-0.1768,0.1768,0.0000,0
6.401,0.3522,-0.8044,-0.0000,1.4584,-0.6522,1.3044,-0.1768,0.1768,0.0000,0
6.421,0.3522,-0.8044,-0.0000,1.4584,-0.6522,1.3044,-0.1768,0.1768,0.0000,0
6.441,0.3522,-0.8044,-0.0000,1.4584,-0.6522,1.3044,-0.1768,0.1768,0.0000,0
6.460,0.3483,-0.8005,-0.0000,1.4531,-0.6483,1.3005,-0.1768,0.1768,0.0000,0
6.481,0.3483,-0.8005,-0.0000,1.4531,-0.6483,1.3005,-0.1768,0.1768,0.0000,0
6.500,0.3483,-0.8005,-0.0000,1.4531,-0.6483,1.3005,-0.1768,0.1768,0.0000,0
6.521,0.3470,-0.7992,-0.0000,1.4513,-0.6470,1.2992,-0.1768,0.1768,0.0000,0
6.540,0.3470,-0.7992,-0.0000,1.4513,-0.6470,1.2992,-0.1768,0.1768,0.0000,0
6.562,0.3470,-0.7992,-0.0000,1.4513,-0.6470,1.2992,-0.1768,0.1768,0.0000,0
6.581,0.3470,-0.7992,-0.0000,1.4513,-0.6470,1.2992,-0.1768,0.1768,0.0000,0
6.600,0.3444,-0.7965,-0.0000,1.4478,-0.6444,1.2965,-0.1768,0.1768,0.0000,0
6.620,0.3444,-0.7965,-0.0000,1.4478,-0.6444,1.2965,-0.1768,0.1768,0.0000,0
6.640,0.3444,-0.7965,-0.0000,1.4478,-0.6444,1.2965,-0.1768,0.1768,0.0000,0
6.662,0.3444,-0.7965,-0.0000,1.4478,-0.6444,1.2965,-0.1768,0.1768,0.0000,0
6.681,0.3392,-0.7913,-0.0000,1.4408,-0.6392,1.2913,-0.1768,0.1768,0.0000,0
6.700,0.3392,-0.7913,-0.0000,1.4408,-0.6392,1.2913,-0.1768,0.1768,0.0000,0
6.721,0.3392,-0.7913,-0.0000,1.4408,-0.6392,1.2913,-0.1768,0.1768,0.0000,0
6.741,0.3392,-0.7913,-0.0000,1.4408,-0.6392,1.2913,-0.1768,0.1768,0.0000,0
6.761,0.3392,-0.7913,-0.0000,1.4408,-0.6392,1.2913,-0.1768,0.1768,0.0000,0
6.781,0.3392,-0.7913,-0.0000,1.4408,-0.6392,1.2913,-0.1768,0.1768,0.0000,0
6.801,0.3379,-0.7900,-0.0000,1.4391,-0.6379,1.2900,-0.1768,0.1768,0.0000,0
6.821,0.3353,-0.7874,-0.0000,1.4356,-0.6353,1.2874,-0.1768,0.1768,0.0000,0
6.841,0.3353,-0.7874,-0.0000,1.4356,-0.6353,1.2874,-0.1768,0.1768,0.0000,0
6.861,0.3353,-0.7874,-0.0000,1.4356,-0.6353,1.2874,-0.1768,0.1768,0.0000,0
6.881,0.3353,-0.7874,-0.0000,1.4356,-0.6353,1.2874,-0.1768,0.1768,0.0000,0
6.901,0.3353,-0.7874,-0.0000,1.4356,-0.6353,1.2874,-0.1768,0.1768,0.0000,0
6.921,0.3353,-0.7874,-0.0000,1.4356,-0.6353,1.2874,-0.1768,0.1768,0.0000,0
6.941,0.3353,-0.7874,-0.0000,1.4356,-0.6353,1.2874,-0.1768,0.1768,0.0000,0
6.961,0.3353,-0.7874,-0.0000,1.4356,-0.6353,1.2874,-0.1768,0.1768,0.0000,0
6.981,0.3353,-0.7874,-0.0000,1.4356,-0.6353,1.2874,-0.1768,0.1768,0.0000,0
7.002,0.3353,-0.7874,-0.0000,1.4356,-0.6353,1.2874,-0.1768,0.1768,0.0000,0
7.020,0.3326,-0.7848,-0.0000,1.4321,-0.6326,1.2848,-0.1768,0.1768,0.0000,0
7.041,0.3300,-0.7822,-0.0000,1.4286,-0.6300,1.2822,-0.1768,0.1768,0.0000,0
7.061,0.3274,-0.7796,-0.0000,1.4251,-0.6274,1.2796,-0.1768,0.1768,0.0000,0
7.081,0.3235,-0.7757,-0.0000,1.4199,-0.6235,1.2757,-0.1768,0.1768,0.0000,0
7.101,0.3196,-0.7717,-0.0000,1.4146,-0.6196,1.2717,-0.1768,0.1768,0.0000,0
7.120,0.3196,-0.7717,-0.0000,1.4146,-0.6196,1.2717,-0.1768,0.1768,0.0000,0
7.141,0.3183,-0.7704,-0.0000,1.4129,-0.6183,1.2704,-0.1768,0.1768,0.0000,0
7.161,0.3183,-0.7704,-0.0000,1.4129,-0.6183,1.2704,-0.1768,0.1768,0.0000,0
7.181,0.3183,-0.7704,-0.0000,1.4129,-0.6183,1.2704,-0.1768,0.1768,0.0000,0
7.201,0.3183,-0.7704,-0.0000,1.4129,-0.6183,1.2704,-0.1768,0.1768,0.0000,0
7.221,0.3170,-0.7691,-0.0000,1.4112,-0.6170,1.2691,-0.1768,0.1768,0.0000,0
7.241,0.3144,-0.7665,-0.0000,1.4077,-0.6144,1.2665,-0.1768,0.1768,0.0000,0
7.262,0.3144,-0.7665,-0.0000,1.4077,-0.6144,1.2665,-0.1768,0.1768,0.0000,0
7.281,0.3144,-0.7665,-0.0000,1.4077,-0.6144,1.2665,-0.1768,0.1768,0.0000,0
7.300,0.3131,-0.7652,-0.0000,1.4059,-0.6131,1.2652,-0.1768,0.1768,0.0000,0
7.320,0.3105,-0.7626,-0.0000,1.4024,-0.6105,1.2626,-0.1768,0.1768,0.0000,0
7.341,0.3105,-0.7626,-0.0000,1.4024,-0.6105,1.2626,-0.1768,0.1768,0.0000,0
7.361,0.3105,-0.7626,-0.0000,1.4024,-0.6105,1.2626,-0.1768,0.1768,0.0000,0
7.381,0.3105,-0.7626,-0.0000,1.4024,-0.6105,1.2626,-0.1768,0.1768,0.0000,0
7.401,0.3065,-0.7587,-0.0000,1.3972,-0.6065,1.2587,-0.1768,0.1768,0.0000,0
7.421,0.3065,-0.7587,-0.0000,1.3972,-0.6065,1.2587,-0.1768,0.1768,0.0000,0
7.441,0.3039,-0.7561,-0.0000,1.3937,-0.6039,1.2561,-0.1768,0.1768,0.0000,0
7.461,0.3039,-0.7561,-0.0000,1.3937,-0.6039,1.2561,-0.1768,0.1768,0.0000,0
7.481,0.3039,-0.7561,-0.0000,1.3937,-0.6039,1.2561,-0.1768,0.1768,0.0000,0
7.501,0.3039,-0.7561,-0.0000,1.3937,-0.6039,1.2561,-0.1768,0.1768,0.0000,0
7.520,0.3039,-0.7561,-0.0000,1.3937,-0.6039,1.2561,-0.1768,0.1768,0.0000,0
7.541,0.3039,-0.7561,-0.0000,1.3937,-0.6039,1.2561,-0.1768,0.1768,0.0000,0
7.560,0.3039,-0.7561,-0.0000,1.3937,-0.6039,1.2561,-0.1768,0.1768,0.0000,0
7.581,0.3026,-0.7548,-0.0000,1.3920,-0.6026,1.2548,-0.1768,0.1768,0.0000,0
7.601,0.3013,-0.7535,-0.0000,1.3902,-0.6013,1.2535,-0.1768,0.1768,0.0000,0
7.620,0.3000,-0.7522,-0.0000,1.3885,-0.6000,1.2522,-0.1768,0.1768,0.0000,0
7.641,0.2974,-0.7495,-0.0000,1.3850,-0.5974,1.2495,-0.1768,0.1768,0.0000,0
7.660,0.2974,-0.7495,-0.0000,1.3850,-0.5974,1.2495,-0.1768,0.1768,0.0000,0
7.682,0.2974,-0.7495,-0.0000,1.3850,-0.5974,1.2495,-0.1768,0.1768,0.0000,0
7.701,0.2974,-0.7495,-0.0000,1.3850,-0.5974,1.2495,-0.1768,0.1768,0.0000,0
7.721,0.2974,-0.7495,-0.0000,1.3850,-0.5974,1.2495,-0.1768,0.1768,0.0000,0
7.741,0.2961,-0.7482,-0.0000,1.3833,-0.5961,1.2482,-0.1768,0.1768,0.0000,0
7.761,0.2961,-0.7482,-0.0000,1.3833,-0.5961,1.2482,-0.1768,0.1768,0.0000,0
7.781,0.2961,-0.7482,-0.0000,1.3833,-0.5961,1.2482,-0.1768,0.1768,0.0000,0
7.801,0.2922,-0.7443,-0.0000,1.3780,-0.5922,1.2443,-0.1768,0.1768,0.0000,0
7.821,0.2922,-0.7443,-0.0000,1.3780,-0.5922,1.2443,-0.1768,0.1768,0.0000,0
7.841,0.2922,-0.7443,-0.0000,1.3780,-0.5922,1.2443,-0.1768,0.1768,0.0000,0
7.861,0.2922,-0.7443,-0.0000,1.3780,-0.5922,1.2443,-0.1768,0.1768,0.0000,0
7.881,0.2922,-0.7443,-0.0000,1.3780,-0.5922,1.2443,-0.1768,0.1768,0.0000,0
7.900,0.2896,-0.7417,-0.0000,1.3746,-0.5896,1.2417,-0.1768,0.1768,0.0000,0
7.921,0.2870,-0.7391,-0.0000,1.3711,-0.5870,1.2391,-0.1768,0.1768,0.0000,0
7.942,0.2870,-0.7391,-0.0000,1.3711,-0.5870,1.2391,-0.1768,0.1768,0.0000,0
7.961,0.2870,-0.7391,-0.0000,1.3711,-0.5870,1.2391,-0.1768,0.1768,0.0000,0
7.981,0.2870,-0.7391,-0.0000,1.3711,-0.5870,1.2391,-0.1768,0.1768,0.0000,0
8.002,0.2830,-0.7352,-0.0000,1.3659,-0.5830,1.2352,-0.1768,0.1768,0.0000,0
8.021,0.2830,-0.7352,-0.0000,1.3659,-0.5830,1.2352,-0.1768,0.1768,0.0000,0
8.041,0.2830,-0.7352,-0.0000,1.3659,-0.5830,1.2352,-0.1768,0.1768,0.0000,0
8.061,0.2817,-0.7339,-0.0000,1.3641,-0.5817,1.2339,-0.1768,0.1768,0.0000,0
8.081,0.2817,-0.7339,-0.0000,1.3641,-0.5817,1.2339,-0.1768,0.1768,0.0000,0
8.101,0.2817,-0.7339,-0.0000,1.3641,-0.5817,1.2339,-0.1768,0.1768,0.0000,0
8.121,0.2817,-0.7339,-0.0000,1.3641,-0.5817,1.2339,-0.1768,0.1768,0.0000,0
8.141,0.2804,-0.7326,-0.0000,1.3624,-0.5804,1.2326,-0.1768,0.1768,0.0000,0
8.161,0.2791,-0.7313,-0.0000,1.3607,-0.5791,1.2313,-0.1768,0.1768,0.0000,0
8.181,0.2791,-0.7313,-0.0000,1.3607,-0.5791,1.2313,-0.1768,0.1768,0.0000,0
8.202,0.2791,-0.7313,-0.0000,1.3607,-0.5791,1.2313,-0.1768,0.1768,0.0000,0
8.221,0.2765,-0.7287,-0.0000,1.3572,-0.5765,1.2287,-0.1768,0.1768,0.0000,0
8.241,0.2739,-0.7260,-0.0000,1.3537,-0.5739,1.2260,-0.1768,0.1768,0.0000,0
8.261,0.2739,-0.7260,-0.0000,1.3537,-0.5739,1.2260,-0.1768,0.1768,0.0000,0
8.282,0.2739,-0.7260,-0.0000,1.3537,-0.5739,1.2260,-0.1768,0.1768,0.0000,0
8.301,0.2739,-0.7260,-0.0000,1.3537,-0.5739,1.2260,-0.1768,0.1768,0.0000,0
8.321,0.2739,-0.7260,-0.0000,1.3537,-0.5739,1.2260,-0.1768,0.1768,0.0000,0
8.341,0.2739,-0.7260,-0.0000,1.3537,-0.5739,1.2260,-0.1768,0.1768,0.0000,0
8.361,0.2739,-0.7260,-0.0000,1.3537,-0.5739,1.2260,-0.1768,0.1768,0.0000,0
8.381,0.2726,-0.7247,-0.0000,1.3520,-0.5726,1.2247,-0.1768,0.1768,0.0000,0
8.401,0.2726,-0.7247,-0.0000,1.3520,-0.5726,1.2247,-0.1768,0.1768,0.0000,0
8.420,0.2726,-0.7247,-0.0000,1.3520,-0.5726,1.2247,-0.1768,0.1768,0.0000,0
8.440,0.2726,-0.7247,-0.0000,1.3520,-0.5726,1.2247,-0.1768,0.1768,0.0000,0
8.461,0.2726,-0.7247,-0.0000,1.3520,-0.5726,1.2247,-0.1768,0.1768,0.0000,0
8.481,0.2713,-0.7234,-0.0000,1.3502,-0.5713,1.2234,-0.1768,0.1768,0.0000,0
8.500,0.2687,-0.7208,-0.0000,1.3468,-0.5687,1.2208,-0.1768,0.1768,0.0000,0
8.521,0.2687,-0.7208,-0.0000,1.3468,-0.5687,1.2208,-0.1768,0.1768,0.0000,0
8.541,0.2648,-0.7169,-0.0000,1.3416,-0.5648,1.2169,-0.1768,0.1768,0.0000,0
8.561,0.2648,-0.7169,-0.0000,1.3416,-0.5648,1.2169,-0.1768,0.1768,0.0000,0
8.581,0.2622,-0.7143,-0.0000,1.3381,-0.5622,1.2143,-0.1768,0.1768,0.0000,0
8.601,0.2622,-0.7143,-0.0000,1.3381,-0.5622,1.2143,-0.1768,0.1768,0.0000,0
8.621,0.2622,-0.7143,-0.0000,1.3381,-0.5622,1.2143,-0.1768,0.1768,0.0000,0
8.641,0.2622,-0.7143,-0.0000,1.3381,-0.5622,1.2143,-0.1768,0.1768,0.0000,0
8.661,0.2622,-0.7143,-0.0000,1.3381,-0.5622,1.2143,-0.1768,0.1768,0.0000,0
8.681,0.2622,-0.7143,-0.0000,1.3381,-0.5622,1.2143,-0.1768,0.1768,0.0000,0
8.701,0.2595,-0.7117,-0.0000,1.3346,-0.5595,1.2117,-0.1768,0.1768,0.0000,0
8.721,0.2595,-0.7117,-0.0000,1.3346,-0.5595,1.2117,-0.1768,0.1768,0.0000,0
8.740,0.2595,-0.7117,-0.0000,1.3346,-0.5595,1.2117,-0.1768,0.1768,0.0000,0
8.761,0.2595,-0.7117,-0.0000,1.3346,-0.5595,1.2117,-0.1768,0.1768,0.0000,0
8.781,0.2582,-0.7104,-0.0000,1.3329,-0.5582,1.2104,-0.1768,0.1768,0.0000,0
8.801,0.2556,-0.7078,-0.0000,1.3294,-0.5556,1.2078,-0.1768,0.1768,0.0000,0
8.821,0.2556,-0.7078,-0.0000,1.3294,-0.5556,1.2078,-0.1768,0.1768,0.0000,0
8.840,0.2556,-0.7078,-0.0000,1.3294,-0.5556,1.2078,-0.1768,0.1768,0.0000,0
8.861,0.2543,-0.7065,-0.0000,1.3277,-0.5543,1.2065,-0.1768,0.1768,0.0000,0
8.881,0.2517,-0.7039,-0.0000,1.3243,-0.5517,1.2039,-0.1768,0.1768,0.0000,0
8.901,0.2491,-0.7012,-0.0000,1.3208,-0.5491,1.2012,-0.1768,0.1768,0.0000,0
8.920,0.2491,-0.7012,-0.0000,1.3208,-0.5491,1.2012,-0.1768,0.1768,0.0000,0
8.942,0.2491,-0.7012,-0.0000,1.3208,-0.5491,1.2012,-0.1768,0.1768,0.0000,0
8.961,0.2491,-0.7012,-0.0000,1.3208,-0.5491,1.2012,-0.1768,0.1768,0.0000,0
8.981,0.2491,-0.7012,-0.0000,1.3208,-0.5491,1.2012,-0.1768,0.1768,0.0000,0
9.001,0.2491,-0.7012,-0.0000,1.3208,-0.5491,1.2012,-0.1768,0.1768,0.0000,0
9.021,0.2491,-0.7012,-0.0000,1.3208,-0.5491,1.2012,-0.1768,0.1768,0.0000,0
9.041,0.2465,-0.6986,-0.0000,1.3173,-0.5465,1.1986,-0.1768,0.1768,0.0000,0
9.061,0.2465,-0.6986,-0.0000,1.3173,-0.5465,1.1986,-0.1768,0.1768,0.0000,0
9.081,0.2465,-0.6986,-0.0000,1.3173,-0.5465,1.1986,-0.1768,0.1768,0.0000,0
9.100,0.2465,-0.6986,-0.0000,1.3173,-0.5465,1.1986,-0.1768,0.1768,0.0000,0
9.121,0.2465,-0.6986,-0.0000,1.3173,-0.5465,1.1986,-0.1768,0.1768,0.0000,0
9.141,0.2465,-0.6986,-0.0000,1.3173,-0.5465,1.1986,-0.1768,0.1768,0.0000,0
9.161,0.2465,-0.6986,-0.0000,1.3173,-0.5465,1.1986,-0.1768,0.1768,0.0000,0
9.181,0.2465,-0.6986,-0.0000,1.3173,-0.5465,1.1986,-0.1768,0.1768,0.0000,0
9.202,0.2465,-0.6986,-0.0000,1.3173,-0.5465,1.1986,-0.1768,0.1768,0.0000,0
9.221,0.2452,-0.6973,-0.0000,1.3156,-0.5452,1.1973,-0.1768,0.1768,0.0000,0
9.241,0.2439,-0.6960,-0.0000,1.3139,-0.5439,1.1960,-0.1768,0.1768,0.0000,0
9.261,0.2413,-0.6934,-0.0000,1.3104,-0.5413,1.1934,-0.1768,0.1768,0.0000,0
9.281,0.2387,-0.6908,-0.0000,1.3070,-0.5387,1.1908,-0.1768,0.1768,0.0000,0
9.301,0.2347,-0.6869,-0.0000,1.3018,-0.5347,1.1869,-0.1768,0.1768,0.0000,0
9.321,0.2347,-0.6869,-0.0000,1.3018,-0.5347,1.1869,-0.1768,0.1768,0.0000,0
9.341,0.2347,-0.6869,-0.0000,1.3018,-0.5347,1.1869,-0.1768,0.1768,0.0000,0
9.361,0.2334,-0.6856,-0.0000,1.3001,-0.5334,1.1856,-0.1768,0.1768,0.0000,0
9.381,0.2334,-0.6856,-0.0000,1.3001,-0.5334,1.1856,-0.1768,0.1768,0.0000,0
9.401,0.2334,-0.6856,-0.0000,1.3001,-0.5334,1.1856,-0.1768,0.1768,0.0000,0
9.421,0.2334,-0.6856,-0.0000,1.3001,-0.5334,1.1856,-0.1768,0.1768,0.0000,0
9.441,0.2334,-0.6856,-0.0000,1.3001,-0.5334,1.1856,-0.1768,0.1768,0.0000,0
9.461,0.2308,-0.6830,-0.0000,1.2966,-0.5308,1.1830,-0.1768,0.1768,0.0000,0
9.481,0.2308,-0.6830,-0.0000,1.2966,-0.5308,1.1830,-0.1768,0.1768,0.0000,0
9.501,0.2308,-0.6830,-0.0000,1.2966,-0.5308,1.1830,-0.1768,0.1768,0.0000,0
9.521,0.2282,-0.6804,-0.0000,1.2932,-0.5282,1.1804,-0.1768,0.1768,0.0000,0
9.541,0.2282,-0.6804,-0.0000,1.2932,-0.5282,1.1804,-0.1768,0.1768,0.0000,0
9.561,0.2282,-0.6804,-0.0000,1.2932,-0.5282,1.1804,-0.1768,0.1768,0.0000,0
9.580,0.2282,-0.6804,-0.0000,1.2932,-0.5282,1.1804,-0.1768,0.1768,0.0000,0
9.601,0.2256,-0.6777,-0.0000,1.2897,-0.5256,1.1777,-0.1768,0.1768,0.0000,0
9.621,0.2230,-0.6751,-0.0000,1.2863,-0.5230,1.1751,-0.1768,0.1768,0.0000,0
9.640,0.2204,-0.6725,-0.0000,1.2828,-0.5204,1.1725,-0.1768,0.1768,0.0000,0
9.661,0.2204,-0.6725,-0.0000,1.2828,-0.5204,1.1725,-0.1768,0.1768,0.0000,0
9.680,0.2204,-0.6725,-0.0000,1.2828,-0.5204,1.1725,-0.1768,0.1768,0.0000,0
9.700,0.2204,-0.6725,-0.0000,1.2828,-0.5204,1.1725,-0.1768,0.1768,0.0000,0
9.721,0.2204,-0.6725,-0.0000,1.2828,-0.5204,1.1725,-0.1768,0.1768,0.0000,0
9.741,0.2204,-0.6725,-0.0000,1.2828,-0.5204,1.1725,-0.1768,0.1768,0.0000,0
9.761,0.2191,-0.6712,-0.0000,1.2811,-0.5191,1.1712,-0.1768,0.1768,0.0000,0
9.781,0.2191,-0.6712,-0.0000,1.2811,-0.5191,1.1712,-0.1768,0.1768,0.0000,0
9.801,0.2191,-0.6712,-0.0000,1.2811,-0.5191,1.1712,-0.1768,0.1768,0.0000,0
9.820,0.2191,-0.6712,-0.0000,1.2811,-0.5191,1.1712,-0.1768,0.1768,0.0000,0
9.841,0.2191,-0.6712,-0.0000,1.2811,-0.5191,1.1712,-0.1768,0.1768,0.0000,0
9.862,0.2165,-0.6686,-0.0000,1.2776,-0.5165,1.1686,-0.1768,0.1768,0.0000,0
9.880,0.2165,-0.6686,-0.0000,1.2776,-0.5165,1.1686,-0.1768,0.1768,0.0000,0
9.901,0.2165,-0.6686,-0.0000,1.2776,-0.5165,1.1686,-0.1768,0.1768,0.0000,0
9.921,0.2125,-0.6647,-0.0000,1.2725,-0.5125,1.1647,-0.1768,0.1768,0.0000,0
9.941,0.2125,-0.6647,-0.0000,1.2725,-0.5125,1.1647,-0.1768,0.1768,0.0000,0
9.960,0.2125,-0.6647,-0.0000,1.2725,-0.5125,1.1647,-0.1768,0.1768,0.0000,0
9.980,0.2125,-0.6647,-0.0000,1.2725,-0.5125,1.1647,-0.1768,0.1768,0.0000,0
10.001,0.2112,-0.6634,-0.0000,1.2708,-0.5112,1.1634,-0.1768,0.1768,0.0000,0
10.021,0.2086,-0.6608,-0.0000,1.2673,-0.5086,1.1608,-0.1768,0.1768,0.0000,0
10.041,0.2060,-0.6582,-0.0000,1.2639,-0.5060,1.1582,-0.1768,0.1768,0.0000,0
10.061,0.2060,-0.6582,-0.0000,1.2639,-0.5060,1.1582,-0.1768,0.1768,0.0000,0
10.080,0.2060,-0.6582,-0.0000,1.2639,-0.5060,1.1582,-0.1768,0.1768,0.0000,0
10.101,0.2060,-0.6582,-0.0000,1.2639,-0.5060,1.1582,-0.1768,0.1768,0.0000,0
10.120,0.2060,-0.6582,-0.0000,1.2639,-0.5060,1.1582,-0.1768,0.1768,0.0000,0
10.140,0.2060,-0.6582,-0.0000,1.2639,-0.5060,1.1582,-0.1768,0.1768,0.0000,0
10.161,0.2047,-0.6569,-0.0000,1.2622,-0.5047,1.1569,-0.1768,0.1768,0.0000,0
10.181,0.2047,-0.6569,-0.0000,1.2622,-0.5047,1.1569,-0.1768,0.1768,0.0000,0
10.201,0.2047,-0.6569,-0.0000,1.2622,-0.5047,1.1569,-0.1768,0.1768,0.0000,0
10.220,0.2047,-0.6569,-0.0000,1.2622,-0.5047,1.1569,-0.1768,0.1768,0.0000,0
10.240,0.2047,-0.6569,-0.0000,1.2622,-0.5047,1.1569,-0.1768,0.1768,0.0000,0
10.261,0.2047,-0.6569,-0.0000,1.2622,-0.5047,1.1569,-0.1768,0.1768,0.0000,0
10.283,0.2047,-0.6569,-0.0000,1.2622,-0.5047,1.1569,-0.1768,0.1768,0.0000,0
10.300,0.2047,-0.6569,-0.0000,1.2622,-0.5047,1.1569,-0.1768,0.1768,0.0000,0
10.320,0.2047,-0.6569,-0.0000,1.2622,-0.5047,1.1569,-0.1768,0.1768,0.0000,0
10.342,0.2047,-0.6569,-0.0000,1.2622,-0.5047,1.1569,-0.1768,0.1768,0.0000,0
10.361,0.2034,-0.6556,-0.0000,1.2604,-0.5034,1.1556,-0.1768,0.1768,0.0000,0
10.380,0.2008,-0.6529,-0.0000,1.2570,-0.5008,1.1529,-0.1768,0.1768,0.0000,0
10.401,0.1982,-0.6503,-0.0000,1.2536,-0.4982,1.1503,-0.1768,0.1768,0.0000,0
10.422,0.1930,-0.6451,-0.0000,1.2467,-0.4930,1.1451,-0.1768,0.1768,0.0000,0
10.440,0.1930,-0.6451,-0.0000,1.2467,-0.4930,1.1451,-0.1768,0.1768,0.0000,0
10.461,0.1930,-0.6451,-0.0000,1.2467,-0.4930,1.1451,-0.1768,0.1768,0.0000,0
10.483,0.1930,-0.6451,-0.0000,1.2467,-0.4930,1.1451,-0.1768,0.1768,0.0000,0
10.501,0.1917,-0.6438,-0.0000,1.2450,-0.4917,1.1438,-0.1768,0.1768,0.0000,0
10.521,0.1917,-0.6438,-0.0000,1.2450,-0.4917,1.1438,-0.1768,0.1768,0.0000,0
10.540,0.1890,-0.6412,-0.0000,1.2416,-0.4890,1.1412,-0.1768,0.1768,0.0000,0
10.560,0.1890,-0.6412,-0.0000,1.2416,-0.4890,1.1412,-0.1768,0.1768,0.0000,0
10.581,0.1890,-0.6412,-0.0000,1.2416,-0.4890,1.1412,-0.1768,0.1768,0.0000,0
10.601,0.1890,-0.6412,-0.0000,1.2416,-0.4890,1.1412,-0.1768,0.1768,0.0000,0
10.620,0.1890,-0.6412,-0.0000,1.2416,-0.4890,1.1412,-0.1768,0.1768,0.0000,0
10.641,0.1877,-0.6399,-0.0000,1.2399,-0.4877,1.1399,-0.1768,0.1768,0.0000,0
10.661,0.1864,-0.6386,-0.0000,1.2381,-0.4864,1.1386,-0.1768,0.1768,0.0000,0
10.680,0.1838,-0.6360,-0.0000,1.2347,-0.4838,1.1360,-0.1768,0.1768,0.0000,0
10.700,0.1825,-0.6347,-0.0000,1.2330,-0.4825,1.1347,-0.1768,0.1768,0.0000,0
10.721,0.1825,-0.6347,-0.0000,1.2330,-0.4825,1.1347,-0.1768,0.1768,0.0000,0
10.741,0.1825,-0.6347,-0.0000,1.2330,-0.4825,1.1347,-0.1768,0.1768,0.0000,0
10.760,0.1825,-0.6347,-0.0000,1.2330,-0.4825,1.1347,-0.1768,0.1768,0.0000,0
10.780,0.1825,-0.6347,-0.0000,1.2330,-0.4825,1.1347,-0.1768,0.1768,0.0000,0
10.801,0.1812,-0.6334,-0.0000,1.2313,-0.4812,1.1334,-0.1768,0.1768,0.0000,0
10.821,0.1812,-0.6334,-0.0000,1.2313,-0.4812,1.1334,-0.1768,0.1768,0.0000,0
10.841,0.1786,-0.6308,-0.0000,1.2279,-0.4786,1.1308,-0.1768,0.1768,0.0000,0
10.861,0.1786,-0.6308,-0.0000,1.2279,-0.4786,1.1308,-0.1768,0.1768,0.0000,0
10.880,0.1786,-0.6308,-0.0000,1.2279,-0.4786,1.1308,-0.1768,0.1768,0.0000,0
10.901,0.1786,-0.6308,-0.0000,1.2279,-0.4786,1.1308,-0.1768,0.1768,0.0000,0
10.921,0.1786,-0.6308,-0.0000,1.2279,-0.4786,1.1308,-0.1768,0.1768,0.0000,0
10.940,0.1760,-0.6281,-0.0000,1.2244,-0.4760,1.1281,-0.1768,0.1768,0.0000,0
10.961,0.1734,-0.6255,-0.0000,1.2210,-0.4734,1.1255,-0.1768,0.1768,0.0000,0
10.980,0.1734,-0.6255,-0.0000,1.2210,-0.4734,1.1255,-0.1768,0.1768,0.0000,0
11.001,0.1734,-0.6255,-0.0000,1.2210,-0.4734,1.1255,-0.1768,0.1768,0.0000,0
11.020,0.1721,-0.6242,-0.0000,1.2193,-0.4721,1.1242,-0.1768,0.1768,0.0000,0
11.041,0.1695,-0.6216,-0.0000,1.2159,-0.4695,1.1216,-0.1768,0.1768,0.0000,0
11.061,0.1695,-0.6216,-0.0000,1.2159,-0.4695,1.1216,-0.1768,0.1768,0.0000,0
11.081,0.1695,-0.6216,-0.0000,1.2159,-0.4695,1.1216,-0.1768,0.1768,0.0000,0
11.101,0.1695,-0.6216,-0.0000,1.2159,-0.4695,1.1216,-0.1768,0.1768,0.0000,0
11.121,0.1682,-0.6203,-0.0000,1.2142,-0.4682,1.1203,-0.1768,0.1768,0.0000,0
11.140,0.1682,-0.6203,-0.0000,1.2142,-0.4682,1.1203,-0.1768,0.1768,0.0000,0
11.161,0.1682,-0.6203,-0.0000,1.2142,-0.4682,1.1203,-0.1768,0.1768,0.0000,0
11.182,0.1682,-0.6203,-0.0000,1.2142,-0.4682,1.1203,-0.1768,0.1768,0.0000,0
11.201,0.1682,-0.6203,-0.0000,1.2142,-0.4682,1.1203,-0.1768,0.1768,0.0000,0
11.221,0.1682,-0.6203,-0.0000,1.2142,-0.4682,1.1203,-0.1768,0.1768,0.0000,0
11.240,0.1682,-0.6203,-0.0000,1.2142,-0.4682,1.1203,-0.1768,0.1768,0.0000,0
11.261,0.1682,-0.6203,-0.0000,1.2142,-0.4682,1.1203,-0.1768,0.1768,0.0000,0
11.281,0.1682,-0.6203,-0.0000,1.2142,-0.4682,1.1203,-0.1768,0.1768,0.0000,0
11.301,0.1682,-0.6203,-0.0000,1.2142,-0.4682,1.1203,-0.1768,0.1768,0.0000,0
11.321,0.1642,-0.6164,-0.0000,1.2091,-0.4642,1.1164,-0.1768,0.1768,0.0000,0
11.341,0.1616,-0.6138,-0.0000,1.2057,-0.4616,1.1138,-0.1768,0.1768,0.0000,0
11.361,0.1590,-0.6112,-0.0000,1.2022,-0.4590,1.1112,-0.1768,0.1768,0.0000,0
11.383,0.1551,-0.6073,-0.0000,1.1971,-0.4551,1.1073,-0.1768,0.1768,0.0000,0
11.400,0.1551,-0.6073,-0.0000,1.1971,-0.4551,1.1073,-0.1768,0.1768,0.0000,0
11.420,0.1551,-0.6073,-0.0000,1.1971,-0.4551,1.1073,-0.1768,0.1768,0.0000,0
11.441,0.1538,-0.6059,-0.0000,1.1954,-0.4538,1.1059,-0.1768,0.1768,0.0000,0
11.462,0.1538,-0.6059,-0.0000,1.1954,-0.4538,1.1059,-0.1768,0.1768,0.0000,0
11.481,0.1525,-0.6046,-0.0000,1.1937,-0.4525,1.1046,-0.1768,0.1768,0.0000,0
11.500,0.1499,-0.6020,-0.0000,1.1903,-0.4499,1.1020,-0.1768,0.1768,0.0000,0
11.520,0.1499,-0.6020,-0.0000,1.1903,-0.4499,1.1020,-0.1768,0.1768,0.0000,0
11.541,0.1499,-0.6020,-0.0000,1.1903,-0.4499,1.1020,-0.1768,0.1768,0.0000,0
11.561,0.1499,-0.6020,-0.0000,1.1903,-0.4499,1.1020,-0.1768,0.1768,0.0000,0
11.581,0.1499,-0.6020,-0.0000,1.1903,-0.4499,1.1020,-0.1768,0.1768,0.0000,0
11.600,0.1473,-0.5994,-0.0000,1.1869,-0.4473,1.0994,-0.1768,0.1768,0.0000,0
11.621,0.1473,-0.5994,-0.0000,1.1869,-0.4473,1.0994,-0.1768,0.1768,0.0000,0
11.641,0.1473,-0.5994,-0.0000,1.1869,-0.4473,1.0994,-0.1768,0.1768,0.0000,0
11.660,0.1473,-0.5994,-0.0000,1.1869,-0.4473,1.0994,-0.1768,0.1768,0.0000,0
11.681,0.1473,-0.5994,-0.0000,1.1869,-0.4473,1.0994,-0.1768,0.1768,0.0000,0
11.701,0.1447,-0.5968,-0.0000,1.1835,-0.4447,1.0968,-0.1768,0.1768,0.0000,0
11.721,0.1434,-0.5955,-0.0000,1.1818,-0.4434,1.0955,-0.1768,0.1768,0.0000,0
11.740,0.1407,-0.5929,-0.0000,1.1784,-0.4407,1.0929,-0.1768,0.1768,0.0000,0
11.761,0.1407,-0.5929,-0.0000,1.1784,-0.4407,1.0929,-0.1768,0.1768,0.0000,0
11.781,0.1407,-0.5929,-0.0000,1.1784,-0.4407,1.0929,-0.1768,0.1768,0.0000,0
11.800,0.1407,-0.5929,-0.0000,1.1784,-0.4407,1.0929,-0.1768,0.1768,0.0000,0
11.821,0.1407,-0.5929,-0.0000,1.1784,-0.4407,1.0929,-0.1768,0.1768,0.0000,0
11.841,0.1394,-0.5916,-0.0000,1.1767,-0.4394,1.0916,-0.1768,0.1768,0.0000,0
11.861,0.1394,-0.5916,-0.0000,1.1767,-0.4394,1.0916,-0.1768,0.1768,0.0000,0
11.880,0.1381,-0.5903,-0.0000,1.1750,-0.4381,1.0903,-0.1768,0.1768,0.0000,0
11.900,0.1368,-0.5890,-0.0000,1.1733,-0.4368,1.0890,-0.1768,0.1768,0.0000,0
11.920,0.1368,-0.5890,-0.0000,1.1733,-0.4368,1.0890,-0.1768,0.1768,0.0000,0
11.941,0.1368,-0.5890,-0.0000,1.1733,-0.4368,1.0890,-0.1768,0.1768,0.0000,0
11.961,0.1368,-0.5890,-0.0000,1.1733,-0.4368,1.0890,-0.1768,0.1768,0.0000,0
11.981,0.1368,-0.5890,-0.0000,1.1733,-0.4368,1.0890,-0.1768,0.1768,0.0000,0
12.000,0.1342,-0.5864,-0.0000,1.1699,-0.4342,1.0864,-0.1768,0.1768,0.0000,0
12.021,0.1342,-0.5864,-0.0000,1.1699,-0.4342,1.0864,-0.1768,0.1768,0.0000,0
12.041,0.1342,-0.5864,-0.0000,1.1699,-0.4342,1.0864,-0.1768,0.1768,0.0000,0
12.060,0.1342,-0.5864,-0.0000,1.1699,-0.4342,1.0864,-0.1768,0.1768,0.0000,0
12.081,0.1342,-0.5864,-0.0000,1.1699,-0.4342,1.0864,-0.1768,0.1768,0.0000,0
12.102,0.1303,-0.5825,-0.0000,1.1648,-0.4303,1.0825,-0.1768,0.1768,0.0000,0
12.121,0.1277,-0.5798,-0.0000,1.1615,-0.4277,1.0798,-0.1768,0.1768,0.0000,0
12.141,0.1277,-0.5798,-0.0000,1.1615,-0.4277,1.0798,-0.1768,0.1768,0.0000,0
12.161,0.1277,-0.5798,-0.0000,1.1615,-0.4277,1.0798,-0.1768,0.1768,0.0000,0
12.181,0.1277,-0.5798,-0.0000,1.1615,-0.4277,1.0798,-0.1768,0.1768,0.0000,0
12.201,0.1277,-0.5798,-0.0000,1.1615,-0.4277,1.0798,-0.1768,0.1768,0.0000,0
12.222,0.1277,-0.5798,-0.0000,1.1615,-0.4277,1.0798,-0.1768,0.1768,0.0000,0
12.241,0.1264,-0.5785,-0.0000,1.1598,-0.4264,1.0785,-0.1768,0.1768,0.0000,0
12.262,0.1238,-0.5759,-0.0000,1.1564,-0.4238,1.0759,-0.1768,0.1768,0.0000,0
12.280,0.1238,-0.5759,-0.0000,1.1564,-0.4238,1.0759,-0.1768,0.1768,0.0000,0
12.301,0.1238,-0.5759,-0.0000,1.1564,-0.4238,1.0759,-0.1768,0.1768,0.0000,0
12.322,0.1238,-0.5759,-0.0000,1.1564,-0.4238,1.0759,-0.1768,0.1768,0.0000,0
12.341,0.1199,-0.5720,-0.0000,1.1513,-0.4199,1.0720,-0.1768,0.1768,0.0000,0
12.361,0.1199,-0.5720,-0.0000,1.1513,-0.4199,1.0720,-0.1768,0.1768,0.0000,0
12.381,0.1186,-0.5707,-0.0000,1.1496,-0.4186,1.0707,-0.1768,0.1768,0.0000,0
12.401,0.1172,-0.5694,-0.0000,1.1479,-0.4172,1.0694,-0.1768,0.1768,0.0000,0
12.421,0.1172,-0.5694,-0.0000,1.1479,-0.4172,1.0694,-0.1768,0.1768,0.0000,0
12.441,0.1159,-0.5681,-0.0000,1.1462,-0.4159,1.0681,-0.1768,0.1768,0.0000,0
12.461,0.1159,-0.5681,-0.0000,1.1462,-0.4159,1.0681,-0.1768,0.1768,0.0000,0
12.481,0.1159,-0.5681,-0.0000,1.1462,-0.4159,1.0681,-0.1768,0.1768,0.0000,0
12.501,0.1159,-0.5681,-0.0000,1.1462,-0.4159,1.0681,-0.1768,0.1768,0.0000,0
12.520,0.1159,-0.5681,-0.0000,1.1462,-0.4159,1.0681,-0.1768,0.1768,0.0000,0
12.541,0.1133,-0.5655,-0.0000,1.1428,-0.4133,1.0655,-0.1768,0.1768,0.0000,0
12.561,0.1133,-0.5655,-0.0000,1.1428,-0.4133,1.0655,-0.1768,0.1768,0.0000,0
12.582,0.1133,-0.5655,-0.0000,1.1428,-0.4133,1.0655,-0.1768,0.1768,0.0000,0
12.600,0.1133,-0.5655,-0.0000,1.1428,-0.4133,1.0655,-0.1768,0.1768,0.0000,0
12.621,0.1133,-0.5655,-0.0000,1.1428,-0.4133,1.0655,-0.1768,0.1768,0.0000,0
12.641,0.1081,-0.5603,-0.0000,1.1361,-0.4081,1.0603,-0.1768,0.1768,0.0000,0
12.661,0.1081,-0.5603,-0.0000,1.1361,-0.4081,1.0603,-0.1768,0.1768,0.0000,0
12.681,0.1081,-0.5603,-0.0000,1.1361,-0.4081,1.0603,-0.1768,0.1768,0.0000,0
12.700,0.1081,-0.5603,-0.0000,1.1361,-0.4081,1.0603,-0.1768,0.1768,0.0000,0
12.721,0.1068,-0.5590,-0.0000,1.1344,-0.4068,1.0590,-0.1768,0.1768,0.0000,0
12.741,0.1042,-0.5563,-0.0000,1.1310,-0.4042,1.0563,-0.1768,0.1768,0.0000,0
12.761,0.1042,-0.5563,-0.0000,1.1310,-0.4042,1.0563,-0.1768,0.1768,0.0000,0
12.780,0.1029,-0.5550,-0.0000,1.1293,-0.4029,1.0550,-0.1768,0.1768,0.0000,0
12.800,0.1029,-0.5550,-0.0000,1.1293,-0.4029,1.0550,-0.1768,0.1768,0.0000,0
12.823,0.1029,-0.5550,-0.0000,1.1293,-0.4029,1.0550,-0.1768,0.1768,0.0000,0
12.841,0.1029,-0.5550,-0.0000,1.1293,-0.4029,1.0550,-0.1768,0.1768,0.0000,0
12.861,0.1029,-0.5550,-0.0000,1.1293,-0.4029,1.0550,-0.1768,0.1768,0.0000,0
12.881,0.1029,-0.5550,-0.0000,1.1293,-0.4029,1.0550,-0.1768,0.1768,0.0000,0
12.901,0.1029,-0.5550,-0.0000,1.1293,-0.4029,1.0550,-0.1768,0.1768,0.0000,0
12.921,0.1016,-0.5537,-0.0000,1.1277,-0.4016,1.0537,-0.1768,0.1768,0.0000,0
12.941,0.0990,-0.5511,-0.0000,1.1243,-0.3990,1.0511,-0.1768,0.1768,0.0000,0
12.960,0.0990,-0.5511,-0.0000,1.1243,-0.3990,1.0511,-0.1768,0.1768,0.0000,0
12.980,0.0990,-0.5511,-0.0000,1.1243,-0.3990,1.0511,-0.1768,0.1768,0.0000,0
13.001,0.0990,-0.5511,-0.0000,1.1243,-0.3990,1.0511,-0.1768,0.1768,0.0000,0
13.021,0.0990,-0.5511,-0.0000,1.1243,-0.3990,1.0511,-0.1768,0.1768,0.0000,0
13.041,0.0990,-0.5511,-0.0000,1.1243,-0.3990,1.0511,-0.1768,0.1768,0.0000,0
13.060,0.0964,-0.5485,-0.0000,1.1209,-0.3964,1.0485,-0.1768,0.1768,0.0000,0
13.082,0.0964,-0.5485,-0.0000,1.1209,-0.3964,1.0485,-0.1768,0.1768,0.0000,0
13.101,0.0964,-0.5485,-0.0000,1.1209,-0.3964,1.0485,-0.1768,0.1768,0.0000,0
13.120,0.0964,-0.5485,-0.0000,1.1209,-0.3964,1.0485,-0.1768,0.1768,0.0000,0
13.141,0.0964,-0.5485,-0.0000,1.1209,-0.3964,1.0485,-0.1768,0.1768,0.0000,0
13.161,0.0964,-0.5485,-0.0000,1.1209,-0.3964,1.0485,-0.1768,0.1768,0.0000,0
13.180,0.0964,-0.5485,-0.0000,1.1209,-0.3964,1.0485,-0.1768,0.1768,0.0000,0
13.201,0.0964,-0.5485,-0.0000,1.1209,-0.3964,1.0485,-0.1768,0.1768,0.0000,0
13.220,0.0964,-0.5485,-0.0000,1.1209,-0.3964,1.0485,-0.1768,0.1768,0.0000,0
13.241,0.0964,-0.5485,-0.0000,1.1209,-0.3964,1.0485,-0.1768,0.1768,0.0000,0
13.261,0.0951,-0.5472,-0.0000,1.1192,-0.3951,1.0472,-0.1768,0.1768,0.0000,0
13.281,0.0898,-0.5420,-0.0000,1.1125,-0.3898,1.0420,-0.1768,0.1768,0.0000,0
13.300,0.0872,-0.5394,-0.0000,1.1092,-0.3872,1.0394,-0.1768,0.1768,0.0000,0
13.322,0.0820,-0.5342,-0.0000,1.1024,-0.3820,1.0342,-0.1768,0.1768,0.0000,0
13.340,0.0820,-0.5342,-0.0000,1.1024,-0.3820,1.0342,-0.1768,0.1768,0.0000,0
13.361,0.0820,-0.5342,-0.0000,1.1024,-0.3820,1.0342,-0.1768,0.1768,0.0000,0
13.381,0.0820,-0.5342,-0.0000,1.1024,-0.3820,1.0342,-0.1768,0.1768,0.0000,0
13.401,0.0794,-0.5315,-0.0000,1.0991,-0.3794,1.0315,-0.1768,0.1768,0.0000,0
13.421,0.0794,-0.5315,-0.0000,1.0991,-0.3794,1.0315,-0.1768,0.1768,0.0000,0
13.441,0.0768,-0.5289,-0.0000,1.0957,-0.3768,1.0289,-0.1768,0.1768,0.0000,0
13.461,0.0768,-0.5289,-0.0000,1.0957,-0.3768,1.0289,-0.1768,0.1768,0.0000,0
13.481,0.0768,-0.5289,-0.0000,1.0957,-0.3768,1.0289,-0.1768,0.1768,0.0000,0
13.501,0.0768,-0.5289,-0.0000,1.0957,-0.3768,1.0289,-0.1768,0.1768,0.0000,0
13.520,0.0742,-0.5263,-0.0000,1.0924,-0.3742,1.0263,-0.1768,0.1768,0.0000,0
13.541,0.0729,-0.5250,-0.0000,1.0907,-0.3729,1.0250,-0.1768,0.1768,0.0000,0
13.561,0.0729,-0.5250,-0.0000,1.0907,-0.3729,1.0250,-0.1768,0.1768,0.0000,0
13.580,0.0729,-0.5250,-0.0000,1.0907,-0.3729,1.0250,-0.1768,0.1768,0.0000,0
13.602,0.0729,-0.5250,-0.0000,1.0907,-0.3729,1.0250,-0.1768,0.1768,0.0000,0
13.621,0.0703,-0.5224,-0.0000,1.0874,-0.3703,1.0224,-0.1768,0.1768,0.0000,0
13.642,0.0703,-0.5224,-0.0000,1.0874,-0.3703,1.0224,-0.1768,0.1768,0.0000,0
13.660,0.0703,-0.5224,-0.0000,1.0874,-0.3703,1.0224,-0.1768,0.1768,0.0000,0
13.680,0.0703,-0.5224,-0.0000,1.0874,-0.3703,1.0224,-0.1768,0.1768,0.0000,0
13.702,0.0703,-0.5224,-0.0000,1.0874,-0.3703,1.0224,-0.1768,0.1768,0.0000,0
13.721,0.0689,-0.5211,-0.0000,1.0857,-0.3689,1.0211,-0.1768,0.1768,0.0000,0
13.741,0.0689,-0.5211,-0.0000,1.0857,-0.3689,1.0211,-0.1768,0.1768,0.0000,0
13.761,0.0689,-0.5211,-0.0000,1.0857,-0.3689,1.0211,-0.1768,0.1768,0.0000,0
13.781,0.0689,-0.5211,-0.0000,1.0857,-0.3689,1.0211,-0.1768,0.1768,0.0000,0
13.801,0.0663,-0.5185,-0.0000,1.0824,-0.3663,1.0185,-0.1768,0.1768,0.0000,0
13.820,0.0663,-0.5185,-0.0000,1.0824,-0.3663,1.0185,-0.1768,0.1768,0.0000,0
13.841,0.0663,-0.5185,-0.0000,1.0824,-0.3663,1.0185,-0.1768,0.1768,0.0000,0
13.861,0.0637,-0.5159,-0.0000,1.0790,-0.3637,1.0159,-0.1768,0.1768,0.0000,0
13.881,0.0611,-0.5133,-0.0000,1.0757,-0.3611,1.0133,-0.1768,0.1768,0.0000,0
13.901,0.0611,-0.5133,-0.0000,1.0757,-0.3611,1.0133,-0.1768,0.1768,0.0000,0
13.921,0.0585,-0.5107,-0.0000,1.0724,-0.3585,1.0107,-0.1768,0.1768,0.0000,0
13.941,0.0585,-0.5107,-0.0000,1.0724,-0.3585,1.0107,-0.1768,0.1768,0.0000,0
13.961,0.0585,-0.5107,-0.0000,1.0724,-0.3585,1.0107,-0.1768,0.1768,0.0000,0
13.980,0.0559,-0.5080,-0.0000,1.0690,-0.3559,1.0080,-0.1768,0.1768,0.0000,0
14.000,0.0559,-0.5080,-0.0000,1.0690,-0.3559,1.0080,-0.1768,0.1768,0.0000,0
14.021,0.0559,-0.5080,-0.0000,1.0690,-0.3559,1.0080,-0.1768,0.1768,0.0000,0
14.041,0.0559,-0.5080,-0.0000,1.0690,-0.3559,1.0080,-0.1768,0.1768,0.0000,0
14.060,0.0559,-0.5080,-0.0000,1.0690,-0.3559,1.0080,-0.1768,0.1768,0.0000,0
14.082,0.0559,-0.5080,-0.0000,1.0690,-0.3559,1.0080,-0.1768,0.1768,0.0000,0
14.101,0.0546,-0.5067,-0.0000,1.0674,-0.3546,1.0067,-0.1768,0.1768,0.0000,0
14.121,0.0546,-0.5067,-0.0000,1.0674,-0.3546,1.0067,-0.1768,0.1768,0.0000,0
14.141,0.0520,-0.5041,-0.0000,1.0640,-0.3520,1.0041,-0.1768,0.1768,0.0000,0
14.160,0.0520,-0.5041,-0.0000,1.0640,-0.3520,1.0041,-0.1768,0.1768,0.0000,0
14.181,0.0520,-0.5041,-0.0000,1.0640,-0.3520,1.0041,-0.1768,0.1768,0.0000,0
14.200,0.0520,-0.5041,-0.0000,1.0640,-0.3520,1.0041,-0.1768,0.1768,0.0000,0
14.220,0.0507,-0.5028,-0.0000,1.0624,-0.3507,1.0028,-0.1768,0.1768,0.0000,0
14.240,0.0494,-0.5015,-0.0000,1.0607,-0.3494,1.0015,-0.1768,0.1768,0.0000,0
14.261,0.0494,-0.5015,-0.0000,1.0607,-0.3494,1.0015,-0.1768,0.1768,0.0000,0
14.280,0.0494,-0.5015,-0.0000,1.0607,-0.3494,1.0015,-0.1768,0.1768,0.0000,0
14.300,0.0468,-0.4989,-0.0000,1.0574,-0.3468,0.9989,-0.1768,0.1768,0.0000,0
14.320,0.0441,-0.4963,-0.0000,1.0541,-0.3441,0.9963,-0.1768,0.1768,0.0000,0
14.342,0.0441,-0.4963,-0.0000,1.0541,-0.3441,0.9963,-0.1768,0.1768,0.0000,0
14.360,0.0441,-0.4963,-0.0000,1.0541,-0.3441,0.9963,-0.1768,0.1768,0.0000,0
14.380,0.0441,-0.4963,-0.0000,1.0541,-0.3441,0.9963,-0.1768,0.1768,0.0000,0
14.400,0.0428,-0.4950,-0.0000,1.0524,-0.3428,0.9950,-0.1768,0.1768,0.0000,0
14.421,0.0428,-0.4950,-0.0000,1.0524,-0.3428,0.9950,-0.1768,0.1768,0.0000,0
14.441,0.0389,-0.4911,-0.0000,1.0474,-0.3389,0.9911,-0.1768,0.1768,0.0000,0
14.460,0.0389,-0.4911,-0.0000,1.0474,-0.3389,0.9911,-0.1768,0.1768,0.0000,0
14.480,0.0389,-0.4911,-0.0000,1.0474,-0.3389,0.9911,-0.1768,0.1768,0.0000,0
14.500,0.0389,-0.4911,-0.0000,1.0474,-0.3389,0.9911,-0.1768,0.1768,0.0000,0
14.521,0.0389,-0.4911,-0.0000,1.0474,-0.3389,0.9911,-0.1768,0.1768,0.0000,0
14.541,0.0363,-0.4885,-0.0000,1.0441,-0.3363,0.9885,-0.1768,0.1768,0.0000,0
14.560,0.0337,-0.4859,-0.0000,1.0408,-0.3337,0.9859,-0.1768,0.1768,0.0000,0
14.580,0.0337,-0.4859,-0.0000,1.0408,-0.3337,0.9859,-0.1768,0.1768,0.0000,0
14.601,0.0337,-0.4859,-0.0000,1.0408,-0.3337,0.9859,-0.1768,0.1768,0.0000,0
14.620,0.0298,-0.4819,-0.0000,1.0358,-0.3298,0.9819,-0.1768,0.1768,0.0000,0
14.641,0.0298,-0.4819,-0.0000,1.0358,-0.3298,0.9819,-0.1768,0.1768,0.0000,0
14.660,0.0285,-0.4806,-0.0000,1.0342,-0.3285,0.9806,-0.1768,0.1768,0.0000,0
14.680,0.0272,-0.4793,-0.0000,1.0325,-0.3272,0.9793,-0.1768,0.1768,0.0000,0
14.701,0.0272,-0.4793,-0.0000,1.0325,-0.3272,0.9793,-0.1768,0.1768,0.0000,0
14.720,0.0272,-0.4793,-0.0000,1.0325,-0.3272,0.9793,-0.1768,0.1768,0.0000,0
14.740,0.0272,-0.4793,-0.0000,1.0325,-0.3272,0.9793,-0.1768,0.1768,0.0000,0
14.760,0.0272,-0.4793,-0.0000,1.0325,-0.3272,0.9793,-0.1768,0.1768,0.0000,0
14.781,0.0272,-0.4793,-0.0000,1.0325,-0.3272,0.9793,-0.1768,0.1768,0.0000,0
14.801,0.0259,-0.4780,-0.0000,1.0309,-0.3259,0.9780,-0.1768,0.1768,0.0000,0
14.820,0.0259,-0.4780,-0.0000,1.0309,-0.3259,0.9780,-0.1768,0.1768,0.0000,0
14.841,0.0246,-0.4767,-0.0000,1.0292,-0.3246,0.9767,-0.1768,0.1768,0.0000,0
14.860,0.0220,-0.4741,-0.0000,1.0259,-0.3220,0.9741,-0.1768,0.1768,0.0000,0
14.882,0.0220,-0.4741,-0.0000,1.0259,-0.3220,0.9741,-0.1768,0.1768,0.0000,0
14.900,0.0220,-0.4741,-0.0000,1.0259,-0.3220,0.9741,-0.1768,0.1768,0.0000,0
14.920,0.0220,-0.4741,-0.0000,1.0259,-0.3220,0.9741,-0.1768,0.1768,0.0000,0
14.940,0.0206,-0.4728,-0.0000,1.0243,-0.3206,0.9728,-0.1768,0.1768,0.0000,0
14.961,0.0180,-0.4702,-0.0000,1.0210,-0.3180,0.9702,-0.1760,0.1775,0.0000,0
14.980,0.0167,-0.4689,-0.0000,1.0193,-0.3167,0.9689,-0.1768,0.1768,0.0000,0
15.000,0.0141,-0.4663,-0.0000,1.0160,-0.3141,0.9663,-0.1749,0.1786,0.0000,0
15.020,0.0141,-0.4663,-0.0000,1.0160,-0.3141,0.9663,-0.1768,0.1768,0.0000,0
15.041,0.0141,-0.4663,-0.0000,1.0160,-0.3141,0.9663,-0.1768,0.1768,0.0000,0
15.060,0.0115,-0.4636,-0.0000,1.0127,-0.3115,0.9636,-0.1741,0.1794,0.0000,0
15.080,0.0115,-0.4636,-0.0000,1.0127,-0.3115,0.9636,-0.1765,0.1771,0.0000,0
15.102,0.0115,-0.4636,-0.0000,1.0127,-0.3115,0.9636,-0.1765,0.1771,0.0000,0
15.120,0.0102,-0.4623,-0.0000,1.0111,-0.3102,0.9623,-0.1750,0.1786,0.0000,0
15.141,0.0102,-0.4623,-0.0000,1.0111,-0.3102,0.9623,-0.1761,0.1774,0.0000,0
15.160,0.0102,-0.4623,-0.0000,1.0111,-0.3102,0.9623,-0.1761,0.1774,0.0000,0
15.180,0.0102,-0.4623,-0.0000,1.0111,-0.3102,0.9623,-0.1761,0.1774,0.0000,0
15.200,0.0102,-0.4623,-0.0000,1.0111,-0.3102,0.9623,-0.1761,0.1774,0.0000,0
15.221,0.0102,-0.4623,-0.0000,1.0111,-0.3102,0.9623,-0.1761,0.1774,0.0000,0
15.241,0.0089,-0.4610,-0.0000,1.0094,-0.3089,0.9610,-0.1746,0.1789,0.0000,0
15.260,0.0076,-0.4597,-0.0000,1.0078,-0.3076,0.9597,-0.1742,0.1793,0.0000,0
15.280,0.0076,-0.4597,-0.0000,1.0078,-0.3076,0.9597,-0.1754,0.1782,0.0000,0
15.301,0.0076,-0.4597,-0.0000,1.0078,-0.3076,0.9597,-0.1754,0.1782,0.0000,0
15.321,0.0063,-0.4584,-0.0000,1.0061,-0.3063,0.9584,-0.1738,0.1797,0.0000,0
15.341,0.0051,-0.4571,-0.0000,1.0045,-0.3051,0.9571,-0.1734,0.1801,0.0000,0
15.360,0.0038,-0.4557,-0.0000,1.0028,-0.3038,0.9557,-0.1731,0.1804,0.0000,0
15.380,0.0025,-0.4544,-0.0000,1.0012,-0.3025,0.9544,-0.1727,0.1808,0.0000,0
15.401,0.0025,-0.4544,-0.0000,1.0012,-0.3025,0.9544,-0.1739,0.1796,0.0000,0
15.421,0.0012,-0.4531,-0.0000,0.9995,-0.3012,0.9531,-0.1723,0.1812,0.0000,0
15.441,0.0012,-0.4531,-0.0000,0.9995,-0.3012,0.9531,-0.1735,0.1800,0.0000,0
15.460,0.0012,-0.4531,-0.0000,0.9995,-0.3012,0.9531,-0.1735,0.1800,0.0000,0
15.481,0.0012,-0.4531,-0.0000,0.9995,-0.3012,0.9531,-0.1735,0.1800,0.0000,0
15.500,0.0012,-0.4531,-0.0000,0.9995,-0.3012,0.9531,-0.1735,0.1800,0.0000,0
15.520,0.0012,-0.4531,-0.0000,0.9995,-0.3012,0.9531,-0.1735,0.1800,0.0000,0
15.541,0.0012,-0.4531,-0.0000,0.9995,-0.3012,0.9531,-0.1735,0.1800,0.0000,0
15.561,-0.0001,-0.4517,-0.0000,0.9979,-0.2999,0.9517,-0.1719,0.1815,0.0000,0
15.580,-0.0026,-0.4491,-0.0000,0.9946,-0.2974,0.9491,-0.1699,0.1834,0.0000,0
15.601,-0.0039,-0.4477,-0.0000,0.9929,-0.2961,0.9477,-0.1707,0.1826,0.0000,0
15.620,-0.0039,-0.4477,-0.0000,0.9929,-0.2961,0.9477,-0.1720,0.1815,0.0000,0
15.641,-0.0039,-0.4477,-0.0000,0.9929,-0.2961,0.9477,-0.1720,0.1815,0.0000,0
15.661,-0.0039,-0.4477,-0.0000,0.9929,-0.2961,0.9477,-0.1720,0.1815,0.0000,0
15.680,-0.0064,-0.4450,-0.0000,0.9896,-0.2936,0.9450,-0.1687,0.1845,0.0000,0
15.700,-0.0064,-0.4450,-0.0000,0.9896,-0.2936,0.9450,-0.1712,0.1822,0.0000,0
15.721,-0.0064,-0.4450,-0.0000,0.9896,-0.2936,0.9450,-0.1712,0.1822,0.0000,0
15.741,-0.0077,-0.4437,-0.0000,0.9879,-0.2923,0.9437,-0.1696,0.1837,0.0000,0
15.761,-0.0077,-0.4437,-0.0000,0.9879,-0.2923,0.9437,-0.1708,0.1826,0.0000,0
15.781,-0.0077,-0.4437,-0.0000,0.9879,-0.2923,0.9437,-0.1708,0.1826,0.0000,0
15.800,-0.0077,-0.4437,-0.0000,0.9879,-0.2923,0.9437,-0.1708,0.1826,0.0000,0
15.820,-0.0077,-0.4437,-0.0000,0.9879,-0.2923,0.9437,-0.1708,0.1826,0.0000,0
15.841,-0.0089,-0.4423,-0.0000,0.9863,-0.2911,0.9423,-0.1691,0.1841,0.0000,0
15.860,-0.0114,-0.4396,-0.0000,0.9829,-0.2886,0.9396,-0.1671,0.1860,0.0000,0
15.881,-0.0114,-0.4396,-0.0000,0.9829,-0.2886,0.9396,-0.1696,0.1837,0.0000,0
15.900,-0.0114,-0.4396,-0.0000,0.9829,-0.2886,0.9396,-0.1696,0.1837,0.0000,0
15.921,-0.0114,-0.4396,-0.0000,0.9829,-0.2886,0.9396,-0.1696,0.1837,0.0000,0
15.941,-0.0139,-0.4369,-0.0000,0.9796,-0.2861,0.9369,-0.1663,0.1867,0.0000,0
15.961,-0.0139,-0.4369,-0.0000,0.9796,-0.2861,0.9369,-0.1688,0.1844,0.0000,0
15.981,-0.0139,-0.4369,-0.0000,0.9796,-0.2861,0.9369,-0.1688,0.1844,0.0000,0
16.000,-0.0164,-0.4342,-0.0000,0.9763,-0.2836,0.9342,-0.1654,0.1875,0.0000,0
16.021,-0.0177,-0.4328,-0.0000,0.9746,-0.2823,0.9328,-0.1663,0.1867,0.0000,0
16.041,-0.0177,-0.4328,-0.0000,0.9746,-0.2823,0.9328,-0.1676,0.1855,0.0000,0
16.061,-0.0189,-0.4314,-0.0000,0.9729,-0.2811,0.9314,-0.1659,0.1870,0.0000,0
16.080,-0.0189,-0.4314,-0.0000,0.9729,-0.2811,0.9314,-0.1672,0.1859,0.0000,0
16.101,-0.0189,-0.4314,-0.0000,0.9729,-0.2811,0.9314,-0.1672,0.1859,0.0000,0
16.122,-0.0189,-0.4314,-0.0000,0.9729,-0.2811,0.9314,-0.1672,0.1859,0.0000,0
16.141,-0.0189,-0.4314,-0.0000,0.9729,-0.2811,0.9314,-0.1672,0.1859,0.0000,0
16.161,-0.0189,-0.4314,-0.0000,0.9729,-0.2811,0.9314,-0.1672,0.1859,0.0000,0
16.181,-0.0201,-0.4301,-0.0000,0.9713,-0.2799,0.9301,-0.1655,0.1874,0.0000,0
16.202,-0.0214,-0.4287,-0.0000,0.9696,-0.2786,0.9287,-0.1651,0.1877,0.0000,0
16.221,-0.0214,-0.4287,-0.0000,0.9696,-0.2786,0.9287,-0.1664,0.1866,0.0000,0
16.242,-0.0214,-0.4287,-0.0000,0.9696,-0.2786,0.9287,-0.1664,0.1866,0.0000,0
16.261,-0.0238,-0.4259,-0.0000,0.9662,-0.2762,0.9259,-0.1629,0.1896,0.0000,0
16.281,-0.0238,-0.4259,-0.0000,0.9662,-0.2762,0.9259,-0.1656,0.1873,0.0000,0
16.301,-0.0238,-0.4259,-0.0000,0.9662,-0.2762,0.9259,-0.1656,0.1873,0.0000,0
16.321,-0.0238,-0.4259,-0.0000,0.9662,-0.2762,0.9259,-0.1656,0.1873,0.0000,0
16.341,-0.0262,-0.4231,-0.0000,0.9629,-0.2738,0.9231,-0.1621,0.1903,0.0000,0
16.361,-0.0287,-0.4204,-0.0000,0.9595,-0.2713,0.9204,-0.1613,0.1910,0.0000,0
16.381,-0.0287,-0.4204,-0.0000,0.9595,-0.2713,0.9204,-0.1639,0.1888,0.0000,0
16.401,-0.0299,-0.4189,-0.0000,0.9578,-0.2701,0.9189,-0.1622,0.1902,0.0000,0
16.421,-0.0299,-0.4189,-0.0000,0.9578,-0.2701,0.9189,-0.1635,0.1891,0.0000,0
16.441,-0.0299,-0.4189,-0.0000,0.9578,-0.2701,0.9189,-0.1635,0.1891,0.0000,0
16.462,-0.0299,-0.4189,-0.0000,0.9578,-0.2701,0.9189,-0.1635,0.1891,0.0000,0
16.481,-0.0299,-0.4189,-0.0000,0.9578,-0.2701,0.9189,-0.1635,0.1891,0.0000,0
16.500,-0.0299,-0.4189,-0.0000,0.9578,-0.2701,0.9189,-0.1635,0.1891,0.0000,0
16.522,-0.0299,-0.4189,-0.0000,0.9578,-0.2701,0.9189,-0.1635,0.1891,0.0000,0
16.541,-0.0323,-0.4162,-0.0000,0.9545,-0.2677,0.9162,-0.1600,0.1921,0.0000,0
16.561,-0.0323,-0.4162,-0.0000,0.9545,-0.2677,0.9162,-0.1627,0.1899,0.0000,0
16.581,-0.0359,-0.4119,-0.0000,0.9494,-0.2641,0.9119,-0.1573,0.1943,0.0000,0
16.601,-0.0359,-0.4119,-0.0000,0.9494,-0.2641,0.9119,-0.1614,0.1909,0.0000,0
16.621,-0.0359,-0.4119,-0.0000,0.9494,-0.2641,0.9119,-0.1614,0.1909,0.0000,0
16.640,-0.0359,-0.4119,-0.0000,0.9494,-0.2641,0.9119,-0.1614,0.1909,0.0000,0
16.661,-0.0359,-0.4119,-0.0000,0.9494,-0.2641,0.9119,-0.1614,0.1909,0.0000,0
16.681,-0.0382,-0.4091,-0.0000,0.9460,-0.2618,0.9091,-0.1578,0.1939,0.0000,0
16.701,-0.0406,-0.4063,-0.0000,0.9427,-0.2594,0.9063,-0.1570,0.1946,0.0000,0
16.721,-0.0406,-0.4063,-0.0000,0.9427,-0.2594,0.9063,-0.1597,0.1924,0.0000,0
16.742,-0.0417,-0.4048,-0.0000,0.9410,-0.2583,0.9048,-0.1579,0.1938,0.0000,0
16.761,-0.0417,-0.4048,-0.0000,0.9410,-0.2583,0.9048,-0.1593,0.1927,0.0000,0
16.781,-0.0417,-0.4048,-0.0000,0.9410,-0.2583,0.9048,-0.1593,0.1927,0.0000,0
16.802,-0.0417,-0.4048,-0.0000,0.9410,-0.2583,0.9048,-0.1593,0.1927,0.0000,0
16.821,-0.0429,-0.4034,-0.0000,0.9393,-0.2571,0.9034,-0.1575,0.1942,0.0000,0
16.841,-0.0453,-0.4006,-0.0000,0.9359,-0.2547,0.9006,-0.1552,0.1960,0.0000,0
16.861,-0.0453,-0.4006,-0.0000,0.9359,-0.2547,0.9006,-0.1580,0.1938,0.0000,0
16.881,-0.0453,-0.4006,-0.0000,0.9359,-0.2547,0.9006,-0.1580,0.1938,0.0000,0
16.901,-0.0464,-0.3991,-0.0000,0.9342,-0.2536,0.8991,-0.1561,0.1952,0.0000,0
16.921,-0.0476,-0.3977,-0.0000,0.9325,-0.2524,0.8977,-0.1557,0.1956,0.0000,0
16.941,-0.0476,-0.3977,-0.0000,0.9325,-0.2524,0.8977,-0.1571,0.1945,0.0000,0
16.962,-0.0476,-0.3977,-0.0000,0.9325,-0.2524,0.8977,-0.1571,0.1945,0.0000,0
16.981,-0.0476,-0.3977,-0.0000,0.9325,-0.2524,0.8977,-0.1571,0.1945,0.0000,0
17.001,-0.0522,-0.3919,-0.0000,0.9257,-0.2478,0.8919,-0.1496,0.2003,0.0000,0
17.021,-0.0522,-0.3919,-0.0000,0.9257,-0.2478,0.8919,-0.1553,0.1959,0.0000,0
17.043,-0.0522,-0.3919,-0.0000,0.9257,-0.2478,0.8919,-0.1553,0.1959,0.0000,0
17.061,-0.0522,-0.3919,-0.0000,0.9257,-0.2478,0.8919,-0.1553,0.1959,0.0000,0
17.081,-0.0545,-0.3890,-0.0000,0.9223,-0.2455,0.8890,-0.1516,0.1988,0.0000,0
17.101,-0.0545,-0.3890,-0.0000,0.9223,-0.2455,0.8890,-0.1544,0.1966,0.0000,0
17.124,-0.0545,-0.3890,-0.0000,0.9223,-0.2455,0.8890,-0.1544,0.1966,0.0000,0
17.141,-0.0545,-0.3890,-0.0000,0.9223,-0.2455,0.8890,-0.1544,0.1966,0.0000,0
17.160,-0.0579,-0.3847,-0.0000,0.9172,-0.2421,0.8847,-0.1487,0.2009,0.0000,0
17.181,-0.0579,-0.3847,-0.0000,0.9172,-0.2421,0.8847,-0.1531,0.1976,0.0000,0
17.201,-0.0579,-0.3847,-0.0000,0.9172,-0.2421,0.8847,-0.1531,0.1976,0.0000,0
17.221,-0.0579,-0.3847,-0.0000,0.9172,-0.2421,0.8847,-0.1531,0.1976,0.0000,0
17.241,-0.0590,-0.3832,-0.0000,0.9155,-0.2410,0.8832,-0.1513,0.1990,0.0000,0
17.261,-0.0613,-0.3803,-0.0000,0.9121,-0.2387,0.8803,-0.1489,0.2008,0.0000,0
17.281,-0.0613,-0.3803,-0.0000,0.9121,-0.2387,0.8803,-0.1518,0.1987,0.0000,0
17.301,-0.0613,-0.3803,-0.0000,0.9121,-0.2387,0.8803,-0.1518,0.1987,0.0000,0
17.321,-0.0613,-0.3803,-0.0000,0.9121,-0.2387,0.8803,-0.1518,0.1987,0.0000,0
17.342,-0.0613,-0.3803,-0.0000,0.9121,-0.2387,0.8803,-0.1518,0.1987,0.0000,0
17.361,-0.0624,-0.3788,-0.0000,0.9103,-0.2376,0.8788,-0.1499,0.2001,0.0000,0
17.380,-0.0646,-0.3759,-0.0000,0.9069,-0.2354,0.8759,-0.1475,0.2018,0.0000,0
17.401,-0.0646,-0.3759,-0.0000,0.9069,-0.2354,0.8759,-0.1504,0.1997,0.0000,0
17.421,-0.0646,-0.3759,-0.0000,0.9069,-0.2354,0.8759,-0.1504,0.1997,0.0000,0
17.440,-0.0646,-0.3759,-0.0000,0.9069,-0.2354,0.8759,-0.1504,0.1997,0.0000,0
17.461,-0.0646,-0.3759,-0.0000,0.9069,-0.2354,0.8759,-0.1504,0.1997,0.0000,0
17.481,-0.0646,-0.3759,-0.0000,0.9069,-0.2354,0.8759,-0.1504,0.1997,0.0000,0
17.501,-0.0646,-0.3759,-0.0000,0.9069,-0.2354,0.8759,-0.1504,0.1997,0.0000,0
17.521,-0.0646,-0.3759,-0.0000,0.9069,-0.2354,0.8759,-0.1504,0.1997,0.0000,0
17.540,-0.0646,-0.3759,-0.0000,0.9069,-0.2354,0.8759,-0.1504,0.1997,0.0000,0
17.562,-0.0646,-0.3759,-0.0000,0.9069,-0.2354,0.8759,-0.1504,0.1997,0.0000,0
17.582,-0.0646,-0.3759,-0.0000,0.9069,-0.2354,0.8759,-0.1504,0.1997,0.0000,0
17.601,-0.0657,-0.3744,-0.0000,0.9052,-0.2343,0.8744,-0.1485,0.2011,0.0000,0
17.621,-0.0679,-0.3714,-0.0000,0.9018,-0.2321,0.8714,-0.1461,0.2028,0.0000,0
17.641,-0.0723,-0.3655,-0.0000,0.8949,-0.2277,0.8655,-0.1412,0.2063,0.0000,0
17.661,-0.0745,-0.3625,-0.0000,0.8915,-0.2255,0.8625,-0.1434,0.2048,0.0000,0
17.681,-0.0745,-0.3625,-0.0000,0.8915,-0.2255,0.8625,-0.1463,0.2027,0.0000,0
17.701,-0.0745,-0.3625,-0.0000,0.8915,-0.2255,0.8625,-0.1463,0.2027,0.0000,0
17.722,-0.0745,-0.3625,-0.0000,0.8915,-0.2255,0.8625,-0.1463,0.2027,0.0000,0
17.742,-0.0776,-0.3579,-0.0000,0.8863,-0.2224,0.8579,-0.1406,0.2067,0.0000,0
17.761,-0.0776,-0.3579,-0.0000,0.8863,-0.2224,0.8579,-0.1450,0.2037,0.0000,0
17.780,-0.0776,-0.3579,-0.0000,0.8863,-0.2224,0.8579,-0.1450,0.2037,0.0000,0
17.802,-0.0776,-0.3579,-0.0000,0.8863,-0.2224,0.8579,-0.1450,0.2037,0.0000,0
17.822,-0.0787,-0.3564,-0.0000,0.8845,-0.2213,0.8564,-0.1430,0.2050,0.0000,0
17.841,-0.0797,-0.3549,-0.0000,0.8828,-0.2203,0.8549,-0.1426,0.2054,0.0000,0
17.861,-0.0797,-0.3549,-0.0000,0.8828,-0.2203,0.8549,-0.1440,0.2043,0.0000,0
17.881,-0.0808,-0.3534,-0.0000,0.8811,-0.2192,0.8534,-0.1421,0.2057,0.0000,0
17.901,-0.0829,-0.3504,-0.0000,0.8776,-0.2171,0.8504,-0.1397,0.2074,0.0000,0
17.921,-0.0829,-0.3504,-0.0000,0.8776,-0.2171,0.8504,-0.1426,0.2053,0.0000,0
17.941,-0.0829,-0.3504,-0.0000,0.8776,-0.2171,0.8504,-0.1426,0.2053,0.0000,0
17.961,-0.0850,-0.3473,-0.0000,0.8742,-0.2150,0.8473,-0.1387,0.2080,0.0000,0
17.981,-0.0850,-0.3473,-0.0000,0.8742,-0.2150,0.8473,-0.1417,0.2060,0.0000,0
18.002,-0.0850,-0.3473,-0.0000,0.8742,-0.2150,0.8473,-0.1417,0.2060,0.0000,0
18.021,-0.0871,-0.3443,-0.0000,0.8707,-0.2129,0.8443,-0.1377,0.2086,0.0000,0
18.041,-0.0871,-0.3443,-0.0000,0.8707,-0.2129,0.8443,-0.1407,0.2066,0.0000,0
18.061,-0.0871,-0.3443,-0.0000,0.8707,-0.2129,0.8443,-0.1407,0.2066,0.0000,0
18.082,-0.0871,-0.3443,-0.0000,0.8707,-0.2129,0.8443,-0.1407,0.2066,0.0000,0
18.101,-0.0871,-0.3443,-0.0000,0.8707,-0.2129,0.8443,-0.1407,0.2066,0.0000,0
18.121,-0.0882,-0.3428,-0.0000,0.8690,-0.2118,0.8428,-0.1388,0.2079,0.0000,0
18.141,-0.0882,-0.3428,-0.0000,0.8690,-0.2118,0.8428,-0.1403,0.2069,0.0000,0
18.161,-0.0882,-0.3428,-0.0000,0.8690,-0.2118,0.8428,-0.1403,0.2069,0.0000,0
18.181,-0.0882,-0.3428,-0.0000,0.8690,-0.2118,0.8428,-0.1403,0.2069,0.0000,0
18.201,-0.0903,-0.3397,-0.0000,0.8655,-0.2097,0.8397,-0.1363,0.2096,0.0000,0
18.221,-0.0903,-0.3397,-0.0000,0.8655,-0.2097,0.8397,-0.1393,0.2076,0.0000,0
18.241,-0.0903,-0.3397,-0.0000,0.8655,-0.2097,0.8397,-0.1393,0.2076,0.0000,0
18.261,-0.0903,-0.3397,-0.0000,0.8655,-0.2097,0.8397,-0.1393,0.2076,0.0000,0
18.281,-0.0923,-0.3367,-0.0000,0.8621,-0.2077,0.8367,-0.1353,0.2102,0.0000,0
18.301,-0.0923,-0.3367,-0.0000,0.8621,-0.2077,0.8367,-0.1384,0.2082,0.0000,0
18.321,-0.0923,-0.3367,-0.0000,0.8621,-0.2077,0.8367,-0.1384,0.2082,0.0000,0
18.342,-0.0923,-0.3367,-0.0000,0.8621,-0.2077,0.8367,-0.1384,0.2082,0.0000,0
18.362,-0.0923,-0.3367,-0.0000,0.8621,-0.2077,0.8367,-0.1384,0.2082,0.0000,0
18.381,-0.0934,-0.3351,-0.0000,0.8603,-0.2066,0.8351,-0.1364,0.2095,0.0000,0
18.401,-0.0934,-0.3351,-0.0000,0.8603,-0.2066,0.8351,-0.1379,0.2085,0.0000,0
18.421,-0.0934,-0.3351,-0.0000,0.8603,-0.2066,0.8351,-0.1379,0.2085,0.0000,0
18.441,-0.0934,-0.3351,-0.0000,0.8603,-0.2066,0.8351,-0.1379,0.2085,0.0000,0
18.461,-0.0934,-0.3351,-0.0000,0.8603,-0.2066,0.8351,-0.1379,0.2085,0.0000,0
18.482,-0.0934,-0.3351,-0.0000,0.8603,-0.2066,0.8351,-0.1379,0.2085,0.0000,0
18.501,-0.0954,-0.3321,-0.0000,0.8568,-0.2046,0.8321,-0.1339,0.2111,0.0000,0
18.521,-0.0975,-0.3290,-0.0000,0.8534,-0.2025,0.8290,-0.1329,0.2117,0.0000,0
18.541,-0.0975,-0.3290,-0.0000,0.8534,-0.2025,0.8290,-0.1360,0.2098,0.0000,0
18.561,-0.0975,-0.3290,-0.0000,0.8534,-0.2025,0.8290,-0.1360,0.2098,0.0000,0
18.581,-0.0975,-0.3290,-0.0000,0.8534,-0.2025,0.8290,-0.1360,0.2098,0.0000,0
18.601,-0.0995,-0.3259,-0.0000,0.8499,-0.2005,0.8259,-0.1320,0.2123,0.0000,0
18.621,-0.0995,-0.3259,-0.0000,0.8499,-0.2005,0.8259,-0.1350,0.2104,0.0000,0
18.640,-0.0995,-0.3259,-0.0000,0.8499,-0.2005,0.8259,-0.1350,0.2104,0.0000,0
18.661,-0.0995,-0.3259,-0.0000,0.8499,-0.2005,0.8259,-0.1350,0.2104,0.0000,0
18.681,-0.0995,-0.3259,-0.0000,0.8499,-0.2005,0.8259,-0.1350,0.2104,0.0000,0
18.700,-0.0995,-0.3259,-0.0000,0.8499,-0.2005,0.8259,-0.1350,0.2104,0.0000,0
18.720,-0.0995,-0.3259,-0.0000,0.8499,-0.2005,0.8259,-0.1350,0.2104,0.0000,0
18.741,-0.0995,-0.3259,-0.0000,0.8499,-0.2005,0.8259,-0.1350,0.2104,0.0000,0
18.761,-0.0995,-0.3259,-0.0000,0.8499,-0.2005,0.8259,-0.1350,0.2104,0.0000,0
18.781,-0.0995,-0.3259,-0.0000,0.8499,-0.2005,0.8259,-0.1350,0.2104,0.0000,0
18.801,-0.1035,-0.3197,-0.0000,0.8429,-0.1965,0.8197,-0.1269,0.2154,0.0000,0
18.821,-0.1064,-0.3150,-0.0000,0.8377,-0.1936,0.8150,-0.1271,0.2153,0.0000,0
18.841,-0.1101,-0.3086,-0.0000,0.8306,-0.1899,0.8086,-0.1238,0.2172,0.0000,0
18.860,-0.1120,-0.3054,-0.0000,0.8271,-0.1880,0.8054,-0.1259,0.2160,0.0000,0
18.880,-0.1120,-0.3054,-0.0000,0.8271,-0.1880,0.8054,-0.1289,0.2142,0.0000,0
18.900,-0.1120,-0.3054,-0.0000,0.8271,-0.1880,0.8054,-0.1289,0.2142,0.0000,0
18.921,-0.1129,-0.3038,-0.0000,0.8253,-0.1871,0.8038,-0.1269,0.2154,0.0000,0
18.942,-0.1129,-0.3038,-0.0000,0.8253,-0.1871,0.8038,-0.1284,0.2145,0.0000,0
18.960,-0.1139,-0.3022,-0.0000,0.8236,-0.1861,0.8022,-0.1264,0.2157,0.0000,0
18.980,-0.1148,-0.3007,-0.0000,0.8218,-0.1852,0.8007,-0.1259,0.2160,0.0000,0
19.001,-0.1148,-0.3007,-0.0000,0.8218,-0.1852,0.8007,-0.1275,0.2151,0.0000,0
19.021,-0.1148,-0.3007,-0.0000,0.8218,-0.1852,0.8007,-0.1275,0.2151,0.0000,0
19.040,-0.1148,-0.3007,-0.0000,0.8218,-0.1852,0.8007,-0.1275,0.2151,0.0000,0
19.061,-0.1148,-0.3007,-0.0000,0.8218,-0.1852,0.8007,-0.1275,0.2151,0.0000,0
19.080,-0.1157,-0.2991,-0.0000,0.8200,-0.1843,0.7991,-0.1255,0.2162,0.0000,0
19.101,-0.1167,-0.2975,-0.0000,0.8183,-0.1833,0.7975,-0.1250,0.2165,0.0000,0
19.121,-0.1167,-0.2975,-0.0000,0.8183,-0.1833,0.7975,-0.1265,0.2156,0.0000,0
19.141,-0.1167,-0.2975,-0.0000,0.8183,-0.1833,0.7975,-0.1265,0.2156,0.0000,0
19.161,-0.1176,-0.2959,-0.0000,0.8165,-0.1824,0.7959,-0.1245,0.2168,0.0000,0
19.182,-0.1176,-0.2959,-0.0000,0.8165,-0.1824,0.7959,-0.1260,0.2159,0.0000,0
19.201,-0.1176,-0.2959,-0.0000,0.8165,-0.1824,0.7959,-0.1260,0.2159,0.0000,0
19.221,-0.1176,-0.2959,-0.0000,0.8165,-0.1824,0.7959,-0.1260,0.2159,0.0000,0
19.241,-0.1186,-0.2943,-0.0000,0.8148,-0.1814,0.7943,-0.1240,0.2171,0.0000,0
19.262,-0.1186,-0.2943,-0.0000,0.8148,-0.1814,0.7943,-0.1255,0.2162,0.0000,0
19.281,-0.1186,-0.2943,-0.0000,0.8148,-0.1814,0.7943,-0.1255,0.2162,0.0000,0
19.301,-0.1186,-0.2943,-0.0000,0.8148,-0.1814,0.7943,-0.1255,0.2162,0.0000,0
19.321,-0.1186,-0.2943,-0.0000,0.8148,-0.1814,0.7943,-0.1255,0.2162,0.0000,0
19.341,-0.1186,-0.2943,-0.0000,0.8148,-0.1814,0.7943,-0.1255,0.2162,0.0000,0
19.361,-0.1186,-0.2943,-0.0000,0.8148,-0.1814,0.7943,-0.1255,0.2162,0.0000,0
19.381,-0.1195,-0.2927,-0.0000,0.8130,-0.1805,0.7927,-0.1235,0.2173,0.0000,0
19.401,-0.1195,-0.2927,-0.0000,0.8130,-0.1805,0.7927,-0.1251,0.2165,0.0000,0
19.421,-0.1195,-0.2927,-0.0000,0.8130,-0.1805,0.7927,-0.1251,0.2165,0.0000,0
19.441,-0.1195,-0.2927,-0.0000,0.8130,-0.1805,0.7927,-0.1251,0.2165,0.0000,0
19.460,-0.1195,-0.2927,-0.0000,0.8130,-0.1805,0.7927,-0.1251,0.2165,0.0000,0
19.481,-0.1195,-0.2927,-0.0000,0.8130,-0.1805,0.7927,-0.1251,0.2165,0.0000,0
19.501,-0.1223,-0.2879,-0.0000,0.8077,-0.1777,0.7879,-0.1190,0.2199,0.0000,0
19.521,-0.1241,-0.2847,-0.0000,0.8042,-0.1759,0.7847,-0.1196,0.2195,0.0000,0
19.541,-0.1258,-0.2814,-0.0000,0.8006,-0.1742,0.7814,-0.1187,0.2200,0.0000,0
19.561,-0.1258,-0.2814,-0.0000,0.8006,-0.1742,0.7814,-0.1217,0.2184,0.0000,0
19.580,-0.1258,-0.2814,-0.0000,0.8006,-0.1742,0.7814,-0.1217,0.2184,0.0000,0
19.602,-0.1258,-0.2814,-0.0000,0.8006,-0.1742,0.7814,-0.1217,0.2184,0.0000,0
19.621,-0.1267,-0.2798,-0.0000,0.7988,-0.1733,0.7798,-0.1198,0.2194,0.0000,0
19.641,-0.1285,-0.2766,-0.0000,0.7953,-0.1715,0.7766,-0.1173,0.2208,0.0000,0
19.660,-0.1285,-0.2766,-0.0000,0.7953,-0.1715,0.7766,-0.1203,0.2192,0.0000,0
19.681,-0.1285,-0.2766,-0.0000,0.7953,-0.1715,0.7766,-0.1203,0.2192,0.0000,0
19.701,-0.1294,-0.2750,-0.0000,0.7935,-0.1706,0.7750,-0.1183,0.2202,0.0000,0
19.720,-0.1311,-0.2717,-0.0000,0.7900,-0.1689,0.7717,-0.1158,0.2216,0.0000,0
19.741,-0.1311,-0.2717,-0.0000,0.7900,-0.1689,0.7717,-0.1189,0.2199,0.0000,0
19.761,-0.1311,-0.2717,-0.0000,0.7900,-0.1689,0.7717,-0.1189,0.2199,0.0000,0
19.781,-0.1320,-0.2701,-0.0000,0.7882,-0.1680,0.7701,-0.1169,0.2210,0.0000,0
19.801,-0.1329,-0.2685,-0.0000,0.7864,-0.1671,0.7685,-0.1164,0.2212,0.0000,0
19.821,-0.1329,-0.2685,-0.0000,0.7864,-0.1671,0.7685,-0.1179,0.2204,0.0000,0
19.840,-0.1329,-0.2685,-0.0000,0.7864,-0.1671,0.7685,-0.1179,0.2204,0.0000,0
19.860,-0.1337,-0.2668,-0.0000,0.7846,-0.1663,0.7668,-0.1159,0.2215,0.0000,0
19.881,-0.1337,-0.2668,-0.0000,0.7846,-0.1663,0.7668,-0.1174,0.2207,0.0000,0
19.901,-0.1337,-0.2668,-0.0000,0.7846,-0.1663,0.7668,-0.1174,0.2207,0.0000,0
19.920,-0.1337,-0.2668,-0.0000,0.7846,-0.1663,0.7668,-0.1174,0.2207,0.0000,0
19.941,-0.1363,-0.2619,-0.0000,0.7793,-0.1637,0.7619,-0.1114,0.2238,0.0000,0
19.960,-0.1363,-0.2619,-0.0000,0.7793,-0.1637,0.7619,-0.1160,0.2215,0.0000,0
19.981,-0.1363,-0.2619,-0.0000,0.7793,-0.1637,0.7619,-0.1160,0.2215,0.0000,0
20.000,-0.1363,-0.2619,-0.0000,0.7793,-0.1637,0.7619,-0.1160,0.2215,0.0000,0
20.020,-0.1363,-0.2619,-0.0000,0.7793,-0.1637,0.7619,-0.1160,0.2215,0.0000,0
20.041,-0.1380,-0.2587,-0.0000,0.7758,-0.1620,0.7587,-0.1121,0.2235,0.0000,0
20.060,-0.1397,-0.2554,-0.0000,0.7722,-0.1603,0.7554,-0.1111,0.2239,0.0000,0
20.081,-0.1397,-0.2554,-0.0000,0.7722,-0.1603,0.7554,-0.1141,0.2224,0.0000,0
20.100,-0.1397,-0.2554,-0.0000,0.7722,-0.1603,0.7554,-0.1141,0.2224,0.0000,0
20.121,-0.1397,-0.2554,-0.0000,0.7722,-0.1603,0.7554,-0.1141,0.2224,0.0000,0
20.141,-0.1414,-0.2521,-0.0000,0.7686,-0.1586,0.7521,-0.1102,0.2244,0.0000,0
20.162,-0.1414,-0.2521,-0.0000,0.7686,-0.1586,0.7521,-0.1132,0.2229,0.0000,0
20.181,-0.1430,-0.2488,-0.0000,0.7650,-0.1570,0.7488,-0.1092,0.2249,0.0000,0
20.201,-0.1430,-0.2488,-0.0000,0.7650,-0.1570,0.7488,-0.1122,0.2234,0.0000,0
20.221,-0.1430,-0.2488,-0.0000,0.7650,-0.1570,0.7488,-0.1122,0.2234,0.0000,0
20.242,-0.1430,-0.2488,-0.0000,0.7650,-0.1570,0.7488,-0.1122,0.2234,0.0000,0
20.260,-0.1430,-0.2488,-0.0000,0.7650,-0.1570,0.7488,-0.1122,0.2234,0.0000,0
20.281,-0.1430,-0.2488,-0.0000,0.7650,-0.1570,0.7488,-0.1122,0.2234,0.0000,0
20.301,-0.1447,-0.2455,-0.0000,0.7615,-0.1553,0.7455,-0.1083,0.2253,0.0000,0
20.321,-0.1447,-0.2455,-0.0000,0.7615,-0.1553,0.7455,-0.1113,0.2239,0.0000,0
20.341,-0.1447,-0.2455,-0.0000,0.7615,-0.1553,0.7455,-0.1113,0.2239,0.0000,0
20.360,-0.1447,-0.2455,-0.0000,0.7615,-0.1553,0.7455,-0.1113,0.2239,0.0000,0
20.380,-0.1455,-0.2438,-0.0000,0.7597,-0.1545,0.7438,-0.1094,0.2248,0.0000,0
20.402,-0.1471,-0.2405,-0.0000,0.7561,-0.1529,0.7405,-0.1069,0.2260,0.0000,0
20.421,-0.1471,-0.2405,-0.0000,0.7561,-0.1529,0.7405,-0.1099,0.2246,0.0000,0
20.441,-0.1471,-0.2405,-0.0000,0.7561,-0.1529,0.7405,-0.1099,0.2246,0.0000,0
20.461,-0.1495,-0.2355,-0.0000,0.7507,-0.1505,0.7355,-0.1040,0.2273,0.0000,0
20.481,-0.1495,-0.2355,-0.0000,0.7507,-0.1505,0.7355,-0.1085,0.2252,0.0000,0
20.501,-0.1503,-0.2338,-0.0000,0.7489,-0.1497,0.7338,-0.1066,0.2261,0.0000,0
20.521,-0.1503,-0.2338,-0.0000,0.7489,-0.1497,0.7338,-0.1080,0.2255,0.0000,0
20.541,-0.1503,-0.2338,-0.0000,0.7489,-0.1497,0.7338,-0.1080,0.2255,0.0000,0
20.561,-0.1503,-0.2338,-0.0000,0.7489,-0.1497,0.7338,-0.1080,0.2255,0.0000,0
20.580,-0.1519,-0.2305,-0.0000,0.7454,-0.1481,0.7305,-0.1041,0.2273,0.0000,0
20.601,-0.1519,-0.2305,-0.0000,0.7454,-0.1481,0.7305,-0.1071,0.2259,0.0000,0
20.621,-0.1519,-0.2305,-0.0000,0.7454,-0.1481,0.7305,-0.1071,0.2259,0.0000,0
20.641,-0.1519,-0.2305,-0.0000,0.7454,-0.1481,0.7305,-0.1071,0.2259,0.0000,0
20.661,-0.1534,-0.2271,-0.0000,0.7418,-0.1466,0.7271,-0.1032,0.2277,0.0000,0
20.680,-0.1534,-0.2271,-0.0000,0.7418,-0.1466,0.7271,-0.1062,0.2263,0.0000,0
20.701,-0.1534,-0.2271,-0.0000,0.7418,-0.1466,0.7271,-0.1062,0.2263,0.0000,0
20.721,-0.1534,-0.2271,-0.0000,0.7418,-0.1466,0.7271,-0.1062,0.2263,0.0000,0
20.740,-0.1550,-0.2238,-0.0000,0.7382,-0.1450,0.7238,-0.1023,0.2281,0.0000,0
20.760,-0.1550,-0.2238,-0.0000,0.7382,-0.1450,0.7238,-0.1052,0.2268,0.0000,0
20.780,-0.1550,-0.2238,-0.0000,0.7382,-0.1450,0.7238,-0.1052,0.2268,0.0000,0
20.801,-0.1550,-0.2238,-0.0000,0.7382,-0.1450,0.7238,-0.1052,0.2268,0.0000,0
20.822,-0.1565,-0.2204,-0.0000,0.7346,-0.1435,0.7204,-0.1014,0.2285,0.0000,0
20.841,-0.1565,-0.2204,-0.0000,0.7346,-0.1435,0.7204,-0.1043,0.2272,0.0000,0
20.861,-0.1565,-0.2204,-0.0000,0.7346,-0.1435,0.7204,-0.1043,0.2272,0.0000,0
20.881,-0.1565,-0.2204,-0.0000,0.7346,-0.1435,0.7204,-0.1043,0.2272,0.0000,0
20.901,-0.1573,-0.2188,-0.0000,0.7328,-0.1427,0.7188,-0.1024,0.2281,0.0000,0
20.921,-0.1581,-0.2171,-0.0000,0.7310,-0.1419,0.7171,-0.1019,0.2283,0.0000,0
20.940,-0.1581,-0.2171,-0.0000,0.7310,-0.1419,0.7171,-0.1034,0.2276,0.0000,0
20.962,-0.1581,-0.2171,-0.0000,0.7310,-0.1419,0.7171,-0.1034,0.2276,0.0000,0
20.981,-0.1581,-0.2171,-0.0000,0.7310,-0.1419,0.7171,-0.1034,0.2276,0.0000,0
21.001,-0.1581,-0.2171,-0.0000,0.7310,-0.1419,0.7171,-0.1034,0.2276,0.0000,0
21.021,-0.1596,-0.2137,-0.0000,0.7274,-0.1404,0.7137,-0.0995,0.2293,0.0000,0
21.040,-0.1611,-0.2104,-0.0000,0.7238,-0.1389,0.7104,-0.0986,0.2297,0.0000,0
21.061,-0.1611,-0.2104,-0.0000,0.7238,-0.1389,0.7104,-0.1015,0.2285,0.0000,0
21.081,-0.1611,-0.2104,-0.0000,0.7238,-0.1389,0.7104,-0.1015,0.2285,0.0000,0
21.101,-0.1611,-0.2104,-0.0000,0.7238,-0.1389,0.7104,-0.1015,0.2285,0.0000,0
21.121,-0.1618,-0.2087,-0.0000,0.7220,-0.1382,0.7087,-0.0997,0.2293,0.0000,0
21.143,-0.1618,-0.2087,-0.0000,0.7220,-0.1382,0.7087,-0.1011,0.2287,0.0000,0
21.161,-0.1618,-0.2087,-0.0000,0.7220,-0.1382,0.7087,-0.1011,0.2287,0.0000,0
21.180,-0.1618,-0.2087,-0.0000,0.7220,-0.1382,0.7087,-0.1011,0.2287,0.0000,0
21.201,-0.1618,-0.2087,-0.0000,0.7220,-0.1382,0.7087,-0.1011,0.2287,0.0000,0
21.221,-0.1618,-0.2087,-0.0000,0.7220,-0.1382,0.7087,-0.1011,0.2287,0.0000,0
21.241,-0.1618,-0.2087,-0.0000,0.7220,-0.1382,0.7087,-0.1011,0.2287,0.0000,0
21.261,-0.1618,-0.2087,-0.0000,0.7220,-0.1382,0.7087,-0.1011,0.2287,0.0000,0
21.281,-0.1618,-0.2087,-0.0000,0.7220,-0.1382,0.7087,-0.1011,0.2287,0.0000,0
21.301,-0.1618,-0.2087,-0.0000,0.7220,-0.1382,0.7087,-0.1011,0.2287,0.0000,0
21.321,-0.1618,-0.2087,-0.0000,0.7220,-0.1382,0.7087,-0.1011,0.2287,0.0000,0
21.341,-0.1618,-0.2087,-0.0000,0.7220,-0.1382,0.7087,-0.1011,0.2287,0.0000,0
21.361,-0.1618,-0.2087,-0.0000,0.7220,-0.1382,0.7087,-0.1011,0.2287,0.0000,0
21.381,-0.1641,-0.2036,-0.0000,0.7166,-0.1359,0.7036,-0.0953,0.2311,0.0000,0
21.401,-0.1655,-0.2002,-0.0000,0.7130,-0.1345,0.7002,-0.0960,0.2308,0.0000,0
21.421,-0.1655,-0.2002,-0.0000,0.7130,-0.1345,0.7002,-0.0988,0.2296,0.0000,0
21.441,-0.1684,-0.1934,-0.0000,0.7058,-0.1316,0.6934,-0.0915,0.2327,0.0000,0
21.461,-0.1684,-0.1934,-0.0000,0.7058,-0.1316,0.6934,-0.0971,0.2304,0.0000,0
21.481,-0.1684,-0.1934,-0.0000,0.7058,-0.1316,0.6934,-0.0971,0.2304,0.0000,0
21.501,-0.1684,-0.1934,-0.0000,0.7058,-0.1316,0.6934,-0.0971,0.2304,0.0000,0
21.521,-0.1705,-0.1883,-0.0000,0.7004,-0.1295,0.6883,-0.0913,0.2327,0.0000,0
21.541,-0.1705,-0.1883,-0.0000,0.7004,-0.1295,0.6883,-0.0957,0.2310,0.0000,0
21.561,-0.1712,-0.1866,-0.0000,0.6985,-0.1288,0.6866,-0.0939,0.2317,0.0000,0
21.581,-0.1719,-0.1849,-0.0000,0.6967,-0.1281,0.6849,-0.0934,0.2319,0.0000,0
21.601,-0.1719,-0.1849,-0.0000,0.6967,-0.1281,0.6849,-0.0948,0.2313,0.0000,0
21.621,-0.1719,-0.1849,-0.0000,0.6967,-0.1281,0.6849,-0.0948,0.2313,0.0000,0
21.640,-0.1733,-0.1814,-0.0000,0.6931,-0.1267,0.6814,-0.0911,0.2328,0.0000,0
21.661,-0.1733,-0.1814,-0.0000,0.6931,-0.1267,0.6814,-0.0939,0.2317,0.0000,0
21.680,-0.1733,-0.1814,-0.0000,0.6931,-0.1267,0.6814,-0.0939,0.2317,0.0000,0
21.701,-0.1733,-0.1814,-0.0000,0.6931,-0.1267,0.6814,-0.0939,0.2317,0.0000,0
21.722,-0.1733,-0.1814,-0.0000,0.6931,-0.1267,0.6814,-0.0939,0.2317,0.0000,0
21.741,-0.1740,-0.1797,-0.0000,0.6913,-0.1260,0.6797,-0.0922,0.2324,0.0000,0
21.761,-0.1740,-0.1797,-0.0000,0.6913,-0.1260,0.6797,-0.0935,0.2319,0.0000,0
21.780,-0.1754,-0.1763,-0.0000,0.6877,-0.1246,0.6763,-0.0898,0.2333,0.0000,0
21.801,-0.1754,-0.1763,-0.0000,0.6877,-0.1246,0.6763,-0.0926,0.2322,0.0000,0
21.821,-0.1754,-0.1763,-0.0000,0.6877,-0.1246,0.6763,-0.0926,0.2322,0.0000,0
21.840,-0.1754,-0.1763,-0.0000,0.6877,-0.1246,0.6763,-0.0926,0.2322,0.0000,0
21.861,-0.1754,-0.1763,-0.0000,0.6877,-0.1246,0.6763,-0.0926,0.2322,0.0000,0
21.881,-0.1760,-0.1746,-0.0000,0.6859,-0.1240,0.6746,-0.0909,0.2329,0.0000,0
21.901,-0.1774,-0.1711,-0.0000,0.6823,-0.1226,0.6711,-0.0886,0.2338,0.0000,0
21.921,-0.1774,-0.1711,-0.0000,0.6823,-0.1226,0.6711,-0.0913,0.2327,0.0000,0
21.941,-0.1774,-0.1711,-0.0000,0.6823,-0.1226,0.6711,-0.0913,0.2327,0.0000,0
21.960,-0.1781,-0.1694,-0.0000,0.6804,-0.1219,0.6694,-0.0895,0.2334,0.0000,0
21.981,-0.1794,-0.1660,-0.0000,0.6768,-0.1206,0.6660,-0.0873,0.2343,0.0000,0
22.001,-0.1794,-0.1660,-0.0000,0.6768,-0.1206,0.6660,-0.0900,0.2332,0.0000,0
22.020,-0.1794,-0.1660,-0.0000,0.6768,-0.1206,0.6660,-0.0900,0.2332,0.0000,0
22.042,-0.1794,-0.1660,-0.0000,0.6768,-0.1206,0.6660,-0.0900,0.2332,0.0000,0
22.061,-0.1801,-0.1643,-0.0000,0.6750,-0.1199,0.6643,-0.0882,0.2339,0.0000,0
22.080,-0.1801,-0.1643,-0.0000,0.6750,-0.1199,0.6643,-0.0896,0.2334,0.0000,0
22.101,-0.1814,-0.1608,-0.0000,0.6714,-0.1186,0.6608,-0.0860,0.2347,0.0000,0
22.121,-0.1814,-0.1608,-0.0000,0.6714,-0.1186,0.6608,-0.0887,0.2337,0.0000,0
22.140,-0.1814,-0.1608,-0.0000,0.6714,-0.1186,0.6608,-0.0887,0.2337,0.0000,0
22.160,-0.1814,-0.1608,-0.0000,0.6714,-0.1186,0.6608,-0.0887,0.2337,0.0000,0
22.181,-0.1814,-0.1608,-0.0000,0.6714,-0.1186,0.6608,-0.0887,0.2337,0.0000,0
22.201,-0.1833,-0.1556,-0.0000,0.6659,-0.1167,0.6556,-0.0834,0.2357,0.0000,0
22.221,-0.1840,-0.1539,-0.0000,0.6641,-0.1160,0.6539,-0.0856,0.2349,0.0000,0
22.241,-0.1840,-0.1539,-0.0000,0.6641,-0.1160,0.6539,-0.0870,0.2344,0.0000,0
22.261,-0.1840,-0.1539,-0.0000,0.6641,-0.1160,0.6539,-0.0870,0.2344,0.0000,0
22.280,-0.1840,-0.1539,-0.0000,0.6641,-0.1160,0.6539,-0.0870,0.2344,0.0000,0
22.301,-0.1846,-0.1522,-0.0000,0.6623,-0.1154,0.6522,-0.0853,0.2350,0.0000,0
22.321,-0.1859,-0.1487,-0.0000,0.6587,-0.1141,0.6487,-0.0831,0.2358,0.0000,0
22.340,-0.1871,-0.1452,-0.0000,0.6550,-0.1129,0.6452,-0.0823,0.2361,0.0000,0
22.360,-0.1871,-0.1452,-0.0000,0.6550,-0.1129,0.6452,-0.0849,0.2351,0.0000,0
22.381,-0.1871,-0.1452,-0.0000,0.6550,-0.1129,0.6452,-0.0849,0.2351,0.0000,0
22.401,-0.1871,-0.1452,-0.0000,0.6550,-0.1129,0.6452,-0.0849,0.2351,0.0000,0
22.420,-0.1871,-0.1452,-0.0000,0.6550,-0.1129,0.6452,-0.0849,0.2351,0.0000,0
22.441,-0.1883,-0.1417,-0.0000,0.6514,-0.1117,0.6417,-0.0816,0.2363,0.0000,0
22.461,-0.1883,-0.1417,-0.0000,0.6514,-0.1117,0.6417,-0.0841,0.2354,0.0000,0
22.480,-0.1883,-0.1417,-0.0000,0.6514,-0.1117,0.6417,-0.0841,0.2354,0.0000,0
22.500,-0.1883,-0.1417,-0.0000,0.6514,-0.1117,0.6417,-0.0841,0.2354,0.0000,0
22.521,-0.1883,-0.1417,-0.0000,0.6514,-0.1117,0.6417,-0.0841,0.2354,0.0000,0
22.541,-0.1890,-0.1400,-0.0000,0.6496,-0.1110,0.6400,-0.0824,0.2360,0.0000,0
22.561,-0.1896,-0.1383,-0.0000,0.6477,-0.1104,0.6383,-0.0820,0.2362,0.0000,0
22.581,-0.1896,-0.1383,-0.0000,0.6477,-0.1104,0.6383,-0.0833,0.2357,0.0000,0
22.601,-0.1914,-0.1330,-0.0000,0.6423,-0.1086,0.6330,-0.0782,0.2375,0.0000,0
22.622,-0.1914,-0.1330,-0.0000,0.6423,-0.1086,0.6330,-0.0821,0.2362,0.0000,0
22.641,-0.1914,-0.1330,-0.0000,0.6423,-0.1086,0.6330,-0.0821,0.2362,0.0000,0
22.660,-0.1914,-0.1330,-0.0000,0.6423,-0.1086,0.6330,-0.0821,0.2362,0.0000,0
22.681,-0.1920,-0.1313,-0.0000,0.6405,-0.1080,0.6313,-0.0804,0.2367,0.0000,0
22.701,-0.1932,-0.1278,-0.0000,0.6368,-0.1068,0.6278,-0.0783,0.2374,0.0000,0
22.721,-0.1932,-0.1278,-0.0000,0.6368,-0.1068,0.6278,-0.0809,0.2366,0.0000,0
22.741,-0.1932,-0.1278,-0.0000,0.6368,-0.1068,0.6278,-0.0809,0.2366,0.0000,0
22.762,-0.1932,-0.1278,-0.0000,0.6368,-0.1068,0.6278,-0.0809,0.2366,0.0000,0
22.781,-0.1938,-0.1260,-0.0000,0.6350,-0.1062,0.6260,-0.0792,0.2371,0.0000,0
22.801,-0.1938,-0.1260,-0.0000,0.6350,-0.1062,0.6260,-0.0805,0.2367,0.0000,0
22.821,-0.1938,-0.1260,-0.0000,0.6350,-0.1062,0.6260,-0.0805,0.2367,0.0000,0
22.841,-0.1938,-0.1260,-0.0000,0.6350,-0.1062,0.6260,-0.0805,0.2367,0.0000,0
22.860,-0.1944,-0.1243,-0.0000,0.6332,-0.1056,0.6243,-0.0788,0.2373,0.0000,0
22.881,-0.1950,-0.1225,-0.0000,0.6313,-0.1050,0.6225,-0.0784,0.2374,0.0000,0
22.901,-0.1961,-0.1190,-0.0000,0.6277,-0.1039,0.6190,-0.0763,0.2381,0.0000,0
22.921,-0.1973,-0.1155,-0.0000,0.6240,-0.1027,0.6155,-0.0756,0.2383,0.0000,0
22.942,-0.1973,-0.1155,-0.0000,0.6240,-0.1027,0.6155,-0.0781,0.2375,0.0000,0
22.960,-0.1973,-0.1155,-0.0000,0.6240,-0.1027,0.6155,-0.0781,0.2375,0.0000,0
22.981,-0.1973,-0.1155,-0.0000,0.6240,-0.1027,0.6155,-0.0781,0.2375,0.0000,0
23.002,-0.1973,-0.1155,-0.0000,0.6240,-0.1027,0.6155,-0.0781,0.2375,0.0000,0
23.022,-0.1984,-0.1120,-0.0000,0.6204,-0.1016,0.6120,-0.0748,0.2385,0.0000,0
23.040,-0.1984,-0.1120,-0.0000,0.6204,-0.1016,0.6120,-0.0773,0.2378,0.0000,0
23.061,-0.2001,-0.1068,-0.0000,0.6149,-0.0999,0.6068,-0.0724,0.2393,0.0000,0
23.081,-0.2001,-0.1068,-0.0000,0.6149,-0.0999,0.6068,-0.0761,0.2381,0.0000,0
23.100,-0.2001,-0.1068,-0.0000,0.6149,-0.0999,0.6068,-0.0761,0.2381,0.0000,0
23.121,-0.2001,-0.1068,-0.0000,0.6149,-0.0999,0.6068,-0.0761,0.2381,0.0000,0
23.142,-0.2001,-0.1068,-0.0000,0.6149,-0.0999,0.6068,-0.0761,0.2381,0.0000,0
23.161,-0.2012,-0.1032,-0.0000,0.6113,-0.0988,0.6032,-0.0729,0.2391,0.0000,0
23.181,-0.2012,-0.1032,-0.0000,0.6113,-0.0988,0.6032,-0.0753,0.2384,0.0000,0
23.200,-0.2012,-0.1032,-0.0000,0.6113,-0.0988,0.6032,-0.0753,0.2384,0.0000,0
23.220,-0.2012,-0.1032,-0.0000,0.6113,-0.0988,0.6032,-0.0753,0.2384,0.0000,0
23.241,-0.2012,-0.1032,-0.0000,0.6113,-0.0988,0.6032,-0.0753,0.2384,0.0000,0
23.261,-0.2018,-0.1015,-0.0000,0.6094,-0.0982,0.6015,-0.0737,0.2389,0.0000,0
23.280,-0.2024,-0.0997,-0.0000,0.6076,-0.0976,0.5997,-0.0733,0.2390,0.0000,0
23.301,-0.2024,-0.0997,-0.0000,0.6076,-0.0976,0.5997,-0.0746,0.2386,0.0000,0
23.321,-0.2035,-0.0962,-0.0000,0.6040,-0.0965,0.5962,-0.0714,0.2396,0.0000,0
23.341,-0.2045,-0.0927,-0.0000,0.6003,-0.0955,0.5927,-0.0707,0.2398,0.0000,0
23.361,-0.2045,-0.0927,-0.0000,0.6003,-0.0955,0.5927,-0.0730,0.2391,0.0000,0
23.381,-0.2045,-0.0927,-0.0000,0.6003,-0.0955,0.5927,-0.0730,0.2391,0.0000,0
23.401,-0.2051,-0.0909,-0.0000,0.5985,-0.0949,0.5909,-0.0715,0.2396,0.0000,0
23.421,-0.2061,-0.0874,-0.0000,0.5948,-0.0939,0.5874,-0.0696,0.2401,0.0000,0
23.441,-0.2061,-0.0874,-0.0000,0.5948,-0.0939,0.5874,-0.0719,0.2394,0.0000,0
23.461,-0.2066,-0.0856,-0.0000,0.5930,-0.0934,0.5856,-0.0704,0.2399,0.0000,0
23.480,-0.2066,-0.0856,-0.0000,0.5930,-0.0934,0.5856,-0.0716,0.2395,0.0000,0
23.500,-0.2066,-0.0856,-0.0000,0.5930,-0.0934,0.5856,-0.0716,0.2395,0.0000,0
23.522,-0.2066,-0.0856,-0.0000,0.5930,-0.0934,0.5856,-0.0716,0.2395,0.0000,0
23.540,-0.2066,-0.0856,-0.0000,0.5930,-0.0934,0.5856,-0.0716,0.2395,0.0000,0
23.561,-0.2066,-0.0856,-0.0000,0.5930,-0.0934,0.5856,-0.0716,0.2395,0.0000,0
23.580,-0.2066,-0.0856,-0.0000,0.5930,-0.0934,0.5856,-0.0716,0.2395,0.0000,0
23.602,-0.2066,-0.0856,-0.0000,0.5930,-0.0934,0.5856,-0.0716,0.2395,0.0000,0
23.620,-0.2066,-0.0856,-0.0000,0.5930,-0.0934,0.5856,-0.0716,0.2395,0.0000,0
23.640,-0.2066,-0.0856,-0.0000,0.5930,-0.0934,0.5856,-0.0716,0.2395,0.0000,0
23.660,-0.2066,-0.0856,-0.0000,0.5930,-0.0934,0.5856,-0.0716,0.2395,0.0000,0
23.682,-0.2066,-0.0856,-0.0000,0.5930,-0.0934,0.5856,-0.0716,0.2395,0.0000,0
23.701,-0.2072,-0.0838,-0.0000,0.5911,-0.0928,0.5838,-0.0700,0.2400,0.0000,0
23.720,-0.2082,-0.0803,-0.0000,0.5875,-0.0918,0.5803,-0.0681,0.2405,0.0000,0
23.740,-0.2092,-0.0767,-0.0000,0.5838,-0.0908,0.5767,-0.0675,0.2407,0.0000,0
23.761,-0.2102,-0.0732,-0.0000,0.5802,-0.0898,0.5732,-0.0668,0.2409,0.0000,0
23.781,-0.2102,-0.0732,-0.0000,0.5802,-0.0898,0.5732,-0.0690,0.2403,0.0000,0
23.800,-0.2102,-0.0732,-0.0000,0.5802,-0.0898,0.5732,-0.0690,0.2403,0.0000,0
23.821,-0.2102,-0.0732,-0.0000,0.5802,-0.0898,0.5732,-0.0690,0.2403,0.0000,0
23.841,-0.2112,-0.0696,-0.0000,0.5765,-0.0888,0.5696,-0.0661,0.2411,0.0000,0
23.861,-0.2117,-0.0678,-0.0000,0.5747,-0.0883,0.5678,-0.0669,0.2409,0.0000,0
23.880,-0.2122,-0.0661,-0.0000,0.5728,-0.0878,0.5661,-0.0665,0.2410,0.0000,0
23.900,-0.2122,-0.0661,-0.0000,0.5728,-0.0878,0.5661,-0.0676,0.2407,0.0000,0
23.921,-0.2122,-0.0661,-0.0000,0.5728,-0.0878,0.5661,-0.0676,0.2407,0.0000,0
23.940,-0.2122,-0.0661,-0.0000,0.5728,-0.0878,0.5661,-0.0676,0.2407,0.0000,0
23.960,-0.2122,-0.0661,-0.0000,0.5728,-0.0878,0.5661,-0.0676,0.2407,0.0000,0
23.980,-0.2132,-0.0625,-0.0000,0.5692,-0.0868,0.5625,-0.0647,0.2415,0.0000,0
24.001,-0.2132,-0.0625,-0.0000,0.5692,-0.0868,0.5625,-0.0669,0.2409,0.0000,0
24.020,-0.2142,-0.0589,-0.0000,0.5655,-0.0858,0.5589,-0.0640,0.2417,0.0000,0
24.041,-0.2142,-0.0589,-0.0000,0.5655,-0.0858,0.5589,-0.0662,0.2411,0.0000,0
24.060,-0.2142,-0.0589,-0.0000,0.5655,-0.0858,0.5589,-0.0662,0.2411,0.0000,0
24.080,-0.2142,-0.0589,-0.0000,0.5655,-0.0858,0.5589,-0.0662,0.2411,0.0000,0
24.100,-0.2142,-0.0589,-0.0000,0.5655,-0.0858,0.5589,-0.0662,0.2411,0.0000,0
24.121,-0.2142,-0.0589,-0.0000,0.5655,-0.0858,0.5589,-0.0662,0.2411,0.0000,0
24.141,-0.2142,-0.0589,-0.0000,0.5655,-0.0858,0.5589,-0.0662,0.2411,0.0000,0
24.161,-0.2147,-0.0571,-0.0000,0.5636,-0.0853,0.5571,-0.0648,0.2415,0.0000,0
24.180,-0.2147,-0.0571,-0.0000,0.5636,-0.0853,0.5571,-0.0659,0.2412,0.0000,0
24.200,-0.2147,-0.0571,-0.0000,0.5636,-0.0853,0.5571,-0.0659,0.2412,0.0000,0
24.221,-0.2147,-0.0571,-0.0000,0.5636,-0.0853,0.5571,-0.0659,0.2412,0.0000,0
24.240,-0.2147,-0.0571,-0.0000,0.5636,-0.0853,0.5571,-0.0659,0.2412,0.0000,0
24.261,-0.2147,-0.0571,-0.0000,0.5636,-0.0853,0.5571,-0.0659,0.2412,0.0000,0
24.280,-0.2147,-0.0571,-0.0000,0.5636,-0.0853,0.5571,-0.0659,0.2412,0.0000,0
24.301,-0.2147,-0.0571,-0.0000,0.5636,-0.0853,0.5571,-0.0659,0.2412,0.0000,0
24.321,-0.2147,-0.0571,-0.0000,0.5636,-0.0853,0.5571,-0.0659,0.2412,0.0000,0
24.341,-0.2156,-0.0536,-0.0000,0.5600,-0.0844,0.5536,-0.0630,0.2419,0.0000,0
24.360,-0.2166,-0.0500,-0.0000,0.5563,-0.0834,0.5500,-0.0623,0.2421,0.0000,0
24.380,-0.2175,-0.0464,-0.0000,0.5526,-0.0825,0.5464,-0.0617,0.2423,0.0000,0
24.400,-0.2184,-0.0429,-0.0000,0.5490,-0.0816,0.5429,-0.0610,0.2424,0.0000,0
24.420,-0.2184,-0.0429,-0.0000,0.5490,-0.0816,0.5429,-0.0631,0.2419,0.0000,0
24.442,-0.2184,-0.0429,-0.0000,0.5490,-0.0816,0.5429,-0.0631,0.2419,0.0000,0
24.461,-0.2189,-0.0411,-0.0000,0.5471,-0.0811,0.5411,-0.0618,0.2422,0.0000,0
24.482,-0.2189,-0.0411,-0.0000,0.5471,-0.0811,0.5411,-0.0628,0.2420,0.0000,0
24.501,-0.2194,-0.0393,-0.0000,0.5453,-0.0806,0.5393,-0.0614,0.2423,0.0000,0
24.520,-0.2198,-0.0375,-0.0000,0.5435,-0.0802,0.5375,-0.0611,0.2424,0.0000,0
24.542,-0.2198,-0.0375,-0.0000,0.5435,-0.0802,0.5375,-0.0621,0.2422,0.0000,0
24.561,-0.2198,-0.0375,-0.0000,0.5435,-0.0802,0.5375,-0.0621,0.2422,0.0000,0
24.581,-0.2198,-0.0375,-0.0000,0.5435,-0.0802,0.5375,-0.0621,0.2422,0.0000,0
24.602,-0.2198,-0.0375,-0.0000,0.5435,-0.0802,0.5375,-0.0621,0.2422,0.0000,0
24.622,-0.2203,-0.0357,-0.0000,0.5416,-0.0797,0.5357,-0.0608,0.2425,0.0000,0
24.640,-0.2212,-0.0321,-0.0000,0.5379,-0.0788,0.5321,-0.0591,0.2429,0.0000,0
24.660,-0.2216,-0.0303,-0.0000,0.5361,-0.0784,0.5303,-0.0598,0.2427,0.0000,0
24.680,-0.2216,-0.0303,-0.0000,0.5361,-0.0784,0.5303,-0.0608,0.2425,0.0000,0
24.700,-0.2216,-0.0303,-0.0000,0.5361,-0.0784,0.5303,-0.0608,0.2425,0.0000,0
24.720,-0.2216,-0.0303,-0.0000,0.5361,-0.0784,0.5303,-0.0608,0.2425,0.0000,0
24.740,-0.2229,-0.0250,-0.0000,0.5306,-0.0771,0.5250,-0.0568,0.2435,0.0000,0
24.760,-0.2229,-0.0250,-0.0000,0.5306,-0.0771,0.5250,-0.0599,0.2427,0.0000,0
24.781,-0.2229,-0.0250,-0.0000,0.5306,-0.0771,0.5250,-0.0599,0.2427,0.0000,0
24.801,-0.2234,-0.0232,-0.0000,0.5288,-0.0766,0.5232,-0.0586,0.2430,0.0000,0
24.820,-0.2234,-0.0232,-0.0000,0.5288,-0.0766,0.5232,-0.0595,0.2428,0.0000,0
24.840,-0.2234,-0.0232,-0.0000,0.5288,-0.0766,0.5232,-0.0595,0.2428,0.0000,0
24.860,-0.2234,-0.0232,-0.0000,0.5288,-0.0766,0.5232,-0.0595,0.2428,0.0000,0
24.881,-0.2234,-0.0232,-0.0000,0.5288,-0.0766,0.5232,-0.0595,0.2428,0.0000,0
24.902,-0.2234,-0.0232,-0.0000,0.5288,-0.0766,0.5232,-0.0595,0.2428,0.0000,0
24.921,-0.2238,-0.0214,-0.0000,0.5269,-0.0762,0.5214,-0.0582,0.2431,0.0000,0
24.941,-0.2247,-0.0178,-0.0000,0.5232,-0.0753,0.5178,-0.0566,0.2435,0.0000,0
24.960,-0.2247,-0.0178,-0.0000,0.5232,-0.0753,0.5178,-0.0586,0.2430,0.0000,0
24.980,-0.2247,-0.0178,-0.0000,0.5232,-0.0753,0.5178,-0.0586,0.2430,0.0000,0
25.000,-0.2255,-0.0142,-0.0000,0.5196,-0.0745,0.5142,-0.0560,0.2436,0.0000,0
25.021,-0.2259,-0.0124,-0.0000,0.5177,-0.0741,0.5124,-0.0567,0.2435,0.0000,0
25.040,-0.2268,-0.0088,-0.0000,0.5140,-0.0732,0.5088,-0.0551,0.2438,0.0000,0
25.060,-0.2272,-0.0070,-0.0000,0.5122,-0.0728,0.5070,-0.0558,0.2437,0.0000,0
25.081,-0.2272,-0.0070,-0.0000,0.5122,-0.0728,0.5070,-0.0567,0.2435,0.0000,0
25.100,-0.2272,-0.0070,-0.0000,0.5122,-0.0728,0.5070,-0.0567,0.2435,0.0000,0
25.120,-0.2272,-0.0070,-0.0000,0.5122,-0.0728,0.5070,-0.0567,0.2435,0.0000,0
25.142,-0.2272,-0.0070,-0.0000,0.5122,-0.0728,0.5070,-0.0567,0.2435,0.0000,0
25.161,-0.2276,-0.0052,-0.0000,0.5104,-0.0724,0.5052,-0.0555,0.2438,0.0000,0
25.181,-0.2276,-0.0052,-0.0000,0.5104,-0.0724,0.5052,-0.0564,0.2435,0.0000,0
25.201,-0.2276,-0.0052,-0.0000,0.5104,-0.0724,0.5052,-0.0564,0.2435,0.0000,0
25.220,-0.2276,-0.0052,-0.0000,0.5104,-0.0724,0.5052,-0.0564,0.2435,0.0000,0
25.241,-0.2276,-0.0052,-0.0000,0.5104,-0.0724,0.5052,-0.0564,0.2435,0.0000,0
25.261,-0.2284,-0.0016,-0.0000,0.5067,-0.0716,0.5016,-0.0539,0.2441,0.0000,0
25.281,-0.2288,0.0002,-0.0000,0.5048,-0.0712,0.4998,-0.0546,0.2440,0.0000,0
25.300,-0.2292,0.0020,-0.0000,0.5030,-0.0708,0.4980,-0.0543,0.2440,0.0000,0
25.320,-0.2292,0.0020,-0.0000,0.5030,-0.0708,0.4980,-0.0552,0.2438,0.0000,0
25.340,-0.2292,0.0020,-0.0000,0.5030,-0.0708,0.4980,-0.0552,0.2438,0.0000,0
25.360,-0.2292,0.0020,-0.0000,0.5030,-0.0708,0.4980,-0.0552,0.2438,0.0000,0
25.381,-0.2300,0.0056,-0.0000,0.4993,-0.0700,0.4944,-0.0527,0.2444,0.0000,0
25.401,-0.2304,0.0074,-0.0000,0.4975,-0.0696,0.4926,-0.0534,0.2442,0.0000,0
25.421,-0.2308,0.0092,-0.0000,0.4956,-0.0692,0.4908,-0.0531,0.2443,0.0000,0
25.440,-0.2312,0.0110,-0.0000,0.4938,-0.0688,0.4890,-0.0528,0.2444,0.0000,0
25.460,-0.2312,0.0110,-0.0000,0.4938,-0.0688,0.4890,-0.0537,0.2442,0.0000,0
25.481,-0.2312,0.0110,-0.0000,0.4938,-0.0688,0.4890,-0.0537,0.2442,0.0000,0
25.500,-0.2316,0.0128,-0.0000,0.4920,-0.0684,0.4872,-0.0525,0.2444,0.0000,0
25.520,-0.2316,0.0128,-0.0000,0.4920,-0.0684,0.4872,-0.0534,0.2442,0.0000,0
25.543,-0.2316,0.0128,-0.0000,0.4920,-0.0684,0.4872,-0.0534,0.2442,0.0000,0
25.560,-0.2316,0.0128,-0.0000,0.4920,-0.0684,0.4872,-0.0534,0.2442,0.0000,0
25.581,-0.2320,0.0146,-0.0000,0.4901,-0.0680,0.4854,-0.0522,0.2445,0.0000,0
25.601,-0.2324,0.0164,-0.0000,0.4883,-0.0676,0.4836,-0.0519,0.2445,0.0000,0
25.622,-0.2324,0.0164,-0.0000,0.4883,-0.0676,0.4836,-0.0528,0.2444,0.0000,0
25.640,-0.2324,0.0164,-0.0000,0.4883,-0.0676,0.4836,-0.0528,0.2444,0.0000,0
25.660,-0.2324,0.0164,-0.0000,0.4883,-0.0676,0.4836,-0.0528,0.2444,0.0000,0
25.681,-0.2332,0.0200,-0.0000,0.4846,-0.0668,0.4800,-0.0505,0.2449,0.0000,0
25.701,-0.2332,0.0200,-0.0000,0.4846,-0.0668,0.4800,-0.0523,0.2445,0.0000,0
25.721,-0.2332,0.0200,-0.0000,0.4846,-0.0668,0.4800,-0.0523,0.2445,0.0000,0
25.741,-0.2332,0.0200,-0.0000,0.4846,-0.0668,0.4800,-0.0523,0.2445,0.0000,0
25.761,-0.2336,0.0218,-0.0000,0.4828,-0.0664,0.4782,-0.0511,0.2447,0.0000,0
25.781,-0.2339,0.0236,-0.0000,0.4809,-0.0661,0.4764,-0.0508,0.2448,0.0000,0
25.801,-0.2339,0.0236,-0.0000,0.4809,-0.0661,0.4764,-0.0517,0.2446,0.0000,0
25.821,-0.2343,0.0255,-0.0000,0.4791,-0.0657,0.4745,-0.0505,0.2448,0.0000,0
25.841,-0.2343,0.0255,-0.0000,0.4791,-0.0657,0.4745,-0.0514,0.2447,0.0000,0
25.860,-0.2343,0.0255,-0.0000,0.4791,-0.0657,0.4745,-0.0514,0.2447,0.0000,0
25.881,-0.2343,0.0255,-0.0000,0.4791,-0.0657,0.4745,-0.0514,0.2447,0.0000,0
25.900,-0.2343,0.0255,-0.0000,0.4791,-0.0657,0.4745,-0.0514,0.2447,0.0000,0
25.920,-0.2343,0.0255,-0.0000,0.4791,-0.0657,0.4745,-0.0514,0.2447,0.0000,0
25.941,-0.2347,0.0273,-0.0000,0.4772,-0.0653,0.4727,-0.0502,0.2449,0.0000,0
25.962,-0.2355,0.0309,-0.0000,0.4735,-0.0645,0.4691,-0.0488,0.2452,0.0000,0
25.981,-0.2362,0.0345,-0.0000,0.4699,-0.0638,0.4655,-0.0482,0.2453,0.0000,0
26.000,-0.2370,0.0381,-0.0000,0.4662,-0.0630,0.4619,-0.0477,0.2454,0.0000,0
26.021,-0.2370,0.0381,-0.0000,0.4662,-0.0630,0.4619,-0.0494,0.2451,0.0000,0
26.041,-0.2370,0.0381,-0.0000,0.4662,-0.0630,0.4619,-0.0494,0.2451,0.0000,0
26.061,-0.2370,0.0381,-0.0000,0.4662,-0.0630,0.4619,-0.0494,0.2451,0.0000,0
26.080,-0.2377,0.0417,-0.0000,0.4625,-0.0623,0.4583,-0.0472,0.2455,0.0000,0
26.100,-0.2384,0.0454,-0.0000,0.4588,-0.0616,0.4546,-0.0467,0.2456,0.0000,0
26.121,-0.2384,0.0454,-0.0000,0.4588,-0.0616,0.4546,-0.0484,0.2453,0.0000,0
26.141,-0.2387,0.0472,-0.0000,0.4570,-0.0613,0.4528,-0.0473,0.2455,0.0000,0
26.161,-0.2387,0.0472,-0.0000,0.4570,-0.0613,0.4528,-0.0481,0.2453,0.0000,0
26.181,-0.2387,0.0472,-0.0000,0.4570,-0.0613,0.4528,-0.0481,0.2453,0.0000,0
26.202,-0.2387,0.0472,-0.0000,0.4570,-0.0613,0.4528,-0.0481,0.2453,0.0000,0
26.220,-0.2391,0.0490,-0.0000,0.4551,-0.0609,0.4510,-0.0470,0.2455,0.0000,0
26.240,-0.2398,0.0526,-0.0000,0.4514,-0.0602,0.4474,-0.0456,0.2458,0.0000,0
26.260,-0.2398,0.0526,-0.0000,0.4514,-0.0602,0.4474,-0.0473,0.2455,0.0000,0
26.282,-0.2398,0.0526,-0.0000,0.4514,-0.0602,0.4474,-0.0473,0.2455,0.0000,0
26.301,-0.2398,0.0526,-0.0000,0.4514,-0.0602,0.4474,-0.0473,0.2455,0.0000,0
26.320,-0.2408,0.0580,-0.0000,0.4459,-0.0592,0.4420,-0.0441,0.2461,0.0000,0
26.341,-0.2408,0.0580,-0.0000,0.4459,-0.0592,0.4420,-0.0465,0.2456,0.0000,0
26.360,-0.2408,0.0580,-0.0000,0.4459,-0.0592,0.4420,-0.0465,0.2456,0.0000,0
26.381,-0.2408,0.0580,-0.0000,0.4459,-0.0592,0.4420,-0.0465,0.2456,0.0000,0
26.401,-0.2408,0.0580,-0.0000,0.4459,-0.0592,0.4420,-0.0465,0.2456,0.0000,0
26.421,-0.2408,0.0580,-0.0000,0.4459,-0.0592,0.4420,-0.0465,0.2456,0.0000,0
26.440,-0.2418,0.0635,-0.0000,0.4404,-0.0582,0.4365,-0.0433,0.2462,0.0000,0
26.462,-0.2418,0.0635,-0.0000,0.4404,-0.0582,0.4365,-0.0458,0.2458,0.0000,0
26.481,-0.2422,0.0653,-0.0000,0.4385,-0.0578,0.4347,-0.0447,0.2460,0.0000,0
26.500,-0.2422,0.0653,-0.0000,0.4385,-0.0578,0.4347,-0.0455,0.2458,0.0000,0
26.520,-0.2422,0.0653,-0.0000,0.4385,-0.0578,0.4347,-0.0455,0.2458,0.0000,0
26.541,-0.2422,0.0653,-0.0000,0.4385,-0.0578,0.4347,-0.0455,0.2458,0.0000,0
26.560,-0.2422,0.0653,-0.0000,0.4385,-0.0578,0.4347,-0.0455,0.2458,0.0000,0
26.580,-0.2422,0.0653,-0.0000,0.4385,-0.0578,0.4347,-0.0455,0.2458,0.0000,0
26.601,-0.2422,0.0653,-0.0000,0.4385,-0.0578,0.4347,-0.0455,0.2458,0.0000,0
26.621,-0.2422,0.0653,-0.0000,0.4385,-0.0578,0.4347,-0.0455,0.2458,0.0000,0
26.641,-0.2422,0.0653,-0.0000,0.4385,-0.0578,0.4347,-0.0455,0.2458,0.0000,0
26.660,-0.2422,0.0653,-0.0000,0.4385,-0.0578,0.4347,-0.0455,0.2458,0.0000,0
26.680,-0.2422,0.0653,-0.0000,0.4385,-0.0578,0.4347,-0.0455,0.2458,0.0000,0
26.700,-0.2422,0.0653,-0.0000,0.4385,-0.0578,0.4347,-0.0455,0.2458,0.0000,0
26.720,-0.2422,0.0653,-0.0000,0.4385,-0.0578,0.4347,-0.0455,0.2458,0.0000,0
26.740,-0.2422,0.0653,-0.0000,0.4385,-0.0578,0.4347,-0.0455,0.2458,0.0000,0
26.760,-0.2422,0.0653,-0.0000,0.4385,-0.0578,0.4347,-0.0455,0.2458,0.0000,0
26.782,-0.2422,0.0653,-0.0000,0.4385,-0.0578,0.4347,-0.0455,0.2458,0.0000,0
26.801,-0.2425,0.0671,-0.0000,0.4367,-0.0575,0.4329,-0.0444,0.2460,0.0000,0
26.821,-0.2425,0.0671,-0.0000,0.4367,-0.0575,0.4329,-0.0452,0.2459,0.0000,0
26.841,-0.2428,0.0689,-0.0000,0.4348,-0.0572,0.4311,-0.0442,0.2461,0.0000,0
26.860,-0.2438,0.0744,-0.0000,0.4293,-0.0562,0.4256,-0.0418,0.2465,0.0000,0
26.880,-0.2448,0.0798,-0.0000,0.4238,-0.0552,0.4202,-0.0412,0.2466,0.0000,0
26.901,-0.2451,0.0817,-0.0000,0.4219,-0.0549,0.4183,-0.0425,0.2464,0.0000,0
26.921,-0.2451,0.0817,-0.0000,0.4219,-0.0549,0.4183,-0.0433,0.2462,0.0000,0
26.941,-0.2451,0.0817,-0.0000,0.4219,-0.0549,0.4183,-0.0433,0.2462,0.0000,0
26.961,-0.2451,0.0817,-0.0000,0.4219,-0.0549,0.4183,-0.0433,0.2462,0.0000,0
26.981,-0.2460,0.0871,-0.0000,0.4164,-0.0540,0.4129,-0.0403,0.2467,0.0000,0
27.000,-0.2460,0.0871,-0.0000,0.4164,-0.0540,0.4129,-0.0425,0.2464,0.0000,0
27.023,-0.2460,0.0871,-0.0000,0.4164,-0.0540,0.4129,-0.0425,0.2464,0.0000,0
27.041,-0.2467,0.0908,-0.0000,0.4127,-0.0533,0.4092,-0.0406,0.2467,0.0000,0
27.062,-0.2470,0.0926,-0.0000,0.4109,-0.0530,0.4074,-0.0411,0.2466,0.0000,0
27.081,-0.2470,0.0926,-0.0000,0.4109,-0.0530,0.4074,-0.0418,0.2465,0.0000,0
27.101,-0.2470,0.0926,-0.0000,0.4109,-0.0530,0.4074,-0.0418,0.2465,0.0000,0
27.121,-0.2470,0.0926,-0.0000,0.4109,-0.0530,0.4074,-0.0418,0.2465,0.0000,0
27.141,-0.2473,0.0944,-0.0000,0.4090,-0.0527,0.4056,-0.0409,0.2466,0.0000,0
27.160,-0.2473,0.0944,-0.0000,0.4090,-0.0527,0.4056,-0.0416,0.2465,0.0000,0
27.181,-0.2473,0.0944,-0.0000,0.4090,-0.0527,0.4056,-0.0416,0.2465,0.0000,0
27.201,-0.2473,0.0944,-0.0000,0.4090,-0.0527,0.4056,-0.0416,0.2465,0.0000,0
27.221,-0.2473,0.0944,-0.0000,0.4090,-0.0527,0.4056,-0.0416,0.2465,0.0000,0
27.241,-0.2473,0.0944,-0.0000,0.4090,-0.0527,0.4056,-0.0416,0.2465,0.0000,0
27.260,-0.2473,0.0944,-0.0000,0.4090,-0.0527,0.4056,-0.0416,0.2465,0.0000,0
27.281,-0.2473,0.0944,-0.0000,0.4090,-0.0527,0.4056,-0.0416,0.2465,0.0000,0
27.300,-0.2479,0.0980,-0.0000,0.4053,-0.0521,0.4020,-0.0396,0.2468,0.0000,0
27.321,-0.2482,0.0999,-0.0000,0.4035,-0.0518,0.4001,-0.0402,0.2467,0.0000,0
27.341,-0.2482,0.0999,-0.0000,0.4035,-0.0518,0.4001,-0.0409,0.2466,0.0000,0
27.363,-0.2482,0.0999,-0.0000,0.4035,-0.0518,0.4001,-0.0409,0.2466,0.0000,0
27.381,-0.2491,0.1053,-0.0000,0.3979,-0.0509,0.3947,-0.0381,0.2471,0.0000,0
27.402,-0.2491,0.1053,-0.0000,0.3979,-0.0509,0.3947,-0.0402,0.2467,0.0000,0
27.420,-0.2493,0.1072,-0.0000,0.3961,-0.0507,0.3928,-0.0393,0.2469,0.0000,0
27.440,-0.2496,0.1090,-0.0000,0.3943,-0.0504,0.3910,-0.0391,0.2469,0.0000,0
27.460,-0.2496,0.1090,-0.0000,0.3943,-0.0504,0.3910,-0.0398,0.2468,0.0000,0
27.482,-0.2496,0.1090,-0.0000,0.3943,-0.0504,0.3910,-0.0398,0.2468,0.0000,0
27.501,-0.2496,0.1090,-0.0000,0.3943,-0.0504,0.3910,-0.0398,0.2468,0.0000,0
27.520,-0.2496,0.1090,-0.0000,0.3943,-0.0504,0.3910,-0.0398,0.2468,0.0000,0
27.542,-0.2496,0.1090,-0.0000,0.3943,-0.0504,0.3910,-0.0398,0.2468,0.0000,0
27.560,-0.2496,0.1090,-0.0000,0.3943,-0.0504,0.3910,-0.0398,0.2468,0.0000,0
27.582,-0.2496,0.1090,-0.0000,0.3943,-0.0504,0.3910,-0.0398,0.2468,0.0000,0
27.600,-0.2496,0.1090,-0.0000,0.3943,-0.0504,0.3910,-0.0398,0.2468,0.0000,0
27.621,-0.2496,0.1090,-0.0000,0.3943,-0.0504,0.3910,-0.0398,0.2468,0.0000,0
27.640,-0.2496,0.1090,-0.0000,0.3943,-0.0504,0.3910,-0.0398,0.2468,0.0000,0
27.660,-0.2496,0.1090,-0.0000,0.3943,-0.0504,0.3910,-0.0398,0.2468,0.0000,0
27.680,-0.2496,0.1090,-0.0000,0.3943,-0.0504,0.3910,-0.0398,0.2468,0.0000,0
27.701,-0.2496,0.1090,-0.0000,0.3943,-0.0504,0.3910,-0.0398,0.2468,0.0000,0
27.721,-0.2496,0.1090,-0.0000,0.3943,-0.0504,0.3910,-0.0398,0.2468,0.0000,0
27.741,-0.2499,0.1108,-0.0000,0.3924,-0.0501,0.3892,-0.0389,0.2470,0.0000,0
27.761,-0.2499,0.1108,-0.0000,0.3924,-0.0501,0.3892,-0.0396,0.2469,0.0000,0
27.781,-0.2502,0.1126,-0.0000,0.3906,-0.0498,0.3874,-0.0386,0.2470,0.0000,0
27.800,-0.2508,0.1163,-0.0000,0.3869,-0.0492,0.3837,-0.0375,0.2472,0.0000,0
27.820,-0.2511,0.1181,-0.0000,0.3850,-0.0489,0.3819,-0.0380,0.2471,0.0000,0
27.841,-0.2516,0.1217,-0.0000,0.3813,-0.0484,0.3783,-0.0369,0.2473,0.0000,0
27.861,-0.2522,0.1254,-0.0000,0.3776,-0.0478,0.3746,-0.0364,0.2473,0.0000,0
27.881,-0.2522,0.1254,-0.0000,0.3776,-0.0478,0.3746,-0.0378,0.2471,0.0000,0
27.901,-0.2522,0.1254,-0.0000,0.3776,-0.0478,0.3746,-0.0378,0.2471,0.0000,0
27.921,-0.2525,0.1272,-0.0000,0.3758,-0.0475,0.3728,-0.0369,0.2473,0.0000,0
27.941,-0.2528,0.1290,-0.0000,0.3740,-0.0472,0.3710,-0.0367,0.2473,0.0000,0
27.961,-0.2528,0.1290,-0.0000,0.3740,-0.0472,0.3710,-0.0374,0.2472,0.0000,0
27.981,-0.2530,0.1309,-0.0000,0.3721,-0.0470,0.3691,-0.0365,0.2473,0.0000,0
28.001,-0.2533,0.1327,-0.0000,0.3703,-0.0467,0.3673,-0.0363,0.2474,0.0000,0
28.020,-0.2533,0.1327,-0.0000,0.3703,-0.0467,0.3673,-0.0370,0.2473,0.0000,0
28.043,-0.2533,0.1327,-0.0000,0.3703,-0.0467,0.3673,-0.0370,0.2473,0.0000,0
28.061,-0.2536,0.1345,-0.0000,0.3684,-0.0464,0.3655,-0.0361,0.2474,0.0000,0
28.081,-0.2536,0.1345,-0.0000,0.3684,-0.0464,0.3655,-0.0367,0.2473,0.0000,0
28.101,-0.2536,0.1345,-0.0000,0.3684,-0.0464,0.3655,-0.0367,0.2473,0.0000,0
28.121,-0.2536,0.1345,-0.0000,0.3684,-0.0464,0.3655,-0.0367,0.2473,0.0000,0
28.141,-0.2536,0.1345,-0.0000,0.3684,-0.0464,0.3655,-0.0367,0.2473,0.0000,0
28.161,-0.2538,0.1363,-0.0000,0.3666,-0.0462,0.3637,-0.0359,0.2474,0.0000,0
28.181,-0.2541,0.1382,-0.0000,0.3647,-0.0459,0.3618,-0.0357,0.2474,0.0000,0
28.201,-0.2541,0.1382,-0.0000,0.3647,-0.0459,0.3618,-0.0363,0.2473,0.0000,0
28.221,-0.2541,0.1382,-0.0000,0.3647,-0.0459,0.3618,-0.0363,0.2473,0.0000,0
28.241,-0.2544,0.1400,-0.0000,0.3629,-0.0456,0.3600,-0.0355,0.2475,0.0000,0
28.261,-0.2546,0.1418,-0.0000,0.3610,-0.0454,0.3582,-0.0353,0.2475,0.0000,0
28.281,-0.2546,0.1418,-0.0000,0.3610,-0.0454,0.3582,-0.0359,0.2474,0.0000,0
28.303,-0.2546,0.1418,-0.0000,0.3610,-0.0454,0.3582,-0.0359,0.2474,0.0000,0
28.320,-0.2552,0.1455,-0.0000,0.3573,-0.0448,0.3545,-0.0342,0.2476,0.0000,0
28.341,-0.2552,0.1455,-0.0000,0.3573,-0.0448,0.3545,-0.0355,0.2475,0.0000,0
28.361,-0.2552,0.1455,-0.0000,0.3573,-0.0448,0.3545,-0.0355,0.2475,0.0000,0
28.381,-0.2554,0.1473,-0.0000,0.3555,-0.0446,0.3527,-0.0347,0.2476,0.0000,0
28.401,-0.2554,0.1473,-0.0000,0.3555,-0.0446,0.3527,-0.0353,0.2475,0.0000,0
28.420,-0.2554,0.1473,-0.0000,0.3555,-0.0446,0.3527,-0.0353,0.2475,0.0000,0
28.441,-0.2554,0.1473,-0.0000,0.3555,-0.0446,0.3527,-0.0353,0.2475,0.0000,0
28.461,-0.2554,0.1473,-0.0000,0.3555,-0.0446,0.3527,-0.0353,0.2475,0.0000,0
28.481,-0.2559,0.1510,-0.0000,0.3518,-0.0441,0.3490,-0.0336,0.2477,0.0000,0
28.500,-0.2559,0.1510,-0.0000,0.3518,-0.0441,0.3490,-0.0349,0.2476,0.0000,0
28.520,-0.2559,0.1510,-0.0000,0.3518,-0.0441,0.3490,-0.0349,0.2476,0.0000,0
28.542,-0.2559,0.1510,-0.0000,0.3518,-0.0441,0.3490,-0.0349,0.2476,0.0000,0
28.561,-0.2565,0.1546,-0.0000,0.3481,-0.0435,0.3454,-0.0333,0.2478,0.0000,0
28.580,-0.2570,0.1583,-0.0000,0.3444,-0.0430,0.3417,-0.0329,0.2478,0.0000,0
28.601,-0.2570,0.1583,-0.0000,0.3444,-0.0430,0.3417,-0.0341,0.2477,0.0000,0
28.621,-0.2570,0.1583,-0.0000,0.3444,-0.0430,0.3417,-0.0341,0.2477,0.0000,0
28.640,-0.2570,0.1583,-0.0000,0.3444,-0.0430,0.3417,-0.0341,0.2477,0.0000,0
28.661,-0.2572,0.1601,-0.0000,0.3426,-0.0428,0.3399,-0.0333,0.2478,0.0000,0
28.680,-0.2577,0.1638,-0.0000,0.3389,-0.0423,0.3362,-0.0323,0.2479,0.0000,0
28.701,-0.2577,0.1638,-0.0000,0.3389,-0.0423,0.3362,-0.0335,0.2477,0.0000,0
28.720,-0.2580,0.1656,-0.0000,0.3370,-0.0420,0.3344,-0.0327,0.2478,0.0000,0
28.741,-0.2580,0.1656,-0.0000,0.3370,-0.0420,0.3344,-0.0333,0.2478,0.0000,0
28.761,-0.2580,0.1656,-0.0000,0.3370,-0.0420,0.3344,-0.0333,0.2478,0.0000,0
28.781,-0.2580,0.1656,-0.0000,0.3370,-0.0420,0.3344,-0.0333,0.2478,0.0000,0
28.800,-0.2580,0.1656,-0.0000,0.3370,-0.0420,0.3344,-0.0333,0.2478,0.0000,0
28.820,-0.2580,0.1656,-0.0000,0.3370,-0.0420,0.3344,-0.0333,0.2478,0.0000,0
28.841,-0.2580,0.1656,-0.0000,0.3370,-0.0420,0.3344,-0.0333,0.2478,0.0000,0
28.861,-0.2580,0.1656,-0.0000,0.3370,-0.0420,0.3344,-0.0333,0.2478,0.0000,0
28.881,-0.2580,0.1656,-0.0000,0.3370,-0.0420,0.3344,-0.0333,0.2478,0.0000,0
28.901,-0.2580,0.1656,-0.0000,0.3370,-0.0420,0.3344,-0.0333,0.2478,0.0000,0
28.920,-0.2580,0.1656,-0.0000,0.3370,-0.0420,0.3344,-0.0333,0.2478,0.0000,0
28.941,-0.2580,0.1656,-0.0000,0.3370,-0.0420,0.3344,-0.0333,0.2478,0.0000,0
28.961,-0.2580,0.1656,-0.0000,0.3370,-0.0420,0.3344,-0.0333,0.2478,0.0000,0
28.981,-0.2580,0.1656,-0.0000,0.3370,-0.0420,0.3344,-0.0333,0.2478,0.0000,0
29.001,-0.2580,0.1656,-0.0000,0.3370,-0.0420,0.3344,-0.0333,0.2478,0.0000,0
29.021,-0.2580,0.1656,-0.0000,0.3370,-0.0420,0.3344,-0.0333,0.2478,0.0000,0
29.042,-0.2582,0.1674,-0.0000,0.3352,-0.0418,0.3326,-0.0325,0.2479,0.0000,0
29.061,-0.2582,0.1674,-0.0000,0.3352,-0.0418,0.3326,-0.0331,0.2478,0.0000,0
29.081,-0.2589,0.1729,-0.0000,0.3297,-0.0411,0.3271,-0.0310,0.2479,0.0000,0
29.100,-0.2594,0.1766,-0.0000,0.3260,-0.0406,0.3234,-0.0311,0.2481,0.0000,0
29.120,-0.2603,0.1839,-0.0000,0.3186,-0.0397,0.3161,-0.0294,0.2346,0.0000,0
29.140,-0.2605,0.1856,-0.0000,0.3168,-0.0395,0.3144,-0.0310,0.2472,0.0000,0
29.161,-0.2605,0.1856,-0.0000,0.3168,-0.0395,0.3144,-0.0313,0.2480,0.0000,0
29.180,-0.2605,0.1856,-0.0000,0.3168,-0.0395,0.3144,-0.0313,0.2480,0.0000,0
29.201,-0.2608,0.1874,-0.0000,0.3151,-0.0392,0.3126,-0.0308,0.2458,0.0000,0
29.221,-0.2610,0.1892,-0.0000,0.3132,-0.0390,0.3108,-0.0306,0.2441,0.0000,0
29.240,-0.2610,0.1892,-0.0000,0.3132,-0.0390,0.3108,-0.0311,0.2481,0.0000,0
29.262,-0.2610,0.1892,-0.0000,0.3132,-0.0390,0.3108,-0.0311,0.2481,0.0000,0
29.281,-0.2612,0.1910,-0.0000,0.3114,-0.0388,0.3090,-0.0305,0.2427,0.0000,0
29.301,-0.2615,0.1928,-0.0000,0.3096,-0.0385,0.3072,-0.0303,0.2411,0.0000,0
29.320,-0.2619,0.1964,-0.0000,0.3060,-0.0381,0.3036,-0.0294,0.2339,0.0000,0
29.341,-0.2619,0.1964,-0.0000,0.3060,-0.0381,0.3036,-0.0305,0.2429,0.0000,0
29.361,-0.2619,0.1964,-0.0000,0.3060,-0.0381,0.3036,-0.0305,0.2429,0.0000,0
29.380,-0.2619,0.1964,-0.0000,0.3060,-0.0381,0.3036,-0.0305,0.2429,0.0000,0
29.401,-0.2619,0.1964,-0.0000,0.3060,-0.0381,0.3036,-0.0305,0.2429,0.0000,0
29.420,-0.2619,0.1964,-0.0000,0.3060,-0.0381,0.3036,-0.0305,0.2429,0.0000,0
29.440,-0.2621,0.1981,-0.0000,0.3042,-0.0379,0.3019,-0.0298,0.2372,0.0000,0
29.463,-0.2623,0.1999,-0.0000,0.3024,-0.0377,0.3001,-0.0296,0.2356,0.0000,0
29.480,-0.2628,0.2034,-0.0000,0.2989,-0.0372,0.2966,-0.0287,0.2285,0.0000,0
29.500,-0.2628,0.2034,-0.0000,0.2989,-0.0372,0.2966,-0.0298,0.2373,0.0000,0
29.521,-0.2628,0.2034,-0.0000,0.2989,-0.0372,0.2966,-0.0298,0.2373,0.0000,0
29.541,-0.2628,0.2034,-0.0000,0.2989,-0.0372,0.2966,-0.0298,0.2373,0.0000,0
29.562,-0.2628,0.2034,-0.0000,0.2989,-0.0372,0.2966,-0.0298,0.2373,0.0000,0
29.581,-0.2632,0.2069,-0.0000,0.2954,-0.0368,0.2931,-0.0284,0.2259,0.0000,0
29.601,-0.2632,0.2069,-0.0000,0.2954,-0.0368,0.2931,-0.0294,0.2345,0.0000,0
29.620,-0.2632,0.2069,-0.0000,0.2954,-0.0368,0.2931,-0.0294,0.2345,0.0000,0
29.640,-0.2636,0.2103,-0.0000,0.2920,-0.0364,0.2897,-0.0280,0.2232,0.0000,0
29.661,-0.2636,0.2103,-0.0000,0.2920,-0.0364,0.2897,-0.0291,0.2318,0.0000,0
29.682,-0.2636,0.2103,-0.0000,0.2920,-0.0364,0.2897,-0.0291,0.2318,0.0000,0
29.701,-0.2636,0.2103,-0.0000,0.2920,-0.0364,0.2897,-0.0291,0.2318,0.0000,0
29.721,-0.2641,0.2137,-0.0000,0.2885,-0.0359,0.2863,-0.0277,0.2204,0.0000,0
29.740,-0.2641,0.2137,-0.0000,0.2885,-0.0359,0.2863,-0.0287,0.2290,0.0000,0
29.762,-0.2641,0.2137,-0.0000,0.2885,-0.0359,0.2863,-0.0287,0.2290,0.0000,0
29.780,-0.2641,0.2137,-0.0000,0.2885,-0.0359,0.2863,-0.0287,0.2290,0.0000,0
29.800,-0.2641,0.2137,-0.0000,0.2885,-0.0359,0.2863,-0.0287,0.2290,0.0000,0
29.820,-0.2647,0.2189,-0.0000,0.2833,-0.0353,0.2811,-0.0266,0.2121,0.0000,0
29.840,-0.2649,0.2206,-0.0000,0.2816,-0.0351,0.2794,-0.0275,0.2193,0.0000,0
29.861,-0.2649,0.2206,-0.0000,0.2816,-0.0351,0.2794,-0.0281,0.2236,0.0000,0
29.881,-0.2649,0.2206,-0.0000,0.2816,-0.0351,0.2794,-0.0281,0.2236,0.0000,0
29.900,-0.2649,0.2206,-0.0000,0.2816,-0.0351,0.2794,-0.0281,0.2236,0.0000,0
29.921,-0.2651,0.2221,-0.0000,0.2801,-0.0349,0.2779,-0.0274,0.2184,0.0000,0
29.942,-0.2653,0.2238,-0.0000,0.2784,-0.0347,0.2762,-0.0272,0.2169,0.0000,0
29.960,-0.2655,0.2254,-0.0000,0.2768,-0.0345,0.2746,-0.0271,0.2157,0.0000,0
29.981,-0.2659,0.2286,-0.0000,0.2735,-0.0341,0.2714,-0.0262,0.2091,0.0000,0
30.000,-0.2659,0.2286,-0.0000,0.2735,-0.0341,0.2714,-0.0272,0.2171,0.0000,0
30.021,-0.2659,0.2286,-0.0000,0.2735,-0.0341,0.2714,-0.0272,0.2171,0.0000,0
30.040,-0.2659,0.2286,-0.0000,0.2735,-0.0341,0.2714,-0.0272,0.2171,0.0000,0
30.061,-0.2659,0.2286,-0.0000,0.2735,-0.0341,0.2714,-0.0272,0.2171,0.0000,0
30.081,-0.2665,0.2334,-0.0000,0.2687,-0.0335,0.2666,-0.0253,0.2013,0.0000,0
30.101,-0.2665,0.2334,-0.0000,0.2687,-0.0335,0.2666,-0.0268,0.2133,0.0000,0
30.120,-0.2665,0.2334,-0.0000,0.2687,-0.0335,0.2666,-0.0268,0.2133,0.0000,0
30.140,-0.2665,0.2334,-0.0000,0.2687,-0.0335,0.2666,-0.0268,0.2133,0.0000,0
30.161,-0.2669,0.2365,-0.0000,0.2656,-0.0331,0.2635,-0.0255,0.2031,0.0000,0
30.181,-0.2671,0.2381,-0.0000,0.2640,-0.0329,0.2619,-0.0258,0.2056,0.0000,0
30.201,-0.2671,0.2381,-0.0000,0.2640,-0.0329,0.2619,-0.0263,0.2095,0.0000,0
30.221,-0.2671,0.2381,-0.0000,0.2640,-0.0329,0.2619,-0.0263,0.2095,0.0000,0
30.241,-0.2671,0.2381,-0.0000,0.2640,-0.0329,0.2619,-0.0263,0.2095,0.0000,0
30.261,-0.2673,0.2396,-0.0000,0.2625,-0.0327,0.2604,-0.0257,0.2046,0.0000,0
30.283,-0.2673,0.2396,-0.0000,0.2625,-0.0327,0.2604,-0.0261,0.2083,0.0000,0
30.300,-0.2673,0.2396,-0.0000,0.2625,-0.0327,0.2604,-0.0261,0.2083,0.0000,0
30.320,-0.2673,0.2396,-0.0000,0.2625,-0.0327,0.2604,-0.0261,0.2083,0.0000,0
30.341,-0.2673,0.2396,-0.0000,0.2625,-0.0327,0.2604,-0.0261,0.2083,0.0000,0
30.361,-0.2673,0.2396,-0.0000,0.2625,-0.0327,0.2604,-0.0261,0.2083,0.0000,0
30.381,-0.2673,0.2396,-0.0000,0.2625,-0.0327,0.2604,-0.0261,0.2083,0.0000,0
30.401,-0.2673,0.2396,-0.0000,0.2625,-0.0327,0.2604,-0.0261,0.2083,0.0000,0
30.420,-0.2673,0.2396,-0.0000,0.2625,-0.0327,0.2604,-0.0261,0.2083,0.0000,0
30.442,-0.2673,0.2396,-0.0000,0.2625,-0.0327,0.2604,-0.0261,0.2083,0.0000,0
30.461,-0.2673,0.2396,-0.0000,0.2625,-0.0327,0.2604,-0.0261,0.2083,0.0000,0
30.481,-0.2677,0.2426,-0.0000,0.2594,-0.0323,0.2574,-0.0249,0.1982,0.0000,0
30.500,-0.2681,0.2457,-0.0000,0.2563,-0.0319,0.2543,-0.0246,0.1960,0.0000,0
30.520,-0.2686,0.2500,-0.0000,0.2519,-0.0314,0.2500,-0.0237,0.1890,0.0000,0
30.541,-0.2692,0.2543,-0.0000,0.2476,-0.0308,0.2457,-0.0233,0.1858,0.0000,0
30.560,-0.2692,0.2543,-0.0000,0.2476,-0.0308,0.2457,-0.0247,0.1965,0.0000,0
30.581,-0.2692,0.2543,-0.0000,0.2476,-0.0308,0.2457,-0.0247,0.1965,0.0000,0
30.601,-0.2693,0.2557,-0.0000,0.2462,-0.0307,0.2443,-0.0241,0.1920,0.0000,0
30.621,-0.2693,0.2557,-0.0000,0.2462,-0.0307,0.2443,-0.0245,0.1954,0.0000,0
30.640,-0.2693,0.2557,-0.0000,0.2462,-0.0307,0.2443,-0.0245,0.1954,0.0000,0
30.660,-0.2693,0.2557,-0.0000,0.2462,-0.0307,0.2443,-0.0245,0.1954,0.0000,0
30.681,-0.2693,0.2557,-0.0000,0.2462,-0.0307,0.2443,-0.0245,0.1954,0.0000,0
30.701,-0.2697,0.2586,-0.0000,0.2433,-0.0303,0.2414,-0.0233,0.1859,0.0000,0
30.721,-0.2697,0.2586,-0.0000,0.2433,-0.0303,0.2414,-0.0242,0.1931,0.0000,0
30.741,-0.2697,0.2586,-0.0000,0.2433,-0.0303,0.2414,-0.0242,0.1931,0.0000,0
30.761,-0.2701,0.2614,-0.0000,0.2405,-0.0299,0.2386,-0.0231,0.1839,0.0000,0
30.780,-0.2701,0.2614,-0.0000,0.2405,-0.0299,0.2386,-0.0240,0.1909,0.0000,0
30.801,-0.2701,0.2614,-0.0000,0.2405,-0.0299,0.2386,-0.0240,0.1909,0.0000,0
30.820,-0.2701,0.2614,-0.0000,0.2405,-0.0299,0.2386,-0.0240,0.1909,0.0000,0
30.841,-0.2702,0.2627,-0.0000,0.2391,-0.0298,0.2373,-0.0234,0.1864,0.0000,0
30.861,-0.2706,0.2655,-0.0000,0.2363,-0.0294,0.2345,-0.0227,0.1807,0.0000,0
30.881,-0.2709,0.2682,-0.0000,0.2336,-0.0291,0.2318,-0.0224,0.1786,0.0000,0
30.900,-0.2709,0.2682,-0.0000,0.2336,-0.0291,0.2318,-0.0233,0.1854,0.0000,0
30.920,-0.2709,0.2682,-0.0000,0.2336,-0.0291,0.2318,-0.0233,0.1854,0.0000,0
30.942,-0.2709,0.2682,-0.0000,0.2336,-0.0291,0.2318,-0.0233,0.1854,0.0000,0
30.961,-0.2709,0.2682,-0.0000,0.2336,-0.0291,0.2318,-0.0233,0.1854,0.0000,0
30.980,-0.2709,0.2682,-0.0000,0.2336,-0.0291,0.2318,-0.0233,0.1854,0.0000,0
31.000,-0.2709,0.2682,-0.0000,0.2336,-0.0291,0.2318,-0.0233,0.1854,0.0000,0
31.020,-0.2709,0.2682,-0.0000,0.2336,-0.0291,0.2318,-0.0233,0.1854,0.0000,0
31.040,-0.2709,0.2682,-0.0000,0.2336,-0.0291,0.2318,-0.0233,0.1854,0.0000,0
31.061,-0.2709,0.2682,-0.0000,0.2336,-0.0291,0.2318,-0.0233,0.1854,0.0000,0
31.080,-0.2709,0.2682,-0.0000,0.2336,-0.0291,0.2318,-0.0233,0.1854,0.0000,0
31.101,-0.2709,0.2682,-0.0000,0.2336,-0.0291,0.2318,-0.0233,0.1854,0.0000,0
31.121,-0.2709,0.2682,-0.0000,0.2336,-0.0291,0.2318,-0.0233,0.1854,0.0000,0
31.140,-0.2709,0.2682,-0.0000,0.2336,-0.0291,0.2318,-0.0233,0.1854,0.0000,0
31.160,-0.2709,0.2682,-0.0000,0.2336,-0.0291,0.2318,-0.0233,0.1854,0.0000,0
31.181,-0.2709,0.2682,-0.0000,0.2336,-0.0291,0.2318,-0.0233,0.1854,0.0000,0
31.201,-0.2712,0.2709,-0.0000,0.2309,-0.0288,0.2291,-0.0222,0.1767,0.0000,0
31.221,-0.2712,0.2709,-0.0000,0.2309,-0.0288,0.2291,-0.0230,0.1833,0.0000,0
31.240,-0.2714,0.2722,-0.0000,0.2295,-0.0286,0.2278,-0.0224,0.1788,0.0000,0
31.261,-0.2718,0.2749,-0.0000,0.2268,-0.0282,0.2251,-0.0218,0.1734,0.0000,0
31.280,-0.2721,0.2775,-0.0000,0.2242,-0.0279,0.2225,-0.0215,0.1715,0.0000,0
31.301,-0.2724,0.2801,-0.0000,0.2216,-0.0276,0.2199,-0.0213,0.1695,0.0000,0
31.321,-0.2727,0.2826,-0.0000,0.2191,-0.0273,0.2174,-0.0210,0.1676,0.0000,0
31.340,-0.2727,0.2826,-0.0000,0.2191,-0.0273,0.2174,-0.0218,0.1739,0.0000,0
31.360,-0.2727,0.2826,-0.0000,0.2191,-0.0273,0.2174,-0.0218,0.1739,0.0000,0
31.380,-0.2729,0.2838,-0.0000,0.2179,-0.0271,0.2162,-0.0213,0.1698,0.0000,0
31.401,-0.2730,0.2851,-0.0000,0.2166,-0.0270,0.2149,-0.0212,0.1687,0.0000,0
31.421,-0.2730,0.2851,-0.0000,0.2166,-0.0270,0.2149,-0.0216,0.1719,0.0000,0
31.440,-0.2730,0.2851,-0.0000,0.2166,-0.0270,0.2149,-0.0216,0.1719,0.0000,0
31.461,-0.2732,0.2864,-0.0000,0.2153,-0.0268,0.2136,-0.0211,0.1678,0.0000,0
31.480,-0.2734,0.2876,-0.0000,0.2140,-0.0266,0.2124,-0.0209,0.1667,0.0000,0
31.501,-0.2734,0.2876,-0.0000,0.2140,-0.0266,0.2124,-0.0213,0.1699,0.0000,0
31.521,-0.2735,0.2889,-0.0000,0.2128,-0.0265,0.2111,-0.0208,0.1658,0.0000,0
31.541,-0.2735,0.2889,-0.0000,0.2128,-0.0265,0.2111,-0.0212,0.1689,0.0000,0
31.561,-0.2735,0.2889,-0.0000,0.2128,-0.0265,0.2111,-0.0212,0.1689,0.0000,0
31.581,-0.2735,0.2889,-0.0000,0.2128,-0.0265,0.2111,-0.0212,0.1689,0.0000,0
31.601,-0.2735,0.2889,-0.0000,0.2128,-0.0265,0.2111,-0.0212,0.1689,0.0000,0
31.621,-0.2735,0.2889,-0.0000,0.2128,-0.0265,0.2111,-0.0212,0.1689,0.0000,0
31.641,-0.2735,0.2889,-0.0000,0.2128,-0.0265,0.2111,-0.0212,0.1689,0.0000,0
31.660,-0.2735,0.2889,-0.0000,0.2128,-0.0265,0.2111,-0.0212,0.1689,0.0000,0
31.681,-0.2737,0.2901,-0.0000,0.2115,-0.0263,0.2099,-0.0207,0.1648,0.0000,0
31.700,-0.2740,0.2926,-0.0000,0.2090,-0.0260,0.2074,-0.0200,0.1598,0.0000,0
31.722,-0.2743,0.2950,-0.0000,0.2066,-0.0257,0.2050,-0.0198,0.1580,0.0000,0
31.740,-0.2743,0.2950,-0.0000,0.2066,-0.0257,0.2050,-0.0206,0.1640,0.0000,0
31.761,-0.2743,0.2950,-0.0000,0.2066,-0.0257,0.2050,-0.0206,0.1640,0.0000,0
31.781,-0.2744,0.2962,-0.0000,0.2054,-0.0256,0.2038,-0.0201,0.1601,0.0000,0
31.800,-0.2747,0.2986,-0.0000,0.2030,-0.0253,0.2014,-0.0195,0.1552,0.0000,0
31.820,-0.2749,0.2997,-0.0000,0.2019,-0.0251,0.2003,-0.0197,0.1574,0.0000,0
31.840,-0.2749,0.2997,-0.0000,0.2019,-0.0251,0.2003,-0.0201,0.1602,0.0000,0
31.860,-0.2749,0.2997,-0.0000,0.2019,-0.0251,0.2003,-0.0201,0.1602,0.0000,0
31.882,-0.2749,0.2997,-0.0000,0.2019,-0.0251,0.2003,-0.0201,0.1602,0.0000,0
31.901,-0.2750,0.3009,-0.0000,0.2007,-0.0250,0.1991,-0.0196,0.1564,0.0000,0
31.921,-0.2752,0.3021,-0.0000,0.1995,-0.0248,0.1979,-0.0195,0.1554,0.0000,0
31.940,-0.2752,0.3021,-0.0000,0.1995,-0.0248,0.1979,-0.0199,0.1584,0.0000,0
31.962,-0.2752,0.3021,-0.0000,0.1995,-0.0248,0.1979,-0.0199,0.1584,0.0000,0
31.980,-0.2753,0.3032,-0.0000,0.1983,-0.0247,0.1968,-0.0194,0.1545,0.0000,0
32.000,-0.2755,0.3044,-0.0000,0.1972,-0.0245,0.1956,-0.0193,0.1536,0.0000,0
32.020,-0.2755,0.3044,-0.0000,0.1972,-0.0245,0.1956,-0.0196,0.1565,0.0000,0
32.040,-0.2755,0.3044,-0.0000,0.1972,-0.0245,0.1956,-0.0196,0.1565,0.0000,0
32.061,-0.2755,0.3044,-0.0000,0.1972,-0.0245,0.1956,-0.0196,0.1565,0.0000,0
32.081,-0.2756,0.3055,-0.0000,0.1960,-0.0244,0.1945,-0.0192,0.1527,0.0000,0
32.100,-0.2759,0.3078,-0.0000,0.1937,-0.0241,0.1922,-0.0186,0.1480,0.0000,0
32.121,-0.2759,0.3078,-0.0000,0.1937,-0.0241,0.1922,-0.0193,0.1538,0.0000,0
32.141,-0.2759,0.3078,-0.0000,0.1937,-0.0241,0.1922,-0.0193,0.1538,0.0000,0
32.161,-0.2759,0.3078,-0.0000,0.1937,-0.0241,0.1922,-0.0193,0.1538,0.0000,0
32.180,-0.2760,0.3089,-0.0000,0.1926,-0.0240,0.1911,-0.0188,0.1501,0.0000,0
32.201,-0.2760,0.3089,-0.0000,0.1926,-0.0240,0.1911,-0.0192,0.1529,0.0000,0
32.221,-0.2763,0.3112,-0.0000,0.1903,-0.0237,0.1888,-0.0182,0.1454,0.0000,0
32.240,-0.2764,0.3122,-0.0000,0.1892,-0.0236,0.1878,-0.0185,0.1475,0.0000,0
32.261,-0.2764,0.3122,-0.0000,0.1892,-0.0236,0.1878,-0.0189,0.1502,0.0000,0
32.280,-0.2764,0.3122,-0.0000,0.1892,-0.0236,0.1878,-0.0189,0.1502,0.0000,0
32.300,-0.2767,0.3144,-0.0000,0.1870,-0.0233,0.1856,-0.0179,0.1430,0.0000,0
32.320,-0.2767,0.3144,-0.0000,0.1870,-0.0233,0.1856,-0.0186,0.1485,0.0000,0
32.341,-0.2767,0.3144,-0.0000,0.1870,-0.0233,0.1856,-0.0186,0.1485,0.0000,0
32.361,-0.2767,0.3144,-0.0000,0.1870,-0.0233,0.1856,-0.0186,0.1485,0.0000,0
32.381,-0.2770,0.3166,-0.0000,0.1849,-0.0230,0.1834,-0.0177,0.1413,0.0000,0
32.400,-0.2770,0.3166,-0.0000,0.1849,-0.0230,0.1834,-0.0184,0.1467,0.0000,0
32.420,-0.2770,0.3166,-0.0000,0.1849,-0.0230,0.1834,-0.0184,0.1467,0.0000,0
32.441,-0.2770,0.3166,-0.0000,0.1849,-0.0230,0.1834,-0.0184,0.1467,0.0000,0
32.461,-0.2770,0.3166,-0.0000,0.1849,-0.0230,0.1834,-0.0184,0.1467,0.0000,0
32.480,-0.2770,0.3166,-0.0000,0.1849,-0.0230,0.1834,-0.0184,0.1467,0.0000,0
32.501,-0.2773,0.3187,-0.0000,0.1827,-0.0227,0.1813,-0.0175,0.1396,0.0000,0
32.521,-0.2773,0.3187,-0.0000,0.1827,-0.0227,0.1813,-0.0182,0.1450,0.0000,0
32.541,-0.2774,0.3198,-0.0000,0.1816,-0.0226,0.1802,-0.0177,0.1414,0.0000,0
32.561,-0.2777,0.3219,-0.0000,0.1795,-0.0223,0.1781,-0.0172,0.1372,0.0000,0
32.580,-0.2777,0.3219,-0.0000,0.1795,-0.0223,0.1781,-0.0179,0.1424,0.0000,0
32.601,-0.2777,0.3219,-0.0000,0.1795,-0.0223,0.1781,-0.0179,0.1424,0.0000,0
32.621,-0.2777,0.3219,-0.0000,0.1795,-0.0223,0.1781,-0.0179,0.1424,0.0000,0
32.640,-0.2778,0.3230,-0.0000,0.1784,-0.0222,0.1770,-0.0175,0.1391,0.0000,0
32.661,-0.2780,0.3250,-0.0000,0.1764,-0.0220,0.1750,-0.0169,0.1348,0.0000,0
32.683,-0.2780,0.3250,-0.0000,0.1764,-0.0220,0.1750,-0.0176,0.1400,0.0000,0
32.701,-0.2780,0.3250,-0.0000,0.1764,-0.0220,0.1750,-0.0176,0.1400,0.0000,0
32.720,-0.2780,0.3250,-0.0000,0.1764,-0.0220,0.1750,-0.0176,0.1400,0.0000,0
32.741,-0.2782,0.3260,-0.0000,0.1753,-0.0218,0.1740,-0.0171,0.1366,0.0000,0
32.762,-0.2784,0.3281,-0.0000,0.1732,-0.0216,0.1719,-0.0166,0.1324,0.0000,0
32.781,-0.2787,0.3301,-0.0000,0.1712,-0.0213,0.1699,-0.0164,0.1310,0.0000,0
32.800,-0.2787,0.3301,-0.0000,0.1712,-0.0213,0.1699,-0.0171,0.1359,0.0000,0
32.820,-0.2787,0.3301,-0.0000,0.1712,-0.0213,0.1699,-0.0171,0.1359,0.0000,0
32.841,-0.2787,0.3301,-0.0000,0.1712,-0.0213,0.1699,-0.0171,0.1359,0.0000,0
32.860,-0.2787,0.3301,-0.0000,0.1712,-0.0213,0.1699,-0.0171,0.1359,0.0000,0
32.882,-0.2787,0.3301,-0.0000,0.1712,-0.0213,0.1699,-0.0171,0.1359,0.0000,0
32.900,-0.2788,0.3311,-0.0000,0.1703,-0.0212,0.1689,-0.0167,0.1327,0.0000,0
32.920,-0.2788,0.3311,-0.0000,0.1703,-0.0212,0.1689,-0.0170,0.1352,0.0000,0
32.941,-0.2791,0.3331,-0.0000,0.1682,-0.0209,0.1669,-0.0161,0.1285,0.0000,0
32.960,-0.2791,0.3331,-0.0000,0.1682,-0.0209,0.1669,-0.0168,0.1336,0.0000,0
32.980,-0.2791,0.3331,-0.0000,0.1682,-0.0209,0.1669,-0.0168,0.1336,0.0000,0
33.000,-0.2791,0.3331,-0.0000,0.1682,-0.0209,0.1669,-0.0168,0.1336,0.0000,0
33.020,-0.2791,0.3331,-0.0000,0.1682,-0.0209,0.1669,-0.0168,0.1336,0.0000,0
33.041,-0.2795,0.3370,-0.0000,0.1643,-0.0205,0.1630,-0.0151,0.1206,0.0000,0
33.061,-0.2795,0.3370,-0.0000,0.1643,-0.0205,0.1630,-0.0164,0.1304,0.0000,0
33.080,-0.2795,0.3370,-0.0000,0.1643,-0.0205,0.1630,-0.0164,0.1304,0.0000,0
33.101,-0.2795,0.3370,-0.0000,0.1643,-0.0205,0.1630,-0.0164,0.1304,0.0000,0
33.120,-0.2799,0.3398,-0.0000,0.1614,-0.0201,0.1602,-0.0152,0.1210,0.0000,0
33.142,-0.2799,0.3398,-0.0000,0.1614,-0.0201,0.1602,-0.0161,0.1281,0.0000,0
33.160,-0.2799,0.3398,-0.0000,0.1614,-0.0201,0.1602,-0.0161,0.1281,0.0000,0
33.180,-0.2799,0.3398,-0.0000,0.1614,-0.0201,0.1602,-0.0161,0.1281,0.0000,0
33.202,-0.2799,0.3398,-0.0000,0.1614,-0.0201,0.1602,-0.0161,0.1281,0.0000,0
33.221,-0.2801,0.3417,-0.0000,0.1596,-0.0199,0.1583,-0.0153,0.1220,0.0000,0
33.241,-0.2801,0.3417,-0.0000,0.1596,-0.0199,0.1583,-0.0159,0.1266,0.0000,0
33.261,-0.2801,0.3417,-0.0000,0.1596,-0.0199,0.1583,-0.0159,0.1266,0.0000,0
33.281,-0.2801,0.3417,-0.0000,0.1596,-0.0199,0.1583,-0.0159,0.1266,0.0000,0
33.301,-0.2801,0.3417,-0.0000,0.1596,-0.0199,0.1583,-0.0159,0.1266,0.0000,0
33.321,-0.2801,0.3417,-0.0000,0.1596,-0.0199,0.1583,-0.0159,0.1266,0.0000,0
33.340,-0.2801,0.3417,-0.0000,0.1596,-0.0199,0.1583,-0.0159,0.1266,0.0000,0
33.361,-0.2801,0.3417,-0.0000,0.1596,-0.0199,0.1583,-0.0159,0.1266,0.0000,0
33.381,-0.2801,0.3417,-0.0000,0.1596,-0.0199,0.1583,-0.0159,0.1266,0.0000,0
33.400,-0.2803,0.3426,-0.0000,0.1586,-0.0197,0.1574,-0.0155,0.1235,0.0000,0
33.421,-0.2805,0.3445,-0.0000,0.1567,-0.0195,0.1555,-0.0150,0.1198,0.0000,0
33.441,-0.2807,0.3463,-0.0000,0.1549,-0.0193,0.1537,-0.0149,0.1185,0.0000,0
33.461,-0.2810,0.3489,-0.0000,0.1523,-0.0190,0.1511,-0.0143,0.1142,0.0000,0
33.481,-0.2812,0.3498,-0.0000,0.1514,-0.0188,0.1502,-0.0148,0.1180,0.0000,0
33.500,-0.2812,0.3498,-0.0000,0.1514,-0.0188,0.1502,-0.0151,0.1202,0.0000,0
33.521,-0.2812,0.3498,-0.0000,0.1514,-0.0188,0.1502,-0.0151,0.1202,0.0000,0
33.542,-0.2813,0.3507,-0.0000,0.1505,-0.0187,0.1493,-0.0147,0.1174,0.0000,0
33.560,-0.2814,0.3515,-0.0000,0.1496,-0.0186,0.1485,-0.0146,0.1166,0.0000,0
33.581,-0.2815,0.3524,-0.0000,0.1488,-0.0185,0.1476,-0.0145,0.1159,0.0000,0
33.600,-0.2815,0.3524,-0.0000,0.1488,-0.0185,0.1476,-0.0148,0.1181,0.0000,0
33.621,-0.2815,0.3524,-0.0000,0.1488,-0.0185,0.1476,-0.0148,0.1181,0.0000,0
33.640,-0.2815,0.3524,-0.0000,0.1488,-0.0185,0.1476,-0.0148,0.1181,0.0000,0
33.660,-0.2816,0.3533,-0.0000,0.1479,-0.0184,0.1467,-0.0145,0.1152,0.0000,0
33.680,-0.2817,0.3541,-0.0000,0.1470,-0.0183,0.1459,-0.0144,0.1145,0.0000,0
33.700,-0.2817,0.3541,-0.0000,0.1470,-0.0183,0.1459,-0.0146,0.1167,0.0000,0
33.720,-0.2817,0.3541,-0.0000,0.1470,-0.0183,0.1459,-0.0146,0.1167,0.0000,0
33.741,-0.2818,0.3550,-0.0000,0.1461,-0.0182,0.1450,-0.0143,0.1139,0.0000,0
33.760,-0.2819,0.3559,-0.0000,0.1453,-0.0181,0.1441,-0.0142,0.1132,0.0000,0
33.781,-0.2819,0.3559,-0.0000,0.1453,-0.0181,0.1441,-0.0145,0.1153,0.0000,0
33.800,-0.2821,0.3575,-0.0000,0.1436,-0.0179,0.1425,-0.0138,0.1097,0.0000,0
33.820,-0.2821,0.3575,-0.0000,0.1436,-0.0179,0.1425,-0.0143,0.1140,0.0000,0
33.840,-0.2821,0.3575,-0.0000,0.1436,-0.0179,0.1425,-0.0143,0.1140,0.0000,0
33.861,-0.2821,0.3575,-0.0000,0.1436,-0.0179,0.1425,-0.0143,0.1140,0.0000,0
33.880,-0.2821,0.3575,-0.0000,0.1436,-0.0179,0.1425,-0.0143,0.1140,0.0000,0
33.900,-0.2821,0.3575,-0.0000,0.1436,-0.0179,0.1425,-0.0143,0.1140,0.0000,0
33.920,-0.2822,0.3584,-0.0000,0.1428,-0.0178,0.1416,-0.0140,0.1113,0.0000,0
33.941,-0.2822,0.3584,-0.0000,0.1428,-0.0178,0.1416,-0.0142,0.1133,0.0000,0
33.960,-0.2822,0.3584,-0.0000,0.1428,-0.0178,0.1416,-0.0142,0.1133,0.0000,0
33.980,-0.2823,0.3592,-0.0000,0.1419,-0.0177,0.1408,-0.0139,0.1105,0.0000,0
34.000,-0.2825,0.3608,-0.0000,0.1402,-0.0175,0.1392,-0.0135,0.1072,0.0000,0
34.020,-0.2825,0.3608,-0.0000,0.1402,-0.0175,0.1392,-0.0140,0.1113,0.0000,0
34.040,-0.2825,0.3608,-0.0000,0.1402,-0.0175,0.1392,-0.0140,0.1113,0.0000,0
34.060,-0.2825,0.3608,-0.0000,0.1402,-0.0175,0.1392,-0.0140,0.1113,0.0000,0
34.080,-0.2828,0.3633,-0.0000,0.1378,-0.0172,0.1367,-0.0130,0.1034,0.0000,0
34.101,-0.2828,0.3633,-0.0000,0.1378,-0.0172,0.1367,-0.0137,0.1094,0.0000,0
34.120,-0.2828,0.3633,-0.0000,0.1378,-0.0172,0.1367,-0.0137,0.1094,0.0000,0
34.141,-0.2828,0.3633,-0.0000,0.1378,-0.0172,0.1367,-0.0137,0.1094,0.0000,0
34.161,-0.2831,0.3656,-0.0000,0.1354,-0.0169,0.1344,-0.0127,0.1015,0.0000,0
34.181,-0.2833,0.3672,-0.0000,0.1338,-0.0167,0.1328,-0.0128,0.1023,0.0000,0
34.200,-0.2834,0.3680,-0.0000,0.1331,-0.0166,0.1320,-0.0130,0.1037,0.0000,0
34.220,-0.2834,0.3680,-0.0000,0.1331,-0.0166,0.1320,-0.0133,0.1056,0.0000,0
34.241,-0.2834,0.3680,-0.0000,0.1331,-0.0166,0.1320,-0.0133,0.1056,0.0000,0
34.260,-0.2834,0.3680,-0.0000,0.1331,-0.0166,0.1320,-0.0133,0.1056,0.0000,0
34.280,-0.2834,0.3680,-0.0000,0.1331,-0.0166,0.1320,-0.0133,0.1056,0.0000,0
34.301,-0.2836,0.3695,-0.0000,0.1315,-0.0164,0.1305,-0.0126,0.1006,0.0000,0
34.321,-0.2836,0.3695,-0.0000,0.1315,-0.0164,0.1305,-0.0131,0.1044,0.0000,0
34.341,-0.2836,0.3695,-0.0000,0.1315,-0.0164,0.1305,-0.0131,0.1044,0.0000,0
34.360,-0.2836,0.3695,-0.0000,0.1315,-0.0164,0.1305,-0.0131,0.1044,0.0000,0
34.380,-0.2836,0.3695,-0.0000,0.1315,-0.0164,0.1305,-0.0131,0.1044,0.0000,0
34.400,-0.2836,0.3695,-0.0000,0.1315,-0.0164,0.1305,-0.0131,0.1044,0.0000,0
34.422,-0.2836,0.3695,-0.0000,0.1315,-0.0164,0.1305,-0.0131,0.1044,0.0000,0
34.441,-0.2836,0.3695,-0.0000,0.1315,-0.0164,0.1305,-0.0131,0.1044,0.0000,0
34.461,-0.2836,0.3695,-0.0000,0.1315,-0.0164,0.1305,-0.0131,0.1044,0.0000,0
34.481,-0.2836,0.3695,-0.0000,0.1315,-0.0164,0.1305,-0.0131,0.1044,0.0000,0
34.500,-0.2837,0.3703,-0.0000,0.1308,-0.0163,0.1297,-0.0128,0.1018,0.0000,0
34.521,-0.2839,0.3718,-0.0000,0.1292,-0.0161,0.1282,-0.0124,0.0988,0.0000,0
34.541,-0.2840,0.3725,-0.0000,0.1285,-0.0160,0.1275,-0.0126,0.1002,0.0000,0
34.561,-0.2842,0.3740,-0.0000,0.1270,-0.0158,0.1260,-0.0122,0.0972,0.0000,0
34.580,-0.2844,0.3754,-0.0000,0.1255,-0.0156,0.1246,-0.0120,0.0960,0.0000,0
34.601,-0.2845,0.3761,-0.0000,0.1248,-0.0155,0.1239,-0.0122,0.0973,0.0000,0
34.621,-0.2845,0.3761,-0.0000,0.1248,-0.0155,0.1239,-0.0124,0.0991,0.0000,0
34.641,-0.2845,0.3761,-0.0000,0.1248,-0.0155,0.1239,-0.0124,0.0991,0.0000,0
34.660,-0.2845,0.3761,-0.0000,0.1248,-0.0155,0.1239,-0.0124,0.0991,0.0000,0
34.680,-0.2845,0.3761,-0.0000,0.1248,-0.0155,0.1239,-0.0124,0.0991,0.0000,0
34.700,-0.2845,0.3761,-0.0000,0.1248,-0.0155,0.1239,-0.0124,0.0991,0.0000,0
34.721,-0.2845,0.3768,-0.0000,0.1241,-0.0155,0.1232,-0.0121,0.0967,0.0000,0
34.741,-0.2845,0.3768,-0.0000,0.1241,-0.0155,0.1232,-0.0124,0.0985,0.0000,0
34.761,-0.2845,0.3768,-0.0000,0.1241,-0.0155,0.1232,-0.0124,0.0985,0.0000,0
34.780,-0.2847,0.3783,-0.0000,0.1226,-0.0153,0.1217,-0.0118,0.0937,0.0000,0
34.802,-0.2847,0.3783,-0.0000,0.1226,-0.0153,0.1217,-0.0122,0.0974,0.0000,0
34.820,-0.2849,0.3797,-0.0000,0.1212,-0.0151,0.1203,-0.0116,0.0927,0.0000,0
34.840,-0.2849,0.3797,-0.0000,0.1212,-0.0151,0.1203,-0.0121,0.0962,0.0000,0
34.860,-0.2849,0.3797,-0.0000,0.1212,-0.0151,0.1203,-0.0121,0.0962,0.0000,0
34.880,-0.2849,0.3797,-0.0000,0.1212,-0.0151,0.1203,-0.0121,0.0962,0.0000,0
34.901,-0.2849,0.3797,-0.0000,0.1212,-0.0151,0.1203,-0.0121,0.0962,0.0000,0
34.920,-0.2851,0.3811,-0.0000,0.1198,-0.0149,0.1189,-0.0115,0.0916,0.0000,0
34.940,-0.2851,0.3811,-0.0000,0.1198,-0.0149,0.1189,-0.0119,0.0951,0.0000,0
34.961,-0.2851,0.3811,-0.0000,0.1198,-0.0149,0.1189,-0.0119,0.0951,0.0000,0
34.980,-0.2853,0.3825,-0.0000,0.1184,-0.0147,0.1175,-0.0114,0.0906,0.0000,0
35.000,-0.2853,0.3825,-0.0000,0.1184,-0.0147,0.1175,-0.0118,0.0940,0.0000,0
35.022,-0.2853,0.3825,-0.0000,0.1184,-0.0147,0.1175,-0.0118,0.0940,0.0000,0
35.040,-0.2853,0.3825,-0.0000,0.1184,-0.0147,0.1175,-0.0118,0.0940,0.0000,0
35.060,-0.2853,0.3825,-0.0000,0.1184,-0.0147,0.1175,-0.0118,0.0940,0.0000,0
35.081,-0.2853,0.3825,-0.0000,0.1184,-0.0147,0.1175,-0.0118,0.0940,0.0000,0
35.102,-0.2854,0.3839,-0.0000,0.1170,-0.0146,0.1161,-0.0112,0.0894,0.0000,0
35.121,-0.2854,0.3839,-0.0000,0.1170,-0.0146,0.1161,-0.0117,0.0929,0.0000,0
35.141,-0.2857,0.3860,-0.0000,0.1149,-0.0143,0.1140,-0.0108,0.0860,0.0000,0
35.160,-0.2857,0.3860,-0.0000,0.1149,-0.0143,0.1140,-0.0114,0.0912,0.0000,0
35.181,-0.2857,0.3860,-0.0000,0.1149,-0.0143,0.1140,-0.0114,0.0912,0.0000,0
35.200,-0.2857,0.3860,-0.0000,0.1149,-0.0143,0.1140,-0.0114,0.0912,0.0000,0
35.220,-0.2859,0.3873,-0.0000,0.1136,-0.0141,0.1127,-0.0109,0.0869,0.0000,0
35.241,-0.2859,0.3879,-0.0000,0.1129,-0.0141,0.1121,-0.0110,0.0880,0.0000,0
35.262,-0.2859,0.3879,-0.0000,0.1129,-0.0141,0.1121,-0.0113,0.0897,0.0000,0
35.281,-0.2859,0.3879,-0.0000,0.1129,-0.0141,0.1121,-0.0113,0.0897,0.0000,0
35.300,-0.2859,0.3879,-0.0000,0.1129,-0.0141,0.1121,-0.0113,0.0897,0.0000,0
35.320,-0.2861,0.3892,-0.0000,0.1117,-0.0139,0.1108,-0.0107,0.0854,0.0000,0
35.341,-0.2863,0.3905,-0.0000,0.1103,-0.0137,0.1095,-0.0106,0.0844,0.0000,0
35.360,-0.2864,0.3918,-0.0000,0.1091,-0.0136,0.1082,-0.0105,0.0835,0.0000,0
35.380,-0.2864,0.3918,-0.0000,0.1091,-0.0136,0.1082,-0.0109,0.0866,0.0000,0
35.400,-0.2864,0.3918,-0.0000,0.1091,-0.0136,0.1082,-0.0109,0.0866,0.0000,0
35.420,-0.2864,0.3918,-0.0000,0.1091,-0.0136,0.1082,-0.0109,0.0866,0.0000,0
35.440,-0.2864,0.3918,-0.0000,0.1091,-0.0136,0.1082,-0.0109,0.0866,0.0000,0
35.461,-0.2864,0.3918,-0.0000,0.1091,-0.0136,0.1082,-0.0109,0.0866,0.0000,0
35.480,-0.2866,0.3930,-0.0000,0.1078,-0.0134,0.1070,-0.0104,0.0825,0.0000,0
35.500,-0.2866,0.3930,-0.0000,0.1078,-0.0134,0.1070,-0.0107,0.0856,0.0000,0
35.520,-0.2866,0.3930,-0.0000,0.1078,-0.0134,0.1070,-0.0107,0.0856,0.0000,0
35.540,-0.2866,0.3930,-0.0000,0.1078,-0.0134,0.1070,-0.0107,0.0856,0.0000,0
35.560,-0.2866,0.3930,-0.0000,0.1078,-0.0134,0.1070,-0.0107,0.0856,0.0000,0
35.580,-0.2867,0.3943,-0.0000,0.1066,-0.0133,0.1057,-0.0102,0.0814,0.0000,0
35.600,-0.2867,0.3943,-0.0000,0.1066,-0.0133,0.1057,-0.0106,0.0846,0.0000,0
35.621,-0.2868,0.3949,-0.0000,0.1059,-0.0132,0.1051,-0.0104,0.0826,0.0000,0
35.642,-0.2870,0.3961,-0.0000,0.1047,-0.0130,0.1039,-0.0100,0.0800,0.0000,0
35.661,-0.2870,0.3961,-0.0000,0.1047,-0.0130,0.1039,-0.0104,0.0831,0.0000,0
35.681,-0.2870,0.3961,-0.0000,0.1047,-0.0130,0.1039,-0.0104,0.0831,0.0000,0
35.700,-0.2871,0.3973,-0.0000,0.1035,-0.0129,0.1027,-0.0099,0.0791,0.0000,0
35.721,-0.2871,0.3973,-0.0000,0.1035,-0.0129,0.1027,-0.0103,0.0821,0.0000,0
35.741,-0.2873,0.3985,-0.0000,0.1023,-0.0127,0.1015,-0.0098,0.0782,0.0000,0
35.761,-0.2873,0.3991,-0.0000,0.1017,-0.0127,0.1009,-0.0099,0.0792,0.0000,0
35.781,-0.2873,0.3991,-0.0000,0.1017,-0.0127,0.1009,-0.0101,0.0807,0.0000,0
35.801,-0.2873,0.3991,-0.0000,0.1017,-0.0127,0.1009,-0.0101,0.0807,0.0000,0
35.820,-0.2874,0.3997,-0.0000,0.1011,-0.0126,0.1003,-0.0099,0.0788,0.0000,0
35.841,-0.2874,0.3997,-0.0000,0.1011,-0.0126,0.1003,-0.0101,0.0802,0.0000,0
35.861,-0.2874,0.3997,-0.0000,0.1011,-0.0126,0.1003,-0.0101,0.0802,0.0000,0
35.882,-0.2874,0.3997,-0.0000,0.1011,-0.0126,0.1003,-0.0101,0.0802,0.0000,0
35.901,-0.2875,0.4003,-0.0000,0.1005,-0.0125,0.0997,-0.0098,0.0783,0.0000,0
35.920,-0.2876,0.4009,-0.0000,0.0999,-0.0124,0.0991,-0.0098,0.0778,0.0000,0
35.941,-0.2876,0.4009,-0.0000,0.0999,-0.0124,0.0991,-0.0100,0.0793,0.0000,0
35.960,-0.2876,0.4009,-0.0000,0.0999,-0.0124,0.0991,-0.0100,0.0793,0.0000,0
35.981,-0.2876,0.4009,-0.0000,0.0999,-0.0124,0.0991,-0.0100,0.0793,0.0000,0
36.001,-0.2876,0.4009,-0.0000,0.0999,-0.0124,0.0991,-0.0100,0.0793,0.0000,0
36.020,-0.2877,0.4020,-0.0000,0.0987,-0.0123,0.0980,-0.0095,0.0755,0.0000,0
36.041,-0.2877,0.4020,-0.0000,0.0987,-0.0123,0.0980,-0.0098,0.0784,0.0000,0
36.060,-0.2877,0.4020,-0.0000,0.0987,-0.0123,0.0980,-0.0098,0.0784,0.0000,0
36.081,-0.2877,0.4020,-0.0000,0.0987,-0.0123,0.0980,-0.0098,0.0784,0.0000,0
36.100,-0.2879,0.4032,-0.0000,0.0976,-0.0121,0.0968,-0.0094,0.0746,0.0000,0
36.120,-0.2879,0.4038,-0.0000,0.0970,-0.0121,0.0962,-0.0095,0.0755,0.0000,0
36.141,-0.2879,0.4038,-0.0000,0.0970,-0.0121,0.0962,-0.0097,0.0770,0.0000,0
36.161,-0.2880,0.4043,-0.0000,0.0964,-0.0120,0.0957,-0.0094,0.0752,0.0000,0
36.180,-0.2880,0.4043,-0.0000,0.0964,-0.0120,0.0957,-0.0096,0.0765,0.0000,0
36.200,-0.2880,0.4043,-0.0000,0.0964,-0.0120,0.0957,-0.0096,0.0765,0.0000,0
36.221,-0.2880,0.4043,-0.0000,0.0964,-0.0120,0.0957,-0.0096,0.0765,0.0000,0
36.241,-0.2880,0.4043,-0.0000,0.0964,-0.0120,0.0957,-0.0096,0.0765,0.0000,0
36.260,-0.2880,0.4043,-0.0000,0.0964,-0.0120,0.0957,-0.0096,0.0765,0.0000,0
36.281,-0.2880,0.4043,-0.0000,0.0964,-0.0120,0.0957,-0.0096,0.0765,0.0000,0
36.301,-0.2880,0.4043,-0.0000,0.0964,-0.0120,0.0957,-0.0096,0.0765,0.0000,0
36.320,-0.2880,0.4043,-0.0000,0.0964,-0.0120,0.0957,-0.0096,0.0765,0.0000,0
36.340,-0.2880,0.4043,-0.0000,0.0964,-0.0120,0.0957,-0.0096,0.0765,0.0000,0
36.361,-0.2880,0.4043,-0.0000,0.0964,-0.0120,0.0957,-0.0096,0.0765,0.0000,0
36.381,-0.2880,0.4043,-0.0000,0.0964,-0.0120,0.0957,-0.0096,0.0765,0.0000,0
36.400,-0.2880,0.4043,-0.0000,0.0964,-0.0120,0.0957,-0.0096,0.0765,0.0000,0
36.420,-0.2880,0.4043,-0.0000,0.0964,-0.0120,0.0957,-0.0096,0.0765,0.0000,0
36.441,-0.2880,0.4043,-0.0000,0.0964,-0.0120,0.0957,-0.0096,0.0765,0.0000,0
36.462,-0.2881,0.4049,-0.0000,0.0959,-0.0119,0.0951,-0.0094,0.0747,0.0000,0
36.480,-0.2882,0.4060,-0.0000,0.0947,-0.0118,0.0940,-0.0091,0.0723,0.0000,0
36.501,-0.2882,0.4060,-0.0000,0.0947,-0.0118,0.0940,-0.0094,0.0752,0.0000,0
36.521,-0.2882,0.4060,-0.0000,0.0947,-0.0118,0.0940,-0.0094,0.0752,0.0000,0
36.541,-0.2882,0.4060,-0.0000,0.0947,-0.0118,0.0940,-0.0094,0.0752,0.0000,0
36.561,-0.2882,0.4060,-0.0000,0.0947,-0.0118,0.0940,-0.0094,0.0752,0.0000,0
36.581,-0.2883,0.4066,-0.0000,0.0942,-0.0117,0.0934,-0.0092,0.0734,0.0000,0
36.600,-0.2886,0.4088,-0.0000,0.0919,-0.0114,0.0912,-0.0085,0.0675,0.0000,0
36.621,-0.2887,0.4098,-0.0000,0.0909,-0.0113,0.0902,-0.0087,0.0695,0.0000,0
36.641,-0.2887,0.4103,-0.0000,0.0904,-0.0113,0.0897,-0.0088,0.0705,0.0000,0
36.661,-0.2887,0.4103,-0.0000,0.0904,-0.0113,0.0897,-0.0090,0.0717,0.0000,0
36.680,-0.2887,0.4103,-0.0000,0.0904,-0.0113,0.0897,-0.0090,0.0717,0.0000,0
36.701,-0.2887,0.4103,-0.0000,0.0904,-0.0113,0.0897,-0.0090,0.0717,0.0000,0
36.722,-0.2889,0.4119,-0.0000,0.0888,-0.0111,0.0881,-0.0084,0.0666,0.0000,0
36.741,-0.2889,0.4119,-0.0000,0.0888,-0.0111,0.0881,-0.0088,0.0705,0.0000,0
36.760,-0.2889,0.4119,-0.0000,0.0888,-0.0111,0.0881,-0.0088,0.0705,0.0000,0
36.781,-0.2889,0.4119,-0.0000,0.0888,-0.0111,0.0881,-0.0088,0.0705,0.0000,0
36.801,-0.2890,0.4124,-0.0000,0.0883,-0.0110,0.0876,-0.0086,0.0689,0.0000,0
36.821,-0.2890,0.4124,-0.0000,0.0883,-0.0110,0.0876,-0.0088,0.0701,0.0000,0
36.841,-0.2890,0.4124,-0.0000,0.0883,-0.0110,0.0876,-0.0088,0.0701,0.0000,0
36.861,-0.2890,0.4124,-0.0000,0.0883,-0.0110,0.0876,-0.0088,0.0701,0.0000,0
36.881,-0.2891,0.4134,-0.0000,0.0873,-0.0109,0.0866,-0.0084,0.0667,0.0000,0
36.901,-0.2891,0.4134,-0.0000,0.0873,-0.0109,0.0866,-0.0087,0.0693,0.0000,0
36.921,-0.2891,0.4134,-0.0000,0.0873,-0.0109,0.0866,-0.0087,0.0693,0.0000,0
36.941,-0.2893,0.4149,-0.0000,0.0857,-0.0107,0.0851,-0.0081,0.0642,0.0000,0
36.960,-0.2893,0.4149,-0.0000,0.0857,-0.0107,0.0851,-0.0085,0.0680,0.0000,0
36.980,-0.2893,0.4149,-0.0000,0.0857,-0.0107,0.0851,-0.0085,0.0680,0.0000,0
37.001,-0.2893,0.4149,-0.0000,0.0857,-0.0107,0.0851,-0.0085,0.0680,0.0000,0
37.021,-0.2894,0.4159,-0.0000,0.0847,-0.0106,0.0841,-0.0081,0.0648,0.0000,0
37.041,-0.2894,0.4159,-0.0000,0.0847,-0.0106,0.0841,-0.0084,0.0673,0.0000,0
37.061,-0.2896,0.4169,-0.0000,0.0838,-0.0104,0.0831,-0.0080,0.0640,0.0000,0
37.080,-0.2896,0.4174,-0.0000,0.0833,-0.0104,0.0826,-0.0081,0.0648,0.0000,0
37.101,-0.2896,0.4174,-0.0000,0.0833,-0.0104,0.0826,-0.0083,0.0661,0.0000,0
37.123,-0.2896,0.4174,-0.0000,0.0833,-0.0104,0.0826,-0.0083,0.0661,0.0000,0
37.141,-0.2896,0.4174,-0.0000,0.0833,-0.0104,0.0826,-0.0083,0.0661,0.0000,0
37.161,-0.2896,0.4174,-0.0000,0.0833,-0.0104,0.0826,-0.0083,0.0661,0.0000,0
37.181,-0.2896,0.4174,-0.0000,0.0833,-0.0104,0.0826,-0.0083,0.0661,0.0000,0
37.201,-0.2897,0.4179,-0.0000,0.0828,-0.0103,0.0821,-0.0081,0.0645,0.0000,0
37.221,-0.2897,0.4179,-0.0000,0.0828,-0.0103,0.0821,-0.0082,0.0657,0.0000,0
37.241,-0.2897,0.4179,-0.0000,0.0828,-0.0103,0.0821,-0.0082,0.0657,0.0000,0
37.261,-0.2897,0.4179,-0.0000,0.0828,-0.0103,0.0821,-0.0082,0.0657,0.0000,0
37.281,-0.2897,0.4179,-0.0000,0.0828,-0.0103,0.0821,-0.0082,0.0657,0.0000,0
37.301,-0.2897,0.4179,-0.0000,0.0828,-0.0103,0.0821,-0.0082,0.0657,0.0000,0
37.321,-0.2897,0.4179,-0.0000,0.0828,-0.0103,0.0821,-0.0082,0.0657,0.0000,0
37.342,-0.2897,0.4179,-0.0000,0.0828,-0.0103,0.0821,-0.0082,0.0657,0.0000,0
37.361,-0.2897,0.4179,-0.0000,0.0828,-0.0103,0.0821,-0.0082,0.0657,0.0000,0
37.381,-0.2897,0.4179,-0.0000,0.0828,-0.0103,0.0821,-0.0082,0.0657,0.0000,0
37.401,-0.2897,0.4179,-0.0000,0.0828,-0.0103,0.0821,-0.0082,0.0657,0.0000,0
37.421,-0.2897,0.4179,-0.0000,0.0828,-0.0103,0.0821,-0.0082,0.0657,0.0000,0
37.440,-0.2898,0.4184,-0.0000,0.0823,-0.0102,0.0816,-0.0080,0.0641,0.0000,0
37.461,-0.2899,0.4193,-0.0000,0.0813,-0.0101,0.0807,-0.0078,0.0622,0.0000,0
37.480,-0.2900,0.4202,-0.0000,0.0804,-0.0100,0.0798,-0.0077,0.0615,0.0000,0
37.501,-0.2900,0.4207,-0.0000,0.0799,-0.0100,0.0793,-0.0078,0.0623,0.0000,0
37.521,-0.2900,0.4207,-0.0000,0.0799,-0.0100,0.0793,-0.0080,0.0634,0.0000,0
37.540,-0.2900,0.4207,-0.0000,0.0799,-0.0100,0.0793,-0.0080,0.0634,0.0000,0
37.561,-0.2900,0.4207,-0.0000,0.0799,-0.0100,0.0793,-0.0080,0.0634,0.0000,0
37.581,-0.2902,0.4216,-0.0000,0.0790,-0.0098,0.0784,-0.0076,0.0604,0.0000,0
37.601,-0.2902,0.4216,-0.0000,0.0790,-0.0098,0.0784,-0.0079,0.0627,0.0000,0
37.621,-0.2902,0.4216,-0.0000,0.0790,-0.0098,0.0784,-0.0079,0.0627,0.0000,0
37.641,-0.2902,0.4216,-0.0000,0.0790,-0.0098,0.0784,-0.0079,0.0627,0.0000,0
37.661,-0.2902,0.4221,-0.0000,0.0785,-0.0098,0.0779,-0.0077,0.0612,0.0000,0
37.681,-0.2903,0.4225,-0.0000,0.0781,-0.0097,0.0775,-0.0076,0.0608,0.0000,0
37.701,-0.2904,0.4234,-0.0000,0.0772,-0.0096,0.0766,-0.0074,0.0590,0.0000,0
37.721,-0.2904,0.4234,-0.0000,0.0772,-0.0096,0.0766,-0.0077,0.0612,0.0000,0
37.741,-0.2904,0.4234,-0.0000,0.0772,-0.0096,0.0766,-0.0077,0.0612,0.0000,0
37.761,-0.2904,0.4234,-0.0000,0.0772,-0.0096,0.0766,-0.0077,0.0612,0.0000,0
37.781,-0.2904,0.4234,-0.0000,0.0772,-0.0096,0.0766,-0.0077,0.0612,0.0000,0
37.801,-0.2905,0.4243,-0.0000,0.0763,-0.0095,0.0757,-0.0073,0.0583,0.0000,0
37.821,-0.2906,0.4248,-0.0000,0.0758,-0.0094,0.0752,-0.0074,0.0590,0.0000,0
37.842,-0.2906,0.4248,-0.0000,0.0758,-0.0094,0.0752,-0.0076,0.0602,0.0000,0
37.861,-0.2906,0.4252,-0.0000,0.0754,-0.0094,0.0748,-0.0074,0.0588,0.0000,0
37.881,-0.2906,0.4252,-0.0000,0.0754,-0.0094,0.0748,-0.0075,0.0598,0.0000,0
37.901,-0.2906,0.4252,-0.0000,0.0754,-0.0094,0.0748,-0.0075,0.0598,0.0000,0
37.922,-0.2906,0.4252,-0.0000,0.0754,-0.0094,0.0748,-0.0075,0.0598,0.0000,0
37.940,-0.2906,0.4252,-0.0000,0.0754,-0.0094,0.0748,-0.0075,0.0598,0.0000,0
37.961,-0.2906,0.4252,-0.0000,0.0754,-0.0094,0.0748,-0.0075,0.0598,0.0000,0
37.982,-0.2906,0.4252,-0.0000,0.0754,-0.0094,0.0748,-0.0075,0.0598,0.0000,0
38.001,-0.2907,0.4257,-0.0000,0.0749,-0.0093,0.0743,-0.0073,0.0584,0.0000,0
38.021,-0.2907,0.4261,-0.0000,0.0745,-0.0093,0.0739,-0.0073,0.0580,0.0000,0
38.041,-0.2908,0.4270,-0.0000,0.0736,-0.0092,0.0730,-0.0071,0.0563,0.0000,0
38.061,-0.2908,0.4270,-0.0000,0.0736,-0.0092,0.0730,-0.0073,0.0584,0.0000,0
38.080,-0.2908,0.4270,-0.0000,0.0736,-0.0092,0.0730,-0.0073,0.0584,0.0000,0
38.100,-0.2908,0.4270,-0.0000,0.0736,-0.0092,0.0730,-0.0073,0.0584,0.0000,0
38.122,-0.2908,0.4270,-0.0000,0.0736,-0.0092,0.0730,-0.0073,0.0584,0.0000,0
38.141,-0.2909,0.4274,-0.0000,0.0732,-0.0091,0.0726,-0.0072,0.0571,0.0000,0
38.161,-0.2910,0.4282,-0.0000,0.0723,-0.0090,0.0718,-0.0069,0.0553,0.0000,0
38.181,-0.2910,0.4282,-0.0000,0.0723,-0.0090,0.0718,-0.0072,0.0574,0.0000,0
38.200,-0.2910,0.4287,-0.0000,0.0719,-0.0090,0.0713,-0.0070,0.0560,0.0000,0
38.221,-0.2910,0.4287,-0.0000,0.0719,-0.0090,0.0713,-0.0072,0.0571,0.0000,0
38.241,-0.2910,0.4287,-0.0000,0.0719,-0.0090,0.0713,-0.0072,0.0571,0.0000,0
38.261,-0.2910,0.4287,-0.0000,0.0719,-0.0090,0.0713,-0.0072,0.0571,0.0000,0
38.281,-0.2910,0.4287,-0.0000,0.0719,-0.0090,0.0713,-0.0072,0.0571,0.0000,0
38.301,-0.2910,0.4287,-0.0000,0.0719,-0.0090,0.0713,-0.0072,0.0571,0.0000,0
38.321,-0.2910,0.4287,-0.0000,0.0719,-0.0090,0.0713,-0.0072,0.0571,0.0000,0
38.340,-0.2910,0.4287,-0.0000,0.0719,-0.0090,0.0713,-0.0072,0.0571,0.0000,0
38.361,-0.2910,0.4287,-0.0000,0.0719,-0.0090,0.0713,-0.0072,0.0571,0.0000,0
38.381,-0.2910,0.4287,-0.0000,0.0719,-0.0090,0.0713,-0.0072,0.0571,0.0000,0
38.401,-0.2910,0.4287,-0.0000,0.0719,-0.0090,0.0713,-0.0072,0.0571,0.0000,0
38.421,-0.2910,0.4287,-0.0000,0.0719,-0.0090,0.0713,-0.0072,0.0571,0.0000,0
38.441,-0.2910,0.4287,-0.0000,0.0719,-0.0090,0.0713,-0.0072,0.0571,0.0000,0
38.461,-0.2910,0.4287,-0.0000,0.0719,-0.0090,0.0713,-0.0072,0.0571,0.0000,0
38.481,-0.2911,0.4291,-0.0000,0.0715,-0.0089,0.0709,-0.0070,0.0557,0.0000,0
38.501,-0.2912,0.4299,-0.0000,0.0706,-0.0088,0.0701,-0.0068,0.0539,0.0000,0
38.521,-0.2913,0.4303,-0.0000,0.0702,-0.0087,0.0697,-0.0069,0.0547,0.0000,0
38.541,-0.2913,0.4303,-0.0000,0.0702,-0.0087,0.0697,-0.0070,0.0557,0.0000,0
38.561,-0.2913,0.4303,-0.0000,0.0702,-0.0087,0.0697,-0.0070,0.0557,0.0000,0
38.581,-0.2913,0.4303,-0.0000,0.0702,-0.0087,0.0697,-0.0070,0.0557,0.0000,0
38.601,-0.2913,0.4307,-0.0000,0.0698,-0.0087,0.0693,-0.0068,0.0544,0.0000,0
38.622,-0.2915,0.4319,-0.0000,0.0686,-0.0085,0.0681,-0.0065,0.0514,0.0000,0
38.641,-0.2915,0.4323,-0.0000,0.0682,-0.0085,0.0677,-0.0067,0.0532,0.0000,0
38.661,-0.2915,0.4323,-0.0000,0.0682,-0.0085,0.0677,-0.0068,0.0541,0.0000,0
38.681,-0.2916,0.4331,-0.0000,0.0674,-0.0084,0.0669,-0.0065,0.0515,0.0000,0
38.702,-0.2916,0.4331,-0.0000,0.0674,-0.0084,0.0669,-0.0067,0.0535,0.0000,0
38.721,-0.2917,0.4335,-0.0000,0.0670,-0.0083,0.0665,-0.0066,0.0523,0.0000,0
38.740,-0.2917,0.4339,-0.0000,0.0666,-0.0083,0.0661,-0.0065,0.0519,0.0000,0
38.760,-0.2917,0.4339,-0.0000,0.0666,-0.0083,0.0661,-0.0066,0.0529,0.0000,0
38.782,-0.2917,0.4339,-0.0000,0.0666,-0.0083,0.0661,-0.0066,0.0529,0.0000,0
38.801,-0.2917,0.4339,-0.0000,0.0666,-0.0083,0.0661,-0.0066,0.0529,0.0000,0
38.821,-0.2918,0.4343,-0.0000,0.0662,-0.0082,0.0657,-0.0065,0.0516,0.0000,0
38.841,-0.2918,0.4343,-0.0000,0.0662,-0.0082,0.0657,-0.0066,0.0526,0.0000,0
38.860,-0.2918,0.4343,-0.0000,0.0662,-0.0082,0.0657,-0.0066,0.0526,0.0000,0
38.882,-0.2918,0.4343,-0.0000,0.0662,-0.0082,0.0657,-0.0066,0.0526,0.0000,0
38.900,-0.2918,0.4351,-0.0000,0.0655,-0.0082,0.0649,-0.0063,0.0500,0.0000,0
38.921,-0.2918,0.4351,-0.0000,0.0655,-0.0082,0.0649,-0.0065,0.0520,0.0000,0
38.941,-0.2918,0.4351,-0.0000,0.0655,-0.0082,0.0649,-0.0065,0.0520,0.0000,0
38.962,-0.2918,0.4351,-0.0000,0.0655,-0.0082,0.0649,-0.0065,0.0520,0.0000,0
38.981,-0.2918,0.4351,-0.0000,0.0655,-0.0082,0.0649,-0.0065,0.0520,0.0000,0
39.001,-0.2918,0.4351,-0.0000,0.0655,-0.0082,0.0649,-0.0065,0.0520,0.0000,0
39.021,-0.2919,0.4358,-0.0000,0.0647,-0.0081,0.0642,-0.0062,0.0495,0.0000,0
39.042,-0.2919,0.4358,-0.0000,0.0647,-0.0081,0.0642,-0.0064,0.0514,0.0000,0
39.061,-0.2919,0.4358,-0.0000,0.0647,-0.0081,0.0642,-0.0064,0.0514,0.0000,0
39.081,-0.2920,0.4366,-0.0000,0.0639,-0.0080,0.0634,-0.0061,0.0488,0.0000,0
39.100,-0.2920,0.4366,-0.0000,0.0639,-0.0080,0.0634,-0.0064,0.0507,0.0000,0
39.123,-0.2920,0.4366,-0.0000,0.0639,-0.0080,0.0634,-0.0064,0.0507,0.0000,0
39.141,-0.2921,0.4373,-0.0000,0.0632,-0.0079,0.0627,-0.0061,0.0483,0.0000,0
39.161,-0.2921,0.4373,-0.0000,0.0632,-0.0079,0.0627,-0.0063,0.0502,0.0000,0
39.181,-0.2921,0.4373,-0.0000,0.0632,-0.0079,0.0627,-0.0063,0.0502,0.0000,0
39.201,-0.2921,0.4373,-0.0000,0.0632,-0.0079,0.0627,-0.0063,0.0502,0.0000,0
39.221,-0.2921,0.4373,-0.0000,0.0632,-0.0079,0.0627,-0.0063,0.0502,0.0000,0
39.241,-0.2922,0.4377,-0.0000,0.0628,-0.0078,0.0623,-0.0061,0.0489,0.0000,0
39.261,-0.2922,0.4381,-0.0000,0.0624,-0.0078,0.0619,-0.0061,0.0486,0.0000,0
39.281,-0.2922,0.4381,-0.0000,0.0624,-0.0078,0.0619,-0.0062,0.0496,0.0000,0
39.301,-0.2922,0.4381,-0.0000,0.0624,-0.0078,0.0619,-0.0062,0.0496,0.0000,0
39.321,-0.2924,0.4392,-0.0000,0.0613,-0.0076,0.0608,-0.0058,0.0459,0.0000,0
39.341,-0.2924,0.4392,-0.0000,0.0613,-0.0076,0.0608,-0.0061,0.0487,0.0000,0
39.360,-0.2924,0.4392,-0.0000,0.0613,-0.0076,0.0608,-0.0061,0.0487,0.0000,0
39.380,-0.2924,0.4392,-0.0000,0.0613,-0.0076,0.0608,-0.0061,0.0487,0.0000,0
39.401,-0.2925,0.4399,-0.0000,0.0606,-0.0075,0.0601,-0.0058,0.0463,0.0000,0
39.421,-0.2925,0.4406,-0.0000,0.0599,-0.0075,0.0594,-0.0057,0.0458,0.0000,0
39.440,-0.2925,0.4406,-0.0000,0.0599,-0.0075,0.0594,-0.0060,0.0476,0.0000,0
39.461,-0.2925,0.4406,-0.0000,0.0599,-0.0075,0.0594,-0.0060,0.0476,0.0000,0
39.481,-0.2926,0.4413,-0.0000,0.0592,-0.0074,0.0587,-0.0057,0.0452,0.0000,0
39.500,-0.2926,0.4413,-0.0000,0.0592,-0.0074,0.0587,-0.0059,0.0470,0.0000,0
39.521,-0.2926,0.4413,-0.0000,0.0592,-0.0074,0.0587,-0.0059,0.0470,0.0000,0
39.542,-0.2926,0.4413,-0.0000,0.0592,-0.0074,0.0587,-0.0059,0.0470,0.0000,0
39.561,-0.2927,0.4420,-0.0000,0.0585,-0.0073,0.0580,-0.0056,0.0447,0.0000,0
39.580,-0.2927,0.4420,-0.0000,0.0585,-0.0073,0.0580,-0.0058,0.0464,0.0000,0
39.600,-0.2927,0.4420,-0.0000,0.0585,-0.0073,0.0580,-0.0058,0.0464,0.0000,0
39.621,-0.2927,0.4420,-0.0000,0.0585,-0.0073,0.0580,-0.0058,0.0464,0.0000,0
39.641,-0.2929,0.4433,-0.0000,0.0571,-0.0071,0.0567,-0.0053,0.0420,0.0000,0
39.660,-0.2929,0.4433,-0.0000,0.0571,-0.0071,0.0567,-0.0057,0.0454,0.0000,0
39.681,-0.2929,0.4433,-0.0000,0.0571,-0.0071,0.0567,-0.0057,0.0454,0.0000,0
39.701,-0.2929,0.4436,-0.0000,0.0568,-0.0071,0.0564,-0.0056,0.0443,0.0000,0
39.721,-0.2930,0.4443,-0.0000,0.0562,-0.0070,0.0557,-0.0054,0.0430,0.0000,0
39.740,-0.2930,0.4443,-0.0000,0.0562,-0.0070,0.0557,-0.0056,0.0446,0.0000,0
39.761,-0.2930,0.4443,-0.0000,0.0562,-0.0070,0.0557,-0.0056,0.0446,0.0000,0
39.780,-0.2930,0.4446,-0.0000,0.0558,-0.0070,0.0554,-0.0055,0.0435,0.0000,0
39.801,-0.2930,0.4446,-0.0000,0.0558,-0.0070,0.0554,-0.0056,0.0443,0.0000,0
39.820,-0.2930,0.4446,-0.0000,0.0558,-0.0070,0.0554,-0.0056,0.0443,0.0000,0
39.841,-0.2930,0.4446,-0.0000,0.0558,-0.0070,0.0554,-0.0056,0.0443,0.0000,0
39.860,-0.2930,0.4446,-0.0000,0.0558,-0.0070,0.0554,-0.0056,0.0443,0.0000,0
39.880,-0.2930,0.4446,-0.0000,0.0558,-0.0070,0.0554,-0.0056,0.0443,0.0000,0
39.900,-0.2930,0.4446,-0.0000,0.0558,-0.0070,0.0554,-0.0056,0.0443,0.0000,0
39.922,-0.2932,0.4456,-0.0000,0.0549,-0.0068,0.0544,-0.0052,0.0411,0.0000,0
39.941,-0.2932,0.4459,-0.0000,0.0545,-0.0068,0.0541,-0.0053,0.0425,0.0000,0
39.961,-0.2933,0.4465,-0.0000,0.0539,-0.0067,0.0535,-0.0052,0.0413,0.0000,0
39.980,-0.2933,0.4465,-0.0000,0.0539,-0.0067,0.0535,-0.0054,0.0428,0.0000,0
40.002,-0.2933,0.4465,-0.0000,0.0539,-0.0067,0.0535,-0.0054,0.0428,0.0000,0
40.021,-0.2933,0.4465,-0.0000,0.0539,-0.0067,0.0535,-0.0054,0.0428,0.0000,0
40.041,-0.2933,0.4468,-0.0000,0.0536,-0.0067,0.0532,-0.0052,0.0418,0.0000,0
40.061,-0.2934,0.4474,-0.0000,0.0530,-0.0066,0.0526,-0.0051,0.0405,0.0000,0
40.082,-0.2934,0.4474,-0.0000,0.0530,-0.0066,0.0526,-0.0053,0.0420,0.0000,0
40.100,-0.2934,0.4477,-0.0000,0.0527,-0.0066,0.0523,-0.0051,0.0410,0.0000,0
40.121,-0.2934,0.4477,-0.0000,0.0527,-0.0066,0.0523,-0.0052,0.0418,0.0000,0
40.141,-0.2934,0.4477,-0.0000,0.0527,-0.0066,0.0523,-0.0052,0.0418,0.0000,0
40.160,-0.2934,0.4477,-0.0000,0.0527,-0.0066,0.0523,-0.0052,0.0418,0.0000,0
40.181,-0.2934,0.4477,-0.0000,0.0527,-0.0066,0.0523,-0.0052,0.0418,0.0000,0
40.201,-0.2934,0.4477,-0.0000,0.0527,-0.0066,0.0523,-0.0052,0.0418,0.0000,0
40.221,-0.2935,0.4481,-0.0000,0.0523,-0.0065,0.0519,-0.0051,0.0408,0.0000,0
40.241,-0.2936,0.4487,-0.0000,0.0517,-0.0064,0.0513,-0.0050,0.0395,0.0000,0
40.261,-0.2936,0.4487,-0.0000,0.0517,-0.0064,0.0513,-0.0052,0.0411,0.0000,0
40.281,-0.2936,0.4490,-0.0000,0.0514,-0.0064,0.0510,-0.0050,0.0401,0.0000,0
40.301,-0.2937,0.4496,-0.0000,0.0508,-0.0063,0.0504,-0.0049,0.0388,0.0000,0
40.321,-0.2937,0.4496,-0.0000,0.0508,-0.0063,0.0504,-0.0051,0.0403,0.0000,0
40.342,-0.2937,0.4496,-0.0000,0.0508,-0.0063,0.0504,-0.0051,0.0403,0.0000,0
40.361,-0.2937,0.4496,-0.0000,0.0508,-0.0063,0.0504,-0.0051,0.0403,0.0000,0
40.381,-0.2937,0.4502,-0.0000,0.0502,-0.0063,0.0498,-0.0048,0.0384,0.0000,0
40.400,-0.2937,0.4502,-0.0000,0.0502,-0.0063,0.0498,-0.0050,0.0399,0.0000,0
40.421,-0.2937,0.4502,-0.0000,0.0502,-0.0063,0.0498,-0.0050,0.0399,0.0000,0
40.441,-0.2937,0.4502,-0.0000,0.0502,-0.0063,0.0498,-0.0050,0.0399,0.0000,0
40.461,-0.2938,0.4508,-0.0000,0.0496,-0.0062,0.0492,0.0000,0.0000,0.0000,1
