t,x,y,theta,rho,vx,vy,w,wp_idx,ideal_x,ideal_y,reached
1.823,-0.5000,-1.0000,-0.0000,0.5000,0.2000,0.0000,0.0000,0,0.0000,-1.0000,0
1.843,-0.4985,-1.0000,-0.0000,0.4985,0.2000,0.0000,0.0000,0,0.0000,-1.0000,0
1.864,-0.4911,-1.0000,-0.0000,0.4911,0.2000,0.0000,0.0000,0,0.0000,-1.0000,0
1.883,-0.4911,-1.0000,-0.0000,0.4911,0.2000,0.0000,0.0000,0,0.0000,-1.0000,0
1.903,-0.4897,-1.0000,-0.0000,0.4897,0.2000,0.0000,0.0000,0,0.0000,-1.0000,0
1.923,-0.4838,-1.0000,-0.0000,0.4838,0.2000,0.0000,0.0000,0,0.0000,-1.0000,0
1.943,-0.4838,-1.0000,-0.0000,0.4838,0.2000,0.0000,0.0000,0,0.0000,-1.0000,0
1.963,-0.4838,-1.0000,-0.0000,0.4838,0.2000,0.0000,0.0000,0,0.0000,-1.0000,0
1.983,-0.4749,-1.0000,-0.0000,0.4749,0.2000,0.0000,0.0000,0,0.0000,-1.0000,0
2.004,-0.4690,-1.0000,-0.0000,0.4690,0.2000,0.0000,0.0000,0,0.0000,-1.0000,0
2.023,-0.4690,-1.0000,-0.0000,0.4690,0.2000,0.0000,0.0000,0,0.0000,-1.0000,0
2.043,-0.4690,-1.0000,-0.0000,0.4690,0.2000,0.0000,0.0000,0,0.0000,-1.0000,0
2.063,-0.4675,-1.0000,-0.0000,0.4675,0.2000,0.0000,0.0000,0,0.0000,-1.0000,0
2.084,-0.4675,-1.0000,-0.0000,0.4675,0.2000,0.0000,0.0000,0,0.0000,-1.0000,0
2.103,-0.4675,-1.0000,-0.0000,0.4675,0.2000,0.0000,0.0000,0,0.0000,-1.0000,0
2.123,-0.4675,-1.0000,-0.0000,0.4675,0.2000,0.0000,0.0000,0,0.0000,-1.0000,0
2.143,-0.4631,-1.0000,-0.0000,0.4631,0.2000,0.0000,0.0000,0,0.0000,-1.0000,0
2.163,-0.4631,-1.0000,-0.0000,0.4631,0.2000,0.0000,0.0000,0,0.0000,-1.0000,0
2.183,-0.4513,-1.0000,-0.0000,0.4513,0.2000,0.0000,0.0000,0,0.0000,-1.0000,0
2.203,-0.4513,-1.0000,-0.0000,0.4513,0.2000,0.0000,0.0000,0,0.0000,-1.0000,0
2.223,-0.4513,-1.0000,-0.0000,0.4513,0.2000,0.0000,0.0000,0,0.0000,-1.0000,0
2.243,-0.4439,-1.0000,-0.0000,0.4439,0.2000,0.0000,0.0000,0,0.0000,-1.0000,0
2.263,-0.4380,-1.0000,-0.0000,0.4380,0.2000,0.0000,0.0000,0,0.0000,-1.0000,0
2.283,-0.4380,-1.0000,-0.0000,0.4380,0.2000,0.0000,0.0000,0,0.0000,-1.0000,0
2.303,-0.4380,-1.0000,-0.0000,0.4380,0.2000,0.0000,0.0000,0,0.0000,-1.0000,0
2.323,-0.4335,-1.0000,-0.0000,0.4335,0.2000,0.0000,0.0000,0,0.0000,-1.0000,0
2.343,-0.4276,-1.0000,-0.0000,0.4276,0.2000,0.0000,0.0000,0,0.0000,-1.0000,0
2.363,-0.4276,-1.0000,-0.0000,0.4276,0.2000,0.0000,0.0000,0,0.0000,-1.0000,0
2.383,-0.4276,-1.0000,-0.0000,0.4276,0.2000,0.0000,0.0000,0,0.0000,-1.0000,0
2.405,-0.4276,-1.0000,-0.0000,0.4276,0.2000,0.0000,0.0000,0,0.0000,-1.0000,0
2.423,-0.4262,-1.0000,-0.0000,0.4262,0.2000,0.0000,0.0000,0,0.0000,-1.0000,0
2.443,-0.4262,-1.0000,-0.0000,0.4262,0.2000,0.0000,0.0000,0,0.0000,-1.0000,0
2.463,-0.4262,-1.0000,-0.0000,0.4262,0.2000,0.0000,0.0000,0,0.0000,-1.0000,0
2.485,-0.4262,-1.0000,-0.0000,0.4262,0.2000,0.0000,0.0000,0,0.0000,-1.0000,0
2.505,-0.4262,-1.0000,-0.0000,0.4262,0.2000,0.0000,0.0000,0,0.0000,-1.0000,0
2.523,-0.4217,-1.0000,-0.0000,0.4217,0.2000,0.0000,0.0000,0,0.0000,-1.0000,0
2.543,-0.4217,-1.0000,-0.0000,0.4217,0.2000,0.0000,0.0000,0,0.0000,-1.0000,0
2.563,-0.4217,-1.0000,-0.0000,0.4217,0.2000,0.0000,0.0000,0,0.0000,-1.0000,0
2.583,-0.4217,-1.0000,-0.0000,0.4217,0.2000,0.0000,0.0000,0,0.0000,-1.0000,0
2.604,-0.4217,-1.0000,-0.0000,0.4217,0.2000,0.0000,0.0000,0,0.0000,-1.0000,0
2.623,-0.4129,-1.0000,-0.0000,0.4129,0.2000,0.0000,0.0000,0,0.0000,-1.0000,0
2.643,-0.4129,-1.0000,-0.0000,0.4129,0.2000,0.0000,0.0000,0,0.0000,-1.0000,0
2.663,-0.4129,-1.0000,-0.0000,0.4129,0.2000,0.0000,0.0000,0,0.0000,-1.0000,0
2.683,-0.4129,-1.0000,-0.0000,0.4129,0.2000,0.0000,0.0000,0,0.0000,-1.0000,0
2.703,-0.4025,-1.0000,-0.0000,0.4025,0.2000,0.0000,0.0000,0,0.0000,-1.0000,0
2.723,-0.4025,-1.0000,-0.0000,0.4025,0.2000,0.0000,0.0000,0,0.0000,-1.0000,0
2.743,-0.3951,-1.0000,-0.0000,0.3951,0.2000,0.0000,0.0000,0,0.0000,-1.0000,0
2.763,-0.3951,-1.0000,-0.0000,0.3951,0.2000,0.0000,0.0000,0,0.0000,-1.0000,0
2.783,-0.3951,-1.0000,-0.0000,0.3951,0.2000,0.0000,0.0000,0,0.0000,-1.0000,0
2.805,-0.3951,-1.0000,-0.0000,0.3951,0.2000,0.0000,0.0000,0,0.0000,-1.0000,0
2.823,-0.3951,-1.0000,-0.0000,0.3951,0.2000,0.0000,0.0000,0,0.0000,-1.0000,0
2.843,-0.3951,-1.0000,-0.0000,0.3951,0.2000,0.0000,0.0000,0,0.0000,-1.0000,0
2.863,-0.3951,-1.0000,-0.0000,0.3951,0.2000,0.0000,0.0000,0,0.0000,-1.0000,0
2.884,-0.3907,-1.0000,-0.0000,0.3907,0.2000,0.0000,0.0000,0,0.0000,-1.0000,0
2.903,-0.3907,-1.0000,-0.0000,0.3907,0.2000,0.0000,0.0000,0,0.0000,-1.0000,0
2.923,-0.3848,-1.0000,-0.0000,0.3848,0.2000,0.0000,0.0000,0,0.0000,-1.0000,0
2.943,-0.3789,-1.0000,-0.0000,0.3789,0.2000,0.0000,0.0000,0,0.0000,-1.0000,0
2.963,-0.3789,-1.0000,-0.0000,0.3789,0.2000,0.0000,0.0000,0,0.0000,-1.0000,0
2.983,-0.3789,-1.0000,-0.0000,0.3789,0.2000,0.0000,0.0000,0,0.0000,-1.0000,0
3.003,-0.3730,-1.0000,-0.0000,0.3730,0.2000,0.0000,0.0000,0,0.0000,-1.0000,0
3.023,-0.3686,-1.0000,-0.0000,0.3686,0.2000,0.0000,0.0000,0,0.0000,-1.0000,0
3.044,-0.3686,-1.0000,-0.0000,0.3686,0.2000,0.0000,0.0000,0,0.0000,-1.0000,0
3.063,-0.3671,-1.0000,-0.0000,0.3671,0.2000,0.0000,0.0000,0,0.0000,-1.0000,0
3.083,-0.3671,-1.0000,-0.0000,0.3671,0.2000,0.0000,0.0000,0,0.0000,-1.0000,0
3.103,-0.3671,-1.0000,-0.0000,0.3671,0.2000,0.0000,0.0000,0,0.0000,-1.0000,0
3.124,-0.3671,-1.0000,-0.0000,0.3671,0.2000,0.0000,0.0000,0,0.0000,-1.0000,0
3.143,-0.3671,-1.0000,-0.0000,0.3671,0.2000,0.0000,0.0000,0,0.0000,-1.0000,0
3.164,-0.3671,-1.0000,-0.0000,0.3671,0.2000,0.0000,0.0000,0,0.0000,-1.0000,0
3.183,-0.3626,-1.0000,-0.0000,0.3626,0.2000,0.0000,0.0000,0,0.0000,-1.0000,0
3.203,-0.3626,-1.0000,-0.0000,0.3626,0.2000,0.0000,0.0000,0,0.0000,-1.0000,0
3.223,-0.3626,-1.0000,-0.0000,0.3626,0.2000,0.0000,0.0000,0,0.0000,-1.0000,0
3.243,-0.3567,-1.0000,-0.0000,0.3567,0.2000,0.0000,0.0000,0,0.0000,-1.0000,0
3.263,-0.3508,-1.0000,-0.0000,0.3508,0.2000,0.0000,0.0000,0,0.0000,-1.0000,0
3.283,-0.3508,-1.0000,-0.0000,0.3508,0.2000,0.0000,0.0000,0,0.0000,-1.0000,0
3.303,-0.3508,-1.0000,-0.0000,0.3508,0.2000,0.0000,0.0000,0,0.0000,-1.0000,0
3.323,-0.3449,-1.0000,-0.0000,0.3449,0.2000,0.0000,0.0000,0,0.0000,-1.0000,0
3.343,-0.3405,-1.0000,-0.0000,0.3405,0.2000,0.0000,0.0000,0,0.0000,-1.0000,0
3.364,-0.3405,-1.0000,-0.0000,0.3405,0.2000,0.0000,0.0000,0,0.0000,-1.0000,0
3.383,-0.3390,-1.0000,-0.0000,0.3390,0.2000,0.0000,0.0000,0,0.0000,-1.0000,0
3.403,-0.3390,-1.0000,-0.0000,0.3390,0.2000,0.0000,0.0000,0,0.0000,-1.0000,0
3.423,-0.3390,-1.0000,-0.0000,0.3390,0.2000,0.0000,0.0000,0,0.0000,-1.0000,0
3.444,-0.3390,-1.0000,-0.0000,0.3390,0.2000,0.0000,0.0000,0,0.0000,-1.0000,0
3.463,-0.3390,-1.0000,-0.0000,0.3390,0.2000,0.0000,0.0000,0,0.0000,-1.0000,0
3.485,-0.3390,-1.0000,-0.0000,0.3390,0.2000,0.0000,0.0000,0,0.0000,-1.0000,0
3.503,-0.3375,-1.0000,-0.0000,0.3375,0.2000,0.0000,0.0000,0,0.0000,-1.0000,0
3.523,-0.3316,-1.0000,-0.0000,0.3316,0.2000,0.0000,0.0000,0,0.0000,-1.0000,0
3.543,-0.3316,-1.0000,-0.0000,0.3316,0.2000,0.0000,0.0000,0,0.0000,-1.0000,0
3.563,-0.3287,-1.0000,-0.0000,0.3287,0.2000,0.0000,0.0000,0,0.0000,-1.0000,0
3.583,-0.3228,-1.0000,-0.0000,0.3228,0.2000,0.0000,0.0000,0,0.0000,-1.0000,0
3.603,-0.3228,-1.0000,-0.0000,0.3228,0.2000,0.0000,0.0000,0,0.0000,-1.0000,0
3.623,-0.3228,-1.0000,-0.0000,0.3228,0.2000,0.0000,0.0000,0,0.0000,-1.0000,0
3.643,-0.3169,-1.0000,-0.0000,0.3169,0.2000,0.0000,0.0000,0,0.0000,-1.0000,0
3.663,-0.3110,-1.0000,-0.0000,0.3110,0.2000,0.0000,0.0000,0,0.0000,-1.0000,0
3.683,-0.3110,-1.0000,-0.0000,0.3110,0.2000,0.0000,0.0000,0,0.0000,-1.0000,0
3.703,-0.3110,-1.0000,-0.0000,0.3110,0.2000,0.0000,0.0000,0,0.0000,-1.0000,0
3.723,-0.3095,-1.0000,-0.0000,0.3095,0.2000,0.0000,0.0000,0,0.0000,-1.0000,0
3.743,-0.3095,-1.0000,-0.0000,0.3095,0.2000,0.0000,0.0000,0,0.0000,-1.0000,0
3.763,-0.3095,-1.0000,-0.0000,0.3095,0.2000,0.0000,0.0000,0,0.0000,-1.0000,0
3.784,-0.3095,-1.0000,-0.0000,0.3095,0.2000,0.0000,0.0000,0,0.0000,-1.0000,0
3.803,-0.3095,-1.0000,-0.0000,0.3095,0.2000,0.0000,0.0000,0,0.0000,-1.0000,0
3.824,-0.3095,-1.0000,-0.0000,0.3095,0.2000,0.0000,0.0000,0,0.0000,-1.0000,0
3.843,-0.3095,-1.0000,-0.0000,0.3095,0.2000,0.0000,0.0000,0,0.0000,-1.0000,0
3.863,-0.3095,-1.0000,-0.0000,0.3095,0.2000,0.0000,0.0000,0,0.0000,-1.0000,0
3.883,-0.3095,-1.0000,-0.0000,0.3095,0.2000,0.0000,0.0000,0,0.0000,-1.0000,0
3.903,-0.3095,-1.0000,-0.0000,0.3095,0.2000,0.0000,0.0000,0,0.0000,-1.0000,0
3.923,-0.3080,-1.0000,-0.0000,0.3080,0.2000,0.0000,0.0000,0,0.0000,-1.0000,0
3.943,-0.3021,-1.0000,-0.0000,0.3021,0.2000,0.0000,0.0000,0,0.0000,-1.0000,0
3.963,-0.2947,-1.0000,-0.0000,0.2947,0.2000,0.0000,0.0000,0,0.0000,-1.0000,0
3.984,-0.2903,-1.0000,-0.0000,0.2903,0.2000,0.0000,0.0000,0,0.0000,-1.0000,0
4.003,-0.2903,-1.0000,-0.0000,0.2903,0.2000,0.0000,0.0000,0,0.0000,-1.0000,0
4.023,-0.2903,-1.0000,-0.0000,0.2903,0.2000,0.0000,0.0000,0,0.0000,-1.0000,0
4.043,-0.2814,-1.0000,-0.0000,0.2814,0.2000,0.0000,0.0000,0,0.0000,-1.0000,0
4.063,-0.2814,-1.0000,-0.0000,0.2814,0.2000,0.0000,0.0000,0,0.0000,-1.0000,0
4.083,-0.2814,-1.0000,-0.0000,0.2814,0.2000,0.0000,0.0000,0,0.0000,-1.0000,0
4.104,-0.2814,-1.0000,-0.0000,0.2814,0.2000,0.0000,0.0000,0,0.0000,-1.0000,0
4.123,-0.2814,-1.0000,-0.0000,0.2814,0.2000,0.0000,0.0000,0,0.0000,-1.0000,0
4.143,-0.2814,-1.0000,-0.0000,0.2814,0.2000,0.0000,0.0000,0,0.0000,-1.0000,0
4.165,-0.2814,-1.0000,-0.0000,0.2814,0.2000,0.0000,0.0000,0,0.0000,-1.0000,0
4.183,-0.2814,-1.0000,-0.0000,0.2814,0.2000,0.0000,0.0000,0,0.0000,-1.0000,0
4.203,-0.2814,-1.0000,-0.0000,0.2814,0.2000,0.0000,0.0000,0,0.0000,-1.0000,0
4.225,-0.2814,-1.0000,-0.0000,0.2814,0.2000,0.0000,0.0000,0,0.0000,-1.0000,0
4.243,-0.2799,-1.0000,-0.0000,0.2799,0.2000,0.0000,0.0000,0,0.0000,-1.0000,0
4.263,-0.2740,-1.0000,-0.0000,0.2740,0.2000,0.0000,0.0000,0,0.0000,-1.0000,0
4.283,-0.2666,-1.0000,-0.0000,0.2666,0.2000,0.0000,0.0000,0,0.0000,-1.0000,0
4.304,-0.2622,-1.0000,-0.0000,0.2622,0.2000,0.0000,0.0000,0,0.0000,-1.0000,0
4.323,-0.2534,-1.0000,-0.0000,0.2534,0.2000,0.0000,0.0000,0,0.0000,-1.0000,0
4.344,-0.2534,-1.0000,-0.0000,0.2534,0.2000,0.0000,0.0000,0,0.0000,-1.0000,0
4.363,-0.2519,-1.0000,-0.0000,0.2519,0.2000,0.0000,0.0000,0,0.0000,-1.0000,0
4.384,-0.2519,-1.0000,-0.0000,0.2519,0.2000,0.0000,0.0000,0,0.0000,-1.0000,0
4.403,-0.2519,-1.0000,-0.0000,0.2519,0.2000,0.0000,0.0000,0,0.0000,-1.0000,0
4.425,-0.2519,-1.0000,-0.0000,0.2519,0.2000,0.0000,0.0000,0,0.0000,-1.0000,0
4.443,-0.2504,-1.0000,-0.0000,0.2504,0.2000,0.0000,0.0000,0,0.0000,-1.0000,0
4.463,-0.2445,-1.0000,-0.0000,0.2445,0.2000,0.0000,0.0000,0,0.0000,-1.0000,0
4.483,-0.2445,-1.0000,-0.0000,0.2445,0.2000,0.0000,0.0000,0,0.0000,-1.0000,0
4.503,-0.2430,-1.0000,-0.0000,0.2430,0.2000,0.0000,0.0000,0,0.0000,-1.0000,0
4.523,-0.2371,-1.0000,-0.0000,0.2371,0.2000,0.0000,0.0000,0,0.0000,-1.0000,0
4.544,-0.2371,-1.0000,-0.0000,0.2371,0.2000,0.0000,0.0000,0,0.0000,-1.0000,0
4.563,-0.2371,-1.0000,-0.0000,0.2371,0.2000,0.0000,0.0000,0,0.0000,-1.0000,0
4.583,-0.2327,-1.0000,-0.0000,0.2327,0.2000,0.0000,0.0000,0,0.0000,-1.0000,0
4.603,-0.2297,-1.0000,-0.0000,0.2297,0.2000,0.0000,0.0000,0,0.0000,-1.0000,0
4.624,-0.2297,-1.0000,-0.0000,0.2297,0.2000,0.0000,0.0000,0,0.0000,-1.0000,0
4.644,-0.2282,-1.0000,-0.0000,0.2282,0.2000,0.0000,0.0000,0,0.0000,-1.0000,0
4.663,-0.2253,-1.0000,-0.0000,0.2253,0.2000,0.0000,0.0000,0,0.0000,-1.0000,0
4.683,-0.2253,-1.0000,-0.0000,0.2253,0.2000,0.0000,0.0000,0,0.0000,-1.0000,0
4.703,-0.2253,-1.0000,-0.0000,0.2253,0.2000,0.0000,0.0000,0,0.0000,-1.0000,0
4.723,-0.2253,-1.0000,-0.0000,0.2253,0.2000,0.0000,0.0000,0,0.0000,-1.0000,0
4.743,-0.2223,-1.0000,-0.0000,0.2223,0.2000,0.0000,0.0000,0,0.0000,-1.0000,0
4.763,-0.2223,-1.0000,-0.0000,0.2223,0.2000,0.0000,0.0000,0,0.0000,-1.0000,0
4.783,-0.2223,-1.0000,-0.0000,0.2223,0.2000,0.0000,0.0000,0,0.0000,-1.0000,0
4.803,-0.2223,-1.0000,-0.0000,0.2223,0.2000,0.0000,0.0000,0,0.0000,-1.0000,0
4.823,-0.2223,-1.0000,-0.0000,0.2223,0.2000,0.0000,0.0000,0,0.0000,-1.0000,0
4.843,-0.2223,-1.0000,-0.0000,0.2223,0.2000,0.0000,0.0000,0,0.0000,-1.0000,0
4.863,-0.2223,-1.0000,-0.0000,0.2223,0.2000,0.0000,0.0000,0,0.0000,-1.0000,0
4.883,-0.2223,-1.0000,-0.0000,0.2223,0.2000,0.0000,0.0000,0,0.0000,-1.0000,0
4.903,-0.2223,-1.0000,-0.0000,0.2223,0.2000,0.0000,0.0000,0,0.0000,-1.0000,0
4.923,-0.2223,-1.0000,-0.0000,0.2223,0.2000,0.0000,0.0000,0,0.0000,-1.0000,0
4.944,-0.2223,-1.0000,-0.0000,0.2223,0.2000,0.0000,0.0000,0,0.0000,-1.0000,0
4.963,-0.2164,-1.0000,-0.0000,0.2164,0.2000,0.0000,0.0000,0,0.0000,-1.0000,0
4.983,-0.2135,-1.0000,-0.0000,0.2135,0.2000,0.0000,0.0000,0,0.0000,-1.0000,0
5.003,-0.2061,-1.0000,-0.0000,0.2061,0.2000,0.0000,0.0000,0,0.0000,-1.0000,0
5.023,-0.1972,-1.0000,-0.0000,0.1972,0.2000,0.0000,0.0000,0,0.0000,-1.0000,0
5.043,-0.1972,-1.0000,-0.0000,0.1972,0.2000,0.0000,0.0000,0,0.0000,-1.0000,0
5.066,-0.1972,-1.0000,-0.0000,0.1972,0.2000,0.0000,0.0000,0,0.0000,-1.0000,0
5.083,-0.1943,-1.0000,-0.0000,0.1943,0.2000,0.0000,0.0000,0,0.0000,-1.0000,0
5.103,-0.1943,-1.0000,-0.0000,0.1943,0.2000,0.0000,0.0000,0,0.0000,-1.0000,0
5.123,-0.1943,-1.0000,-0.0000,0.1943,0.2000,0.0000,0.0000,0,0.0000,-1.0000,0
5.144,-0.1943,-1.0000,-0.0000,0.1943,0.2000,0.0000,0.0000,0,0.0000,-1.0000,0
5.163,-0.1943,-1.0000,-0.0000,0.1943,0.2000,0.0000,0.0000,0,0.0000,-1.0000,0
5.183,-0.1943,-1.0000,-0.0000,0.1943,0.2000,0.0000,0.0000,0,0.0000,-1.0000,0
5.203,-0.1943,-1.0000,-0.0000,0.1943,0.2000,0.0000,0.0000,0,0.0000,-1.0000,0
5.223,-0.1943,-1.0000,-0.0000,0.1943,0.2000,0.0000,0.0000,0,0.0000,-1.0000,0
5.243,-0.1943,-1.0000,-0.0000,0.1943,0.2000,0.0000,0.0000,0,0.0000,-1.0000,0
5.263,-0.1943,-1.0000,-0.0000,0.1943,0.2000,0.0000,0.0000,0,0.0000,-1.0000,0
5.284,-0.1943,-1.0000,-0.0000,0.1943,0.2000,0.0000,0.0000,0,0.0000,-1.0000,0
5.303,-0.1898,-1.0000,-0.0000,0.1898,0.2000,0.0000,0.0000,0,0.0000,-1.0000,0
5.323,-0.1869,-1.0000,-0.0000,0.1869,0.2000,0.0000,0.0000,0,0.0000,-1.0000,0
5.343,-0.1795,-1.0000,-0.0000,0.1795,0.2000,0.0000,0.0000,0,0.0000,-1.0000,0
5.364,-0.1766,-1.0000,-0.0000,0.1766,0.2000,0.0000,0.0000,0,0.0000,-1.0000,0
5.383,-0.1766,-1.0000,-0.0000,0.1766,0.2000,0.0000,0.0000,0,0.0000,-1.0000,0
5.404,-0.1766,-1.0000,-0.0000,0.1766,0.2000,0.0000,0.0000,0,0.0000,-1.0000,0
5.423,-0.1706,-1.0000,-0.0000,0.1706,0.2000,0.0000,0.0000,0,0.0000,-1.0000,0
5.444,-0.1706,-1.0000,-0.0000,0.1706,0.2000,0.0000,0.0000,0,0.0000,-1.0000,0
5.463,-0.1706,-1.0000,-0.0000,0.1706,0.2000,0.0000,0.0000,0,0.0000,-1.0000,0
5.483,-0.1706,-1.0000,-0.0000,0.1706,0.2000,0.0000,0.0000,0,0.0000,-1.0000,0
5.503,-0.1662,-1.0000,-0.0000,0.1662,0.2000,0.0000,0.0000,0,0.0000,-1.0000,0
5.523,-0.1662,-1.0000,-0.0000,0.1662,0.2000,0.0000,0.0000,0,0.0000,-1.0000,0
5.543,-0.1662,-1.0000,-0.0000,0.1662,0.2000,0.0000,0.0000,0,0.0000,-1.0000,0
5.563,-0.1618,-1.0000,-0.0000,0.1618,0.2000,0.0000,0.0000,0,0.0000,-1.0000,0
5.583,-0.1559,-1.0000,-0.0000,0.1559,0.2000,0.0000,0.0000,0,0.0000,-1.0000,0
5.604,-0.1559,-1.0000,-0.0000,0.1559,0.2000,0.0000,0.0000,0,0.0000,-1.0000,0
5.623,-0.1559,-1.0000,-0.0000,0.1559,0.2000,0.0000,0.0000,0,0.0000,-1.0000,0
5.643,-0.1514,-1.0000,-0.0000,0.1514,0.2000,0.0000,0.0000,0,0.0000,-1.0000,0
5.664,-0.1485,-1.0000,-0.0000,1.1485,0.2000,0.0000,0.0000,1,1.0000,-1.0000,0
5.685,-0.1485,-1.0000,-0.0000,1.1485,0.2000,0.0000,0.0000,1,1.0000,-1.0000,0
5.703,-0.1441,-1.0000,-0.0000,1.1441,0.2000,0.0000,0.0000,1,1.0000,-1.0000,0
5.723,-0.1441,-1.0000,-0.0000,1.1441,0.2000,0.0000,0.0000,1,1.0000,-1.0000,0
5.743,-0.1441,-1.0000,-0.0000,1.1441,0.2000,0.0000,0.0000,1,1.0000,-1.0000,0
5.763,-0.1441,-1.0000,-0.0000,1.1441,0.2000,0.0000,0.0000,1,1.0000,-1.0000,0
5.783,-0.1441,-1.0000,-0.0000,1.1441,0.2000,0.0000,0.0000,1,1.0000,-1.0000,0
5.803,-0.1382,-1.0000,-0.0000,1.1382,0.2000,0.0000,0.0000,1,1.0000,-1.0000,0
5.823,-0.1382,-1.0000,-0.0000,1.1382,0.2000,0.0000,0.0000,1,1.0000,-1.0000,0
5.845,-0.1382,-1.0000,-0.0000,1.1382,0.2000,0.0000,0.0000,1,1.0000,-1.0000,0
5.863,-0.1337,-1.0000,-0.0000,1.1337,0.2000,0.0000,0.0000,1,1.0000,-1.0000,0
5.883,-0.1293,-1.0000,-0.0000,1.1293,0.2000,0.0000,0.0000,1,1.0000,-1.0000,0
5.903,-0.1293,-1.0000,-0.0000,1.1293,0.2000,0.0000,0.0000,1,1.0000,-1.0000,0
5.923,-0.1293,-1.0000,-0.0000,1.1293,0.2000,0.0000,0.0000,1,1.0000,-1.0000,0
5.944,-0.1293,-1.0000,-0.0000,1.1293,0.2000,0.0000,0.0000,1,1.0000,-1.0000,0
5.963,-0.1249,-1.0000,-0.0000,1.1249,0.2000,0.0000,0.0000,1,1.0000,-1.0000,0
5.984,-0.1249,-1.0000,-0.0000,1.1249,0.2000,0.0000,0.0000,1,1.0000,-1.0000,0
6.003,-0.1249,-1.0000,-0.0000,1.1249,0.2000,0.0000,0.0000,1,1.0000,-1.0000,0
6.023,-0.1190,-1.0000,-0.0000,1.1190,0.2000,0.0000,0.0000,1,1.0000,-1.0000,0
6.043,-0.1190,-1.0000,-0.0000,1.1190,0.2000,0.0000,0.0000,1,1.0000,-1.0000,0
6.063,-0.1190,-1.0000,-0.0000,1.1190,0.2000,0.0000,0.0000,1,1.0000,-1.0000,0
6.083,-0.1190,-1.0000,-0.0000,1.1190,0.2000,0.0000,0.0000,1,1.0000,-1.0000,0
6.103,-0.1190,-1.0000,-0.0000,1.1190,0.2000,0.0000,0.0000,1,1.0000,-1.0000,0
6.123,-0.1145,-1.0000,-0.0000,1.1145,0.2000,0.0000,0.0000,1,1.0000,-1.0000,0
6.144,-0.1145,-1.0000,-0.0000,1.1145,0.2000,0.0000,0.0000,1,1.0000,-1.0000,0
6.163,-0.1145,-1.0000,-0.0000,1.1145,0.2000,0.0000,0.0000,1,1.0000,-1.0000,0
6.183,-0.1101,-1.0000,-0.0000,1.1101,0.2000,0.0000,0.0000,1,1.0000,-1.0000,0
6.203,-0.1042,-1.0000,-0.0000,1.1042,0.2000,0.0000,0.0000,1,1.0000,-1.0000,0
6.223,-0.1042,-1.0000,-0.0000,1.1042,0.2000,0.0000,0.0000,1,1.0000,-1.0000,0
6.245,-0.1042,-1.0000,-0.0000,1.1042,0.2000,0.0000,0.0000,1,1.0000,-1.0000,0
6.263,-0.0998,-1.0000,-0.0000,1.0998,0.2000,0.0000,0.0000,1,1.0000,-1.0000,0
6.283,-0.0998,-1.0000,-0.0000,1.0998,0.2000,0.0000,0.0000,1,1.0000,-1.0000,0
6.303,-0.0998,-1.0000,-0.0000,1.0998,0.2000,0.0000,0.0000,1,1.0000,-1.0000,0
6.323,-0.0909,-1.0000,-0.0000,1.0909,0.2000,0.0000,0.0000,1,1.0000,-1.0000,0
6.343,-0.0909,-1.0000,-0.0000,1.0909,0.2000,0.0000,0.0000,1,1.0000,-1.0000,0
6.363,-0.0909,-1.0000,-0.0000,1.0909,0.2000,0.0000,0.0000,1,1.0000,-1.0000,0
6.383,-0.0909,-1.0000,-0.0000,1.0909,0.2000,0.0000,0.0000,1,1.0000,-1.0000,0
6.405,-0.0909,-1.0000,-0.0000,1.0909,0.2000,0.0000,0.0000,1,1.0000,-1.0000,0
6.423,-0.0850,-1.0000,-0.0000,1.0850,0.2000,0.0000,0.0000,1,1.0000,-1.0000,0
6.444,-0.0806,-1.0000,-0.0000,1.0806,0.2000,0.0000,0.0000,1,1.0000,-1.0000,0
6.463,-0.0806,-1.0000,-0.0000,1.0806,0.2000,0.0000,0.0000,1,1.0000,-1.0000,0
6.483,-0.0791,-1.0000,-0.0000,1.0791,0.2000,0.0000,0.0000,1,1.0000,-1.0000,0
6.503,-0.0732,-1.0000,-0.0000,1.0732,0.2000,0.0000,0.0000,1,1.0000,-1.0000,0
6.524,-0.0732,-1.0000,-0.0000,1.0732,0.2000,0.0000,0.0000,1,1.0000,-1.0000,0
6.543,-0.0732,-1.0000,-0.0000,1.0732,0.2000,0.0000,0.0000,1,1.0000,-1.0000,0
6.563,-0.0702,-1.0000,-0.0000,1.0702,0.2000,0.0000,0.0000,1,1.0000,-1.0000,0
6.583,-0.0643,-1.0000,-0.0000,1.0643,0.2000,0.0000,0.0000,1,1.0000,-1.0000,0
6.605,-0.0643,-1.0000,-0.0000,1.0643,0.2000,0.0000,0.0000,1,1.0000,-1.0000,0
6.623,-0.0599,-1.0000,-0.0000,1.0599,0.2000,0.0000,0.0000,1,1.0000,-1.0000,0
6.643,-0.0599,-1.0000,-0.0000,1.0599,0.2000,0.0000,0.0000,1,1.0000,-1.0000,0
6.663,-0.0599,-1.0000,-0.0000,1.0599,0.2000,0.0000,0.0000,1,1.0000,-1.0000,0
6.685,-0.0599,-1.0000,-0.0000,1.0599,0.2000,0.0000,0.0000,1,1.0000,-1.0000,0
6.703,-0.0599,-1.0000,-0.0000,1.0599,0.2000,0.0000,0.0000,1,1.0000,-1.0000,0
6.723,-0.0599,-1.0000,-0.0000,1.0599,0.2000,0.0000,0.0000,1,1.0000,-1.0000,0
6.744,-0.0599,-1.0000,-0.0000,1.0599,0.2000,0.0000,0.0000,1,1.0000,-1.0000,0
6.763,-0.0599,-1.0000,-0.0000,1.0599,0.2000,0.0000,0.0000,1,1.0000,-1.0000,0
6.783,-0.0599,-1.0000,-0.0000,1.0599,0.2000,0.0000,0.0000,1,1.0000,-1.0000,0
6.803,-0.0599,-1.0000,-0.0000,1.0599,0.2000,0.0000,0.0000,1,1.0000,-1.0000,0
6.823,-0.0599,-1.0000,-0.0000,1.0599,0.2000,0.0000,0.0000,1,1.0000,-1.0000,0
6.843,-0.0599,-1.0000,-0.0000,1.0599,0.2000,0.0000,0.0000,1,1.0000,-1.0000,0
6.863,-0.0599,-1.0000,-0.0000,1.0599,0.2000,0.0000,0.0000,1,1.0000,-1.0000,0
6.883,-0.0599,-1.0000,-0.0000,1.0599,0.2000,0.0000,0.0000,1,1.0000,-1.0000,0
6.905,-0.0599,-1.0000,-0.0000,1.0599,0.2000,0.0000,0.0000,1,1.0000,-1.0000,0
6.923,-0.0584,-1.0000,-0.0000,1.0584,0.2000,0.0000,0.0000,1,1.0000,-1.0000,0
6.943,-0.0554,-1.0000,-0.0000,1.0554,0.2000,0.0000,0.0000,1,1.0000,-1.0000,0
6.963,-0.0554,-1.0000,-0.0000,1.0554,0.2000,0.0000,0.0000,1,1.0000,-1.0000,0
6.983,-0.0554,-1.0000,-0.0000,1.0554,0.2000,0.0000,0.0000,1,1.0000,-1.0000,0
7.003,-0.0554,-1.0000,-0.0000,1.0554,0.2000,0.0000,0.0000,1,1.0000,-1.0000,0
7.023,-0.0510,-1.0000,-0.0000,1.0510,0.2000,0.0000,0.0000,1,1.0000,-1.0000,0
7.043,-0.0481,-1.0000,-0.0000,1.0481,0.2000,0.0000,0.0000,1,1.0000,-1.0000,0
7.063,-0.0422,-1.0000,-0.0000,1.0422,0.2000,0.0000,0.0000,1,1.0000,-1.0000,0
7.084,-0.0348,-1.0000,-0.0000,1.0348,0.2000,0.0000,0.0000,1,1.0000,-1.0000,0
7.103,-0.0348,-1.0000,-0.0000,1.0348,0.2000,0.0000,0.0000,1,1.0000,-1.0000,0
7.125,-0.0348,-1.0000,-0.0000,1.0348,0.2000,0.0000,0.0000,1,1.0000,-1.0000,0
7.143,-0.0289,-1.0000,-0.0000,1.0289,0.2000,0.0000,0.0000,1,1.0000,-1.0000,0
7.164,-0.0289,-1.0000,-0.0000,1.0289,0.2000,0.0000,0.0000,1,1.0000,-1.0000,0
7.183,-0.0289,-1.0000,-0.0000,1.0289,0.2000,0.0000,0.0000,1,1.0000,-1.0000,0
7.203,-0.0289,-1.0000,-0.0000,1.0289,0.2000,0.0000,0.0000,1,1.0000,-1.0000,0
7.223,-0.0215,-1.0000,-0.0000,1.0215,0.2000,0.0000,0.0000,1,1.0000,-1.0000,0
7.244,-0.0215,-1.0000,-0.0000,1.0215,0.2000,0.0000,0.0000,1,1.0000,-1.0000,0
7.263,-0.0215,-1.0000,-0.0000,1.0215,0.2000,0.0000,0.0000,1,1.0000,-1.0000,0
7.283,-0.0215,-1.0000,-0.0000,1.0215,0.2000,0.0000,0.0000,1,1.0000,-1.0000,0
7.303,-0.0170,-1.0000,-0.0000,1.0170,0.2000,0.0000,0.0000,1,1.0000,-1.0000,0
7.323,-0.0170,-1.0000,-0.0000,1.0170,0.2000,0.0000,0.0000,1,1.0000,-1.0000,0
7.343,-0.0170,-1.0000,-0.0000,1.0170,0.2000,0.0000,0.0000,1,1.0000,-1.0000,0
7.363,-0.0156,-1.0000,-0.0000,1.0156,0.2000,0.0000,0.0000,1,1.0000,-1.0000,0
7.383,-0.0097,-1.0000,-0.0000,1.0097,0.2000,0.0000,0.0000,1,1.0000,-1.0000,0
7.403,-0.0097,-1.0000,-0.0000,1.0097,0.2000,0.0000,0.0000,1,1.0000,-1.0000,0
7.423,-0.0097,-1.0000,-0.0000,1.0097,0.2000,0.0000,0.0000,1,1.0000,-1.0000,0
7.443,-0.0038,-1.0000,-0.0000,1.0038,0.2000,0.0000,0.0000,1,1.0000,-1.0000,0
7.463,-0.0038,-1.0000,-0.0000,1.0038,0.2000,0.0000,0.0000,1,1.0000,-1.0000,0
7.483,-0.0038,-1.0000,-0.0000,1.0038,0.2000,0.0000,0.0000,1,1.0000,-1.0000,0
7.503,0.0007,-1.0000,-0.0000,0.9993,0.2000,0.0000,0.0000,1,1.0000,-1.0000,0
7.523,0.0066,-1.0000,-0.0000,0.9934,0.2000,0.0000,0.0000,1,1.0000,-1.0000,0
7.544,0.0066,-1.0000,-0.0000,0.9934,0.2000,0.0000,0.0000,1,1.0000,-1.0000,0
7.563,0.0110,-1.0000,-0.0000,0.9890,0.2000,0.0000,0.0000,1,1.0000,-1.0000,0
7.583,0.0154,-1.0000,-0.0000,0.9846,0.2000,0.0000,0.0000,1,1.0000,-1.0000,0
7.603,0.0154,-1.0000,-0.0000,0.9846,0.2000,0.0000,0.0000,1,1.0000,-1.0000,0
7.623,0.0154,-1.0000,-0.0000,0.9846,0.2000,0.0000,0.0000,1,1.0000,-1.0000,0
7.643,0.0154,-1.0000,-0.0000,0.9846,0.2000,0.0000,0.0000,1,1.0000,-1.0000,0
7.663,0.0169,-1.0000,-0.0000,0.9831,0.2000,0.0000,0.0000,1,1.0000,-1.0000,0
7.683,0.0169,-1.0000,-0.0000,0.9831,0.2000,0.0000,0.0000,1,1.0000,-1.0000,0
7.703,0.0169,-1.0000,-0.0000,0.9831,0.2000,0.0000,0.0000,1,1.0000,-1.0000,0
7.724,0.0169,-1.0000,-0.0000,0.9831,0.2000,0.0000,0.0000,1,1.0000,-1.0000,0
7.743,0.0169,-1.0000,-0.0000,0.9831,0.2000,0.0000,0.0000,1,1.0000,-1.0000,0
7.763,0.0169,-1.0000,-0.0000,0.9831,0.2000,0.0000,0.0000,1,1.0000,-1.0000,0
7.783,0.0169,-1.0000,-0.0000,0.9831,0.2000,0.0000,0.0000,1,1.0000,-1.0000,0
7.803,0.0169,-1.0000,-0.0000,0.9831,0.2000,0.0000,0.0000,1,1.0000,-1.0000,0
7.823,0.0169,-1.0000,-0.0000,0.9831,0.2000,0.0000,0.0000,1,1.0000,-1.0000,0
7.844,0.0169,-1.0000,-0.0000,0.9831,0.2000,0.0000,0.0000,1,1.0000,-1.0000,0
7.865,0.0169,-1.0000,-0.0000,0.9831,0.2000,0.0000,0.0000,1,1.0000,-1.0000,0
7.883,0.0184,-1.0000,-0.0000,0.9816,0.2000,0.0000,0.0000,1,1.0000,-1.0000,0
7.903,0.0243,-1.0000,-0.0000,0.9757,0.2000,0.0000,0.0000,1,1.0000,-1.0000,0
7.923,0.0317,-1.0000,-0.0000,0.9683,0.2000,0.0000,0.0000,1,1.0000,-1.0000,0
7.944,0.0406,-1.0000,-0.0000,0.9594,0.2000,0.0000,0.0000,1,1.0000,-1.0000,0
7.963,0.0406,-1.0000,-0.0000,0.9594,0.2000,0.0000,0.0000,1,1.0000,-1.0000,0
7.983,0.0406,-1.0000,-0.0000,0.9594,0.2000,0.0000,0.0000,1,1.0000,-1.0000,0
8.003,0.0435,-1.0000,-0.0000,0.9565,0.2000,0.0000,0.0000,1,1.0000,-1.0000,0
8.023,0.0435,-1.0000,-0.0000,0.9565,0.2000,0.0000,0.0000,1,1.0000,-1.0000,0
8.043,0.0435,-1.0000,-0.0000,0.9565,0.2000,0.0000,0.0000,1,1.0000,-1.0000,0
8.063,0.0450,-1.0000,-0.0000,0.9550,0.2000,0.0000,0.0000,1,1.0000,-1.0000,0
8.084,0.0509,-1.0000,-0.0000,0.9491,0.2000,0.0000,0.0000,1,1.0000,-1.0000,0
8.103,0.0509,-1.0000,-0.0000,0.9491,0.2000,0.0000,0.0000,1,1.0000,-1.0000,0
8.123,0.0524,-1.0000,-0.0000,0.9476,0.2000,0.0000,0.0000,1,1.0000,-1.0000,0
8.143,0.0583,-1.0000,-0.0000,0.9417,0.2000,0.0000,0.0000,1,1.0000,-1.0000,0
8.165,0.0583,-1.0000,-0.0000,0.9417,0.2000,0.0000,0.0000,1,1.0000,-1.0000,0
8.183,0.0583,-1.0000,-0.0000,0.9417,0.2000,0.0000,0.0000,1,1.0000,-1.0000,0
8.203,0.0642,-1.0000,-0.0000,0.9358,0.2000,0.0000,0.0000,1,1.0000,-1.0000,0
8.223,0.0642,-1.0000,-0.0000,0.9358,0.2000,0.0000,0.0000,1,1.0000,-1.0000,0
8.243,0.0642,-1.0000,-0.0000,0.9358,0.2000,0.0000,0.0000,1,1.0000,-1.0000,0
8.263,0.0642,-1.0000,-0.0000,0.9358,0.2000,0.0000,0.0000,1,1.0000,-1.0000,0
8.283,0.0671,-1.0000,-0.0000,0.9329,0.2000,0.0000,0.0000,1,1.0000,-1.0000,0
8.303,0.0701,-1.0000,-0.0000,0.9299,0.2000,0.0000,0.0000,1,1.0000,-1.0000,0
8.323,0.0701,-1.0000,-0.0000,0.9299,0.2000,0.0000,0.0000,1,1.0000,-1.0000,0
8.343,0.0701,-1.0000,-0.0000,0.9299,0.2000,0.0000,0.0000,1,1.0000,-1.0000,0
8.363,0.0701,-1.0000,-0.0000,0.9299,0.2000,0.0000,0.0000,1,1.0000,-1.0000,0
8.383,0.0701,-1.0000,-0.0000,0.9299,0.2000,0.0000,0.0000,1,1.0000,-1.0000,0
8.403,0.0701,-1.0000,-0.0000,0.9299,0.2000,0.0000,0.0000,1,1.0000,-1.0000,0
8.423,0.0701,-1.0000,-0.0000,0.9299,0.2000,0.0000,0.0000,1,1.0000,-1.0000,0
8.443,0.0701,-1.0000,-0.0000,0.9299,0.2000,0.0000,0.0000,1,1.0000,-1.0000,0
8.464,0.0701,-1.0000,-0.0000,0.9299,0.2000,0.0000,0.0000,1,1.0000,-1.0000,0
8.483,0.0701,-1.0000,-0.0000,0.9299,0.2000,0.0000,0.0000,1,1.0000,-1.0000,0
8.503,0.0745,-1.0000,-0.0000,0.9255,0.2000,0.0000,0.0000,1,1.0000,-1.0000,0
8.523,0.0804,-1.0000,-0.0000,0.9196,0.2000,0.0000,0.0000,1,1.0000,-1.0000,0
8.543,0.0863,-1.0000,-0.0000,0.9137,0.2000,0.0000,0.0000,1,1.0000,-1.0000,0
8.563,0.0952,-1.0000,-0.0000,0.9048,0.2000,0.0000,0.0000,1,1.0000,-1.0000,0
8.583,0.0952,-1.0000,-0.0000,0.9048,0.2000,0.0000,0.0000,1,1.0000,-1.0000,0
8.603,0.0967,-1.0000,-0.0000,0.9033,0.2000,0.0000,0.0000,1,1.0000,-1.0000,0
8.623,0.0967,-1.0000,-0.0000,0.9033,0.2000,0.0000,0.0000,1,1.0000,-1.0000,0
8.643,0.0967,-1.0000,-0.0000,0.9033,0.2000,0.0000,0.0000,1,1.0000,-1.0000,0
8.663,0.0967,-1.0000,-0.0000,0.9033,0.2000,0.0000,0.0000,1,1.0000,-1.0000,0
8.683,0.0967,-1.0000,-0.0000,0.9033,0.2000,0.0000,0.0000,1,1.0000,-1.0000,0
8.704,0.0967,-1.0000,-0.0000,0.9033,0.2000,0.0000,0.0000,1,1.0000,-1.0000,0
8.723,0.0967,-1.0000,-0.0000,0.9033,0.2000,0.0000,0.0000,1,1.0000,-1.0000,0
8.743,0.0967,-1.0000,-0.0000,0.9033,0.2000,0.0000,0.0000,1,1.0000,-1.0000,0
8.763,0.0967,-1.0000,-0.0000,0.9033,0.2000,0.0000,0.0000,1,1.0000,-1.0000,0
8.784,0.0967,-1.0000,-0.0000,0.9033,0.2000,0.0000,0.0000,1,1.0000,-1.0000,0
8.803,0.0967,-1.0000,-0.0000,0.9033,0.2000,0.0000,0.0000,1,1.0000,-1.0000,0
8.823,0.1011,-1.0000,-0.0000,0.8989,0.2000,0.0000,0.0000,1,1.0000,-1.0000,0
8.843,0.1055,-1.0000,-0.0000,0.8945,0.2000,0.0000,0.0000,1,1.0000,-1.0000,0
8.863,0.1159,-1.0000,-0.0000,0.8841,0.2000,0.0000,0.0000,1,1.0000,-1.0000,0
8.883,0.1159,-1.0000,-0.0000,0.8841,0.2000,0.0000,0.0000,1,1.0000,-1.0000,0
8.903,0.1159,-1.0000,-0.0000,0.8841,0.2000,0.0000,0.0000,1,1.0000,-1.0000,0
8.923,0.1218,-1.0000,-0.0000,0.8782,0.2000,0.0000,0.0000,1,1.0000,-1.0000,0
8.943,0.1218,-1.0000,-0.0000,0.8782,0.2000,0.0000,0.0000,1,1.0000,-1.0000,0
8.963,0.1218,-1.0000,-0.0000,0.8782,0.2000,0.0000,0.0000,1,1.0000,-1.0000,0
8.983,0.1218,-1.0000,-0.0000,0.8782,0.2000,0.0000,0.0000,1,1.0000,-1.0000,0
9.003,0.1218,-1.0000,-0.0000,0.8782,0.2000,0.0000,0.0000,1,1.0000,-1.0000,0
9.023,0.1218,-1.0000,-0.0000,0.8782,0.2000,0.0000,0.0000,1,1.0000,-1.0000,0
9.043,0.1218,-1.0000,-0.0000,0.8782,0.2000,0.0000,0.0000,1,1.0000,-1.0000,0
9.064,0.1218,-1.0000,-0.0000,0.8782,0.2000,0.0000,0.0000,1,1.0000,-1.0000,0
9.083,0.1218,-1.0000,-0.0000,0.8782,0.2000,0.0000,0.0000,1,1.0000,-1.0000,0
9.106,0.1218,-1.0000,-0.0000,0.8782,0.2000,0.0000,0.0000,1,1.0000,-1.0000,0
9.123,0.1233,-1.0000,-0.0000,0.8767,0.2000,0.0000,0.0000,1,1.0000,-1.0000,0
9.143,0.1292,-1.0000,-0.0000,0.8708,0.2000,0.0000,0.0000,1,1.0000,-1.0000,0
9.163,0.1336,-1.0000,-0.0000,0.8664,0.2000,0.0000,0.0000,1,1.0000,-1.0000,0
9.184,0.1425,-1.0000,-0.0000,0.8575,0.2000,0.0000,0.0000,1,1.0000,-1.0000,0
9.204,0.1425,-1.0000,-0.0000,0.8575,0.2000,0.0000,0.0000,1,1.0000,-1.0000,0
9.223,0.1513,-1.0000,-0.0000,0.8487,0.2000,0.0000,0.0000,1,1.0000,-1.0000,0
9.243,0.1513,-1.0000,-0.0000,0.8487,0.2000,0.0000,0.0000,1,1.0000,-1.0000,0
9.263,0.1513,-1.0000,-0.0000,0.8487,0.2000,0.0000,0.0000,1,1.0000,-1.0000,0
9.283,0.1513,-1.0000,-0.0000,0.8487,0.2000,0.0000,0.0000,1,1.0000,-1.0000,0
9.303,0.1513,-1.0000,-0.0000,0.8487,0.2000,0.0000,0.0000,1,1.0000,-1.0000,0
9.323,0.1513,-1.0000,-0.0000,0.8487,0.2000,0.0000,0.0000,1,1.0000,-1.0000,0
9.343,0.1513,-1.0000,-0.0000,0.8487,0.2000,0.0000,0.0000,1,1.0000,-1.0000,0
9.363,0.1513,-1.0000,-0.0000,0.8487,0.2000,0.0000,0.0000,1,1.0000,-1.0000,0
9.383,0.1513,-1.0000,-0.0000,0.8487,0.2000,0.0000,0.0000,1,1.0000,-1.0000,0
9.403,0.1513,-1.0000,-0.0000,0.8487,0.2000,0.0000,0.0000,1,1.0000,-1.0000,0
9.423,0.1513,-1.0000,-0.0000,0.8487,0.2000,0.0000,0.0000,1,1.0000,-1.0000,0
9.443,0.1513,-1.0000,-0.0000,0.8487,0.2000,0.0000,0.0000,1,1.0000,-1.0000,0
9.463,0.1587,-1.0000,-0.0000,0.8413,0.2000,0.0000,0.0000,1,1.0000,-1.0000,0
9.483,0.1631,-1.0000,-0.0000,0.8369,0.2000,0.0000,0.0000,1,1.0000,-1.0000,0
9.503,0.1705,-1.0000,-0.0000,0.8295,0.2000,0.0000,0.0000,1,1.0000,-1.0000,0
9.523,0.1779,-1.0000,-0.0000,0.8221,0.2000,0.0000,0.0000,1,1.0000,-1.0000,0
9.543,0.1779,-1.0000,-0.0000,0.8221,0.2000,0.0000,0.0000,1,1.0000,-1.0000,0
9.564,0.1779,-1.0000,-0.0000,0.8221,0.2000,0.0000,0.0000,1,1.0000,-1.0000,0
9.583,0.1809,-1.0000,-0.0000,0.8191,0.2000,0.0000,0.0000,1,1.0000,-1.0000,0
9.603,0.1809,-1.0000,-0.0000,0.8191,0.2000,0.0000,0.0000,1,1.0000,-1.0000,0
9.623,0.1809,-1.0000,-0.0000,0.8191,0.2000,0.0000,0.0000,1,1.0000,-1.0000,0
9.643,0.1823,-1.0000,-0.0000,0.8177,0.2000,0.0000,0.0000,1,1.0000,-1.0000,0
9.663,0.1882,-1.0000,-0.0000,0.8118,0.2000,0.0000,0.0000,1,1.0000,-1.0000,0
9.683,0.1882,-1.0000,-0.0000,0.8118,0.2000,0.0000,0.0000,1,1.0000,-1.0000,0
9.704,0.1882,-1.0000,-0.0000,0.8118,0.2000,0.0000,0.0000,1,1.0000,-1.0000,0
9.723,0.1927,-1.0000,-0.0000,0.8073,0.2000,0.0000,0.0000,1,1.0000,-1.0000,0
9.743,0.1927,-1.0000,-0.0000,0.8073,0.2000,0.0000,0.0000,1,1.0000,-1.0000,0
9.763,0.1927,-1.0000,-0.0000,0.8073,0.2000,0.0000,0.0000,1,1.0000,-1.0000,0
9.783,0.1927,-1.0000,-0.0000,0.8073,0.2000,0.0000,0.0000,1,1.0000,-1.0000,0
9.803,0.2015,-1.0000,-0.0000,0.7985,0.2000,0.0000,0.0000,1,1.0000,-1.0000,0
9.823,0.2015,-1.0000,-0.0000,0.7985,0.2000,0.0000,0.0000,1,1.0000,-1.0000,0
9.843,0.2015,-1.0000,-0.0000,0.7985,0.2000,0.0000,0.0000,1,1.0000,-1.0000,0
9.863,0.2104,-1.0000,-0.0000,0.7896,0.2000,0.0000,0.0000,1,1.0000,-1.0000,0
9.883,0.2104,-1.0000,-0.0000,0.7896,0.2000,0.0000,0.0000,1,1.0000,-1.0000,0
9.906,0.2104,-1.0000,-0.0000,0.7896,0.2000,0.0000,0.0000,1,1.0000,-1.0000,0
9.923,0.2104,-1.0000,-0.0000,0.7896,0.2000,0.0000,0.0000,1,1.0000,-1.0000,0
9.943,0.2104,-1.0000,-0.0000,0.7896,0.2000,0.0000,0.0000,1,1.0000,-1.0000,0
9.963,0.2163,-1.0000,-0.0000,0.7837,0.2000,0.0000,0.0000,1,1.0000,-1.0000,0
9.983,0.2163,-1.0000,-0.0000,0.7837,0.2000,0.0000,0.0000,1,1.0000,-1.0000,0
10.003,0.2163,-1.0000,-0.0000,0.7837,0.2000,0.0000,0.0000,1,1.0000,-1.0000,0
10.023,0.2163,-1.0000,-0.0000,0.7837,0.2000,0.0000,0.0000,1,1.0000,-1.0000,0
10.043,0.2163,-1.0000,-0.0000,0.7837,0.2000,0.0000,0.0000,1,1.0000,-1.0000,0
10.063,0.2163,-1.0000,-0.0000,0.7837,0.2000,0.0000,0.0000,1,1.0000,-1.0000,0
10.085,0.2163,-1.0000,-0.0000,0.7837,0.2000,0.0000,0.0000,1,1.0000,-1.0000,0
10.103,0.2163,-1.0000,-0.0000,0.7837,0.2000,0.0000,0.0000,1,1.0000,-1.0000,0
10.123,0.2163,-1.0000,-0.0000,0.7837,0.2000,0.0000,0.0000,1,1.0000,-1.0000,0
10.144,0.2163,-1.0000,-0.0000,0.7837,0.2000,0.0000,0.0000,1,1.0000,-1.0000,0
10.163,0.2178,-1.0000,-0.0000,0.7822,0.2000,0.0000,0.0000,1,1.0000,-1.0000,0
10.183,0.2237,-1.0000,-0.0000,0.7763,0.2000,0.0000,0.0000,1,1.0000,-1.0000,0
10.203,0.2281,-1.0000,-0.0000,0.7719,0.2000,0.0000,0.0000,1,1.0000,-1.0000,0
10.225,0.2370,-1.0000,-0.0000,0.7630,0.2000,0.0000,0.0000,1,1.0000,-1.0000,0
10.243,0.2429,-1.0000,-0.0000,0.7571,0.2000,0.0000,0.0000,1,1.0000,-1.0000,0
10.263,0.2488,-1.0000,-0.0000,0.7512,0.2000,0.0000,0.0000,1,1.0000,-1.0000,0
10.283,0.2488,-1.0000,-0.0000,0.7512,0.2000,0.0000,0.0000,1,1.0000,-1.0000,0
10.304,0.2488,-1.0000,-0.0000,0.7512,0.2000,0.0000,0.0000,1,1.0000,-1.0000,0
10.323,0.2488,-1.0000,-0.0000,0.7512,0.2000,0.0000,0.0000,1,1.0000,-1.0000,0
10.343,0.2488,-1.0000,-0.0000,0.7512,0.2000,0.0000,0.0000,1,1.0000,-1.0000,0
10.363,0.2503,-1.0000,-0.0000,0.7497,0.2000,0.0000,0.0000,1,1.0000,-1.0000,0
10.383,0.2503,-1.0000,-0.0000,0.7497,0.2000,0.0000,0.0000,1,1.0000,-1.0000,0
10.403,0.2503,-1.0000,-0.0000,0.7497,0.2000,0.0000,0.0000,1,1.0000,-1.0000,0
10.423,0.2503,-1.0000,-0.0000,0.7497,0.2000,0.0000,0.0000,1,1.0000,-1.0000,0
10.443,0.2503,-1.0000,-0.0000,0.7497,0.2000,0.0000,0.0000,1,1.0000,-1.0000,0
10.463,0.2503,-1.0000,-0.0000,0.7497,0.2000,0.0000,0.0000,1,1.0000,-1.0000,0
10.483,0.2503,-1.0000,-0.0000,0.7497,0.2000,0.0000,0.0000,1,1.0000,-1.0000,0
10.503,0.2503,-1.0000,-0.0000,0.7497,0.2000,0.0000,0.0000,1,1.0000,-1.0000,0
10.523,0.2503,-1.0000,-0.0000,0.7497,0.2000,0.0000,0.0000,1,1.0000,-1.0000,0
10.545,0.2503,-1.0000,-0.0000,0.7497,0.2000,0.0000,0.0000,1,1.0000,-1.0000,0
10.563,0.2547,-1.0000,-0.0000,0.7453,0.2000,0.0000,0.0000,1,1.0000,-1.0000,0
10.583,0.2547,-1.0000,-0.0000,0.7453,0.2000,0.0000,0.0000,1,1.0000,-1.0000,0
10.603,0.2547,-1.0000,-0.0000,0.7453,0.2000,0.0000,0.0000,1,1.0000,-1.0000,0
10.624,0.2547,-1.0000,-0.0000,0.7453,0.2000,0.0000,0.0000,1,1.0000,-1.0000,0
10.643,0.2577,-1.0000,-0.0000,0.7423,0.2000,0.0000,0.0000,1,1.0000,-1.0000,0
10.663,0.2636,-1.0000,-0.0000,0.7364,0.2000,0.0000,0.0000,1,1.0000,-1.0000,0
10.683,0.2710,-1.0000,-0.0000,0.7290,0.2000,0.0000,0.0000,1,1.0000,-1.0000,0
10.703,0.2783,-1.0000,-0.0000,0.7217,0.2000,0.0000,0.0000,1,1.0000,-1.0000,0
10.723,0.2783,-1.0000,-0.0000,0.7217,0.2000,0.0000,0.0000,1,1.0000,-1.0000,0
10.744,0.2783,-1.0000,-0.0000,0.7217,0.2000,0.0000,0.0000,1,1.0000,-1.0000,0
10.763,0.2828,-1.0000,-0.0000,0.7172,0.2000,0.0000,0.0000,1,1.0000,-1.0000,0
10.783,0.2872,-1.0000,-0.0000,0.7128,0.2000,0.0000,0.0000,1,1.0000,-1.0000,0
10.803,0.2872,-1.0000,-0.0000,0.7128,0.2000,0.0000,0.0000,1,1.0000,-1.0000,0
10.823,0.2872,-1.0000,-0.0000,0.7128,0.2000,0.0000,0.0000,1,1.0000,-1.0000,0
10.843,0.2887,-1.0000,-0.0000,0.7113,0.2000,0.0000,0.0000,1,1.0000,-1.0000,0
10.863,0.2946,-1.0000,-0.0000,0.7054,0.2000,0.0000,0.0000,1,1.0000,-1.0000,0
10.883,0.2946,-1.0000,-0.0000,0.7054,0.2000,0.0000,0.0000,1,1.0000,-1.0000,0
10.903,0.2946,-1.0000,-0.0000,0.7054,0.2000,0.0000,0.0000,1,1.0000,-1.0000,0
10.923,0.2946,-1.0000,-0.0000,0.7054,0.2000,0.0000,0.0000,1,1.0000,-1.0000,0
10.943,0.2961,-1.0000,-0.0000,0.7039,0.2000,0.0000,0.0000,1,1.0000,-1.0000,0
10.963,0.2961,-1.0000,-0.0000,0.7039,0.2000,0.0000,0.0000,1,1.0000,-1.0000,0
10.983,0.2961,-1.0000,-0.0000,0.7039,0.2000,0.0000,0.0000,1,1.0000,-1.0000,0
11.003,0.2961,-1.0000,-0.0000,0.7039,0.2000,0.0000,0.0000,1,1.0000,-1.0000,0
11.023,0.2961,-1.0000,-0.0000,0.7039,0.2000,0.0000,0.0000,1,1.0000,-1.0000,0
11.044,0.2961,-1.0000,-0.0000,0.7039,0.2000,0.0000,0.0000,1,1.0000,-1.0000,0
11.064,0.2961,-1.0000,-0.0000,0.7039,0.2000,0.0000,0.0000,1,1.0000,-1.0000,0
11.083,0.2975,-1.0000,-0.0000,0.7025,0.2000,0.0000,0.0000,1,1.0000,-1.0000,0
11.103,0.3034,-1.0000,-0.0000,0.6966,0.2000,0.0000,0.0000,1,1.0000,-1.0000,0
11.124,0.3064,-1.0000,-0.0000,0.6936,0.2000,0.0000,0.0000,1,1.0000,-1.0000,0
11.143,0.3064,-1.0000,-0.0000,0.6936,0.2000,0.0000,0.0000,1,1.0000,-1.0000,0
11.163,0.3123,-1.0000,-0.0000,0.6877,0.2000,0.0000,0.0000,1,1.0000,-1.0000,0
11.183,0.3123,-1.0000,-0.0000,0.6877,0.2000,0.0000,0.0000,1,1.0000,-1.0000,0
11.203,0.3123,-1.0000,-0.0000,0.6877,0.2000,0.0000,0.0000,1,1.0000,-1.0000,0
11.223,0.3123,-1.0000,-0.0000,0.6877,0.2000,0.0000,0.0000,1,1.0000,-1.0000,0
11.243,0.3123,-1.0000,-0.0000,0.6877,0.2000,0.0000,0.0000,1,1.0000,-1.0000,0
11.263,0.3123,-1.0000,-0.0000,0.6877,0.2000,0.0000,0.0000,1,1.0000,-1.0000,0
11.283,0.3123,-1.0000,-0.0000,0.6877,0.2000,0.0000,0.0000,1,1.0000,-1.0000,0
11.303,0.3182,-1.0000,-0.0000,0.6818,0.2000,0.0000,0.0000,1,1.0000,-1.0000,0
11.326,0.3212,-1.0000,-0.0000,0.6788,0.2000,0.0000,0.0000,1,1.0000,-1.0000,0
11.343,0.3241,-1.0000,-0.0000,0.6759,0.2000,0.0000,0.0000,1,1.0000,-1.0000,0
11.363,0.3286,-1.0000,-0.0000,0.6714,0.2000,0.0000,0.0000,1,1.0000,-1.0000,0
11.383,0.3286,-1.0000,-0.0000,0.6714,0.2000,0.0000,0.0000,1,1.0000,-1.0000,0
11.405,0.3286,-1.0000,-0.0000,0.6714,0.2000,0.0000,0.0000,1,1.0000,-1.0000,0
11.423,0.3330,-1.0000,-0.0000,0.6670,0.2000,0.0000,0.0000,1,1.0000,-1.0000,0
11.443,0.3330,-1.0000,-0.0000,0.6670,0.2000,0.0000,0.0000,1,1.0000,-1.0000,0
11.465,0.3330,-1.0000,-0.0000,0.6670,0.2000,0.0000,0.0000,1,1.0000,-1.0000,0
11.483,0.3374,-1.0000,-0.0000,0.6626,0.2000,0.0000,0.0000,1,1.0000,-1.0000,0
11.503,0.3374,-1.0000,-0.0000,0.6626,0.2000,0.0000,0.0000,1,1.0000,-1.0000,0
11.523,0.3374,-1.0000,-0.0000,0.6626,0.2000,0.0000,0.0000,1,1.0000,-1.0000,0
11.543,0.3374,-1.0000,-0.0000,0.6626,0.2000,0.0000,0.0000,1,1.0000,-1.0000,0
11.563,0.3374,-1.0000,-0.0000,0.6626,0.2000,0.0000,0.0000,1,1.0000,-1.0000,0
11.584,0.3374,-1.0000,-0.0000,0.6626,0.2000,0.0000,0.0000,1,1.0000,-1.0000,0
11.603,0.3418,-1.0000,-0.0000,0.6582,0.2000,0.0000,0.0000,1,1.0000,-1.0000,0
11.625,0.3418,-1.0000,-0.0000,0.6582,0.2000,0.0000,0.0000,1,1.0000,-1.0000,0
11.643,0.3418,-1.0000,-0.0000,0.6582,0.2000,0.0000,0.0000,1,1.0000,-1.0000,0
11.664,0.3492,-1.0000,-0.0000,0.6508,0.2000,0.0000,0.0000,1,1.0000,-1.0000,0
11.683,0.3522,-1.0000,-0.0000,0.6478,0.2000,0.0000,0.0000,1,1.0000,-1.0000,0
11.704,0.3522,-1.0000,-0.0000,0.6478,0.2000,0.0000,0.0000,1,1.0000,-1.0000,0
11.723,0.3522,-1.0000,-0.0000,0.6478,0.2000,0.0000,0.0000,1,1.0000,-1.0000,0
11.743,0.3537,-1.0000,-0.0000,0.6463,0.2000,0.0000,0.0000,1,1.0000,-1.0000,0
11.763,0.3596,-1.0000,-0.0000,0.6404,0.2000,0.0000,0.0000,1,1.0000,-1.0000,0
11.783,0.3596,-1.0000,-0.0000,0.6404,0.2000,0.0000,0.0000,1,1.0000,-1.0000,0
11.803,0.3610,-1.0000,-0.0000,0.6390,0.2000,0.0000,0.0000,1,1.0000,-1.0000,0
11.823,0.3610,-1.0000,-0.0000,0.6390,0.2000,0.0000,0.0000,1,1.0000,-1.0000,0
11.843,0.3610,-1.0000,-0.0000,0.6390,0.2000,0.0000,0.0000,1,1.0000,-1.0000,0
11.863,0.3610,-1.0000,-0.0000,0.6390,0.2000,0.0000,0.0000,1,1.0000,-1.0000,0
11.883,0.3610,-1.0000,-0.0000,0.6390,0.2000,0.0000,0.0000,1,1.0000,-1.0000,0
11.903,0.3610,-1.0000,-0.0000,0.6390,0.2000,0.0000,0.0000,1,1.0000,-1.0000,0
11.923,0.3610,-1.0000,-0.0000,0.6390,0.2000,0.0000,0.0000,1,1.0000,-1.0000,0
11.943,0.3655,-1.0000,-0.0000,0.6345,0.2000,0.0000,0.0000,1,1.0000,-1.0000,0
11.963,0.3655,-1.0000,-0.0000,0.6345,0.2000,0.0000,0.0000,1,1.0000,-1.0000,0
11.984,0.3655,-1.0000,-0.0000,0.6345,0.2000,0.0000,0.0000,1,1.0000,-1.0000,0
12.003,0.3729,-1.0000,-0.0000,0.6271,0.2000,0.0000,0.0000,1,1.0000,-1.0000,0
12.024,0.3729,-1.0000,-0.0000,0.6271,0.2000,0.0000,0.0000,1,1.0000,-1.0000,0
12.046,0.3729,-1.0000,-0.0000,0.6271,0.2000,0.0000,0.0000,1,1.0000,-1.0000,0
12.063,0.3817,-1.0000,-0.0000,0.6183,0.2000,0.0000,0.0000,1,1.0000,-1.0000,0
12.083,0.3862,-1.0000,-0.0000,0.6138,0.2000,0.0000,0.0000,1,1.0000,-1.0000,0
12.104,0.3862,-1.0000,-0.0000,0.6138,0.2000,0.0000,0.0000,1,1.0000,-1.0000,0
12.123,0.3876,-1.0000,-0.0000,0.6124,0.2000,0.0000,0.0000,1,1.0000,-1.0000,0
12.143,0.3876,-1.0000,-0.0000,0.6124,0.2000,0.0000,0.0000,1,1.0000,-1.0000,0
12.163,0.3876,-1.0000,-0.0000,0.6124,0.2000,0.0000,0.0000,1,1.0000,-1.0000,0
12.183,0.3876,-1.0000,-0.0000,0.6124,0.2000,0.0000,0.0000,1,1.0000,-1.0000,0
12.203,0.3876,-1.0000,-0.0000,0.6124,0.2000,0.0000,0.0000,1,1.0000,-1.0000,0
12.224,0.3876,-1.0000,-0.0000,0.6124,0.2000,0.0000,0.0000,1,1.0000,-1.0000,0
12.243,0.3921,-1.0000,-0.0000,0.6079,0.2000,0.0000,0.0000,1,1.0000,-1.0000,0
12.263,0.3950,-1.0000,-0.0000,0.6050,0.2000,0.0000,0.0000,1,1.0000,-1.0000,0
12.284,0.3950,-1.0000,-0.0000,0.6050,0.2000,0.0000,0.0000,1,1.0000,-1.0000,0
12.303,0.3994,-1.0000,-0.0000,0.6006,0.2000,0.0000,0.0000,1,1.0000,-1.0000,0
12.323,0.3994,-1.0000,-0.0000,0.6006,0.2000,0.0000,0.0000,1,1.0000,-1.0000,0
12.343,0.3994,-1.0000,-0.0000,0.6006,0.2000,0.0000,0.0000,1,1.0000,-1.0000,0
12.363,0.4054,-1.0000,-0.0000,0.5946,0.2000,0.0000,0.0000,1,1.0000,-1.0000,0
12.383,0.4113,-1.0000,-0.0000,0.5887,0.2000,0.0000,0.0000,1,1.0000,-1.0000,0
12.404,0.4113,-1.0000,-0.0000,0.5887,0.2000,0.0000,0.0000,1,1.0000,-1.0000,0
12.423,0.4113,-1.0000,-0.0000,0.5887,0.2000,0.0000,0.0000,1,1.0000,-1.0000,0
12.443,0.4142,-1.0000,-0.0000,0.5858,0.2000,0.0000,0.0000,1,1.0000,-1.0000,0
12.463,0.4142,-1.0000,-0.0000,0.5858,0.2000,0.0000,0.0000,1,1.0000,-1.0000,0
12.483,0.4142,-1.0000,-0.0000,0.5858,0.2000,0.0000,0.0000,1,1.0000,-1.0000,0
12.503,0.4142,-1.0000,-0.0000,0.5858,0.2000,0.0000,0.0000,1,1.0000,-1.0000,0
12.526,0.4142,-1.0000,-0.0000,0.5858,0.2000,0.0000,0.0000,1,1.0000,-1.0000,0
12.543,0.4142,-1.0000,-0.0000,0.5858,0.2000,0.0000,0.0000,1,1.0000,-1.0000,0
12.563,0.4142,-1.0000,-0.0000,0.5858,0.2000,0.0000,0.0000,1,1.0000,-1.0000,0
12.583,0.4142,-1.0000,-0.0000,0.5858,0.2000,0.0000,0.0000,1,1.0000,-1.0000,0
12.603,0.4142,-1.0000,-0.0000,0.5858,0.2000,0.0000,0.0000,1,1.0000,-1.0000,0
12.623,0.4142,-1.0000,-0.0000,0.5858,0.2000,0.0000,0.0000,1,1.0000,-1.0000,0
12.645,0.4142,-1.0000,-0.0000,0.5858,0.2000,0.0000,0.0000,1,1.0000,-1.0000,0
12.663,0.4157,-1.0000,-0.0000,0.5843,0.2000,0.0000,0.0000,1,1.0000,-1.0000,0
12.683,0.4216,-1.0000,-0.0000,0.5784,0.2000,0.0000,0.0000,1,1.0000,-1.0000,0
12.703,0.4246,-1.0000,-0.0000,0.5754,0.2000,0.0000,0.0000,1,1.0000,-1.0000,0
12.723,0.4334,-1.0000,-0.0000,0.5666,0.2000,0.0000,0.0000,1,1.0000,-1.0000,0
12.743,0.4334,-1.0000,-0.0000,0.5666,0.2000,0.0000,0.0000,1,1.0000,-1.0000,0
12.763,0.4334,-1.0000,-0.0000,0.5666,0.2000,0.0000,0.0000,1,1.0000,-1.0000,0
12.783,0.4393,-1.0000,-0.0000,0.5607,0.2000,0.0000,0.0000,1,1.0000,-1.0000,0
12.803,0.4393,-1.0000,-0.0000,0.5607,0.2000,0.0000,0.0000,1,1.0000,-1.0000,0
12.823,0.4393,-1.0000,-0.0000,0.5607,0.2000,0.0000,0.0000,1,1.0000,-1.0000,0
12.846,0.4393,-1.0000,-0.0000,0.5607,0.2000,0.0000,0.0000,1,1.0000,-1.0000,0
12.863,0.4408,-1.0000,-0.0000,0.5592,0.2000,0.0000,0.0000,1,1.0000,-1.0000,0
12.884,0.4452,-1.0000,-0.0000,0.5548,0.2000,0.0000,0.0000,1,1.0000,-1.0000,0
12.903,0.4452,-1.0000,-0.0000,0.5548,0.2000,0.0000,0.0000,1,1.0000,-1.0000,0
12.923,0.4467,-1.0000,-0.0000,0.5533,0.2000,0.0000,0.0000,1,1.0000,-1.0000,0
12.943,0.4526,-1.0000,-0.0000,0.5474,0.2000,0.0000,0.0000,1,1.0000,-1.0000,0
12.963,0.4526,-1.0000,-0.0000,0.5474,0.2000,0.0000,0.0000,1,1.0000,-1.0000,0
12.983,0.4526,-1.0000,-0.0000,0.5474,0.2000,0.0000,0.0000,1,1.0000,-1.0000,0
13.004,0.4541,-1.0000,-0.0000,0.5459,0.2000,0.0000,0.0000,1,1.0000,-1.0000,0
13.023,0.4600,-1.0000,-0.0000,0.5400,0.2000,0.0000,0.0000,1,1.0000,-1.0000,0
13.044,0.4600,-1.0000,-0.0000,0.5400,0.2000,0.0000,0.0000,1,1.0000,-1.0000,0
13.063,0.4600,-1.0000,-0.0000,0.5400,0.2000,0.0000,0.0000,1,1.0000,-1.0000,0
13.083,0.4630,-1.0000,-0.0000,0.5370,0.2000,0.0000,0.0000,1,1.0000,-1.0000,0
13.103,0.4630,-1.0000,-0.0000,0.5370,0.2000,0.0000,0.0000,1,1.0000,-1.0000,0
13.123,0.4630,-1.0000,-0.0000,0.5370,0.2000,0.0000,0.0000,1,1.0000,-1.0000,0
13.143,0.4630,-1.0000,-0.0000,0.5370,0.2000,0.0000,0.0000,1,1.0000,-1.0000,0
13.164,0.4630,-1.0000,-0.0000,0.5370,0.2000,0.0000,0.0000,1,1.0000,-1.0000,0
13.183,0.4674,-1.0000,-0.0000,0.5326,0.2000,0.0000,0.0000,1,1.0000,-1.0000,0
13.204,0.4718,-1.0000,-0.0000,0.5282,0.2000,0.0000,0.0000,1,1.0000,-1.0000,0
13.223,0.4718,-1.0000,-0.0000,0.5282,0.2000,0.0000,0.0000,1,1.0000,-1.0000,0
13.243,0.4733,-1.0000,-0.0000,0.5267,0.2000,0.0000,0.0000,1,1.0000,-1.0000,0
13.263,0.4792,-1.0000,-0.0000,0.5208,0.2000,0.0000,0.0000,1,1.0000,-1.0000,0
13.284,0.4792,-1.0000,-0.0000,0.5208,0.2000,0.0000,0.0000,1,1.0000,-1.0000,0
13.303,0.4792,-1.0000,-0.0000,0.5208,0.2000,0.0000,0.0000,1,1.0000,-1.0000,0
13.323,0.4807,-1.0000,-0.0000,0.5193,0.2000,0.0000,0.0000,1,1.0000,-1.0000,0
13.343,0.4836,-1.0000,-0.0000,0.5164,0.2000,0.0000,0.0000,1,1.0000,-1.0000,0
13.364,0.4836,-1.0000,-0.0000,0.5164,0.2000,0.0000,0.0000,1,1.0000,-1.0000,0
13.383,0.4866,-1.0000,-0.0000,0.5134,0.2000,0.0000,0.0000,1,1.0000,-1.0000,0
13.403,0.4866,-1.0000,-0.0000,0.5134,0.2000,0.0000,0.0000,1,1.0000,-1.0000,0
13.423,0.4866,-1.0000,-0.0000,0.5134,0.2000,0.0000,0.0000,1,1.0000,-1.0000,0
13.444,0.4866,-1.0000,-0.0000,0.5134,0.2000,0.0000,0.0000,1,1.0000,-1.0000,0
13.463,0.4866,-1.0000,-0.0000,0.5134,0.2000,0.0000,0.0000,1,1.0000,-1.0000,0
13.484,0.4866,-1.0000,-0.0000,0.5134,0.2000,0.0000,0.0000,1,1.0000,-1.0000,0
13.503,0.4925,-1.0000,-0.0000,0.5075,0.2000,0.0000,0.0000,1,1.0000,-1.0000,0
13.523,0.4969,-1.0000,-0.0000,0.5031,0.2000,0.0000,0.0000,1,1.0000,-1.0000,0
13.543,0.4969,-1.0000,-0.0000,0.5031,0.2000,0.0000,0.0000,1,1.0000,-1.0000,0
13.563,0.4984,-1.0000,-0.0000,0.5016,0.2000,0.0000,0.0000,1,1.0000,-1.0000,0
13.583,0.5043,-1.0000,-0.0000,0.4957,0.2000,0.0000,0.0000,1,1.0000,-1.0000,0
13.604,0.5043,-1.0000,-0.0000,0.4957,0.2000,0.0000,0.0000,1,1.0000,-1.0000,0
13.623,0.5043,-1.0000,-0.0000,0.4957,0.2000,0.0000,0.0000,1,1.0000,-1.0000,0
13.643,0.5043,-1.0000,-0.0000,0.4957,0.2000,0.0000,0.0000,1,1.0000,-1.0000,0
13.663,0.5087,-1.0000,-0.0000,0.4913,0.2000,0.0000,0.0000,1,1.0000,-1.0000,0
13.683,0.5087,-1.0000,-0.0000,0.4913,0.2000,0.0000,0.0000,1,1.0000,-1.0000,0
13.703,0.5132,-1.0000,-0.0000,0.4868,0.2000,0.0000,0.0000,1,1.0000,-1.0000,0
13.723,0.5132,-1.0000,-0.0000,0.4868,0.2000,0.0000,0.0000,1,1.0000,-1.0000,0
13.743,0.5132,-1.0000,-0.0000,0.4868,0.2000,0.0000,0.0000,1,1.0000,-1.0000,0
13.764,0.5132,-1.0000,-0.0000,0.4868,0.2000,0.0000,0.0000,1,1.0000,-1.0000,0
13.783,0.5132,-1.0000,-0.0000,0.4868,0.2000,0.0000,0.0000,1,1.0000,-1.0000,0
13.803,0.5132,-1.0000,-0.0000,0.4868,0.2000,0.0000,0.0000,1,1.0000,-1.0000,0
13.823,0.5132,-1.0000,-0.0000,0.4868,0.2000,0.0000,0.0000,1,1.0000,-1.0000,0
13.844,0.5132,-1.0000,-0.0000,0.4868,0.2000,0.0000,0.0000,1,1.0000,-1.0000,0
13.863,0.5132,-1.0000,-0.0000,0.4868,0.2000,0.0000,0.0000,1,1.0000,-1.0000,0
13.883,0.5132,-1.0000,-0.0000,0.4868,0.2000,0.0000,0.0000,1,1.0000,-1.0000,0
13.903,0.5132,-1.0000,-0.0000,0.4868,0.2000,0.0000,0.0000,1,1.0000,-1.0000,0
13.923,0.5132,-1.0000,-0.0000,0.4868,0.2000,0.0000,0.0000,1,1.0000,-1.0000,0
13.943,0.5146,-1.0000,-0.0000,0.4854,0.2000,0.0000,0.0000,1,1.0000,-1.0000,0
13.963,0.5206,-1.0000,-0.0000,0.4794,0.2000,0.0000,0.0000,1,1.0000,-1.0000,0
13.983,0.5265,-1.0000,-0.0000,0.4735,0.2000,0.0000,0.0000,1,1.0000,-1.0000,0
14.003,0.5338,-1.0000,-0.0000,0.4662,0.2000,0.0000,0.0000,1,1.0000,-1.0000,0
14.025,0.5338,-1.0000,-0.0000,0.4662,0.2000,0.0000,0.0000,1,1.0000,-1.0000,0
14.043,0.5338,-1.0000,-0.0000,0.4662,0.2000,0.0000,0.0000,1,1.0000,-1.0000,0
14.063,0.5338,-1.0000,-0.0000,0.4662,0.2000,0.0000,0.0000,1,1.0000,-1.0000,0
14.083,0.5338,-1.0000,-0.0000,0.4662,0.2000,0.0000,0.0000,1,1.0000,-1.0000,0
14.103,0.5338,-1.0000,-0.0000,0.4662,0.2000,0.0000,0.0000,1,1.0000,-1.0000,0
14.123,0.5338,-1.0000,-0.0000,0.4662,0.2000,0.0000,0.0000,1,1.0000,-1.0000,0
14.143,0.5442,-1.0000,-0.0000,0.4558,0.2000,0.0000,0.0000,1,1.0000,-1.0000,0
14.163,0.5486,-1.0000,-0.0000,0.4514,0.2000,0.0000,0.0000,1,1.0000,-1.0000,0
14.183,0.5486,-1.0000,-0.0000,0.4514,0.2000,0.0000,0.0000,1,1.0000,-1.0000,0
14.203,0.5545,-1.0000,-0.0000,0.4455,0.2000,0.0000,0.0000,1,1.0000,-1.0000,0
14.223,0.5604,-1.0000,-0.0000,0.4396,0.2000,0.0000,0.0000,1,1.0000,-1.0000,0
14.243,0.5604,-1.0000,-0.0000,0.4396,0.2000,0.0000,0.0000,1,1.0000,-1.0000,0
14.263,0.5649,-1.0000,-0.0000,0.4351,0.2000,0.0000,0.0000,1,1.0000,-1.0000,0
14.283,0.5678,-1.0000,-0.0000,0.4322,0.2000,0.0000,0.0000,1,1.0000,-1.0000,0
14.303,0.5678,-1.0000,-0.0000,0.4322,0.2000,0.0000,0.0000,1,1.0000,-1.0000,0
14.323,0.5678,-1.0000,-0.0000,0.4322,0.2000,0.0000,0.0000,1,1.0000,-1.0000,0
14.343,0.5678,-1.0000,-0.0000,0.4322,0.2000,0.0000,0.0000,1,1.0000,-1.0000,0
14.363,0.5693,-1.0000,-0.0000,0.4307,0.2000,0.0000,0.0000,1,1.0000,-1.0000,0
14.383,0.5693,-1.0000,-0.0000,0.4307,0.2000,0.0000,0.0000,1,1.0000,-1.0000,0
14.403,0.5693,-1.0000,-0.0000,0.4307,0.2000,0.0000,0.0000,1,1.0000,-1.0000,0
14.423,0.5693,-1.0000,-0.0000,0.4307,0.2000,0.0000,0.0000,1,1.0000,-1.0000,0
14.443,0.5693,-1.0000,-0.0000,0.4307,0.2000,0.0000,0.0000,1,1.0000,-1.0000,0
14.463,0.5693,-1.0000,-0.0000,0.4307,0.2000,0.0000,0.0000,1,1.0000,-1.0000,0
14.483,0.5693,-1.0000,-0.0000,0.4307,0.2000,0.0000,0.0000,1,1.0000,-1.0000,0
14.503,0.5693,-1.0000,-0.0000,0.4307,0.2000,0.0000,0.0000,1,1.0000,-1.0000,0
14.523,0.5693,-1.0000,-0.0000,0.4307,0.2000,0.0000,0.0000,1,1.0000,-1.0000,0
14.544,0.5693,-1.0000,-0.0000,0.4307,0.2000,0.0000,0.0000,1,1.0000,-1.0000,0
14.565,0.5693,-1.0000,-0.0000,0.4307,0.2000,0.0000,0.0000,1,1.0000,-1.0000,0
14.583,0.5737,-1.0000,-0.0000,0.4263,0.2000,0.0000,0.0000,1,1.0000,-1.0000,0
14.603,0.5782,-1.0000,-0.0000,0.4218,0.2000,0.0000,0.0000,1,1.0000,-1.0000,0
14.623,0.5855,-1.0000,-0.0000,0.4145,0.2000,0.0000,0.0000,1,1.0000,-1.0000,0
14.643,0.5929,-1.0000,-0.0000,0.4071,0.2000,0.0000,0.0000,1,1.0000,-1.0000,0
14.663,0.5929,-1.0000,-0.0000,0.4071,0.2000,0.0000,0.0000,1,1.0000,-1.0000,0
14.683,0.5929,-1.0000,-0.0000,0.4071,0.2000,0.0000,0.0000,1,1.0000,-1.0000,0
14.703,0.5959,-1.0000,-0.0000,0.4041,0.2000,0.0000,0.0000,1,1.0000,-1.0000,0
14.723,0.5959,-1.0000,-0.0000,0.4041,0.2000,0.0000,0.0000,1,1.0000,-1.0000,0
14.743,0.5959,-1.0000,-0.0000,0.4041,0.2000,0.0000,0.0000,1,1.0000,-1.0000,0
14.763,0.5959,-1.0000,-0.0000,0.4041,0.2000,0.0000,0.0000,1,1.0000,-1.0000,0
14.783,0.6003,-1.0000,-0.0000,0.3997,0.2000,0.0000,0.0000,1,1.0000,-1.0000,0
14.803,0.6003,-1.0000,-0.0000,0.3997,0.2000,0.0000,0.0000,1,1.0000,-1.0000,0
14.824,0.6003,-1.0000,-0.0000,0.3997,0.2000,0.0000,0.0000,1,1.0000,-1.0000,0
14.843,0.6092,-1.0000,-0.0000,0.3908,0.2000,0.0000,0.0000,1,1.0000,-1.0000,0
14.863,0.6092,-1.0000,-0.0000,0.3908,0.2000,0.0000,0.0000,1,1.0000,-1.0000,0
14.883,0.6092,-1.0000,-0.0000,0.3908,0.2000,0.0000,0.0000,1,1.0000,-1.0000,0
14.903,0.6092,-1.0000,-0.0000,0.3908,0.2000,0.0000,0.0000,1,1.0000,-1.0000,0
14.923,0.6166,-1.0000,-0.0000,0.3834,0.2000,0.0000,0.0000,1,1.0000,-1.0000,0
14.943,0.6166,-1.0000,-0.0000,0.3834,0.2000,0.0000,0.0000,1,1.0000,-1.0000,0
14.963,0.6254,-1.0000,-0.0000,0.3746,0.2000,0.0000,0.0000,1,1.0000,-1.0000,0
14.983,0.6254,-1.0000,-0.0000,0.3746,0.2000,0.0000,0.0000,1,1.0000,-1.0000,0
15.003,0.6254,-1.0000,-0.0000,0.3746,0.2000,0.0000,0.0000,1,1.0000,-1.0000,0
15.024,0.6254,-1.0000,-0.0000,0.3746,0.2000,0.0000,0.0000,1,1.0000,-1.0000,0
15.043,0.6254,-1.0000,-0.0000,0.3746,0.2000,0.0000,0.0000,1,1.0000,-1.0000,0
15.064,0.6254,-1.0000,-0.0000,0.3746,0.2000,0.0000,0.0000,1,1.0000,-1.0000,0
15.083,0.6298,-1.0000,-0.0000,0.3702,0.2000,0.0000,0.0000,1,1.0000,-1.0000,0
15.104,0.6298,-1.0000,-0.0000,0.3702,0.2000,0.0000,0.0000,1,1.0000,-1.0000,0
15.123,0.6298,-1.0000,-0.0000,0.3702,0.2000,0.0000,0.0000,1,1.0000,-1.0000,0
15.143,0.6298,-1.0000,-0.0000,0.3702,0.2000,0.0000,0.0000,1,1.0000,-1.0000,0
15.163,0.6298,-1.0000,-0.0000,0.3702,0.2000,0.0000,0.0000,1,1.0000,-1.0000,0
15.183,0.6298,-1.0000,-0.0000,0.3702,0.2000,0.0000,0.0000,1,1.0000,-1.0000,0
15.203,0.6298,-1.0000,-0.0000,0.3702,0.2000,0.0000,0.0000,1,1.0000,-1.0000,0
15.223,0.6298,-1.0000,-0.0000,0.3702,0.2000,0.0000,0.0000,1,1.0000,-1.0000,0
15.244,0.6298,-1.0000,-0.0000,0.3702,0.2000,0.0000,0.0000,1,1.0000,-1.0000,0
15.263,0.6298,-1.0000,-0.0000,0.3702,0.2000,0.0000,0.0000,1,1.0000,-1.0000,0
15.283,0.6328,-1.0000,-0.0000,0.3672,0.2000,0.0000,0.0000,1,1.0000,-1.0000,0
15.303,0.6387,-1.0000,-0.0000,0.3613,0.2000,0.0000,0.0000,1,1.0000,-1.0000,0
15.323,0.6417,-1.0000,-0.0000,0.3583,0.2000,0.0000,0.0000,1,1.0000,-1.0000,0
15.343,0.6505,-1.0000,-0.0000,0.3495,0.2000,0.0000,0.0000,1,1.0000,-1.0000,0
15.363,0.6505,-1.0000,-0.0000,0.3495,0.2000,0.0000,0.0000,1,1.0000,-1.0000,0
15.383,0.6505,-1.0000,-0.0000,0.3495,0.2000,0.0000,0.0000,1,1.0000,-1.0000,0
15.403,0.6564,-1.0000,-0.0000,0.3436,0.2000,0.0000,0.0000,1,1.0000,-1.0000,0
15.423,0.6564,-1.0000,-0.0000,0.3436,0.2000,0.0000,0.0000,1,1.0000,-1.0000,0
15.443,0.6564,-1.0000,-0.0000,0.3436,0.2000,0.0000,0.0000,1,1.0000,-1.0000,0
15.463,0.6564,-1.0000,-0.0000,0.3436,0.2000,0.0000,0.0000,1,1.0000,-1.0000,0
15.483,0.6564,-1.0000,-0.0000,0.3436,0.2000,0.0000,0.0000,1,1.0000,-1.0000,0
15.503,0.6564,-1.0000,-0.0000,0.3436,0.2000,0.0000,0.0000,1,1.0000,-1.0000,0
15.525,0.6564,-1.0000,-0.0000,0.3436,0.2000,0.0000,0.0000,1,1.0000,-1.0000,0
15.543,0.6564,-1.0000,-0.0000,0.3436,0.2000,0.0000,0.0000,1,1.0000,-1.0000,0
15.565,0.6564,-1.0000,-0.0000,0.3436,0.2000,0.0000,0.0000,1,1.0000,-1.0000,0
15.585,0.6564,-1.0000,-0.0000,0.3436,0.2000,0.0000,0.0000,1,1.0000,-1.0000,0
15.603,0.6609,-1.0000,-0.0000,0.3391,0.2000,0.0000,0.0000,1,1.0000,-1.0000,0
15.623,0.6653,-1.0000,-0.0000,0.3347,0.2000,0.0000,0.0000,1,1.0000,-1.0000,0
15.643,0.6727,-1.0000,-0.0000,0.3273,0.2000,0.0000,0.0000,1,1.0000,-1.0000,0
15.665,0.6801,-1.0000,-0.0000,0.3199,0.2000,0.0000,0.0000,1,1.0000,-1.0000,0
15.683,0.6801,-1.0000,-0.0000,0.3199,0.2000,0.0000,0.0000,1,1.0000,-1.0000,0
15.704,0.6801,-1.0000,-0.0000,0.3199,0.2000,0.0000,0.0000,1,1.0000,-1.0000,0
15.723,0.6830,-1.0000,-0.0000,0.3170,0.2000,0.0000,0.0000,1,1.0000,-1.0000,0
15.743,0.6830,-1.0000,-0.0000,0.3170,0.2000,0.0000,0.0000,1,1.0000,-1.0000,0
15.763,0.6830,-1.0000,-0.0000,0.3170,0.2000,0.0000,0.0000,1,1.0000,-1.0000,0
15.783,0.6830,-1.0000,-0.0000,0.3170,0.2000,0.0000,0.0000,1,1.0000,-1.0000,0
15.803,0.6830,-1.0000,-0.0000,0.3170,0.2000,0.0000,0.0000,1,1.0000,-1.0000,0
15.823,0.6830,-1.0000,-0.0000,0.3170,0.2000,0.0000,0.0000,1,1.0000,-1.0000,0
15.845,0.6830,-1.0000,-0.0000,0.3170,0.2000,0.0000,0.0000,1,1.0000,-1.0000,0
15.863,0.6830,-1.0000,-0.0000,0.3170,0.2000,0.0000,0.0000,1,1.0000,-1.0000,0
15.884,0.6830,-1.0000,-0.0000,0.3170,0.2000,0.0000,0.0000,1,1.0000,-1.0000,0
15.903,0.6830,-1.0000,-0.0000,0.3170,0.2000,0.0000,0.0000,1,1.0000,-1.0000,0
15.923,0.6874,-1.0000,-0.0000,0.3126,0.2000,0.0000,0.0000,1,1.0000,-1.0000,0
15.943,0.6934,-1.0000,-0.0000,0.3066,0.2000,0.0000,0.0000,1,1.0000,-1.0000,0
15.963,0.7007,-1.0000,-0.0000,0.2993,0.2000,0.0000,0.0000,1,1.0000,-1.0000,0
15.985,0.7081,-1.0000,-0.0000,0.2919,0.2000,0.0000,0.0000,1,1.0000,-1.0000,0
16.003,0.7126,-1.0000,-0.0000,0.2874,0.2000,0.0000,0.0000,1,1.0000,-1.0000,0
16.023,0.7170,-1.0000,-0.0000,0.2830,0.2000,0.0000,0.0000,1,1.0000,-1.0000,0
16.043,0.7170,-1.0000,-0.0000,0.2830,0.2000,0.0000,0.0000,1,1.0000,-1.0000,0
16.064,0.7170,-1.0000,-0.0000,0.2830,0.2000,0.0000,0.0000,1,1.0000,-1.0000,0
16.083,0.7185,-1.0000,-0.0000,0.2815,0.2000,0.0000,0.0000,1,1.0000,-1.0000,0
16.103,0.7185,-1.0000,-0.0000,0.2815,0.2000,0.0000,0.0000,1,1.0000,-1.0000,0
16.124,0.7185,-1.0000,-0.0000,0.2815,0.2000,0.0000,0.0000,1,1.0000,-1.0000,0
16.145,0.7185,-1.0000,-0.0000,0.2815,0.2000,0.0000,0.0000,1,1.0000,-1.0000,0
16.163,0.7229,-1.0000,-0.0000,0.2771,0.2000,0.0000,0.0000,1,1.0000,-1.0000,0
16.183,0.7258,-1.0000,-0.0000,0.2742,0.2000,0.0000,0.0000,1,1.0000,-1.0000,0
16.203,0.7258,-1.0000,-0.0000,0.2742,0.2000,0.0000,0.0000,1,1.0000,-1.0000,0
16.223,0.7258,-1.0000,-0.0000,0.2742,0.2000,0.0000,0.0000,1,1.0000,-1.0000,0
16.244,0.7258,-1.0000,-0.0000,0.2742,0.2000,0.0000,0.0000,1,1.0000,-1.0000,0
16.263,0.7318,-1.0000,-0.0000,0.2682,0.2000,0.0000,0.0000,1,1.0000,-1.0000,0
16.284,0.7318,-1.0000,-0.0000,0.2682,0.2000,0.0000,0.0000,1,1.0000,-1.0000,0
16.303,0.7318,-1.0000,-0.0000,0.2682,0.2000,0.0000,0.0000,1,1.0000,-1.0000,0
16.323,0.7362,-1.0000,-0.0000,0.2638,0.2000,0.0000,0.0000,1,1.0000,-1.0000,0
16.343,0.7421,-1.0000,-0.0000,0.2579,0.2000,0.0000,0.0000,1,1.0000,-1.0000,0
16.363,0.7421,-1.0000,-0.0000,0.2579,0.2000,0.0000,0.0000,1,1.0000,-1.0000,0
16.384,0.7450,-1.0000,-0.0000,0.2550,0.2000,0.0000,0.0000,1,1.0000,-1.0000,0
16.403,0.7450,-1.0000,-0.0000,0.2550,0.2000,0.0000,0.0000,1,1.0000,-1.0000,0
16.423,0.7450,-1.0000,-0.0000,0.2550,0.2000,0.0000,0.0000,1,1.0000,-1.0000,0
16.444,0.7450,-1.0000,-0.0000,0.2550,0.2000,0.0000,0.0000,1,1.0000,-1.0000,0
16.463,0.7450,-1.0000,-0.0000,0.2550,0.2000,0.0000,0.0000,1,1.0000,-1.0000,0
16.483,0.7450,-1.0000,-0.0000,0.2550,0.2000,0.0000,0.0000,1,1.0000,-1.0000,0
16.503,0.7450,-1.0000,-0.0000,0.2550,0.2000,0.0000,0.0000,1,1.0000,-1.0000,0
16.525,0.7450,-1.0000,-0.0000,0.2550,0.2000,0.0000,0.0000,1,1.0000,-1.0000,0
16.543,0.7450,-1.0000,-0.0000,0.2550,0.2000,0.0000,0.0000,1,1.0000,-1.0000,0
16.563,0.7450,-1.0000,-0.0000,0.2550,0.2000,0.0000,0.0000,1,1.0000,-1.0000,0
16.583,0.7450,-1.0000,-0.0000,0.2550,0.2000,0.0000,0.0000,1,1.0000,-1.0000,0
16.604,0.7450,-1.0000,-0.0000,0.2550,0.2000,0.0000,0.0000,1,1.0000,-1.0000,0
16.624,0.7480,-1.0000,-0.0000,0.2520,0.2000,0.0000,0.0000,1,1.0000,-1.0000,0
16.643,0.7539,-1.0000,-0.0000,0.2461,0.2000,0.0000,0.0000,1,1.0000,-1.0000,0
16.663,0.7569,-1.0000,-0.0000,0.2431,0.2000,0.0000,0.0000,1,1.0000,-1.0000,0
16.683,0.7672,-1.0000,-0.0000,0.2328,0.2000,0.0000,0.0000,1,1.0000,-1.0000,0
16.703,0.7672,-1.0000,-0.0000,0.2328,0.2000,0.0000,0.0000,1,1.0000,-1.0000,0
16.723,0.7672,-1.0000,-0.0000,0.2328,0.2000,0.0000,0.0000,1,1.0000,-1.0000,0
16.743,0.7672,-1.0000,-0.0000,0.2328,0.2000,0.0000,0.0000,1,1.0000,-1.0000,0
16.764,0.7672,-1.0000,-0.0000,0.2328,0.2000,0.0000,0.0000,1,1.0000,-1.0000,0
16.783,0.7702,-1.0000,-0.0000,0.2298,0.2000,0.0000,0.0000,1,1.0000,-1.0000,0
16.803,0.7761,-1.0000,-0.0000,0.2239,0.2000,0.0000,0.0000,1,1.0000,-1.0000,0
16.823,0.7761,-1.0000,-0.0000,0.2239,0.2000,0.0000,0.0000,1,1.0000,-1.0000,0
16.843,0.7790,-1.0000,-0.0000,0.2210,0.2000,0.0000,0.0000,1,1.0000,-1.0000,0
16.863,0.7849,-1.0000,-0.0000,0.2151,0.2000,0.0000,0.0000,1,1.0000,-1.0000,0
16.883,0.7908,-1.0000,-0.0000,0.2092,0.2000,0.0000,0.0000,1,1.0000,-1.0000,0
16.903,0.7908,-1.0000,-0.0000,0.2092,0.2000,0.0000,0.0000,1,1.0000,-1.0000,0
16.923,0.7908,-1.0000,-0.0000,0.2092,0.2000,0.0000,0.0000,1,1.0000,-1.0000,0
16.943,0.7908,-1.0000,-0.0000,0.2092,0.2000,0.0000,0.0000,1,1.0000,-1.0000,0
16.963,0.7997,-1.0000,-0.0000,0.2003,0.2000,0.0000,0.0000,1,1.0000,-1.0000,0
16.983,0.7997,-1.0000,-0.0000,0.2003,0.2000,0.0000,0.0000,1,1.0000,-1.0000,0
17.003,0.7997,-1.0000,-0.0000,0.2003,0.2000,0.0000,0.0000,1,1.0000,-1.0000,0
17.023,0.7997,-1.0000,-0.0000,0.2003,0.2000,0.0000,0.0000,1,1.0000,-1.0000,0
17.043,0.8056,-1.0000,-0.0000,0.1944,0.2000,0.0000,0.0000,1,1.0000,-1.0000,0
17.063,0.8056,-1.0000,-0.0000,0.1944,0.2000,0.0000,0.0000,1,1.0000,-1.0000,0
17.083,0.8056,-1.0000,-0.0000,0.1944,0.2000,0.0000,0.0000,1,1.0000,-1.0000,0
17.104,0.8056,-1.0000,-0.0000,0.1944,0.2000,0.0000,0.0000,1,1.0000,-1.0000,0
17.123,0.8056,-1.0000,-0.0000,0.1944,0.2000,0.0000,0.0000,1,1.0000,-1.0000,0
17.143,0.8056,-1.0000,-0.0000,0.1944,0.2000,0.0000,0.0000,1,1.0000,-1.0000,0
17.163,0.8056,-1.0000,-0.0000,0.1944,0.2000,0.0000,0.0000,1,1.0000,-1.0000,0
17.183,0.8056,-1.0000,-0.0000,0.1944,0.2000,0.0000,0.0000,1,1.0000,-1.0000,0
17.203,0.8056,-1.0000,-0.0000,0.1944,0.2000,0.0000,0.0000,1,1.0000,-1.0000,0
17.223,0.8056,-1.0000,-0.0000,0.1944,0.2000,0.0000,0.0000,1,1.0000,-1.0000,0
17.243,0.8056,-1.0000,-0.0000,0.1944,0.2000,0.0000,0.0000,1,1.0000,-1.0000,0
17.263,0.8056,-1.0000,-0.0000,0.1944,0.2000,0.0000,0.0000,1,1.0000,-1.0000,0
17.283,0.8071,-1.0000,-0.0000,0.1929,0.2000,0.0000,0.0000,1,1.0000,-1.0000,0
17.303,0.8100,-1.0000,-0.0000,0.1900,0.2000,0.0000,0.0000,1,1.0000,-1.0000,0
17.323,0.8159,-1.0000,-0.0000,0.1841,0.2000,0.0000,0.0000,1,1.0000,-1.0000,0
17.343,0.8233,-1.0000,-0.0000,0.1767,0.2000,0.0000,0.0000,1,1.0000,-1.0000,0
17.363,0.8233,-1.0000,-0.0000,0.1767,0.2000,0.0000,0.0000,1,1.0000,-1.0000,0
17.383,0.8233,-1.0000,-0.0000,0.1767,0.2000,0.0000,0.0000,1,1.0000,-1.0000,0
17.403,0.8233,-1.0000,-0.0000,0.1767,0.2000,0.0000,0.0000,1,1.0000,-1.0000,0
17.423,0.8233,-1.0000,-0.0000,0.1767,0.2000,0.0000,0.0000,1,1.0000,-1.0000,0
17.443,0.8233,-1.0000,-0.0000,0.1767,0.2000,0.0000,0.0000,1,1.0000,-1.0000,0
17.463,0.8233,-1.0000,-0.0000,0.1767,0.2000,0.0000,0.0000,1,1.0000,-1.0000,0
17.483,0.8233,-1.0000,-0.0000,0.1767,0.2000,0.0000,0.0000,1,1.0000,-1.0000,0
17.504,0.8233,-1.0000,-0.0000,0.1767,0.2000,0.0000,0.0000,1,1.0000,-1.0000,0
17.524,0.8233,-1.0000,-0.0000,0.1767,0.2000,0.0000,0.0000,1,1.0000,-1.0000,0
17.543,0.8233,-1.0000,-0.0000,0.1767,0.2000,0.0000,0.0000,1,1.0000,-1.0000,0
17.563,0.8307,-1.0000,-0.0000,0.1693,0.2000,0.0000,0.0000,1,1.0000,-1.0000,0
17.583,0.8351,-1.0000,-0.0000,0.1649,0.2000,0.0000,0.0000,1,1.0000,-1.0000,0
17.603,0.8410,-1.0000,-0.0000,0.1590,0.2000,0.0000,0.0000,1,1.0000,-1.0000,0
17.625,0.8484,-1.0000,-0.0000,0.1516,0.2000,0.0000,0.0000,1,1.0000,-1.0000,0
17.643,0.8484,-1.0000,-0.0000,0.1516,0.2000,0.0000,0.0000,1,1.0000,-1.0000,0
17.664,0.8514,-1.0000,-0.0000,1.0110,0.0294,0.1978,0.0000,2,1.0000,0.0000,0
17.683,0.8514,-1.0000,-0.0000,1.0110,0.0294,0.1978,0.0000,2,1.0000,0.0000,0
17.703,0.8514,-1.0000,-0.0000,1.0110,0.0294,0.1978,0.0000,2,1.0000,0.0000,0
17.723,0.8514,-1.0000,-0.0000,1.0110,0.0294,0.1978,0.0000,2,1.0000,0.0000,0
17.743,0.8514,-1.0000,-0.0000,1.0110,0.0294,0.1978,0.0000,2,1.0000,0.0000,0
17.763,0.8514,-1.0000,-0.0000,1.0110,0.0294,0.1978,0.0000,2,1.0000,0.0000,0
17.783,0.8514,-1.0000,-0.0000,1.0110,0.0294,0.1978,0.0000,2,1.0000,0.0000,0
17.803,0.8514,-1.0000,-0.0000,1.0110,0.0294,0.1978,0.0000,2,1.0000,0.0000,0
17.823,0.8514,-1.0000,-0.0000,1.0110,0.0294,0.1978,0.0000,2,1.0000,0.0000,0
17.843,0.8514,-1.0000,-0.0000,1.0110,0.0294,0.1978,0.0000,2,1.0000,0.0000,0
17.865,0.8514,-1.0000,-0.0000,1.0110,0.0294,0.1978,0.0000,2,1.0000,0.0000,0
17.883,0.8529,-1.0000,-0.0000,1.0108,0.0291,0.1979,0.0000,2,1.0000,0.0000,0
17.903,0.8550,-0.9956,-0.0000,1.0061,0.0288,0.1979,0.0000,2,1.0000,0.0000,0
17.923,0.8554,-0.9927,-0.0000,1.0032,0.0288,0.1979,0.0000,2,1.0000,0.0000,0
17.943,0.8569,-0.9825,-0.0000,0.9928,0.0288,0.1979,0.0000,2,1.0000,0.0000,0
17.963,0.8569,-0.9825,-0.0000,0.9928,0.0288,0.1979,0.0000,2,1.0000,0.0000,0
17.985,0.8569,-0.9825,-0.0000,0.9928,0.0288,0.1979,0.0000,2,1.0000,0.0000,0
18.003,0.8580,-0.9752,-0.0000,0.9854,0.0288,0.1979,0.0000,2,1.0000,0.0000,0
18.023,0.8580,-0.9752,-0.0000,0.9854,0.0288,0.1979,0.0000,2,1.0000,0.0000,0
18.043,0.8580,-0.9752,-0.0000,0.9854,0.0288,0.1979,0.0000,2,1.0000,0.0000,0
18.063,0.8580,-0.9752,-0.0000,0.9854,0.0288,0.1979,0.0000,2,1.0000,0.0000,0
18.083,0.8580,-0.9752,-0.0000,0.9854,0.0288,0.1979,0.0000,2,1.0000,0.0000,0
18.103,0.8580,-0.9752,-0.0000,0.9854,0.0288,0.1979,0.0000,2,1.0000,0.0000,0
18.123,0.8580,-0.9752,-0.0000,0.9854,0.0288,0.1979,0.0000,2,1.0000,0.0000,0
18.143,0.8580,-0.9752,-0.0000,0.9854,0.0288,0.1979,0.0000,2,1.0000,0.0000,0
18.165,0.8580,-0.9752,-0.0000,0.9854,0.0288,0.1979,0.0000,2,1.0000,0.0000,0
18.183,0.8582,-0.9737,-0.0000,0.9840,0.0288,0.1979,0.0000,2,1.0000,0.0000,0
18.203,0.8590,-0.9679,-0.0000,0.9781,0.0288,0.1979,0.0000,2,1.0000,0.0000,0
18.223,0.8601,-0.9605,-0.0000,0.9707,0.0288,0.1979,0.0000,2,1.0000,0.0000,0
18.243,0.8607,-0.9562,-0.0000,0.9662,0.0288,0.1979,0.0000,2,1.0000,0.0000,0
18.263,0.8607,-0.9562,-0.0000,0.9662,0.0288,0.1979,0.0000,2,1.0000,0.0000,0
18.284,0.8607,-0.9562,-0.0000,0.9662,0.0288,0.1979,0.0000,2,1.0000,0.0000,0
18.303,0.8618,-0.9489,-0.0000,0.9589,0.0288,0.1979,0.0000,2,1.0000,0.0000,0
18.323,0.8618,-0.9489,-0.0000,0.9589,0.0288,0.1979,0.0000,2,1.0000,0.0000,0
18.343,0.8618,-0.9489,-0.0000,0.9589,0.0288,0.1979,0.0000,2,1.0000,0.0000,0
18.364,0.8618,-0.9489,-0.0000,0.9589,0.0288,0.1979,0.0000,2,1.0000,0.0000,0
18.383,0.8618,-0.9489,-0.0000,0.9589,0.0288,0.1979,0.0000,2,1.0000,0.0000,0
18.403,0.8618,-0.9489,-0.0000,0.9589,0.0288,0.1979,0.0000,2,1.0000,0.0000,0
18.423,0.8618,-0.9489,-0.0000,0.9589,0.0288,0.1979,0.0000,2,1.0000,0.0000,0
18.443,0.8618,-0.9489,-0.0000,0.9589,0.0288,0.1979,0.0000,2,1.0000,0.0000,0
18.463,0.8618,-0.9489,-0.0000,0.9589,0.0288,0.1979,0.0000,2,1.0000,0.0000,0
18.484,0.8618,-0.9489,-0.0000,0.9589,0.0288,0.1979,0.0000,2,1.0000,0.0000,0
18.503,0.8620,-0.9474,-0.0000,0.9574,0.0288,0.1979,0.0000,2,1.0000,0.0000,0
18.523,0.8629,-0.9415,-0.0000,0.9515,0.0288,0.1979,0.0000,2,1.0000,0.0000,0
18.543,0.8639,-0.9342,-0.0000,0.9441,0.0288,0.1979,0.0000,2,1.0000,0.0000,0
18.564,0.8644,-0.9313,-0.0000,0.9411,0.0288,0.1979,0.0000,2,1.0000,0.0000,0
18.583,0.8644,-0.9313,-0.0000,0.9411,0.0288,0.1979,0.0000,2,1.0000,0.0000,0
18.603,0.8644,-0.9313,-0.0000,0.9411,0.0288,0.1979,0.0000,2,1.0000,0.0000,0
18.624,0.8644,-0.9313,-0.0000,0.9411,0.0288,0.1979,0.0000,2,1.0000,0.0000,0
18.644,0.8654,-0.9240,-0.0000,0.9338,0.0288,0.1979,0.0000,2,1.0000,0.0000,0
18.663,0.8654,-0.9240,-0.0000,0.9338,0.0288,0.1979,0.0000,2,1.0000,0.0000,0
18.683,0.8654,-0.9240,-0.0000,0.9338,0.0288,0.1979,0.0000,2,1.0000,0.0000,0
18.704,0.8654,-0.9240,-0.0000,0.9338,0.0288,0.1979,0.0000,2,1.0000,0.0000,0
18.724,0.8654,-0.9240,-0.0000,0.9338,0.0288,0.1979,0.0000,2,1.0000,0.0000,0
18.743,0.8654,-0.9240,-0.0000,0.9338,0.0288,0.1979,0.0000,2,1.0000,0.0000,0
18.763,0.8654,-0.9240,-0.0000,0.9338,0.0288,0.1979,0.0000,2,1.0000,0.0000,0
18.783,0.8654,-0.9240,-0.0000,0.9338,0.0288,0.1979,0.0000,2,1.0000,0.0000,0
18.805,0.8654,-0.9240,-0.0000,0.9338,0.0288,0.1979,0.0000,2,1.0000,0.0000,0
18.823,0.8658,-0.9211,-0.0000,0.9308,0.0288,0.1979,0.0000,2,1.0000,0.0000,0
18.843,0.8667,-0.9152,-0.0000,0.9249,0.0288,0.1979,0.0000,2,1.0000,0.0000,0
18.863,0.8671,-0.9123,-0.0000,0.9219,0.0288,0.1979,0.0000,2,1.0000,0.0000,0
18.883,0.8686,-0.9021,-0.0000,0.9116,0.0288,0.1979,0.0000,2,1.0000,0.0000,0
18.903,0.8686,-0.9021,-0.0000,0.9116,0.0288,0.1979,0.0000,2,1.0000,0.0000,0
18.923,0.8686,-0.9021,-0.0000,0.9116,0.0288,0.1979,0.0000,2,1.0000,0.0000,0
18.943,0.8695,-0.8962,-0.0000,0.9057,0.0288,0.1979,0.0000,2,1.0000,0.0000,0
18.963,0.8695,-0.8962,-0.0000,0.9057,0.0288,0.1979,0.0000,2,1.0000,0.0000,0
18.983,0.8695,-0.8962,-0.0000,0.9057,0.0288,0.1979,0.0000,2,1.0000,0.0000,0
19.003,0.8695,-0.8962,-0.0000,0.9057,0.0288,0.1979,0.0000,2,1.0000,0.0000,0
19.023,0.8695,-0.8962,-0.0000,0.9057,0.0288,0.1979,0.0000,2,1.0000,0.0000,0
19.043,0.8695,-0.8962,-0.0000,0.9057,0.0288,0.1979,0.0000,2,1.0000,0.0000,0
19.065,0.8695,-0.8962,-0.0000,0.9057,0.0288,0.1979,0.0000,2,1.0000,0.0000,0
19.083,0.8695,-0.8962,-0.0000,0.9057,0.0288,0.1979,0.0000,2,1.0000,0.0000,0
19.104,0.8695,-0.8962,-0.0000,0.9057,0.0288,0.1979,0.0000,2,1.0000,0.0000,0
19.126,0.8695,-0.8962,-0.0000,0.9057,0.0288,0.1979,0.0000,2,1.0000,0.0000,0
19.143,0.8697,-0.8948,-0.0000,0.9042,0.0288,0.1979,0.0000,2,1.0000,0.0000,0
19.163,0.8705,-0.8889,-0.0000,0.8983,0.0288,0.1979,0.0000,2,1.0000,0.0000,0
19.183,0.8716,-0.8816,-0.0000,0.8909,0.0288,0.1979,0.0000,2,1.0000,0.0000,0
19.203,0.8722,-0.8772,-0.0000,0.8865,0.0288,0.1979,0.0000,2,1.0000,0.0000,0
19.223,0.8737,-0.8670,-0.0000,0.8762,0.0288,0.1979,0.0000,2,1.0000,0.0000,0
19.243,0.8741,-0.8641,-0.0000,0.8732,0.0288,0.1979,0.0000,2,1.0000,0.0000,0
19.263,0.8741,-0.8641,-0.0000,0.8732,0.0288,0.1979,0.0000,2,1.0000,0.0000,0
19.283,0.8741,-0.8641,-0.0000,0.8732,0.0288,0.1979,0.0000,2,1.0000,0.0000,0
19.303,0.8741,-0.8641,-0.0000,0.8732,0.0288,0.1979,0.0000,2,1.0000,0.0000,0
19.323,0.8746,-0.8612,-0.0000,0.8702,0.0288,0.1979,0.0000,2,1.0000,0.0000,0
19.343,0.8746,-0.8612,-0.0000,0.8702,0.0288,0.1979,0.0000,2,1.0000,0.0000,0
19.363,0.8746,-0.8612,-0.0000,0.8702,0.0288,0.1979,0.0000,2,1.0000,0.0000,0
19.383,0.8746,-0.8612,-0.0000,0.8702,0.0288,0.1979,0.0000,2,1.0000,0.0000,0
19.403,0.8746,-0.8612,-0.0000,0.8702,0.0288,0.1979,0.0000,2,1.0000,0.0000,0
19.423,0.8746,-0.8612,-0.0000,0.8702,0.0288,0.1979,0.0000,2,1.0000,0.0000,0
19.443,0.8746,-0.8612,-0.0000,0.8702,0.0288,0.1979,0.0000,2,1.0000,0.0000,0
19.463,0.8746,-0.8612,-0.0000,0.8702,0.0288,0.1979,0.0000,2,1.0000,0.0000,0
19.483,0.8746,-0.8612,-0.0000,0.8702,0.0288,0.1979,0.0000,2,1.0000,0.0000,0
19.504,0.8746,-0.8612,-0.0000,0.8702,0.0288,0.1979,0.0000,2,1.0000,0.0000,0
19.526,0.8746,-0.8612,-0.0000,0.8702,0.0288,0.1979,0.0000,2,1.0000,0.0000,0
19.543,0.8748,-0.8597,-0.0000,0.8688,0.0288,0.1979,0.0000,2,1.0000,0.0000,0
19.563,0.8756,-0.8539,-0.0000,0.8629,0.0288,0.1979,0.0000,2,1.0000,0.0000,0
19.583,0.8763,-0.8495,-0.0000,0.8584,0.0288,0.1979,0.0000,2,1.0000,0.0000,0
19.603,0.8771,-0.8436,-0.0000,0.8525,0.0288,0.1979,0.0000,2,1.0000,0.0000,0
19.623,0.8780,-0.8378,-0.0000,0.8466,0.0288,0.1979,0.0000,2,1.0000,0.0000,0
19.643,0.8780,-0.8378,-0.0000,0.8466,0.0288,0.1979,0.0000,2,1.0000,0.0000,0
19.663,0.8780,-0.8378,-0.0000,0.8466,0.0288,0.1979,0.0000,2,1.0000,0.0000,0
19.683,0.8780,-0.8378,-0.0000,0.8466,0.0288,0.1979,0.0000,2,1.0000,0.0000,0
19.703,0.8780,-0.8378,-0.0000,0.8466,0.0288,0.1979,0.0000,2,1.0000,0.0000,0
19.723,0.8780,-0.8378,-0.0000,0.8466,0.0288,0.1979,0.0000,2,1.0000,0.0000,0
19.743,0.8780,-0.8378,-0.0000,0.8466,0.0288,0.1979,0.0000,2,1.0000,0.0000,0
19.763,0.8780,-0.8378,-0.0000,0.8466,0.0288,0.1979,0.0000,2,1.0000,0.0000,0
19.783,0.8780,-0.8378,-0.0000,0.8466,0.0288,0.1979,0.0000,2,1.0000,0.0000,0
19.803,0.8788,-0.8319,-0.0000,0.8407,0.0288,0.1979,0.0000,2,1.0000,0.0000,0
19.825,0.8799,-0.8246,-0.0000,0.8333,0.0288,0.1979,0.0000,2,1.0000,0.0000,0
19.843,0.8799,-0.8246,-0.0000,0.8333,0.0288,0.1979,0.0000,2,1.0000,0.0000,0
19.863,0.8807,-0.8188,-0.0000,0.8274,0.0288,0.1979,0.0000,2,1.0000,0.0000,0
19.883,0.8816,-0.8129,-0.0000,0.8215,0.0288,0.1979,0.0000,2,1.0000,0.0000,0
19.903,0.8816,-0.8129,-0.0000,0.8215,0.0288,0.1979,0.0000,2,1.0000,0.0000,0
19.923,0.8822,-0.8085,-0.0000,0.8171,0.0288,0.1979,0.0000,2,1.0000,0.0000,0
19.943,0.8822,-0.8085,-0.0000,0.8171,0.0288,0.1979,0.0000,2,1.0000,0.0000,0
19.963,0.8822,-0.8085,-0.0000,0.8171,0.0288,0.1979,0.0000,2,1.0000,0.0000,0
19.984,0.8822,-0.8085,-0.0000,0.8171,0.0288,0.1979,0.0000,2,1.0000,0.0000,0
20.003,0.8822,-0.8085,-0.0000,0.8171,0.0288,0.1979,0.0000,2,1.0000,0.0000,0
20.023,0.8822,-0.8085,-0.0000,0.8171,0.0288,0.1979,0.0000,2,1.0000,0.0000,0
20.043,0.8822,-0.8085,-0.0000,0.8171,0.0288,0.1979,0.0000,2,1.0000,0.0000,0
20.064,0.8822,-0.8085,-0.0000,0.8171,0.0288,0.1979,0.0000,2,1.0000,0.0000,0
20.083,0.8822,-0.8085,-0.0000,0.8171,0.0288,0.1979,0.0000,2,1.0000,0.0000,0
20.103,0.8822,-0.8085,-0.0000,0.8171,0.0288,0.1979,0.0000,2,1.0000,0.0000,0
20.123,0.8822,-0.8085,-0.0000,0.8171,0.0288,0.1979,0.0000,2,1.0000,0.0000,0
20.145,0.8822,-0.8085,-0.0000,0.8171,0.0288,0.1979,0.0000,2,1.0000,0.0000,0
20.163,0.8822,-0.8085,-0.0000,0.8171,0.0288,0.1979,0.0000,2,1.0000,0.0000,0
20.183,0.8831,-0.8027,-0.0000,0.8112,0.0288,0.1979,0.0000,2,1.0000,0.0000,0
20.203,0.8839,-0.7969,-0.0000,0.8053,0.0288,0.1979,0.0000,2,1.0000,0.0000,0
20.223,0.8852,-0.7881,-0.0000,0.7964,0.0288,0.1979,0.0000,2,1.0000,0.0000,0
20.243,0.8852,-0.7881,-0.0000,0.7964,0.0288,0.1979,0.0000,2,1.0000,0.0000,0
20.263,0.8852,-0.7881,-0.0000,0.7964,0.0288,0.1979,0.0000,2,1.0000,0.0000,0
20.283,0.8852,-0.7881,-0.0000,0.7964,0.0288,0.1979,0.0000,2,1.0000,0.0000,0
20.304,0.8852,-0.7881,-0.0000,0.7964,0.0288,0.1979,0.0000,2,1.0000,0.0000,0
20.323,0.8852,-0.7881,-0.0000,0.7964,0.0288,0.1979,0.0000,2,1.0000,0.0000,0
20.343,0.8852,-0.7881,-0.0000,0.7964,0.0288,0.1979,0.0000,2,1.0000,0.0000,0
20.363,0.8852,-0.7881,-0.0000,0.7964,0.0288,0.1979,0.0000,2,1.0000,0.0000,0
20.384,0.8852,-0.7881,-0.0000,0.7964,0.0288,0.1979,0.0000,2,1.0000,0.0000,0
20.404,0.8852,-0.7881,-0.0000,0.7964,0.0288,0.1979,0.0000,2,1.0000,0.0000,0
20.423,0.8865,-0.7793,-0.0000,0.7875,0.0288,0.1979,0.0000,2,1.0000,0.0000,0
20.443,0.8871,-0.7749,-0.0000,0.7831,0.0288,0.1979,0.0000,2,1.0000,0.0000,0
20.463,0.8884,-0.7662,-0.0000,0.7742,0.0288,0.1979,0.0000,2,1.0000,0.0000,0
20.483,0.8893,-0.7603,-0.0000,0.7683,0.0288,0.1979,0.0000,2,1.0000,0.0000,0
20.503,0.8893,-0.7603,-0.0000,0.7683,0.0288,0.1979,0.0000,2,1.0000,0.0000,0
20.523,0.8893,-0.7603,-0.0000,0.7683,0.0288,0.1979,0.0000,2,1.0000,0.0000,0
20.543,0.8897,-0.7574,-0.0000,0.7654,0.0288,0.1979,0.0000,2,1.0000,0.0000,0
20.563,0.8897,-0.7574,-0.0000,0.7654,0.0288,0.1979,0.0000,2,1.0000,0.0000,0
20.583,0.8897,-0.7574,-0.0000,0.7654,0.0288,0.1979,0.0000,2,1.0000,0.0000,0
20.603,0.8899,-0.7559,-0.0000,0.7639,0.0288,0.1979,0.0000,2,1.0000,0.0000,0
20.623,0.8908,-0.7501,-0.0000,0.7580,0.0288,0.1979,0.0000,2,1.0000,0.0000,0
20.643,0.8908,-0.7501,-0.0000,0.7580,0.0288,0.1979,0.0000,2,1.0000,0.0000,0
20.663,0.8908,-0.7501,-0.0000,0.7580,0.0288,0.1979,0.0000,2,1.0000,0.0000,0
20.683,0.8916,-0.7442,-0.0000,0.7521,0.0288,0.1979,0.0000,2,1.0000,0.0000,0
20.703,0.8916,-0.7442,-0.0000,0.7521,0.0288,0.1979,0.0000,2,1.0000,0.0000,0
20.723,0.8916,-0.7442,-0.0000,0.7521,0.0288,0.1979,0.0000,2,1.0000,0.0000,0
20.743,0.8922,-0.7399,-0.0000,0.7477,0.0288,0.1979,0.0000,2,1.0000,0.0000,0
20.763,0.8931,-0.7340,-0.0000,0.7418,0.0288,0.1979,0.0000,2,1.0000,0.0000,0
20.783,0.8931,-0.7340,-0.0000,0.7418,0.0288,0.1979,0.0000,2,1.0000,0.0000,0
20.803,0.8935,-0.7311,-0.0000,0.7388,0.0288,0.1979,0.0000,2,1.0000,0.0000,0
20.823,0.8944,-0.7252,-0.0000,0.7329,0.0288,0.1979,0.0000,2,1.0000,0.0000,0
20.843,0.8944,-0.7252,-0.0000,0.7329,0.0288,0.1979,0.0000,2,1.0000,0.0000,0
20.864,0.8944,-0.7252,-0.0000,0.7329,0.0288,0.1979,0.0000,2,1.0000,0.0000,0
20.883,0.8944,-0.7252,-0.0000,0.7329,0.0288,0.1979,0.0000,2,1.0000,0.0000,0
20.904,0.8944,-0.7252,-0.0000,0.7329,0.0288,0.1979,0.0000,2,1.0000,0.0000,0
20.923,0.8948,-0.7223,-0.0000,0.7299,0.0288,0.1979,0.0000,2,1.0000,0.0000,0
20.943,0.8948,-0.7223,-0.0000,0.7299,0.0288,0.1979,0.0000,2,1.0000,0.0000,0
20.963,0.8948,-0.7223,-0.0000,0.7299,0.0288,0.1979,0.0000,2,1.0000,0.0000,0
20.983,0.8948,-0.7223,-0.0000,0.7299,0.0288,0.1979,0.0000,2,1.0000,0.0000,0
21.003,0.8948,-0.7223,-0.0000,0.7299,0.0288,0.1979,0.0000,2,1.0000,0.0000,0
21.023,0.8948,-0.7223,-0.0000,0.7299,0.0288,0.1979,0.0000,2,1.0000,0.0000,0
21.043,0.8948,-0.7223,-0.0000,0.7299,0.0288,0.1979,0.0000,2,1.0000,0.0000,0
21.063,0.8948,-0.7223,-0.0000,0.7299,0.0288,0.1979,0.0000,2,1.0000,0.0000,0
21.084,0.8948,-0.7223,-0.0000,0.7299,0.0288,0.1979,0.0000,2,1.0000,0.0000,0
21.105,0.8948,-0.7223,-0.0000,0.7299,0.0288,0.1979,0.0000,2,1.0000,0.0000,0
21.123,0.8954,-0.7179,-0.0000,0.7255,0.0288,0.1979,0.0000,2,1.0000,0.0000,0
21.143,0.8959,-0.7150,-0.0000,0.7226,0.0288,0.1979,0.0000,2,1.0000,0.0000,0
21.163,0.8967,-0.7092,-0.0000,0.7166,0.0288,0.1979,0.0000,2,1.0000,0.0000,0
21.183,0.8980,-0.7004,-0.0000,0.7078,0.0288,0.1979,0.0000,2,1.0000,0.0000,0
21.203,0.8980,-0.7004,-0.0000,0.7078,0.0288,0.1979,0.0000,2,1.0000,0.0000,0
21.224,0.8980,-0.7004,-0.0000,0.7078,0.0288,0.1979,0.0000,2,1.0000,0.0000,0
21.243,0.8982,-0.6989,-0.0000,0.7063,0.0288,0.1979,0.0000,2,1.0000,0.0000,0
21.265,0.8982,-0.6989,-0.0000,0.7063,0.0288,0.1979,0.0000,2,1.0000,0.0000,0
21.283,0.8982,-0.6989,-0.0000,0.7063,0.0288,0.1979,0.0000,2,1.0000,0.0000,0
21.303,0.8982,-0.6989,-0.0000,0.7063,0.0288,0.1979,0.0000,2,1.0000,0.0000,0
21.323,0.8988,-0.6946,-0.0000,0.7019,0.0288,0.1979,0.0000,2,1.0000,0.0000,0
21.343,0.8988,-0.6946,-0.0000,0.7019,0.0288,0.1979,0.0000,2,1.0000,0.0000,0
21.364,0.8988,-0.6946,-0.0000,0.7019,0.0288,0.1979,0.0000,2,1.0000,0.0000,0
21.383,0.9001,-0.6858,-0.0000,0.6930,0.0288,0.1979,0.0000,2,1.0000,0.0000,0
21.403,0.9001,-0.6858,-0.0000,0.6930,0.0288,0.1979,0.0000,2,1.0000,0.0000,0
21.423,0.9001,-0.6858,-0.0000,0.6930,0.0288,0.1979,0.0000,2,1.0000,0.0000,0
21.443,0.9001,-0.6858,-0.0000,0.6930,0.0288,0.1979,0.0000,2,1.0000,0.0000,0
21.463,0.9014,-0.6770,-0.0000,0.6842,0.0288,0.1979,0.0000,2,1.0000,0.0000,0
21.483,0.9014,-0.6770,-0.0000,0.6842,0.0288,0.1979,0.0000,2,1.0000,0.0000,0
21.503,0.9022,-0.6712,-0.0000,0.6782,0.0288,0.1979,0.0000,2,1.0000,0.0000,0
21.523,0.9031,-0.6653,-0.0000,0.6723,0.0288,0.1979,0.0000,2,1.0000,0.0000,0
21.543,0.9031,-0.6653,-0.0000,0.6723,0.0288,0.1979,0.0000,2,1.0000,0.0000,0
21.564,0.9031,-0.6653,-0.0000,0.6723,0.0288,0.1979,0.0000,2,1.0000,0.0000,0
21.583,0.9035,-0.6624,-0.0000,0.6694,0.0288,0.1979,0.0000,2,1.0000,0.0000,0
21.603,0.9035,-0.6624,-0.0000,0.6694,0.0288,0.1979,0.0000,2,1.0000,0.0000,0
21.623,0.9035,-0.6624,-0.0000,0.6694,0.0288,0.1979,0.0000,2,1.0000,0.0000,0
21.644,0.9035,-0.6624,-0.0000,0.6694,0.0288,0.1979,0.0000,2,1.0000,0.0000,0
21.663,0.9037,-0.6609,-0.0000,0.6679,0.0288,0.1979,0.0000,2,1.0000,0.0000,0
21.683,0.9046,-0.6551,-0.0000,0.6620,0.0288,0.1979,0.0000,2,1.0000,0.0000,0
21.703,0.9046,-0.6551,-0.0000,0.6620,0.0288,0.1979,0.0000,2,1.0000,0.0000,0
21.723,0.9046,-0.6551,-0.0000,0.6620,0.0288,0.1979,0.0000,2,1.0000,0.0000,0
21.744,0.9046,-0.6551,-0.0000,0.6620,0.0288,0.1979,0.0000,2,1.0000,0.0000,0
21.763,0.9052,-0.6507,-0.0000,0.6576,0.0288,0.1979,0.0000,2,1.0000,0.0000,0
21.783,0.9052,-0.6507,-0.0000,0.6576,0.0288,0.1979,0.0000,2,1.0000,0.0000,0
21.803,0.9052,-0.6507,-0.0000,0.6576,0.0288,0.1979,0.0000,2,1.0000,0.0000,0
21.824,0.9052,-0.6507,-0.0000,0.6576,0.0288,0.1979,0.0000,2,1.0000,0.0000,0
21.843,0.9063,-0.6434,-0.0000,0.6502,0.0288,0.1979,0.0000,2,1.0000,0.0000,0
21.863,0.9063,-0.6434,-0.0000,0.6502,0.0288,0.1979,0.0000,2,1.0000,0.0000,0
21.883,0.9071,-0.6376,-0.0000,0.6443,0.0288,0.1979,0.0000,2,1.0000,0.0000,0
21.903,0.9071,-0.6376,-0.0000,0.6443,0.0288,0.1979,0.0000,2,1.0000,0.0000,0
21.923,0.9071,-0.6376,-0.0000,0.6443,0.0288,0.1979,0.0000,2,1.0000,0.0000,0
21.943,0.9071,-0.6376,-0.0000,0.6443,0.0288,0.1979,0.0000,2,1.0000,0.0000,0
21.963,0.9071,-0.6376,-0.0000,0.6443,0.0288,0.1979,0.0000,2,1.0000,0.0000,0
21.983,0.9071,-0.6376,-0.0000,0.6443,0.0288,0.1979,0.0000,2,1.0000,0.0000,0
22.003,0.9071,-0.6376,-0.0000,0.6443,0.0288,0.1979,0.0000,2,1.0000,0.0000,0
22.024,0.9071,-0.6376,-0.0000,0.6443,0.0288,0.1979,0.0000,2,1.0000,0.0000,0
22.043,0.9071,-0.6376,-0.0000,0.6443,0.0288,0.1979,0.0000,2,1.0000,0.0000,0
22.063,0.9071,-0.6376,-0.0000,0.6443,0.0288,0.1979,0.0000,2,1.0000,0.0000,0
22.083,0.9071,-0.6376,-0.0000,0.6443,0.0288,0.1979,0.0000,2,1.0000,0.0000,0
22.104,0.9071,-0.6376,-0.0000,0.6443,0.0288,0.1979,0.0000,2,1.0000,0.0000,0
22.123,0.9071,-0.6376,-0.0000,0.6443,0.0288,0.1979,0.0000,2,1.0000,0.0000,0
22.143,0.9078,-0.6332,-0.0000,0.6398,0.0288,0.1979,0.0000,2,1.0000,0.0000,0
22.163,0.9082,-0.6302,-0.0000,0.6369,0.0288,0.1979,0.0000,2,1.0000,0.0000,0
22.183,0.9097,-0.6200,-0.0000,0.6266,0.0288,0.1979,0.0000,2,1.0000,0.0000,0
22.203,0.9097,-0.6200,-0.0000,0.6266,0.0288,0.1979,0.0000,2,1.0000,0.0000,0
22.223,0.9097,-0.6200,-0.0000,0.6266,0.0288,0.1979,0.0000,2,1.0000,0.0000,0
22.243,0.9097,-0.6200,-0.0000,0.6266,0.0288,0.1979,0.0000,2,1.0000,0.0000,0
22.263,0.9097,-0.6200,-0.0000,0.6266,0.0288,0.1979,0.0000,2,1.0000,0.0000,0
22.283,0.9097,-0.6200,-0.0000,0.6266,0.0288,0.1979,0.0000,2,1.0000,0.0000,0
22.304,0.9097,-0.6200,-0.0000,0.6266,0.0288,0.1979,0.0000,2,1.0000,0.0000,0
22.323,0.9097,-0.6200,-0.0000,0.6266,0.0288,0.1979,0.0000,2,1.0000,0.0000,0
22.344,0.9097,-0.6200,-0.0000,0.6266,0.0288,0.1979,0.0000,2,1.0000,0.0000,0
22.364,0.9097,-0.6200,-0.0000,0.6266,0.0288,0.1979,0.0000,2,1.0000,0.0000,0
22.383,0.9101,-0.6171,-0.0000,0.6236,0.0288,0.1979,0.0000,2,1.0000,0.0000,0
22.404,0.9110,-0.6112,-0.0000,0.6177,0.0288,0.1979,0.0000,2,1.0000,0.0000,0
22.423,0.9116,-0.6069,-0.0000,0.6133,0.0288,0.1979,0.0000,2,1.0000,0.0000,0
22.443,0.9129,-0.5981,-0.0000,0.6044,0.0288,0.1979,0.0000,2,1.0000,0.0000,0
22.463,0.9129,-0.5981,-0.0000,0.6044,0.0288,0.1979,0.0000,2,1.0000,0.0000,0
22.483,0.9129,-0.5981,-0.0000,0.6044,0.0288,0.1979,0.0000,2,1.0000,0.0000,0
22.503,0.9137,-0.5922,-0.0000,0.5985,0.0288,0.1979,0.0000,2,1.0000,0.0000,0
22.524,0.9137,-0.5922,-0.0000,0.5985,0.0288,0.1979,0.0000,2,1.0000,0.0000,0
22.543,0.9137,-0.5922,-0.0000,0.5985,0.0288,0.1979,0.0000,2,1.0000,0.0000,0
22.563,0.9137,-0.5922,-0.0000,0.5985,0.0288,0.1979,0.0000,2,1.0000,0.0000,0
22.583,0.9137,-0.5922,-0.0000,0.5985,0.0288,0.1979,0.0000,2,1.0000,0.0000,0
22.603,0.9137,-0.5922,-0.0000,0.5985,0.0288,0.1979,0.0000,2,1.0000,0.0000,0
22.623,0.9137,-0.5922,-0.0000,0.5985,0.0288,0.1979,0.0000,2,1.0000,0.0000,0
22.643,0.9137,-0.5922,-0.0000,0.5985,0.0288,0.1979,0.0000,2,1.0000,0.0000,0
22.664,0.9137,-0.5922,-0.0000,0.5985,0.0288,0.1979,0.0000,2,1.0000,0.0000,0
22.683,0.9140,-0.5908,-0.0000,0.5970,0.0288,0.1979,0.0000,2,1.0000,0.0000,0
22.703,0.9148,-0.5849,-0.0000,0.5911,0.0288,0.1979,0.0000,2,1.0000,0.0000,0
22.723,0.9157,-0.5791,-0.0000,0.5852,0.0288,0.1979,0.0000,2,1.0000,0.0000,0
22.744,0.9169,-0.5703,-0.0000,0.5763,0.0288,0.1979,0.0000,2,1.0000,0.0000,0
22.763,0.9171,-0.5689,-0.0000,0.5749,0.0288,0.1979,0.0000,2,1.0000,0.0000,0
22.783,0.9180,-0.5630,-0.0000,0.5690,0.0288,0.1979,0.0000,2,1.0000,0.0000,0
22.803,0.9180,-0.5630,-0.0000,0.5690,0.0288,0.1979,0.0000,2,1.0000,0.0000,0
22.823,0.9180,-0.5630,-0.0000,0.5690,0.0288,0.1979,0.0000,2,1.0000,0.0000,0
22.843,0.9180,-0.5630,-0.0000,0.5690,0.0288,0.1979,0.0000,2,1.0000,0.0000,0
22.863,0.9180,-0.5630,-0.0000,0.5690,0.0288,0.1979,0.0000,2,1.0000,0.0000,0
22.883,0.9184,-0.5601,-0.0000,0.5660,0.0288,0.1979,0.0000,2,1.0000,0.0000,0
22.904,0.9184,-0.5601,-0.0000,0.5660,0.0288,0.1979,0.0000,2,1.0000,0.0000,0
22.923,0.9184,-0.5601,-0.0000,0.5660,0.0288,0.1979,0.0000,2,1.0000,0.0000,0
22.943,0.9184,-0.5601,-0.0000,0.5660,0.0288,0.1979,0.0000,2,1.0000,0.0000,0
22.963,0.9184,-0.5601,-0.0000,0.5660,0.0288,0.1979,0.0000,2,1.0000,0.0000,0
22.983,0.9184,-0.5601,-0.0000,0.5660,0.0288,0.1979,0.0000,2,1.0000,0.0000,0
23.005,0.9184,-0.5601,-0.0000,0.5660,0.0288,0.1979,0.0000,2,1.0000,0.0000,0
23.023,0.9184,-0.5601,-0.0000,0.5660,0.0288,0.1979,0.0000,2,1.0000,0.0000,0
23.043,0.9184,-0.5601,-0.0000,0.5660,0.0288,0.1979,0.0000,2,1.0000,0.0000,0
23.064,0.9184,-0.5601,-0.0000,0.5660,0.0288,0.1979,0.0000,2,1.0000,0.0000,0
23.086,0.9184,-0.5601,-0.0000,0.5660,0.0288,0.1979,0.0000,2,1.0000,0.0000,0
23.103,0.9186,-0.5586,-0.0000,0.5645,0.0288,0.1979,0.0000,2,1.0000,0.0000,0
23.123,0.9195,-0.5528,-0.0000,0.5586,0.0288,0.1979,0.0000,2,1.0000,0.0000,0
23.143,0.9201,-0.5484,-0.0000,0.5542,0.0288,0.1979,0.0000,2,1.0000,0.0000,0
23.165,0.9212,-0.5411,-0.0000,0.5468,0.0288,0.1979,0.0000,2,1.0000,0.0000,0
23.183,0.9220,-0.5352,-0.0000,0.5409,0.0288,0.1979,0.0000,2,1.0000,0.0000,0
23.203,0.9220,-0.5352,-0.0000,0.5409,0.0288,0.1979,0.0000,2,1.0000,0.0000,0
23.223,0.9220,-0.5352,-0.0000,0.5409,0.0288,0.1979,0.0000,2,1.0000,0.0000,0
23.244,0.9220,-0.5352,-0.0000,0.5409,0.0288,0.1979,0.0000,2,1.0000,0.0000,0
23.263,0.9220,-0.5352,-0.0000,0.5409,0.0288,0.1979,0.0000,2,1.0000,0.0000,0
23.285,0.9220,-0.5352,-0.0000,0.5409,0.0288,0.1979,0.0000,2,1.0000,0.0000,0
23.303,0.9223,-0.5338,-0.0000,0.5394,0.0288,0.1979,0.0000,2,1.0000,0.0000,0
23.325,0.9231,-0.5279,-0.0000,0.5335,0.0288,0.1979,0.0000,2,1.0000,0.0000,0
23.343,0.9231,-0.5279,-0.0000,0.5335,0.0288,0.1979,0.0000,2,1.0000,0.0000,0
23.363,0.9231,-0.5279,-0.0000,0.5335,0.0288,0.1979,0.0000,2,1.0000,0.0000,0
23.383,0.9237,-0.5236,-0.0000,0.5291,0.0288,0.1979,0.0000,2,1.0000,0.0000,0
23.403,0.9237,-0.5236,-0.0000,0.5291,0.0288,0.1979,0.0000,2,1.0000,0.0000,0
23.423,0.9237,-0.5236,-0.0000,0.5291,0.0288,0.1979,0.0000,2,1.0000,0.0000,0
23.445,0.9237,-0.5236,-0.0000,0.5291,0.0288,0.1979,0.0000,2,1.0000,0.0000,0
23.463,0.9250,-0.5148,-0.0000,0.5202,0.0288,0.1979,0.0000,2,1.0000,0.0000,0
23.483,0.9250,-0.5148,-0.0000,0.5202,0.0288,0.1979,0.0000,2,1.0000,0.0000,0
23.503,0.9250,-0.5148,-0.0000,0.5202,0.0288,0.1979,0.0000,2,1.0000,0.0000,0
23.523,0.9257,-0.5104,-0.0000,0.5158,0.0288,0.1979,0.0000,2,1.0000,0.0000,0
23.543,0.9257,-0.5104,-0.0000,0.5158,0.0288,0.1979,0.0000,2,1.0000,0.0000,0
23.563,0.9257,-0.5104,-0.0000,0.5158,0.0288,0.1979,0.0000,2,1.0000,0.0000,0
23.583,0.9257,-0.5104,-0.0000,0.5158,0.0288,0.1979,0.0000,2,1.0000,0.0000,0
23.603,0.9257,-0.5104,-0.0000,0.5158,0.0288,0.1979,0.0000,2,1.0000,0.0000,0
23.623,0.9257,-0.5104,-0.0000,0.5158,0.0288,0.1979,0.0000,2,1.0000,0.0000,0
23.645,0.9257,-0.5104,-0.0000,0.5158,0.0288,0.1979,0.0000,2,1.0000,0.0000,0
23.663,0.9257,-0.5104,-0.0000,0.5158,0.0288,0.1979,0.0000,2,1.0000,0.0000,0
23.683,0.9257,-0.5104,-0.0000,0.5158,0.0288,0.1979,0.0000,2,1.0000,0.0000,0
23.703,0.9257,-0.5104,-0.0000,0.5158,0.0288,0.1979,0.0000,2,1.0000,0.0000,0
23.723,0.9257,-0.5104,-0.0000,0.5158,0.0288,0.1979,0.0000,2,1.0000,0.0000,0
23.745,0.9257,-0.5104,-0.0000,0.5158,0.0288,0.1979,0.0000,2,1.0000,0.0000,0
23.763,0.9261,-0.5075,-0.0000,0.5128,0.0288,0.1979,0.0000,2,1.0000,0.0000,0
23.784,0.9263,-0.5060,-0.0000,0.5114,0.0288,0.1979,0.0000,2,1.0000,0.0000,0
23.803,0.9271,-0.5002,-0.0000,0.5054,0.0288,0.1979,0.0000,2,1.0000,0.0000,0
23.823,0.9278,-0.4958,-0.0000,0.5010,0.0288,0.1979,0.0000,2,1.0000,0.0000,0
23.843,0.9278,-0.4958,-0.0000,0.5010,0.0288,0.1979,0.0000,2,1.0000,0.0000,0
23.863,0.9278,-0.4958,-0.0000,0.5010,0.0288,0.1979,0.0000,2,1.0000,0.0000,0
23.883,0.9278,-0.4958,-0.0000,0.5010,0.0288,0.1979,0.0000,2,1.0000,0.0000,0
23.903,0.9278,-0.4958,-0.0000,0.5010,0.0288,0.1979,0.0000,2,1.0000,0.0000,0
23.924,0.9278,-0.4958,-0.0000,0.5010,0.0288,0.1979,0.0000,2,1.0000,0.0000,0
23.943,0.9280,-0.4943,-0.0000,0.4995,0.0288,0.1979,0.0000,2,1.0000,0.0000,0
23.963,0.9289,-0.4885,-0.0000,0.4936,0.0288,0.1979,0.0000,2,1.0000,0.0000,0
23.983,0.9291,-0.4870,-0.0000,0.4922,0.0288,0.1979,0.0000,2,1.0000,0.0000,0
24.003,0.9299,-0.4812,-0.0000,0.4862,0.0288,0.1979,0.0000,2,1.0000,0.0000,0
24.023,0.9299,-0.4812,-0.0000,0.4862,0.0288,0.1979,0.0000,2,1.0000,0.0000,0
24.045,0.9299,-0.4812,-0.0000,0.4862,0.0288,0.1979,0.0000,2,1.0000,0.0000,0
24.063,0.9306,-0.4768,-0.0000,0.4818,0.0288,0.1979,0.0000,2,1.0000,0.0000,0
24.083,0.9306,-0.4768,-0.0000,0.4818,0.0288,0.1979,0.0000,2,1.0000,0.0000,0
24.104,0.9306,-0.4768,-0.0000,0.4818,0.0288,0.1979,0.0000,2,1.0000,0.0000,0
24.123,0.9316,-0.4695,-0.0000,0.4744,0.0288,0.1979,0.0000,2,1.0000,0.0000,0
24.143,0.9316,-0.4695,-0.0000,0.4744,0.0288,0.1979,0.0000,2,1.0000,0.0000,0
24.163,0.9316,-0.4695,-0.0000,0.4744,0.0288,0.1979,0.0000,2,1.0000,0.0000,0
24.183,0.9316,-0.4695,-0.0000,0.4744,0.0288,0.1979,0.0000,2,1.0000,0.0000,0
24.203,0.9316,-0.4695,-0.0000,0.4744,0.0288,0.1979,0.0000,2,1.0000,0.0000,0
24.223,0.9318,-0.4680,-0.0000,0.4730,0.0288,0.1979,0.0000,2,1.0000,0.0000,0
24.243,0.9327,-0.4622,-0.0000,0.4670,0.0288,0.1979,0.0000,2,1.0000,0.0000,0
24.263,0.9327,-0.4622,-0.0000,0.4670,0.0288,0.1979,0.0000,2,1.0000,0.0000,0
24.284,0.9327,-0.4622,-0.0000,0.4670,0.0288,0.1979,0.0000,2,1.0000,0.0000,0
24.303,0.9335,-0.4563,-0.0000,0.4611,0.0288,0.1979,0.0000,2,1.0000,0.0000,0
24.324,0.9335,-0.4563,-0.0000,0.4611,0.0288,0.1979,0.0000,2,1.0000,0.0000,0
24.343,0.9335,-0.4563,-0.0000,0.4611,0.0288,0.1979,0.0000,2,1.0000,0.0000,0
24.365,0.9335,-0.4563,-0.0000,0.4611,0.0288,0.1979,0.0000,2,1.0000,0.0000,0
24.383,0.9348,-0.4476,-0.0000,0.4523,0.0288,0.1979,0.0000,2,1.0000,0.0000,0
24.404,0.9348,-0.4476,-0.0000,0.4523,0.0288,0.1979,0.0000,2,1.0000,0.0000,0
24.423,0.9357,-0.4417,-0.0000,0.4464,0.0288,0.1979,0.0000,2,1.0000,0.0000,0
24.443,0.9357,-0.4417,-0.0000,0.4464,0.0288,0.1979,0.0000,2,1.0000,0.0000,0
24.463,0.9357,-0.4417,-0.0000,0.4464,0.0288,0.1979,0.0000,2,1.0000,0.0000,0
24.484,0.9357,-0.4417,-0.0000,0.4464,0.0288,0.1979,0.0000,2,1.0000,0.0000,0
24.503,0.9357,-0.4417,-0.0000,0.4464,0.0288,0.1979,0.0000,2,1.0000,0.0000,0
24.523,0.9357,-0.4417,-0.0000,0.4464,0.0288,0.1979,0.0000,2,1.0000,0.0000,0
24.543,0.9359,-0.4402,-0.0000,0.4449,0.0288,0.1979,0.0000,2,1.0000,0.0000,0
24.563,0.9367,-0.4344,-0.0000,0.4390,0.0288,0.1979,0.0000,2,1.0000,0.0000,0
24.583,0.9367,-0.4344,-0.0000,0.4390,0.0288,0.1979,0.0000,2,1.0000,0.0000,0
24.603,0.9369,-0.4329,-0.0000,0.4375,0.0288,0.1979,0.0000,2,1.0000,0.0000,0
24.623,0.9378,-0.4271,-0.0000,0.4316,0.0288,0.1979,0.0000,2,1.0000,0.0000,0
24.643,0.9378,-0.4271,-0.0000,0.4316,0.0288,0.1979,0.0000,2,1.0000,0.0000,0
24.663,0.9378,-0.4271,-0.0000,0.4316,0.0288,0.1979,0.0000,2,1.0000,0.0000,0
24.683,0.9386,-0.4213,-0.0000,0.4257,0.0288,0.1979,0.0000,2,1.0000,0.0000,0
24.703,0.9386,-0.4213,-0.0000,0.4257,0.0288,0.1979,0.0000,2,1.0000,0.0000,0
24.724,0.9386,-0.4213,-0.0000,0.4257,0.0288,0.1979,0.0000,2,1.0000,0.0000,0
24.743,0.9395,-0.4154,-0.0000,0.4198,0.0288,0.1979,0.0000,2,1.0000,0.0000,0
24.763,0.9395,-0.4154,-0.0000,0.4198,0.0288,0.1979,0.0000,2,1.0000,0.0000,0
24.783,0.9395,-0.4154,-0.0000,0.4198,0.0288,0.1979,0.0000,2,1.0000,0.0000,0
24.803,0.9395,-0.4154,-0.0000,0.4198,0.0288,0.1979,0.0000,2,1.0000,0.0000,0
24.823,0.9395,-0.4154,-0.0000,0.4198,0.0288,0.1979,0.0000,2,1.0000,0.0000,0
24.843,0.9395,-0.4154,-0.0000,0.4198,0.0288,0.1979,0.0000,2,1.0000,0.0000,0
24.863,0.9395,-0.4154,-0.0000,0.4198,0.0288,0.1979,0.0000,2,1.0000,0.0000,0
24.883,0.9395,-0.4154,-0.0000,0.4198,0.0288,0.1979,0.0000,2,1.0000,0.0000,0
24.903,0.9395,-0.4154,-0.0000,0.4198,0.0288,0.1979,0.0000,2,1.0000,0.0000,0
24.923,0.9395,-0.4154,-0.0000,0.4198,0.0288,0.1979,0.0000,2,1.0000,0.0000,0
24.943,0.9395,-0.4154,-0.0000,0.4198,0.0288,0.1979,0.0000,2,1.0000,0.0000,0
24.963,0.9395,-0.4154,-0.0000,0.4198,0.0288,0.1979,0.0000,2,1.0000,0.0000,0
24.983,0.9397,-0.4139,-0.0000,0.4183,0.0288,0.1979,0.0000,2,1.0000,0.0000,0
25.003,0.9406,-0.4081,-0.0000,0.4124,0.0288,0.1979,0.0000,2,1.0000,0.0000,0
25.023,0.9410,-0.4052,-0.0000,0.4094,0.0288,0.1979,0.0000,2,1.0000,0.0000,0
25.043,0.9423,-0.3964,-0.0000,0.4006,0.0288,0.1979,0.0000,2,1.0000,0.0000,0
25.063,0.9423,-0.3964,-0.0000,0.4006,0.0288,0.1979,0.0000,2,1.0000,0.0000,0
25.083,0.9423,-0.3964,-0.0000,0.4006,0.0288,0.1979,0.0000,2,1.0000,0.0000,0
25.103,0.9423,-0.3964,-0.0000,0.4006,0.0288,0.1979,0.0000,2,1.0000,0.0000,0
25.123,0.9423,-0.3964,-0.0000,0.4006,0.0288,0.1979,0.0000,2,1.0000,0.0000,0
25.143,0.9423,-0.3964,-0.0000,0.4006,0.0288,0.1979,0.0000,2,1.0000,0.0000,0
25.163,0.9423,-0.3964,-0.0000,0.4006,0.0288,0.1979,0.0000,2,1.0000,0.0000,0
25.183,0.9423,-0.3964,-0.0000,0.4006,0.0288,0.1979,0.0000,2,1.0000,0.0000,0
25.204,0.9423,-0.3964,-0.0000,0.4006,0.0288,0.1979,0.0000,2,1.0000,0.0000,0
25.226,0.9423,-0.3964,-0.0000,0.4006,0.0288,0.1979,0.0000,2,1.0000,0.0000,0
25.245,0.9423,-0.3964,-0.0000,0.4006,0.0288,0.1979,0.0000,2,1.0000,0.0000,0
25.264,0.9425,-0.3949,-0.0000,0.3991,0.0288,0.1979,0.0000,2,1.0000,0.0000,0
25.283,0.9431,-0.3906,-0.0000,0.3947,0.0288,0.1979,0.0000,2,1.0000,0.0000,0
25.303,0.9435,-0.3876,-0.0000,0.3917,0.0288,0.1979,0.0000,2,1.0000,0.0000,0
25.323,0.9442,-0.3833,-0.0000,0.3873,0.0288,0.1979,0.0000,2,1.0000,0.0000,0
25.343,0.9442,-0.3833,-0.0000,0.3873,0.0288,0.1979,0.0000,2,1.0000,0.0000,0
25.363,0.9442,-0.3833,-0.0000,0.3873,0.0288,0.1979,0.0000,2,1.0000,0.0000,0
25.383,0.9448,-0.3789,-0.0000,0.3829,0.0288,0.1979,0.0000,2,1.0000,0.0000,0
25.403,0.9448,-0.3789,-0.0000,0.3829,0.0288,0.1979,0.0000,2,1.0000,0.0000,0
25.423,0.9448,-0.3789,-0.0000,0.3829,0.0288,0.1979,0.0000,2,1.0000,0.0000,0
25.445,0.9448,-0.3789,-0.0000,0.3829,0.0288,0.1979,0.0000,2,1.0000,0.0000,0
25.463,0.9448,-0.3789,-0.0000,0.3829,0.0288,0.1979,0.0000,2,1.0000,0.0000,0
25.484,0.9448,-0.3789,-0.0000,0.3829,0.0288,0.1979,0.0000,2,1.0000,0.0000,0
25.503,0.9448,-0.3789,-0.0000,0.3829,0.0288,0.1979,0.0000,2,1.0000,0.0000,0
25.523,0.9448,-0.3789,-0.0000,0.3829,0.0288,0.1979,0.0000,2,1.0000,0.0000,0
25.543,0.9448,-0.3789,-0.0000,0.3829,0.0288,0.1979,0.0000,2,1.0000,0.0000,0
25.564,0.9448,-0.3789,-0.0000,0.3829,0.0288,0.1979,0.0000,2,1.0000,0.0000,0
25.586,0.9448,-0.3789,-0.0000,0.3829,0.0288,0.1979,0.0000,2,1.0000,0.0000,0
25.603,0.9455,-0.3745,-0.0000,0.3784,0.0288,0.1979,0.0000,2,1.0000,0.0000,0
25.623,0.9461,-0.3701,-0.0000,0.3740,0.0288,0.1979,0.0000,2,1.0000,0.0000,0
25.643,0.9472,-0.3628,-0.0000,0.3666,0.0288,0.1979,0.0000,2,1.0000,0.0000,0
25.663,0.9478,-0.3584,-0.0000,0.3622,0.0288,0.1979,0.0000,2,1.0000,0.0000,0
25.683,0.9478,-0.3584,-0.0000,0.3622,0.0288,0.1979,0.0000,2,1.0000,0.0000,0
25.703,0.9478,-0.3584,-0.0000,0.3622,0.0288,0.1979,0.0000,2,1.0000,0.0000,0
25.723,0.9489,-0.3511,-0.0000,0.3548,0.0288,0.1979,0.0000,2,1.0000,0.0000,0
25.743,0.9489,-0.3511,-0.0000,0.3548,0.0288,0.1979,0.0000,2,1.0000,0.0000,0
25.763,0.9489,-0.3511,-0.0000,0.3548,0.0288,0.1979,0.0000,2,1.0000,0.0000,0
25.783,0.9489,-0.3511,-0.0000,0.3548,0.0288,0.1979,0.0000,2,1.0000,0.0000,0
25.803,0.9489,-0.3511,-0.0000,0.3548,0.0288,0.1979,0.0000,2,1.0000,0.0000,0
25.823,0.9489,-0.3511,-0.0000,0.3548,0.0288,0.1979,0.0000,2,1.0000,0.0000,0
25.843,0.9489,-0.3511,-0.0000,0.3548,0.0288,0.1979,0.0000,2,1.0000,0.0000,0
25.863,0.9489,-0.3511,-0.0000,0.3548,0.0288,0.1979,0.0000,2,1.0000,0.0000,0
25.883,0.9489,-0.3511,-0.0000,0.3548,0.0288,0.1979,0.0000,2,1.0000,0.0000,0
25.903,0.9491,-0.3496,-0.0000,0.3533,0.0288,0.1979,0.0000,2,1.0000,0.0000,0
25.923,0.9499,-0.3438,-0.0000,0.3474,0.0288,0.1979,0.0000,2,1.0000,0.0000,0
25.943,0.9504,-0.3409,-0.0000,0.3445,0.0288,0.1979,0.0000,2,1.0000,0.0000,0
25.963,0.9518,-0.3306,-0.0000,0.3341,0.0288,0.1979,0.0000,2,1.0000,0.0000,0
25.983,0.9518,-0.3306,-0.0000,0.3341,0.0288,0.1979,0.0000,2,1.0000,0.0000,0
26.005,0.9518,-0.3306,-0.0000,0.3341,0.0288,0.1979,0.0000,2,1.0000,0.0000,0
26.023,0.9527,-0.3248,-0.0000,0.3282,0.0288,0.1979,0.0000,2,1.0000,0.0000,0
26.043,0.9527,-0.3248,-0.0000,0.3282,0.0288,0.1979,0.0000,2,1.0000,0.0000,0
26.063,0.9527,-0.3248,-0.0000,0.3282,0.0288,0.1979,0.0000,2,1.0000,0.0000,0
26.083,0.9527,-0.3248,-0.0000,0.3282,0.0288,0.1979,0.0000,2,1.0000,0.0000,0
26.103,0.9527,-0.3248,-0.0000,0.3282,0.0288,0.1979,0.0000,2,1.0000,0.0000,0
26.123,0.9527,-0.3248,-0.0000,0.3282,0.0288,0.1979,0.0000,2,1.0000,0.0000,0
26.143,0.9527,-0.3248,-0.0000,0.3282,0.0288,0.1979,0.0000,2,1.0000,0.0000,0
26.163,0.9527,-0.3248,-0.0000,0.3282,0.0288,0.1979,0.0000,2,1.0000,0.0000,0
26.183,0.9527,-0.3248,-0.0000,0.3282,0.0288,0.1979,0.0000,2,1.0000,0.0000,0
26.203,0.9527,-0.3248,-0.0000,0.3282,0.0288,0.1979,0.0000,2,1.0000,0.0000,0
26.223,0.9527,-0.3248,-0.0000,0.3282,0.0288,0.1979,0.0000,2,1.0000,0.0000,0
26.243,0.9533,-0.3204,-0.0000,0.3238,0.0288,0.1979,0.0000,2,1.0000,0.0000,0
26.263,0.9540,-0.3160,-0.0000,0.3194,0.0288,0.1979,0.0000,2,1.0000,0.0000,0
26.283,0.9552,-0.3073,-0.0000,0.3105,0.0288,0.1979,0.0000,2,1.0000,0.0000,0
26.303,0.9561,-0.3014,-0.0000,0.3046,0.0288,0.1979,0.0000,2,1.0000,0.0000,0
26.323,0.9561,-0.3014,-0.0000,0.3046,0.0288,0.1979,0.0000,2,1.0000,0.0000,0
26.343,0.9561,-0.3014,-0.0000,0.3046,0.0288,0.1979,0.0000,2,1.0000,0.0000,0
26.363,0.9565,-0.2985,-0.0000,0.3016,0.0288,0.1979,0.0000,2,1.0000,0.0000,0
26.383,0.9565,-0.2985,-0.0000,0.3016,0.0288,0.1979,0.0000,2,1.0000,0.0000,0
26.404,0.9565,-0.2985,-0.0000,0.3016,0.0288,0.1979,0.0000,2,1.0000,0.0000,0
26.423,0.9565,-0.2985,-0.0000,0.3016,0.0288,0.1979,0.0000,2,1.0000,0.0000,0
26.443,0.9565,-0.2985,-0.0000,0.3016,0.0288,0.1979,0.0000,2,1.0000,0.0000,0
26.463,0.9565,-0.2985,-0.0000,0.3016,0.0288,0.1979,0.0000,2,1.0000,0.0000,0
26.483,0.9565,-0.2985,-0.0000,0.3016,0.0288,0.1979,0.0000,2,1.0000,0.0000,0
26.503,0.9565,-0.2985,-0.0000,0.3016,0.0288,0.1979,0.0000,2,1.0000,0.0000,0
26.524,0.9572,-0.2941,-0.0000,0.2972,0.0288,0.1979,0.0000,2,1.0000,0.0000,0
26.543,0.9576,-0.2912,-0.0000,0.2942,0.0288,0.1979,0.0000,2,1.0000,0.0000,0
26.563,0.9584,-0.2853,-0.0000,0.2883,0.0288,0.1979,0.0000,2,1.0000,0.0000,0
26.584,0.9595,-0.2780,-0.0000,0.2810,0.0288,0.1979,0.0000,2,1.0000,0.0000,0
26.603,0.9595,-0.2780,-0.0000,0.2810,0.0288,0.1979,0.0000,2,1.0000,0.0000,0
26.624,0.9595,-0.2780,-0.0000,0.2810,0.0288,0.1979,0.0000,2,1.0000,0.0000,0
26.643,0.9606,-0.2707,-0.0000,0.2736,0.0288,0.1979,0.0000,2,1.0000,0.0000,0
26.663,0.9610,-0.2678,-0.0000,0.2706,0.0288,0.1979,0.0000,2,1.0000,0.0000,0
26.683,0.9610,-0.2678,-0.0000,0.2706,0.0288,0.1979,0.0000,2,1.0000,0.0000,0
26.705,0.9610,-0.2678,-0.0000,0.2706,0.0288,0.1979,0.0000,2,1.0000,0.0000,0
26.723,0.9618,-0.2619,-0.0000,0.2647,0.0288,0.1979,0.0000,2,1.0000,0.0000,0
26.743,0.9623,-0.2590,-0.0000,0.2618,0.0288,0.1979,0.0000,2,1.0000,0.0000,0
26.763,0.9623,-0.2590,-0.0000,0.2618,0.0288,0.1979,0.0000,2,1.0000,0.0000,0
26.784,0.9627,-0.2561,-0.0000,0.2588,0.0288,0.1979,0.0000,2,1.0000,0.0000,0
26.803,0.9636,-0.2503,-0.0000,0.2529,0.0288,0.1979,0.0000,2,1.0000,0.0000,0
26.823,0.9636,-0.2503,-0.0000,0.2529,0.0288,0.1979,0.0000,2,1.0000,0.0000,0
26.843,0.9636,-0.2503,-0.0000,0.2529,0.0288,0.1979,0.0000,2,1.0000,0.0000,0
26.863,0.9638,-0.2488,-0.0000,0.2514,0.0288,0.1979,0.0000,2,1.0000,0.0000,0
26.883,0.9644,-0.2444,-0.0000,0.2470,0.0288,0.1979,0.0000,2,1.0000,0.0000,0
26.903,0.9644,-0.2444,-0.0000,0.2470,0.0288,0.1979,0.0000,2,1.0000,0.0000,0
26.923,0.9653,-0.2386,-0.0000,0.2411,0.0288,0.1979,0.0000,2,1.0000,0.0000,0
26.943,0.9653,-0.2386,-0.0000,0.2411,0.0288,0.1979,0.0000,2,1.0000,0.0000,0
26.963,0.9653,-0.2386,-0.0000,0.2411,0.0288,0.1979,0.0000,2,1.0000,0.0000,0
26.984,0.9653,-0.2386,-0.0000,0.2411,0.0288,0.1979,0.0000,2,1.0000,0.0000,0
27.003,0.9659,-0.2342,-0.0000,0.2366,0.0288,0.1979,0.0000,2,1.0000,0.0000,0
27.023,0.9659,-0.2342,-0.0000,0.2366,0.0288,0.1979,0.0000,2,1.0000,0.0000,0
27.043,0.9659,-0.2342,-0.0000,0.2366,0.0288,0.1979,0.0000,2,1.0000,0.0000,0
27.063,0.9659,-0.2342,-0.0000,0.2366,0.0288,0.1979,0.0000,2,1.0000,0.0000,0
27.083,0.9665,-0.2298,-0.0000,0.2322,0.0288,0.1979,0.0000,2,1.0000,0.0000,0
27.103,0.9665,-0.2298,-0.0000,0.2322,0.0288,0.1979,0.0000,2,1.0000,0.0000,0
27.123,0.9665,-0.2298,-0.0000,0.2322,0.0288,0.1979,0.0000,2,1.0000,0.0000,0
27.143,0.9665,-0.2298,-0.0000,0.2322,0.0288,0.1979,0.0000,2,1.0000,0.0000,0
27.163,0.9665,-0.2298,-0.0000,0.2322,0.0288,0.1979,0.0000,2,1.0000,0.0000,0
27.183,0.9678,-0.2210,-0.0000,0.2234,0.0288,0.1979,0.0000,2,1.0000,0.0000,0
27.205,0.9678,-0.2210,-0.0000,0.2234,0.0288,0.1979,0.0000,2,1.0000,0.0000,0
27.223,0.9678,-0.2210,-0.0000,0.2234,0.0288,0.1979,0.0000,2,1.0000,0.0000,0
27.244,0.9687,-0.2152,-0.0000,0.2174,0.0288,0.1979,0.0000,2,1.0000,0.0000,0
27.263,0.9695,-0.2093,-0.0000,0.2115,0.0288,0.1979,0.0000,2,1.0000,0.0000,0
27.283,0.9695,-0.2093,-0.0000,0.2115,0.0288,0.1979,0.0000,2,1.0000,0.0000,0
27.303,0.9699,-0.2064,-0.0000,0.2086,0.0288,0.1979,0.0000,2,1.0000,0.0000,0
27.323,0.9699,-0.2064,-0.0000,0.2086,0.0288,0.1979,0.0000,2,1.0000,0.0000,0
27.343,0.9699,-0.2064,-0.0000,0.2086,0.0288,0.1979,0.0000,2,1.0000,0.0000,0
27.363,0.9699,-0.2064,-0.0000,0.2086,0.0288,0.1979,0.0000,2,1.0000,0.0000,0
27.383,0.9699,-0.2064,-0.0000,0.2086,0.0288,0.1979,0.0000,2,1.0000,0.0000,0
27.404,0.9699,-0.2064,-0.0000,0.2086,0.0288,0.1979,0.0000,2,1.0000,0.0000,0
27.423,0.9706,-0.2020,-0.0000,0.2042,0.0288,0.1979,0.0000,2,1.0000,0.0000,0
27.443,0.9706,-0.2020,-0.0000,0.2042,0.0288,0.1979,0.0000,2,1.0000,0.0000,0
27.465,0.9706,-0.2020,-0.0000,0.2042,0.0288,0.1979,0.0000,2,1.0000,0.0000,0
27.483,0.9719,-0.1933,-0.0000,0.1953,0.0288,0.1979,0.0000,2,1.0000,0.0000,0
27.503,0.9719,-0.1933,-0.0000,0.1953,0.0288,0.1979,0.0000,2,1.0000,0.0000,0
27.523,0.9719,-0.1933,-0.0000,0.1953,0.0288,0.1979,0.0000,2,1.0000,0.0000,0
27.544,0.9719,-0.1933,-0.0000,0.1953,0.0288,0.1979,0.0000,2,1.0000,0.0000,0
27.563,0.9731,-0.1845,-0.0000,0.1864,0.0288,0.1979,0.0000,2,1.0000,0.0000,0
27.583,0.9731,-0.1845,-0.0000,0.1864,0.0288,0.1979,0.0000,2,1.0000,0.0000,0
27.603,0.9731,-0.1845,-0.0000,0.1864,0.0288,0.1979,0.0000,2,1.0000,0.0000,0
27.623,0.9740,-0.1786,-0.0000,0.1805,0.0288,0.1979,0.0000,2,1.0000,0.0000,0
27.643,0.9740,-0.1786,-0.0000,0.1805,0.0288,0.1979,0.0000,2,1.0000,0.0000,0
27.664,0.9740,-0.1786,-0.0000,0.1805,0.0288,0.1979,0.0000,2,1.0000,0.0000,0
27.683,0.9740,-0.1786,-0.0000,0.1805,0.0288,0.1979,0.0000,2,1.0000,0.0000,0
27.706,0.9740,-0.1786,-0.0000,0.1805,0.0288,0.1979,0.0000,2,1.0000,0.0000,0
27.723,0.9742,-0.1772,-0.0000,0.1790,0.0288,0.1979,0.0000,2,1.0000,0.0000,0
27.743,0.9750,-0.1713,-0.0000,0.1731,0.0288,0.1979,0.0000,2,1.0000,0.0000,0
27.763,0.9750,-0.1713,-0.0000,0.1731,0.0288,0.1979,0.0000,2,1.0000,0.0000,0
27.784,0.9750,-0.1713,-0.0000,0.1731,0.0288,0.1979,0.0000,2,1.0000,0.0000,0
27.803,0.9757,-0.1669,-0.0000,0.1687,0.0288,0.1979,0.0000,2,1.0000,0.0000,0
27.823,0.9757,-0.1669,-0.0000,0.1687,0.0288,0.1979,0.0000,2,1.0000,0.0000,0
27.843,0.9757,-0.1669,-0.0000,0.1687,0.0288,0.1979,0.0000,2,1.0000,0.0000,0
27.863,0.9757,-0.1669,-0.0000,0.1687,0.0288,0.1979,0.0000,2,1.0000,0.0000,0
27.883,0.9770,-0.1582,-0.0000,0.1598,0.0288,0.1979,0.0000,2,1.0000,0.0000,0
27.903,0.9770,-0.1582,-0.0000,0.1598,0.0288,0.1979,0.0000,2,1.0000,0.0000,0
27.923,0.9778,-0.1523,-0.0000,0.1539,0.0288,0.1979,0.0000,2,1.0000,0.0000,0
27.943,0.9778,-0.1523,-0.0000,0.1539,0.0288,0.1979,0.0000,2,1.0000,0.0000,0
27.963,0.9778,-0.1523,-0.0000,0.1539,0.0288,0.1979,0.0000,2,1.0000,0.0000,0
27.984,0.9778,-0.1523,-0.0000,0.1539,0.0288,0.1979,0.0000,2,1.0000,0.0000,0
28.003,0.9778,-0.1523,-0.0000,0.1539,0.0288,0.1979,0.0000,2,1.0000,0.0000,0
28.024,0.9778,-0.1523,-0.0000,0.1539,0.0288,0.1979,0.0000,2,1.0000,0.0000,0
28.043,0.9778,-0.1523,-0.0000,0.1539,0.0288,0.1979,0.0000,2,1.0000,0.0000,0
28.064,0.9778,-0.1523,-0.0000,0.1539,0.0288,0.1979,0.0000,2,1.0000,0.0000,0
28.083,0.9778,-0.1523,-0.0000,0.1539,0.0288,0.1979,0.0000,2,1.0000,0.0000,0
28.103,0.9778,-0.1523,-0.0000,0.1539,0.0288,0.1979,0.0000,2,1.0000,0.0000,0
28.124,0.9785,-0.1479,-0.0000,0.9896,-0.1978,0.0299,0.0000,3,0.0000,0.0000,0
28.144,0.9781,-0.1404,-0.0000,0.9881,-0.1980,0.0284,0.0000,3,0.0000,0.0000,0
28.163,0.9781,-0.1404,-0.0000,0.9881,-0.1980,0.0284,0.0000,3,0.0000,0.0000,0
28.183,0.9751,-0.1400,-0.0000,0.9851,-0.1980,0.0284,0.0000,3,0.0000,0.0000,0
28.203,0.9693,-0.1391,-0.0000,0.9792,-0.1980,0.0284,0.0000,3,0.0000,0.0000,0
28.224,0.9693,-0.1391,-0.0000,0.9792,-0.1980,0.0284,0.0000,3,0.0000,0.0000,0
28.243,0.9693,-0.1391,-0.0000,0.9792,-0.1980,0.0284,0.0000,3,0.0000,0.0000,0
28.264,0.9693,-0.1391,-0.0000,0.9792,-0.1980,0.0284,0.0000,3,0.0000,0.0000,0
28.283,0.9678,-0.1389,-0.0000,0.9778,-0.1980,0.0284,0.0000,3,0.0000,0.0000,0
28.304,0.9678,-0.1389,-0.0000,0.9778,-0.1980,0.0284,0.0000,3,0.0000,0.0000,0
28.323,0.9678,-0.1389,-0.0000,0.9778,-0.1980,0.0284,0.0000,3,0.0000,0.0000,0
28.343,0.9678,-0.1389,-0.0000,0.9778,-0.1980,0.0284,0.0000,3,0.0000,0.0000,0
28.364,0.9678,-0.1389,-0.0000,0.9778,-0.1980,0.0284,0.0000,3,0.0000,0.0000,0
28.384,0.9634,-0.1383,-0.0000,0.9733,-0.1980,0.0284,0.0000,3,0.0000,0.0000,0
28.403,0.9634,-0.1383,-0.0000,0.9733,-0.1980,0.0284,0.0000,3,0.0000,0.0000,0
28.423,0.9561,-0.1373,-0.0000,0.9659,-0.1980,0.0284,0.0000,3,0.0000,0.0000,0
28.443,0.9517,-0.1366,-0.0000,0.9615,-0.1980,0.0284,0.0000,3,0.0000,0.0000,0
28.464,0.9517,-0.1366,-0.0000,0.9615,-0.1980,0.0284,0.0000,3,0.0000,0.0000,0
28.483,0.9517,-0.1366,-0.0000,0.9615,-0.1980,0.0284,0.0000,3,0.0000,0.0000,0
28.503,0.9517,-0.1366,-0.0000,0.9615,-0.1980,0.0284,0.0000,3,0.0000,0.0000,0
28.523,0.9474,-0.1360,-0.0000,0.9571,-0.1980,0.0284,0.0000,3,0.0000,0.0000,0
28.544,0.9444,-0.1356,-0.0000,0.9541,-0.1980,0.0284,0.0000,3,0.0000,0.0000,0
28.563,0.9401,-0.1350,-0.0000,0.9497,-0.1980,0.0284,0.0000,3,0.0000,0.0000,0
28.583,0.9401,-0.1350,-0.0000,0.9497,-0.1980,0.0284,0.0000,3,0.0000,0.0000,0
28.603,0.9401,-0.1350,-0.0000,0.9497,-0.1980,0.0284,0.0000,3,0.0000,0.0000,0
28.623,0.9401,-0.1350,-0.0000,0.9497,-0.1980,0.0284,0.0000,3,0.0000,0.0000,0
28.644,0.9401,-0.1350,-0.0000,0.9497,-0.1980,0.0284,0.0000,3,0.0000,0.0000,0
28.663,0.9357,-0.1343,-0.0000,0.9453,-0.1980,0.0284,0.0000,3,0.0000,0.0000,0
28.683,0.9357,-0.1343,-0.0000,0.9453,-0.1980,0.0284,0.0000,3,0.0000,0.0000,0
28.703,0.9357,-0.1343,-0.0000,0.9453,-0.1980,0.0284,0.0000,3,0.0000,0.0000,0
28.723,0.9357,-0.1343,-0.0000,0.9453,-0.1980,0.0284,0.0000,3,0.0000,0.0000,0
28.743,0.9357,-0.1343,-0.0000,0.9453,-0.1980,0.0284,0.0000,3,0.0000,0.0000,0
28.764,0.9357,-0.1343,-0.0000,0.9453,-0.1980,0.0284,0.0000,3,0.0000,0.0000,0
28.783,0.9357,-0.1343,-0.0000,0.9453,-0.1980,0.0284,0.0000,3,0.0000,0.0000,0
28.803,0.9357,-0.1343,-0.0000,0.9453,-0.1980,0.0284,0.0000,3,0.0000,0.0000,0
28.823,0.9357,-0.1343,-0.0000,0.9453,-0.1980,0.0284,0.0000,3,0.0000,0.0000,0
28.843,0.9357,-0.1343,-0.0000,0.9453,-0.1980,0.0284,0.0000,3,0.0000,0.0000,0
28.864,0.9357,-0.1343,-0.0000,0.9453,-0.1980,0.0284,0.0000,3,0.0000,0.0000,0
28.884,0.9327,-0.1339,-0.0000,0.9423,-0.1980,0.0284,0.0000,3,0.0000,0.0000,0
28.903,0.9254,-0.1329,-0.0000,0.9349,-0.1980,0.0284,0.0000,3,0.0000,0.0000,0
28.923,0.9210,-0.1322,-0.0000,0.9305,-0.1980,0.0284,0.0000,3,0.0000,0.0000,0
28.944,0.9137,-0.1312,-0.0000,0.9231,-0.1980,0.0284,0.0000,3,0.0000,0.0000,0
28.963,0.9137,-0.1312,-0.0000,0.9231,-0.1980,0.0284,0.0000,3,0.0000,0.0000,0
28.983,0.9123,-0.1310,-0.0000,0.9216,-0.1980,0.0284,0.0000,3,0.0000,0.0000,0
29.003,0.9123,-0.1310,-0.0000,0.9216,-0.1980,0.0284,0.0000,3,0.0000,0.0000,0
29.023,0.9123,-0.1310,-0.0000,0.9216,-0.1980,0.0284,0.0000,3,0.0000,0.0000,0
29.043,0.9123,-0.1310,-0.0000,0.9216,-0.1980,0.0284,0.0000,3,0.0000,0.0000,0
29.063,0.9108,-0.1308,-0.0000,0.9201,-0.1980,0.0284,0.0000,3,0.0000,0.0000,0
29.083,0.9050,-0.1299,-0.0000,0.9142,-0.1980,0.0284,0.0000,3,0.0000,0.0000,0
29.103,0.9050,-0.1299,-0.0000,0.9142,-0.1980,0.0284,0.0000,3,0.0000,0.0000,0
29.123,0.9050,-0.1299,-0.0000,0.9142,-0.1980,0.0284,0.0000,3,0.0000,0.0000,0
29.143,0.9020,-0.1295,-0.0000,0.9113,-0.1980,0.0284,0.0000,3,0.0000,0.0000,0
29.163,0.9020,-0.1295,-0.0000,0.9113,-0.1980,0.0284,0.0000,3,0.0000,0.0000,0
29.183,0.9020,-0.1295,-0.0000,0.9113,-0.1980,0.0284,0.0000,3,0.0000,0.0000,0
29.203,0.9020,-0.1295,-0.0000,0.9113,-0.1980,0.0284,0.0000,3,0.0000,0.0000,0
29.223,0.8933,-0.1282,-0.0000,0.9024,-0.1980,0.0284,0.0000,3,0.0000,0.0000,0
29.243,0.8933,-0.1282,-0.0000,0.9024,-0.1980,0.0284,0.0000,3,0.0000,0.0000,0
29.265,0.8933,-0.1282,-0.0000,0.9024,-0.1980,0.0284,0.0000,3,0.0000,0.0000,0
29.283,0.8889,-0.1276,-0.0000,0.8980,-0.1980,0.0284,0.0000,3,0.0000,0.0000,0
29.303,0.8889,-0.1276,-0.0000,0.8980,-0.1980,0.0284,0.0000,3,0.0000,0.0000,0
29.323,0.8889,-0.1276,-0.0000,0.8980,-0.1980,0.0284,0.0000,3,0.0000,0.0000,0
29.344,0.8889,-0.1276,-0.0000,0.8980,-0.1980,0.0284,0.0000,3,0.0000,0.0000,0
29.363,0.8889,-0.1276,-0.0000,0.8980,-0.1980,0.0284,0.0000,3,0.0000,0.0000,0
29.383,0.8889,-0.1276,-0.0000,0.8980,-0.1980,0.0284,0.0000,3,0.0000,0.0000,0
29.403,0.8889,-0.1276,-0.0000,0.8980,-0.1980,0.0284,0.0000,3,0.0000,0.0000,0
29.424,0.8889,-0.1276,-0.0000,0.8980,-0.1980,0.0284,0.0000,3,0.0000,0.0000,0
29.443,0.8889,-0.1276,-0.0000,0.8980,-0.1980,0.0284,0.0000,3,0.0000,0.0000,0
29.463,0.8889,-0.1276,-0.0000,0.8980,-0.1980,0.0284,0.0000,3,0.0000,0.0000,0
29.483,0.8889,-0.1276,-0.0000,0.8980,-0.1980,0.0284,0.0000,3,0.0000,0.0000,0
29.503,0.8889,-0.1276,-0.0000,0.8980,-0.1980,0.0284,0.0000,3,0.0000,0.0000,0
29.525,0.8889,-0.1276,-0.0000,0.8980,-0.1980,0.0284,0.0000,3,0.0000,0.0000,0
29.544,0.8860,-0.1272,-0.0000,0.8950,-0.1980,0.0284,0.0000,3,0.0000,0.0000,0
29.563,0.8801,-0.1263,-0.0000,0.8891,-0.1980,0.0284,0.0000,3,0.0000,0.0000,0
29.583,0.8757,-0.1257,-0.0000,0.8847,-0.1980,0.0284,0.0000,3,0.0000,0.0000,0
29.603,0.8713,-0.1251,-0.0000,0.8803,-0.1980,0.0284,0.0000,3,0.0000,0.0000,0
29.623,0.8713,-0.1251,-0.0000,0.8803,-0.1980,0.0284,0.0000,3,0.0000,0.0000,0
29.645,0.8713,-0.1251,-0.0000,0.8803,-0.1980,0.0284,0.0000,3,0.0000,0.0000,0
29.663,0.8713,-0.1251,-0.0000,0.8803,-0.1980,0.0284,0.0000,3,0.0000,0.0000,0
29.684,0.8713,-0.1251,-0.0000,0.8803,-0.1980,0.0284,0.0000,3,0.0000,0.0000,0
29.703,0.8713,-0.1251,-0.0000,0.8803,-0.1980,0.0284,0.0000,3,0.0000,0.0000,0
29.723,0.8713,-0.1251,-0.0000,0.8803,-0.1980,0.0284,0.0000,3,0.0000,0.0000,0
29.743,0.8713,-0.1251,-0.0000,0.8803,-0.1980,0.0284,0.0000,3,0.0000,0.0000,0
29.764,0.8713,-0.1251,-0.0000,0.8803,-0.1980,0.0284,0.0000,3,0.0000,0.0000,0
29.784,0.8713,-0.1251,-0.0000,0.8803,-0.1980,0.0284,0.0000,3,0.0000,0.0000,0
29.803,0.8670,-0.1245,-0.0000,0.8758,-0.1980,0.0284,0.0000,3,0.0000,0.0000,0
29.824,0.8626,-0.1238,-0.0000,0.8714,-0.1980,0.0284,0.0000,3,0.0000,0.0000,0
29.843,0.8567,-0.1230,-0.0000,0.8655,-0.1980,0.0284,0.0000,3,0.0000,0.0000,0
29.864,0.8494,-0.1219,-0.0000,0.8581,-0.1980,0.0284,0.0000,3,0.0000,0.0000,0
29.884,0.8450,-0.1213,-0.0000,0.8537,-0.1980,0.0284,0.0000,3,0.0000,0.0000,0
29.903,0.8421,-0.1209,-0.0000,0.8507,-0.1980,0.0284,0.0000,3,0.0000,0.0000,0
29.923,0.8421,-0.1209,-0.0000,0.8507,-0.1980,0.0284,0.0000,3,0.0000,0.0000,0
29.943,0.8421,-0.1209,-0.0000,0.8507,-0.1980,0.0284,0.0000,3,0.0000,0.0000,0
29.963,0.8421,-0.1209,-0.0000,0.8507,-0.1980,0.0284,0.0000,3,0.0000,0.0000,0
29.983,0.8421,-0.1209,-0.0000,0.8507,-0.1980,0.0284,0.0000,3,0.0000,0.0000,0
30.003,0.8421,-0.1209,-0.0000,0.8507,-0.1980,0.0284,0.0000,3,0.0000,0.0000,0
30.023,0.8377,-0.1203,-0.0000,0.8463,-0.1980,0.0284,0.0000,3,0.0000,0.0000,0
30.044,0.8377,-0.1203,-0.0000,0.8463,-0.1980,0.0284,0.0000,3,0.0000,0.0000,0
30.063,0.8304,-0.1192,-0.0000,0.8389,-0.1980,0.0284,0.0000,3,0.0000,0.0000,0
30.083,0.8304,-0.1192,-0.0000,0.8389,-0.1980,0.0284,0.0000,3,0.0000,0.0000,0
30.103,0.8304,-0.1192,-0.0000,0.8389,-0.1980,0.0284,0.0000,3,0.0000,0.0000,0
30.123,0.8216,-0.1180,-0.0000,0.8301,-0.1980,0.0284,0.0000,3,0.0000,0.0000,0
30.143,0.8216,-0.1180,-0.0000,0.8301,-0.1980,0.0284,0.0000,3,0.0000,0.0000,0
30.164,0.8216,-0.1180,-0.0000,0.8301,-0.1980,0.0284,0.0000,3,0.0000,0.0000,0
30.183,0.8158,-0.1171,-0.0000,0.8241,-0.1980,0.0284,0.0000,3,0.0000,0.0000,0
30.203,0.8129,-0.1167,-0.0000,0.8212,-0.1980,0.0284,0.0000,3,0.0000,0.0000,0
30.223,0.8129,-0.1167,-0.0000,0.8212,-0.1980,0.0284,0.0000,3,0.0000,0.0000,0
30.243,0.8129,-0.1167,-0.0000,0.8212,-0.1980,0.0284,0.0000,3,0.0000,0.0000,0
30.263,0.8129,-0.1167,-0.0000,0.8212,-0.1980,0.0284,0.0000,3,0.0000,0.0000,0
30.283,0.8129,-0.1167,-0.0000,0.8212,-0.1980,0.0284,0.0000,3,0.0000,0.0000,0
30.303,0.8129,-0.1167,-0.0000,0.8212,-0.1980,0.0284,0.0000,3,0.0000,0.0000,0
30.324,0.8129,-0.1167,-0.0000,0.8212,-0.1980,0.0284,0.0000,3,0.0000,0.0000,0
30.343,0.8129,-0.1167,-0.0000,0.8212,-0.1980,0.0284,0.0000,3,0.0000,0.0000,0
30.363,0.8129,-0.1167,-0.0000,0.8212,-0.1980,0.0284,0.0000,3,0.0000,0.0000,0
30.383,0.8129,-0.1167,-0.0000,0.8212,-0.1980,0.0284,0.0000,3,0.0000,0.0000,0
30.405,0.8129,-0.1167,-0.0000,0.8212,-0.1980,0.0284,0.0000,3,0.0000,0.0000,0
30.423,0.8099,-0.1163,-0.0000,0.8182,-0.1980,0.0284,0.0000,3,0.0000,0.0000,0
30.443,0.8041,-0.1154,-0.0000,0.8123,-0.1980,0.0284,0.0000,3,0.0000,0.0000,0
30.463,0.7968,-0.1144,-0.0000,0.8049,-0.1980,0.0284,0.0000,3,0.0000,0.0000,0
30.483,0.7895,-0.1133,-0.0000,0.7976,-0.1980,0.0284,0.0000,3,0.0000,0.0000,0
30.503,0.7895,-0.1133,-0.0000,0.7976,-0.1980,0.0284,0.0000,3,0.0000,0.0000,0
30.523,0.7895,-0.1133,-0.0000,0.7976,-0.1980,0.0284,0.0000,3,0.0000,0.0000,0
30.544,0.7895,-0.1133,-0.0000,0.7976,-0.1980,0.0284,0.0000,3,0.0000,0.0000,0
30.563,0.7865,-0.1129,-0.0000,0.7946,-0.1980,0.0284,0.0000,3,0.0000,0.0000,0
30.583,0.7865,-0.1129,-0.0000,0.7946,-0.1980,0.0284,0.0000,3,0.0000,0.0000,0
30.603,0.7865,-0.1129,-0.0000,0.7946,-0.1980,0.0284,0.0000,3,0.0000,0.0000,0
30.623,0.7822,-0.1123,-0.0000,0.7902,-0.1980,0.0284,0.0000,3,0.0000,0.0000,0
30.643,0.7822,-0.1123,-0.0000,0.7902,-0.1980,0.0284,0.0000,3,0.0000,0.0000,0
30.663,0.7822,-0.1123,-0.0000,0.7902,-0.1980,0.0284,0.0000,3,0.0000,0.0000,0
30.683,0.7734,-0.1110,-0.0000,0.7813,-0.1980,0.0284,0.0000,3,0.0000,0.0000,0
30.703,0.7734,-0.1110,-0.0000,0.7813,-0.1980,0.0284,0.0000,3,0.0000,0.0000,0
30.723,0.7734,-0.1110,-0.0000,0.7813,-0.1980,0.0284,0.0000,3,0.0000,0.0000,0
30.743,0.7734,-0.1110,-0.0000,0.7813,-0.1980,0.0284,0.0000,3,0.0000,0.0000,0
30.763,0.7661,-0.1100,-0.0000,0.7739,-0.1980,0.0284,0.0000,3,0.0000,0.0000,0
30.783,0.7661,-0.1100,-0.0000,0.7739,-0.1980,0.0284,0.0000,3,0.0000,0.0000,0
30.805,0.7661,-0.1100,-0.0000,0.7739,-0.1980,0.0284,0.0000,3,0.0000,0.0000,0
30.824,0.7573,-0.1087,-0.0000,0.7651,-0.1980,0.0284,0.0000,3,0.0000,0.0000,0
30.843,0.7573,-0.1087,-0.0000,0.7651,-0.1980,0.0284,0.0000,3,0.0000,0.0000,0
30.863,0.7573,-0.1087,-0.0000,0.7651,-0.1980,0.0284,0.0000,3,0.0000,0.0000,0
30.883,0.7573,-0.1087,-0.0000,0.7651,-0.1980,0.0284,0.0000,3,0.0000,0.0000,0
30.903,0.7573,-0.1087,-0.0000,0.7651,-0.1980,0.0284,0.0000,3,0.0000,0.0000,0
30.923,0.7573,-0.1087,-0.0000,0.7651,-0.1980,0.0284,0.0000,3,0.0000,0.0000,0
30.943,0.7529,-0.1081,-0.0000,0.7606,-0.1980,0.0284,0.0000,3,0.0000,0.0000,0
30.963,0.7529,-0.1081,-0.0000,0.7606,-0.1980,0.0284,0.0000,3,0.0000,0.0000,0
30.983,0.7529,-0.1081,-0.0000,0.7606,-0.1980,0.0284,0.0000,3,0.0000,0.0000,0
31.003,0.7529,-0.1081,-0.0000,0.7606,-0.1980,0.0284,0.0000,3,0.0000,0.0000,0
31.023,0.7529,-0.1081,-0.0000,0.7606,-0.1980,0.0284,0.0000,3,0.0000,0.0000,0
31.043,0.7529,-0.1081,-0.0000,0.7606,-0.1980,0.0284,0.0000,3,0.0000,0.0000,0
31.063,0.7529,-0.1081,-0.0000,0.7606,-0.1980,0.0284,0.0000,3,0.0000,0.0000,0
31.083,0.7500,-0.1077,-0.0000,0.7577,-0.1980,0.0284,0.0000,3,0.0000,0.0000,0
31.103,0.7471,-0.1072,-0.0000,0.7547,-0.1980,0.0284,0.0000,3,0.0000,0.0000,0
31.123,0.7412,-0.1064,-0.0000,0.7488,-0.1980,0.0284,0.0000,3,0.0000,0.0000,0
31.143,0.7412,-0.1064,-0.0000,0.7488,-0.1980,0.0284,0.0000,3,0.0000,0.0000,0
31.164,0.7412,-0.1064,-0.0000,0.7488,-0.1980,0.0284,0.0000,3,0.0000,0.0000,0
31.183,0.7339,-0.1054,-0.0000,0.7414,-0.1980,0.0284,0.0000,3,0.0000,0.0000,0
31.203,0.7339,-0.1054,-0.0000,0.7414,-0.1980,0.0284,0.0000,3,0.0000,0.0000,0
31.223,0.7339,-0.1054,-0.0000,0.7414,-0.1980,0.0284,0.0000,3,0.0000,0.0000,0
31.243,0.7310,-0.1049,-0.0000,0.7385,-0.1980,0.0284,0.0000,3,0.0000,0.0000,0
31.263,0.7310,-0.1049,-0.0000,0.7385,-0.1980,0.0284,0.0000,3,0.0000,0.0000,0
31.283,0.7310,-0.1049,-0.0000,0.7385,-0.1980,0.0284,0.0000,3,0.0000,0.0000,0
31.307,0.7310,-0.1049,-0.0000,0.7385,-0.1980,0.0284,0.0000,3,0.0000,0.0000,0
31.323,0.7295,-0.1047,-0.0000,0.7370,-0.1980,0.0284,0.0000,3,0.0000,0.0000,0
31.343,0.7237,-0.1039,-0.0000,0.7311,-0.1980,0.0284,0.0000,3,0.0000,0.0000,0
31.363,0.7237,-0.1039,-0.0000,0.7311,-0.1980,0.0284,0.0000,3,0.0000,0.0000,0
31.385,0.7237,-0.1039,-0.0000,0.7311,-0.1980,0.0284,0.0000,3,0.0000,0.0000,0
31.404,0.7237,-0.1039,-0.0000,0.7311,-0.1980,0.0284,0.0000,3,0.0000,0.0000,0
31.423,0.7237,-0.1039,-0.0000,0.7311,-0.1980,0.0284,0.0000,3,0.0000,0.0000,0
31.443,0.7222,-0.1037,-0.0000,0.7296,-0.1980,0.0284,0.0000,3,0.0000,0.0000,0
31.463,0.7164,-0.1028,-0.0000,0.7237,-0.1980,0.0284,0.0000,3,0.0000,0.0000,0
31.483,0.7164,-0.1028,-0.0000,0.7237,-0.1980,0.0284,0.0000,3,0.0000,0.0000,0
31.503,0.7164,-0.1028,-0.0000,0.7237,-0.1980,0.0284,0.0000,3,0.0000,0.0000,0
31.523,0.7120,-0.1022,-0.0000,0.7193,-0.1980,0.0284,0.0000,3,0.0000,0.0000,0
31.543,0.7091,-0.1018,-0.0000,0.7163,-0.1980,0.0284,0.0000,3,0.0000,0.0000,0
31.563,0.7091,-0.1018,-0.0000,0.7163,-0.1980,0.0284,0.0000,3,0.0000,0.0000,0
31.583,0.7076,-0.1016,-0.0000,0.7149,-0.1980,0.0284,0.0000,3,0.0000,0.0000,0
31.603,0.7076,-0.1016,-0.0000,0.7149,-0.1980,0.0284,0.0000,3,0.0000,0.0000,0
31.623,0.7076,-0.1016,-0.0000,0.7149,-0.1980,0.0284,0.0000,3,0.0000,0.0000,0
31.643,0.7076,-0.1016,-0.0000,0.7149,-0.1980,0.0284,0.0000,3,0.0000,0.0000,0
31.663,0.7076,-0.1016,-0.0000,0.7149,-0.1980,0.0284,0.0000,3,0.0000,0.0000,0
31.684,0.7076,-0.1016,-0.0000,0.7149,-0.1980,0.0284,0.0000,3,0.0000,0.0000,0
31.703,0.7076,-0.1016,-0.0000,0.7149,-0.1980,0.0284,0.0000,3,0.0000,0.0000,0
31.723,0.7076,-0.1016,-0.0000,0.7149,-0.1980,0.0284,0.0000,3,0.0000,0.0000,0
31.743,0.7076,-0.1016,-0.0000,0.7149,-0.1980,0.0284,0.0000,3,0.0000,0.0000,0
31.763,0.7076,-0.1016,-0.0000,0.7149,-0.1980,0.0284,0.0000,3,0.0000,0.0000,0
31.783,0.7076,-0.1016,-0.0000,0.7149,-0.1980,0.0284,0.0000,3,0.0000,0.0000,0
31.804,0.7076,-0.1016,-0.0000,0.7149,-0.1980,0.0284,0.0000,3,0.0000,0.0000,0
31.823,0.7061,-0.1014,-0.0000,0.7134,-0.1980,0.0284,0.0000,3,0.0000,0.0000,0
31.843,0.7003,-0.1005,-0.0000,0.7075,-0.1980,0.0284,0.0000,3,0.0000,0.0000,0
31.863,0.7003,-0.1005,-0.0000,0.7075,-0.1980,0.0284,0.0000,3,0.0000,0.0000,0
31.883,0.7003,-0.1005,-0.0000,0.7075,-0.1980,0.0284,0.0000,3,0.0000,0.0000,0
31.903,0.7003,-0.1005,-0.0000,0.7075,-0.1980,0.0284,0.0000,3,0.0000,0.0000,0
31.923,0.7003,-0.1005,-0.0000,0.7075,-0.1980,0.0284,0.0000,3,0.0000,0.0000,0
31.943,0.7003,-0.1005,-0.0000,0.7075,-0.1980,0.0284,0.0000,3,0.0000,0.0000,0
31.964,0.7003,-0.1005,-0.0000,0.7075,-0.1980,0.0284,0.0000,3,0.0000,0.0000,0
31.984,0.7003,-0.1005,-0.0000,0.7075,-0.1980,0.0284,0.0000,3,0.0000,0.0000,0
32.003,0.6974,-0.1001,-0.0000,0.7045,-0.1980,0.0284,0.0000,3,0.0000,0.0000,0
32.023,0.6915,-0.0993,-0.0000,0.6986,-0.1980,0.0284,0.0000,3,0.0000,0.0000,0
32.043,0.6842,-0.0982,-0.0000,0.6912,-0.1980,0.0284,0.0000,3,0.0000,0.0000,0
32.064,0.6798,-0.0976,-0.0000,0.6868,-0.1980,0.0284,0.0000,3,0.0000,0.0000,0
32.083,0.6711,-0.0963,-0.0000,0.6779,-0.1980,0.0284,0.0000,3,0.0000,0.0000,0
32.103,0.6681,-0.0959,-0.0000,0.6750,-0.1980,0.0284,0.0000,3,0.0000,0.0000,0
32.123,0.6681,-0.0959,-0.0000,0.6750,-0.1980,0.0284,0.0000,3,0.0000,0.0000,0
32.143,0.6681,-0.0959,-0.0000,0.6750,-0.1980,0.0284,0.0000,3,0.0000,0.0000,0
32.163,0.6681,-0.0959,-0.0000,0.6750,-0.1980,0.0284,0.0000,3,0.0000,0.0000,0
32.183,0.6652,-0.0955,-0.0000,0.6720,-0.1980,0.0284,0.0000,3,0.0000,0.0000,0
32.203,0.6652,-0.0955,-0.0000,0.6720,-0.1980,0.0284,0.0000,3,0.0000,0.0000,0
32.223,0.6652,-0.0955,-0.0000,0.6720,-0.1980,0.0284,0.0000,3,0.0000,0.0000,0
32.243,0.6652,-0.0955,-0.0000,0.6720,-0.1980,0.0284,0.0000,3,0.0000,0.0000,0
32.263,0.6652,-0.0955,-0.0000,0.6720,-0.1980,0.0284,0.0000,3,0.0000,0.0000,0
32.283,0.6652,-0.0955,-0.0000,0.6720,-0.1980,0.0284,0.0000,3,0.0000,0.0000,0
32.303,0.6652,-0.0955,-0.0000,0.6720,-0.1980,0.0284,0.0000,3,0.0000,0.0000,0
32.323,0.6652,-0.0955,-0.0000,0.6720,-0.1980,0.0284,0.0000,3,0.0000,0.0000,0
32.343,0.6652,-0.0955,-0.0000,0.6720,-0.1980,0.0284,0.0000,3,0.0000,0.0000,0
32.363,0.6652,-0.0955,-0.0000,0.6720,-0.1980,0.0284,0.0000,3,0.0000,0.0000,0
32.383,0.6652,-0.0955,-0.0000,0.6720,-0.1980,0.0284,0.0000,3,0.0000,0.0000,0
32.403,0.6652,-0.0955,-0.0000,0.6720,-0.1980,0.0284,0.0000,3,0.0000,0.0000,0
32.423,0.6608,-0.0949,-0.0000,0.6676,-0.1980,0.0284,0.0000,3,0.0000,0.0000,0
32.443,0.6564,-0.0942,-0.0000,0.6632,-0.1980,0.0284,0.0000,3,0.0000,0.0000,0
32.463,0.6491,-0.0932,-0.0000,0.6558,-0.1980,0.0284,0.0000,3,0.0000,0.0000,0
32.483,0.6404,-0.0919,-0.0000,0.6469,-0.1980,0.0284,0.0000,3,0.0000,0.0000,0
32.503,0.6404,-0.0919,-0.0000,0.6469,-0.1980,0.0284,0.0000,3,0.0000,0.0000,0
32.523,0.6389,-0.0917,-0.0000,0.6454,-0.1980,0.0284,0.0000,3,0.0000,0.0000,0
32.543,0.6389,-0.0917,-0.0000,0.6454,-0.1980,0.0284,0.0000,3,0.0000,0.0000,0
32.563,0.6389,-0.0917,-0.0000,0.6454,-0.1980,0.0284,0.0000,3,0.0000,0.0000,0
32.584,0.6389,-0.0917,-0.0000,0.6454,-0.1980,0.0284,0.0000,3,0.0000,0.0000,0
32.603,0.6389,-0.0917,-0.0000,0.6454,-0.1980,0.0284,0.0000,3,0.0000,0.0000,0
32.623,0.6389,-0.0917,-0.0000,0.6454,-0.1980,0.0284,0.0000,3,0.0000,0.0000,0
32.643,0.6389,-0.0917,-0.0000,0.6454,-0.1980,0.0284,0.0000,3,0.0000,0.0000,0
32.663,0.6389,-0.0917,-0.0000,0.6454,-0.1980,0.0284,0.0000,3,0.0000,0.0000,0
32.683,0.6389,-0.0917,-0.0000,0.6454,-0.1980,0.0284,0.0000,3,0.0000,0.0000,0
32.704,0.6389,-0.0917,-0.0000,0.6454,-0.1980,0.0284,0.0000,3,0.0000,0.0000,0
32.723,0.6374,-0.0915,-0.0000,0.6440,-0.1980,0.0284,0.0000,3,0.0000,0.0000,0
32.743,0.6316,-0.0907,-0.0000,0.6381,-0.1980,0.0284,0.0000,3,0.0000,0.0000,0
32.763,0.6287,-0.0902,-0.0000,0.6351,-0.1980,0.0284,0.0000,3,0.0000,0.0000,0
32.783,0.6184,-0.0888,-0.0000,0.6248,-0.1980,0.0284,0.0000,3,0.0000,0.0000,0
32.803,0.6184,-0.0888,-0.0000,0.6248,-0.1980,0.0284,0.0000,3,0.0000,0.0000,0
32.823,0.6184,-0.0888,-0.0000,0.6248,-0.1980,0.0284,0.0000,3,0.0000,0.0000,0
32.843,0.6184,-0.0888,-0.0000,0.6248,-0.1980,0.0284,0.0000,3,0.0000,0.0000,0
32.863,0.6111,-0.0877,-0.0000,0.6174,-0.1980,0.0284,0.0000,3,0.0000,0.0000,0
32.883,0.6111,-0.0877,-0.0000,0.6174,-0.1980,0.0284,0.0000,3,0.0000,0.0000,0
32.905,0.6111,-0.0877,-0.0000,0.6174,-0.1980,0.0284,0.0000,3,0.0000,0.0000,0
32.923,0.6023,-0.0865,-0.0000,0.6085,-0.1980,0.0284,0.0000,3,0.0000,0.0000,0
32.943,0.6023,-0.0865,-0.0000,0.6085,-0.1980,0.0284,0.0000,3,0.0000,0.0000,0
32.963,0.6023,-0.0865,-0.0000,0.6085,-0.1980,0.0284,0.0000,3,0.0000,0.0000,0
32.984,0.6023,-0.0865,-0.0000,0.6085,-0.1980,0.0284,0.0000,3,0.0000,0.0000,0
33.003,0.5936,-0.0852,-0.0000,0.5997,-0.1980,0.0284,0.0000,3,0.0000,0.0000,0
33.025,0.5936,-0.0852,-0.0000,0.5997,-0.1980,0.0284,0.0000,3,0.0000,0.0000,0
33.043,0.5936,-0.0852,-0.0000,0.5997,-0.1980,0.0284,0.0000,3,0.0000,0.0000,0
33.063,0.5848,-0.0840,-0.0000,0.5908,-0.1980,0.0284,0.0000,3,0.0000,0.0000,0
33.083,0.5848,-0.0840,-0.0000,0.5908,-0.1980,0.0284,0.0000,3,0.0000,0.0000,0
33.104,0.5848,-0.0840,-0.0000,0.5908,-0.1980,0.0284,0.0000,3,0.0000,0.0000,0
33.123,0.5848,-0.0840,-0.0000,0.5908,-0.1980,0.0284,0.0000,3,0.0000,0.0000,0
33.145,0.5848,-0.0840,-0.0000,0.5908,-0.1980,0.0284,0.0000,3,0.0000,0.0000,0
33.163,0.5804,-0.0833,-0.0000,0.5864,-0.1980,0.0284,0.0000,3,0.0000,0.0000,0
33.183,0.5804,-0.0833,-0.0000,0.5864,-0.1980,0.0284,0.0000,3,0.0000,0.0000,0
33.203,0.5804,-0.0833,-0.0000,0.5864,-0.1980,0.0284,0.0000,3,0.0000,0.0000,0
33.224,0.5804,-0.0833,-0.0000,0.5864,-0.1980,0.0284,0.0000,3,0.0000,0.0000,0
33.243,0.5804,-0.0833,-0.0000,0.5864,-0.1980,0.0284,0.0000,3,0.0000,0.0000,0
33.263,0.5804,-0.0833,-0.0000,0.5864,-0.1980,0.0284,0.0000,3,0.0000,0.0000,0
33.285,0.5804,-0.0833,-0.0000,0.5864,-0.1980,0.0284,0.0000,3,0.0000,0.0000,0
33.303,0.5804,-0.0833,-0.0000,0.5864,-0.1980,0.0284,0.0000,3,0.0000,0.0000,0
33.323,0.5804,-0.0833,-0.0000,0.5864,-0.1980,0.0284,0.0000,3,0.0000,0.0000,0
33.344,0.5804,-0.0833,-0.0000,0.5864,-0.1980,0.0284,0.0000,3,0.0000,0.0000,0
33.363,0.5804,-0.0833,-0.0000,0.5864,-0.1980,0.0284,0.0000,3,0.0000,0.0000,0
33.383,0.5760,-0.0827,-0.0000,0.5819,-0.1980,0.0284,0.0000,3,0.0000,0.0000,0
33.403,0.5687,-0.0816,-0.0000,0.5745,-0.1980,0.0284,0.0000,3,0.0000,0.0000,0
33.423,0.5643,-0.0810,-0.0000,0.5701,-0.1980,0.0284,0.0000,3,0.0000,0.0000,0
33.443,0.5643,-0.0810,-0.0000,0.5701,-0.1980,0.0284,0.0000,3,0.0000,0.0000,0
33.463,0.5643,-0.0810,-0.0000,0.5701,-0.1980,0.0284,0.0000,3,0.0000,0.0000,0
33.483,0.5556,-0.0798,-0.0000,0.5613,-0.1980,0.0284,0.0000,3,0.0000,0.0000,0
33.505,0.5556,-0.0798,-0.0000,0.5613,-0.1980,0.0284,0.0000,3,0.0000,0.0000,0
33.523,0.5556,-0.0798,-0.0000,0.5613,-0.1980,0.0284,0.0000,3,0.0000,0.0000,0
33.543,0.5556,-0.0798,-0.0000,0.5613,-0.1980,0.0284,0.0000,3,0.0000,0.0000,0
33.563,0.5556,-0.0798,-0.0000,0.5613,-0.1980,0.0284,0.0000,3,0.0000,0.0000,0
33.583,0.5556,-0.0798,-0.0000,0.5613,-0.1980,0.0284,0.0000,3,0.0000,0.0000,0
33.604,0.5556,-0.0798,-0.0000,0.5613,-0.1980,0.0284,0.0000,3,0.0000,0.0000,0
33.623,0.5556,-0.0798,-0.0000,0.5613,-0.1980,0.0284,0.0000,3,0.0000,0.0000,0
33.643,0.5556,-0.0798,-0.0000,0.5613,-0.1980,0.0284,0.0000,3,0.0000,0.0000,0
33.664,0.5556,-0.0798,-0.0000,0.5613,-0.1980,0.0284,0.0000,3,0.0000,0.0000,0
33.683,0.5497,-0.0789,-0.0000,0.5553,-0.1980,0.0284,0.0000,3,0.0000,0.0000,0
33.703,0.5453,-0.0783,-0.0000,0.5509,-0.1980,0.0284,0.0000,3,0.0000,0.0000,0
33.723,0.5380,-0.0772,-0.0000,0.5435,-0.1980,0.0284,0.0000,3,0.0000,0.0000,0
33.744,0.5307,-0.0762,-0.0000,0.5361,-0.1980,0.0284,0.0000,3,0.0000,0.0000,0
33.763,0.5307,-0.0762,-0.0000,0.5361,-0.1980,0.0284,0.0000,3,0.0000,0.0000,0
33.783,0.5307,-0.0762,-0.0000,0.5361,-0.1980,0.0284,0.0000,3,0.0000,0.0000,0
33.803,0.5278,-0.0758,-0.0000,0.5332,-0.1980,0.0284,0.0000,3,0.0000,0.0000,0
33.824,0.5278,-0.0758,-0.0000,0.5332,-0.1980,0.0284,0.0000,3,0.0000,0.0000,0
33.843,0.5278,-0.0758,-0.0000,0.5332,-0.1980,0.0284,0.0000,3,0.0000,0.0000,0
33.863,0.5278,-0.0758,-0.0000,0.5332,-0.1980,0.0284,0.0000,3,0.0000,0.0000,0
33.883,0.5278,-0.0758,-0.0000,0.5332,-0.1980,0.0284,0.0000,3,0.0000,0.0000,0
33.903,0.5278,-0.0758,-0.0000,0.5332,-0.1980,0.0284,0.0000,3,0.0000,0.0000,0
33.923,0.5278,-0.0758,-0.0000,0.5332,-0.1980,0.0284,0.0000,3,0.0000,0.0000,0
33.943,0.5278,-0.0758,-0.0000,0.5332,-0.1980,0.0284,0.0000,3,0.0000,0.0000,0
33.963,0.5278,-0.0758,-0.0000,0.5332,-0.1980,0.0284,0.0000,3,0.0000,0.0000,0
33.984,0.5278,-0.0758,-0.0000,0.5332,-0.1980,0.0284,0.0000,3,0.0000,0.0000,0
34.003,0.5234,-0.0751,-0.0000,0.5288,-0.1980,0.0284,0.0000,3,0.0000,0.0000,0
34.023,0.5190,-0.0745,-0.0000,0.5243,-0.1980,0.0284,0.0000,3,0.0000,0.0000,0
34.043,0.5102,-0.0732,-0.0000,0.5155,-0.1980,0.0284,0.0000,3,0.0000,0.0000,0
34.064,0.5044,-0.0724,-0.0000,0.5096,-0.1980,0.0284,0.0000,3,0.0000,0.0000,0
34.083,0.4985,-0.0716,-0.0000,0.5037,-0.1980,0.0284,0.0000,3,0.0000,0.0000,0
34.103,0.4985,-0.0716,-0.0000,0.5037,-0.1980,0.0284,0.0000,3,0.0000,0.0000,0
34.123,0.4985,-0.0716,-0.0000,0.5037,-0.1980,0.0284,0.0000,3,0.0000,0.0000,0
34.143,0.4985,-0.0716,-0.0000,0.5037,-0.1980,0.0284,0.0000,3,0.0000,0.0000,0
34.163,0.4985,-0.0716,-0.0000,0.5037,-0.1980,0.0284,0.0000,3,0.0000,0.0000,0
34.183,0.4942,-0.0709,-0.0000,0.4992,-0.1980,0.0284,0.0000,3,0.0000,0.0000,0
34.205,0.4942,-0.0709,-0.0000,0.4992,-0.1980,0.0284,0.0000,3,0.0000,0.0000,0
34.223,0.4942,-0.0709,-0.0000,0.4992,-0.1980,0.0284,0.0000,3,0.0000,0.0000,0
34.243,0.4942,-0.0709,-0.0000,0.4992,-0.1980,0.0284,0.0000,3,0.0000,0.0000,0
34.263,0.4942,-0.0709,-0.0000,0.4992,-0.1980,0.0284,0.0000,3,0.0000,0.0000,0
34.283,0.4942,-0.0709,-0.0000,0.4992,-0.1980,0.0284,0.0000,3,0.0000,0.0000,0
34.303,0.4942,-0.0709,-0.0000,0.4992,-0.1980,0.0284,0.0000,3,0.0000,0.0000,0
34.323,0.4942,-0.0709,-0.0000,0.4992,-0.1980,0.0284,0.0000,3,0.0000,0.0000,0
34.343,0.4942,-0.0709,-0.0000,0.4992,-0.1980,0.0284,0.0000,3,0.0000,0.0000,0
34.366,0.4942,-0.0709,-0.0000,0.4992,-0.1980,0.0284,0.0000,3,0.0000,0.0000,0
34.383,0.4927,-0.0707,-0.0000,0.4977,-0.1980,0.0284,0.0000,3,0.0000,0.0000,0
34.403,0.4868,-0.0699,-0.0000,0.4918,-0.1980,0.0284,0.0000,3,0.0000,0.0000,0
34.423,0.4825,-0.0693,-0.0000,0.4874,-0.1980,0.0284,0.0000,3,0.0000,0.0000,0
34.443,0.4752,-0.0682,-0.0000,0.4800,-0.1980,0.0284,0.0000,3,0.0000,0.0000,0
34.463,0.4752,-0.0682,-0.0000,0.4800,-0.1980,0.0284,0.0000,3,0.0000,0.0000,0
34.484,0.4752,-0.0682,-0.0000,0.4800,-0.1980,0.0284,0.0000,3,0.0000,0.0000,0
34.503,0.4693,-0.0674,-0.0000,0.4741,-0.1980,0.0284,0.0000,3,0.0000,0.0000,0
34.523,0.4693,-0.0674,-0.0000,0.4741,-0.1980,0.0284,0.0000,3,0.0000,0.0000,0
34.543,0.4693,-0.0674,-0.0000,0.4741,-0.1980,0.0284,0.0000,3,0.0000,0.0000,0
34.563,0.4693,-0.0674,-0.0000,0.4741,-0.1980,0.0284,0.0000,3,0.0000,0.0000,0
34.583,0.4693,-0.0674,-0.0000,0.4741,-0.1980,0.0284,0.0000,3,0.0000,0.0000,0
34.604,0.4693,-0.0674,-0.0000,0.4741,-0.1980,0.0284,0.0000,3,0.0000,0.0000,0
34.623,0.4693,-0.0674,-0.0000,0.4741,-0.1980,0.0284,0.0000,3,0.0000,0.0000,0
34.643,0.4678,-0.0672,-0.0000,0.4726,-0.1980,0.0284,0.0000,3,0.0000,0.0000,0
34.663,0.4620,-0.0663,-0.0000,0.4667,-0.1980,0.0284,0.0000,3,0.0000,0.0000,0
34.683,0.4576,-0.0657,-0.0000,0.4623,-0.1980,0.0284,0.0000,3,0.0000,0.0000,0
34.705,0.4576,-0.0657,-0.0000,0.4623,-0.1980,0.0284,0.0000,3,0.0000,0.0000,0
34.723,0.4518,-0.0649,-0.0000,0.4564,-0.1980,0.0284,0.0000,3,0.0000,0.0000,0
34.743,0.4518,-0.0649,-0.0000,0.4564,-0.1980,0.0284,0.0000,3,0.0000,0.0000,0
34.763,0.4518,-0.0649,-0.0000,0.4564,-0.1980,0.0284,0.0000,3,0.0000,0.0000,0
34.783,0.4518,-0.0649,-0.0000,0.4564,-0.1980,0.0284,0.0000,3,0.0000,0.0000,0
34.803,0.4459,-0.0640,-0.0000,0.4505,-0.1980,0.0284,0.0000,3,0.0000,0.0000,0
34.823,0.4459,-0.0640,-0.0000,0.4505,-0.1980,0.0284,0.0000,3,0.0000,0.0000,0
34.843,0.4459,-0.0640,-0.0000,0.4505,-0.1980,0.0284,0.0000,3,0.0000,0.0000,0
34.863,0.4459,-0.0640,-0.0000,0.4505,-0.1980,0.0284,0.0000,3,0.0000,0.0000,0
34.883,0.4459,-0.0640,-0.0000,0.4505,-0.1980,0.0284,0.0000,3,0.0000,0.0000,0
34.903,0.4459,-0.0640,-0.0000,0.4505,-0.1980,0.0284,0.0000,3,0.0000,0.0000,0
34.923,0.4459,-0.0640,-0.0000,0.4505,-0.1980,0.0284,0.0000,3,0.0000,0.0000,0
34.943,0.4459,-0.0640,-0.0000,0.4505,-0.1980,0.0284,0.0000,3,0.0000,0.0000,0
34.963,0.4459,-0.0640,-0.0000,0.4505,-0.1980,0.0284,0.0000,3,0.0000,0.0000,0
34.984,0.4459,-0.0640,-0.0000,0.4505,-0.1980,0.0284,0.0000,3,0.0000,0.0000,0
35.004,0.4459,-0.0640,-0.0000,0.4505,-0.1980,0.0284,0.0000,3,0.0000,0.0000,0
35.023,0.4401,-0.0632,-0.0000,0.4446,-0.1980,0.0284,0.0000,3,0.0000,0.0000,0
35.043,0.4357,-0.0625,-0.0000,0.4401,-0.1980,0.0284,0.0000,3,0.0000,0.0000,0
35.063,0.4298,-0.0617,-0.0000,0.4342,-0.1980,0.0284,0.0000,3,0.0000,0.0000,0
35.084,0.4225,-0.0607,-0.0000,0.4269,-0.1980,0.0284,0.0000,3,0.0000,0.0000,0
35.103,0.4167,-0.0598,-0.0000,0.4209,-0.1980,0.0284,0.0000,3,0.0000,0.0000,0
35.123,0.4167,-0.0598,-0.0000,0.4209,-0.1980,0.0284,0.0000,3,0.0000,0.0000,0
35.143,0.4167,-0.0598,-0.0000,0.4209,-0.1980,0.0284,0.0000,3,0.0000,0.0000,0
35.164,0.4167,-0.0598,-0.0000,0.4209,-0.1980,0.0284,0.0000,3,0.0000,0.0000,0
35.183,0.4167,-0.0598,-0.0000,0.4209,-0.1980,0.0284,0.0000,3,0.0000,0.0000,0
35.204,0.4167,-0.0598,-0.0000,0.4209,-0.1980,0.0284,0.0000,3,0.0000,0.0000,0
35.223,0.4108,-0.0590,-0.0000,0.4150,-0.1980,0.0284,0.0000,3,0.0000,0.0000,0
35.243,0.4108,-0.0590,-0.0000,0.4150,-0.1980,0.0284,0.0000,3,0.0000,0.0000,0
35.263,0.4108,-0.0590,-0.0000,0.4150,-0.1980,0.0284,0.0000,3,0.0000,0.0000,0
35.283,0.4064,-0.0583,-0.0000,0.4106,-0.1980,0.0284,0.0000,3,0.0000,0.0000,0
35.303,0.4006,-0.0575,-0.0000,0.4047,-0.1980,0.0284,0.0000,3,0.0000,0.0000,0
35.323,0.4006,-0.0575,-0.0000,0.4047,-0.1980,0.0284,0.0000,3,0.0000,0.0000,0
35.343,0.4006,-0.0575,-0.0000,0.4047,-0.1980,0.0284,0.0000,3,0.0000,0.0000,0
35.363,0.3991,-0.0573,-0.0000,0.4032,-0.1980,0.0284,0.0000,3,0.0000,0.0000,0
35.383,0.3933,-0.0565,-0.0000,0.3973,-0.1980,0.0284,0.0000,3,0.0000,0.0000,0
35.404,0.3933,-0.0565,-0.0000,0.3973,-0.1980,0.0284,0.0000,3,0.0000,0.0000,0
35.423,0.3933,-0.0565,-0.0000,0.3973,-0.1980,0.0284,0.0000,3,0.0000,0.0000,0
35.443,0.3904,-0.0560,-0.0000,0.3944,-0.1980,0.0284,0.0000,3,0.0000,0.0000,0
35.463,0.3904,-0.0560,-0.0000,0.3944,-0.1980,0.0284,0.0000,3,0.0000,0.0000,0
35.483,0.3904,-0.0560,-0.0000,0.3944,-0.1980,0.0284,0.0000,3,0.0000,0.0000,0
35.503,0.3904,-0.0560,-0.0000,0.3944,-0.1980,0.0284,0.0000,3,0.0000,0.0000,0
35.524,0.3904,-0.0560,-0.0000,0.3944,-0.1980,0.0284,0.0000,3,0.0000,0.0000,0
35.543,0.3889,-0.0558,-0.0000,0.3929,-0.1980,0.0284,0.0000,3,0.0000,0.0000,0
35.563,0.3831,-0.0550,-0.0000,0.3870,-0.1980,0.0284,0.0000,3,0.0000,0.0000,0
35.583,0.3831,-0.0550,-0.0000,0.3870,-0.1980,0.0284,0.0000,3,0.0000,0.0000,0
35.603,0.3816,-0.0548,-0.0000,0.3855,-0.1980,0.0284,0.0000,3,0.0000,0.0000,0
35.623,0.3757,-0.0539,-0.0000,0.3796,-0.1980,0.0284,0.0000,3,0.0000,0.0000,0
35.643,0.3757,-0.0539,-0.0000,0.3796,-0.1980,0.0284,0.0000,3,0.0000,0.0000,0
35.663,0.3757,-0.0539,-0.0000,0.3796,-0.1980,0.0284,0.0000,3,0.0000,0.0000,0
35.683,0.3757,-0.0539,-0.0000,0.3796,-0.1980,0.0284,0.0000,3,0.0000,0.0000,0
35.703,0.3728,-0.0535,-0.0000,0.3766,-0.1980,0.0284,0.0000,3,0.0000,0.0000,0
35.723,0.3728,-0.0535,-0.0000,0.3766,-0.1980,0.0284,0.0000,3,0.0000,0.0000,0
35.743,0.3728,-0.0535,-0.0000,0.3766,-0.1980,0.0284,0.0000,3,0.0000,0.0000,0
35.763,0.3684,-0.0529,-0.0000,0.3722,-0.1980,0.0284,0.0000,3,0.0000,0.0000,0
35.783,0.3684,-0.0529,-0.0000,0.3722,-0.1980,0.0284,0.0000,3,0.0000,0.0000,0
35.803,0.3684,-0.0529,-0.0000,0.3722,-0.1980,0.0284,0.0000,3,0.0000,0.0000,0
35.824,0.3684,-0.0529,-0.0000,0.3722,-0.1980,0.0284,0.0000,3,0.0000,0.0000,0
35.843,0.3684,-0.0529,-0.0000,0.3722,-0.1980,0.0284,0.0000,3,0.0000,0.0000,0
35.864,0.3684,-0.0529,-0.0000,0.3722,-0.1980,0.0284,0.0000,3,0.0000,0.0000,0
35.883,0.3684,-0.0529,-0.0000,0.3722,-0.1980,0.0284,0.0000,3,0.0000,0.0000,0
35.903,0.3684,-0.0529,-0.0000,0.3722,-0.1980,0.0284,0.0000,3,0.0000,0.0000,0
35.923,0.3684,-0.0529,-0.0000,0.3722,-0.1980,0.0284,0.0000,3,0.0000,0.0000,0
35.943,0.3684,-0.0529,-0.0000,0.3722,-0.1980,0.0284,0.0000,3,0.0000,0.0000,0
35.963,0.3684,-0.0529,-0.0000,0.3722,-0.1980,0.0284,0.0000,3,0.0000,0.0000,0
35.984,0.3684,-0.0529,-0.0000,0.3722,-0.1980,0.0284,0.0000,3,0.0000,0.0000,0
36.003,0.3684,-0.0529,-0.0000,0.3722,-0.1980,0.0284,0.0000,3,0.0000,0.0000,0
36.023,0.3670,-0.0527,-0.0000,0.3707,-0.1980,0.0284,0.0000,3,0.0000,0.0000,0
36.043,0.3611,-0.0518,-0.0000,0.3648,-0.1980,0.0284,0.0000,3,0.0000,0.0000,0
36.063,0.3538,-0.0508,-0.0000,0.3574,-0.1980,0.0284,0.0000,3,0.0000,0.0000,0
36.084,0.3538,-0.0508,-0.0000,0.3574,-0.1980,0.0284,0.0000,3,0.0000,0.0000,0
36.103,0.3538,-0.0508,-0.0000,0.3574,-0.1980,0.0284,0.0000,3,0.0000,0.0000,0
36.123,0.3538,-0.0508,-0.0000,0.3574,-0.1980,0.0284,0.0000,3,0.0000,0.0000,0
36.143,0.3538,-0.0508,-0.0000,0.3574,-0.1980,0.0284,0.0000,3,0.0000,0.0000,0
36.163,0.3538,-0.0508,-0.0000,0.3574,-0.1980,0.0284,0.0000,3,0.0000,0.0000,0
36.185,0.3538,-0.0508,-0.0000,0.3574,-0.1980,0.0284,0.0000,3,0.0000,0.0000,0
36.203,0.3494,-0.0502,-0.0000,0.3530,-0.1980,0.0284,0.0000,3,0.0000,0.0000,0
36.223,0.3450,-0.0495,-0.0000,0.3486,-0.1980,0.0284,0.0000,3,0.0000,0.0000,0
36.243,0.3363,-0.0483,-0.0000,0.3397,-0.1980,0.0284,0.0000,3,0.0000,0.0000,0
36.266,0.3319,-0.0476,-0.0000,0.3353,-0.1980,0.0284,0.0000,3,0.0000,0.0000,0
36.283,0.3290,-0.0472,-0.0000,0.3323,-0.1980,0.0284,0.0000,3,0.0000,0.0000,0
36.303,0.3260,-0.0468,-0.0000,0.3294,-0.1980,0.0284,0.0000,3,0.0000,0.0000,0
36.323,0.3260,-0.0468,-0.0000,0.3294,-0.1980,0.0284,0.0000,3,0.0000,0.0000,0
36.343,0.3260,-0.0468,-0.0000,0.3294,-0.1980,0.0284,0.0000,3,0.0000,0.0000,0
36.363,0.3260,-0.0468,-0.0000,0.3294,-0.1980,0.0284,0.0000,3,0.0000,0.0000,0
36.385,0.3260,-0.0468,-0.0000,0.3294,-0.1980,0.0284,0.0000,3,0.0000,0.0000,0
36.403,0.3231,-0.0464,-0.0000,0.3264,-0.1980,0.0284,0.0000,3,0.0000,0.0000,0
36.425,0.3231,-0.0464,-0.0000,0.3264,-0.1980,0.0284,0.0000,3,0.0000,0.0000,0
36.443,0.3231,-0.0464,-0.0000,0.3264,-0.1980,0.0284,0.0000,3,0.0000,0.0000,0
36.464,0.3231,-0.0464,-0.0000,0.3264,-0.1980,0.0284,0.0000,3,0.0000,0.0000,0
36.483,0.3231,-0.0464,-0.0000,0.3264,-0.1980,0.0284,0.0000,3,0.0000,0.0000,0
36.504,0.3231,-0.0464,-0.0000,0.3264,-0.1980,0.0284,0.0000,3,0.0000,0.0000,0
36.523,0.3231,-0.0464,-0.0000,0.3264,-0.1980,0.0284,0.0000,3,0.0000,0.0000,0
36.543,0.3231,-0.0464,-0.0000,0.3264,-0.1980,0.0284,0.0000,3,0.0000,0.0000,0
36.563,0.3231,-0.0464,-0.0000,0.3264,-0.1980,0.0284,0.0000,3,0.0000,0.0000,0
36.584,0.3231,-0.0464,-0.0000,0.3264,-0.1980,0.0284,0.0000,3,0.0000,0.0000,0
36.605,0.3231,-0.0464,-0.0000,0.3264,-0.1980,0.0284,0.0000,3,0.0000,0.0000,0
36.623,0.3202,-0.0460,-0.0000,0.3235,-0.1980,0.0284,0.0000,3,0.0000,0.0000,0
36.643,0.3158,-0.0453,-0.0000,0.3190,-0.1980,0.0284,0.0000,3,0.0000,0.0000,0
36.663,0.3114,-0.0447,-0.0000,0.3146,-0.1980,0.0284,0.0000,3,0.0000,0.0000,0
36.683,0.3070,-0.0441,-0.0000,0.3102,-0.1980,0.0284,0.0000,3,0.0000,0.0000,0
36.703,0.3070,-0.0441,-0.0000,0.3102,-0.1980,0.0284,0.0000,3,0.0000,0.0000,0
36.723,0.3070,-0.0441,-0.0000,0.3102,-0.1980,0.0284,0.0000,3,0.0000,0.0000,0
36.743,0.3026,-0.0434,-0.0000,0.3057,-0.1980,0.0284,0.0000,3,0.0000,0.0000,0
36.763,0.3026,-0.0434,-0.0000,0.3057,-0.1980,0.0284,0.0000,3,0.0000,0.0000,0
36.784,0.3026,-0.0434,-0.0000,0.3057,-0.1980,0.0284,0.0000,3,0.0000,0.0000,0
36.805,0.3026,-0.0434,-0.0000,0.3057,-0.1980,0.0284,0.0000,3,0.0000,0.0000,0
36.823,0.3026,-0.0434,-0.0000,0.3057,-0.1980,0.0284,0.0000,3,0.0000,0.0000,0
36.844,0.3026,-0.0434,-0.0000,0.3057,-0.1980,0.0284,0.0000,3,0.0000,0.0000,0
36.863,0.3026,-0.0434,-0.0000,0.3057,-0.1980,0.0284,0.0000,3,0.0000,0.0000,0
36.884,0.3026,-0.0434,-0.0000,0.3057,-0.1980,0.0284,0.0000,3,0.0000,0.0000,0
36.903,0.2983,-0.0428,-0.0000,0.3013,-0.1980,0.0284,0.0000,3,0.0000,0.0000,0
36.923,0.2939,-0.0422,-0.0000,0.2969,-0.1980,0.0284,0.0000,3,0.0000,0.0000,0
36.943,0.2866,-0.0411,-0.0000,0.2895,-0.1980,0.0284,0.0000,3,0.0000,0.0000,0
36.963,0.2866,-0.0411,-0.0000,0.2895,-0.1980,0.0284,0.0000,3,0.0000,0.0000,0
36.983,0.2822,-0.0405,-0.0000,0.2851,-0.1980,0.0284,0.0000,3,0.0000,0.0000,0
37.003,0.2822,-0.0405,-0.0000,0.2851,-0.1980,0.0284,0.0000,3,0.0000,0.0000,0
37.023,0.2778,-0.0399,-0.0000,0.2806,-0.1980,0.0284,0.0000,3,0.0000,0.0000,0
37.043,0.2719,-0.0390,-0.0000,0.2747,-0.1980,0.0284,0.0000,3,0.0000,0.0000,0
37.063,0.2719,-0.0390,-0.0000,0.2747,-0.1980,0.0284,0.0000,3,0.0000,0.0000,0
37.084,0.2719,-0.0390,-0.0000,0.2747,-0.1980,0.0284,0.0000,3,0.0000,0.0000,0
37.103,0.2719,-0.0390,-0.0000,0.2747,-0.1980,0.0284,0.0000,3,0.0000,0.0000,0
37.123,0.2719,-0.0390,-0.0000,0.2747,-0.1980,0.0284,0.0000,3,0.0000,0.0000,0
37.144,0.2705,-0.0388,-0.0000,0.2733,-0.1980,0.0284,0.0000,3,0.0000,0.0000,0
37.163,0.2646,-0.0380,-0.0000,0.2673,-0.1980,0.0284,0.0000,3,0.0000,0.0000,0
37.184,0.2646,-0.0380,-0.0000,0.2673,-0.1980,0.0284,0.0000,3,0.0000,0.0000,0
37.203,0.2646,-0.0380,-0.0000,0.2673,-0.1980,0.0284,0.0000,3,0.0000,0.0000,0
37.223,0.2602,-0.0374,-0.0000,0.2629,-0.1980,0.0284,0.0000,3,0.0000,0.0000,0
37.243,0.2602,-0.0374,-0.0000,0.2629,-0.1980,0.0284,0.0000,3,0.0000,0.0000,0
37.264,0.2602,-0.0374,-0.0000,0.2629,-0.1980,0.0284,0.0000,3,0.0000,0.0000,0
37.283,0.2602,-0.0374,-0.0000,0.2629,-0.1980,0.0284,0.0000,3,0.0000,0.0000,0
37.303,0.2529,-0.0363,-0.0000,0.2555,-0.1980,0.0284,0.0000,3,0.0000,0.0000,0
37.323,0.2500,-0.0359,-0.0000,0.2526,-0.1980,0.0284,0.0000,3,0.0000,0.0000,0
37.344,0.2500,-0.0359,-0.0000,0.2526,-0.1980,0.0284,0.0000,3,0.0000,0.0000,0
37.363,0.2486,-0.0357,-0.0000,0.2511,-0.1980,0.0284,0.0000,3,0.0000,0.0000,0
37.383,0.2486,-0.0357,-0.0000,0.2511,-0.1980,0.0284,0.0000,3,0.0000,0.0000,0
37.403,0.2486,-0.0357,-0.0000,0.2511,-0.1980,0.0284,0.0000,3,0.0000,0.0000,0
37.425,0.2486,-0.0357,-0.0000,0.2511,-0.1980,0.0284,0.0000,3,0.0000,0.0000,0
37.443,0.2486,-0.0357,-0.0000,0.2511,-0.1980,0.0284,0.0000,3,0.0000,0.0000,0
37.466,0.2486,-0.0357,-0.0000,0.2511,-0.1980,0.0284,0.0000,3,0.0000,0.0000,0
37.483,0.2471,-0.0355,-0.0000,0.2496,-0.1980,0.0284,0.0000,3,0.0000,0.0000,0
37.506,0.2412,-0.0346,-0.0000,0.2437,-0.1980,0.0284,0.0000,3,0.0000,0.0000,0
37.523,0.2412,-0.0346,-0.0000,0.2437,-0.1980,0.0284,0.0000,3,0.0000,0.0000,0
37.543,0.2412,-0.0346,-0.0000,0.2437,-0.1980,0.0284,0.0000,3,0.0000,0.0000,0
37.563,0.2369,-0.0340,-0.0000,0.2393,-0.1980,0.0284,0.0000,3,0.0000,0.0000,0
37.583,0.2369,-0.0340,-0.0000,0.2393,-0.1980,0.0284,0.0000,3,0.0000,0.0000,0
37.603,0.2369,-0.0340,-0.0000,0.2393,-0.1980,0.0284,0.0000,3,0.0000,0.0000,0
37.624,0.2369,-0.0340,-0.0000,0.2393,-0.1980,0.0284,0.0000,3,0.0000,0.0000,0
37.643,0.2281,-0.0327,-0.0000,0.2304,-0.1980,0.0284,0.0000,3,0.0000,0.0000,0
37.663,0.2281,-0.0327,-0.0000,0.2304,-0.1980,0.0284,0.0000,3,0.0000,0.0000,0
37.683,0.2281,-0.0327,-0.0000,0.2304,-0.1980,0.0284,0.0000,3,0.0000,0.0000,0
37.703,0.2237,-0.0321,-0.0000,0.2260,-0.1980,0.0284,0.0000,3,0.0000,0.0000,0
37.723,0.2237,-0.0321,-0.0000,0.2260,-0.1980,0.0284,0.0000,3,0.0000,0.0000,0
37.744,0.2237,-0.0321,-0.0000,0.2260,-0.1980,0.0284,0.0000,3,0.0000,0.0000,0
37.763,0.2237,-0.0321,-0.0000,0.2260,-0.1980,0.0284,0.0000,3,0.0000,0.0000,0
37.783,0.2237,-0.0321,-0.0000,0.2260,-0.1980,0.0284,0.0000,3,0.0000,0.0000,0
37.803,0.2222,-0.0319,-0.0000,0.2245,-0.1980,0.0284,0.0000,3,0.0000,0.0000,0
37.823,0.2193,-0.0315,-0.0000,0.2216,-0.1980,0.0284,0.0000,3,0.0000,0.0000,0
37.843,0.2193,-0.0315,-0.0000,0.2216,-0.1980,0.0284,0.0000,3,0.0000,0.0000,0
37.863,0.2193,-0.0315,-0.0000,0.2216,-0.1980,0.0284,0.0000,3,0.0000,0.0000,0
37.883,0.2135,-0.0306,-0.0000,0.2157,-0.1980,0.0284,0.0000,3,0.0000,0.0000,0
37.903,0.2105,-0.0302,-0.0000,0.2127,-0.1980,0.0284,0.0000,3,0.0000,0.0000,0
37.923,0.2105,-0.0302,-0.0000,0.2127,-0.1980,0.0284,0.0000,3,0.0000,0.0000,0
37.945,0.2105,-0.0302,-0.0000,0.2127,-0.1980,0.0284,0.0000,3,0.0000,0.0000,0
37.963,0.2062,-0.0296,-0.0000,0.2083,-0.1980,0.0284,0.0000,3,0.0000,0.0000,0
37.983,0.2062,-0.0296,-0.0000,0.2083,-0.1980,0.0284,0.0000,3,0.0000,0.0000,0
38.004,0.2062,-0.0296,-0.0000,0.2083,-0.1980,0.0284,0.0000,3,0.0000,0.0000,0
38.023,0.2018,-0.0290,-0.0000,0.2038,-0.1980,0.0284,0.0000,3,0.0000,0.0000,0
38.043,0.2018,-0.0290,-0.0000,0.2038,-0.1980,0.0284,0.0000,3,0.0000,0.0000,0
38.063,0.2018,-0.0290,-0.0000,0.2038,-0.1980,0.0284,0.0000,3,0.0000,0.0000,0
38.083,0.2018,-0.0290,-0.0000,0.2038,-0.1980,0.0284,0.0000,3,0.0000,0.0000,0
38.103,0.2018,-0.0290,-0.0000,0.2038,-0.1980,0.0284,0.0000,3,0.0000,0.0000,0
38.125,0.2018,-0.0290,-0.0000,0.2038,-0.1980,0.0284,0.0000,3,0.0000,0.0000,0
38.143,0.1988,-0.0285,-0.0000,0.2009,-0.1980,0.0284,0.0000,3,0.0000,0.0000,0
38.163,0.1930,-0.0277,-0.0000,0.1950,-0.1980,0.0284,0.0000,3,0.0000,0.0000,0
38.183,0.1930,-0.0277,-0.0000,0.1950,-0.1980,0.0284,0.0000,3,0.0000,0.0000,0
38.204,0.1930,-0.0277,-0.0000,0.1950,-0.1980,0.0284,0.0000,3,0.0000,0.0000,0
38.223,0.1872,-0.0269,-0.0000,0.1891,-0.1980,0.0284,0.0000,3,0.0000,0.0000,0
38.243,0.1872,-0.0269,-0.0000,0.1891,-0.1980,0.0284,0.0000,3,0.0000,0.0000,0
38.263,0.1872,-0.0269,-0.0000,0.1891,-0.1980,0.0284,0.0000,3,0.0000,0.0000,0
38.284,0.1872,-0.0269,-0.0000,0.1891,-0.1980,0.0284,0.0000,3,0.0000,0.0000,0
38.303,0.1784,-0.0256,-0.0000,0.1802,-0.1980,0.0284,0.0000,3,0.0000,0.0000,0
38.323,0.1784,-0.0256,-0.0000,0.1802,-0.1980,0.0284,0.0000,3,0.0000,0.0000,0
38.343,0.1725,-0.0248,-0.0000,0.1743,-0.1980,0.0284,0.0000,3,0.0000,0.0000,0
38.363,0.1725,-0.0248,-0.0000,0.1743,-0.1980,0.0284,0.0000,3,0.0000,0.0000,0
38.383,0.1725,-0.0248,-0.0000,0.1743,-0.1980,0.0284,0.0000,3,0.0000,0.0000,0
38.406,0.1725,-0.0248,-0.0000,0.1743,-0.1980,0.0284,0.0000,3,0.0000,0.0000,0
38.423,0.1725,-0.0248,-0.0000,0.1743,-0.1980,0.0284,0.0000,3,0.0000,0.0000,0
38.443,0.1681,-0.0241,-0.0000,0.1699,-0.1980,0.0284,0.0000,3,0.0000,0.0000,0
38.463,0.1681,-0.0241,-0.0000,0.1699,-0.1980,0.0284,0.0000,3,0.0000,0.0000,0
38.485,0.1681,-0.0241,-0.0000,0.1699,-0.1980,0.0284,0.0000,3,0.0000,0.0000,0
38.503,0.1623,-0.0233,-0.0000,0.1640,-0.1980,0.0284,0.0000,3,0.0000,0.0000,0
38.523,0.1565,-0.0225,-0.0000,0.1581,-0.1980,0.0284,0.0000,3,0.0000,0.0000,0
38.543,0.1565,-0.0225,-0.0000,0.1581,-0.1980,0.0284,0.0000,3,0.0000,0.0000,0
38.563,0.1565,-0.0225,-0.0000,0.1581,-0.1980,0.0284,0.0000,3,0.0000,0.0000,0
38.583,0.1565,-0.0225,-0.0000,0.1581,-0.1980,0.0284,0.0000,3,0.0000,0.0000,0
38.603,0.1535,-0.0220,-0.0000,0.1551,-0.1980,0.0284,0.0000,3,0.0000,0.0000,0
38.624,0.1477,-0.0212,-0.0000,0.9899,-0.1068,-0.2260,0.0000,4,0.0000,-1.0000,0
38.644,0.1477,-0.0212,-0.0000,0.9899,-0.1068,-0.2260,0.0000,4,0.0000,-1.0000,0
38.663,0.1462,-0.0210,-0.0000,0.9899,-0.1032,-0.2277,0.0000,4,0.0000,-1.0000,0
38.683,0.1462,-0.0210,-0.0000,0.9899,-0.1059,-0.2264,0.0000,4,0.0000,-1.0000,0
38.703,0.1462,-0.0210,-0.0000,0.9899,-0.1059,-0.2264,0.0000,4,0.0000,-1.0000,0
38.724,0.1462,-0.0210,-0.0000,0.9899,-0.1059,-0.2264,0.0000,4,0.0000,-1.0000,0
38.743,0.1462,-0.0210,-0.0000,0.9899,-0.1059,-0.2264,0.0000,4,0.0000,-1.0000,0
38.763,0.1462,-0.0210,-0.0000,0.9899,-0.1059,-0.2264,0.0000,4,0.0000,-1.0000,0
38.783,0.1462,-0.0210,-0.0000,0.9899,-0.1059,-0.2264,0.0000,4,0.0000,-1.0000,0
38.804,0.1462,-0.0210,-0.0000,0.9899,-0.1059,-0.2264,0.0000,4,0.0000,-1.0000,0
38.823,0.1462,-0.0210,-0.0000,0.9899,-0.1059,-0.2264,0.0000,4,0.0000,-1.0000,0
38.843,0.1462,-0.0210,-0.0000,0.9899,-0.1059,-0.2264,0.0000,4,0.0000,-1.0000,0
38.863,0.1462,-0.0210,-0.0000,0.9899,-0.1059,-0.2264,0.0000,4,0.0000,-1.0000,0
38.885,0.1462,-0.0210,-0.0000,0.9899,-0.1059,-0.2264,0.0000,4,0.0000,-1.0000,0
38.903,0.1454,-0.0226,-0.0000,0.9881,-0.1040,-0.2274,0.0000,4,0.0000,-1.0000,0
38.923,0.1423,-0.0293,-0.0000,0.9810,-0.0976,-0.2301,0.0000,4,0.0000,-1.0000,0
38.943,0.1408,-0.0327,-0.0000,0.9775,-0.0999,-0.2292,0.0000,4,0.0000,-1.0000,0
38.965,0.1358,-0.0446,-0.0000,0.9650,-0.0896,-0.2334,0.0000,4,0.0000,-1.0000,0
38.983,0.1358,-0.0446,-0.0000,0.9650,-0.0996,-0.2293,0.0000,4,0.0000,-1.0000,0
39.004,0.1358,-0.0446,-0.0000,0.9650,-0.0996,-0.2293,0.0000,4,0.0000,-1.0000,0
39.023,0.1358,-0.0446,-0.0000,0.9650,-0.0996,-0.2293,0.0000,4,0.0000,-1.0000,0
39.043,0.1358,-0.0446,-0.0000,0.9650,-0.0996,-0.2293,0.0000,4,0.0000,-1.0000,0
39.063,0.1358,-0.0446,-0.0000,0.9650,-0.0996,-0.2293,0.0000,4,0.0000,-1.0000,0
39.084,0.1358,-0.0446,-0.0000,0.9650,-0.0996,-0.2293,0.0000,4,0.0000,-1.0000,0
39.103,0.1358,-0.0446,-0.0000,0.9650,-0.0996,-0.2293,0.0000,4,0.0000,-1.0000,0
39.124,0.1358,-0.0446,-0.0000,0.9650,-0.0996,-0.2293,0.0000,4,0.0000,-1.0000,0
39.145,0.1358,-0.0446,-0.0000,0.9650,-0.0996,-0.2293,0.0000,4,0.0000,-1.0000,0
39.163,0.1336,-0.0497,-0.0000,0.9596,-0.0941,-0.2316,0.0000,4,0.0000,-1.0000,0
39.183,0.1308,-0.0565,-0.0000,0.9525,-0.0909,-0.2329,0.0000,4,0.0000,-1.0000,0
39.203,0.1280,-0.0634,-0.0000,0.9453,-0.0892,-0.2335,0.0000,4,0.0000,-1.0000,0
39.223,0.1240,-0.0737,-0.0000,0.9345,-0.0840,-0.2355,0.0000,4,0.0000,-1.0000,0
39.243,0.1240,-0.0737,-0.0000,0.9345,-0.0922,-0.2324,0.0000,4,0.0000,-1.0000,0
39.264,0.1240,-0.0737,-0.0000,0.9345,-0.0922,-0.2324,0.0000,4,0.0000,-1.0000,0
39.284,0.1227,-0.0772,-0.0000,0.9310,-0.0887,-0.2337,0.0000,4,0.0000,-1.0000,0
39.304,0.1227,-0.0772,-0.0000,0.9310,-0.0914,-0.2327,0.0000,4,0.0000,-1.0000,0
39.323,0.1227,-0.0772,-0.0000,0.9310,-0.0914,-0.2327,0.0000,4,0.0000,-1.0000,0
39.344,0.1227,-0.0772,-0.0000,0.9310,-0.0914,-0.2327,0.0000,4,0.0000,-1.0000,0
39.363,0.1227,-0.0772,-0.0000,0.9310,-0.0914,-0.2327,0.0000,4,0.0000,-1.0000,0
39.384,0.1227,-0.0772,-0.0000,0.9310,-0.0914,-0.2327,0.0000,4,0.0000,-1.0000,0
39.403,0.1227,-0.0772,-0.0000,0.9310,-0.0914,-0.2327,0.0000,4,0.0000,-1.0000,0
39.423,0.1227,-0.0772,-0.0000,0.9310,-0.0914,-0.2327,0.0000,4,0.0000,-1.0000,0
39.443,0.1227,-0.0772,-0.0000,0.9310,-0.0914,-0.2327,0.0000,4,0.0000,-1.0000,0
39.464,0.1227,-0.0772,-0.0000,0.9310,-0.0914,-0.2327,0.0000,4,0.0000,-1.0000,0
39.484,0.1220,-0.0789,-0.0000,0.9292,-0.0895,-0.2334,0.0000,4,0.0000,-1.0000,0
39.503,0.1207,-0.0823,-0.0000,0.9256,-0.0873,-0.2343,0.0000,4,0.0000,-1.0000,0
39.523,0.1181,-0.0892,-0.0000,0.9184,-0.0829,-0.2359,0.0000,4,0.0000,-1.0000,0
39.543,0.1142,-0.0996,-0.0000,0.9076,-0.0777,-0.2376,0.0000,4,0.0000,-1.0000,0
39.563,0.1142,-0.0996,-0.0000,0.9076,-0.0858,-0.2348,0.0000,4,0.0000,-1.0000,0
39.584,0.1142,-0.0996,-0.0000,0.9076,-0.0858,-0.2348,0.0000,4,0.0000,-1.0000,0
39.603,0.1118,-0.1066,-0.0000,0.9004,-0.0791,-0.2371,0.0000,4,0.0000,-1.0000,0
39.623,0.1118,-0.1066,-0.0000,0.9004,-0.0842,-0.2354,0.0000,4,0.0000,-1.0000,0
39.643,0.1118,-0.1066,-0.0000,0.9004,-0.0842,-0.2354,0.0000,4,0.0000,-1.0000,0
39.663,0.1118,-0.1066,-0.0000,0.9004,-0.0842,-0.2354,0.0000,4,0.0000,-1.0000,0
39.683,0.1118,-0.1066,-0.0000,0.9004,-0.0842,-0.2354,0.0000,4,0.0000,-1.0000,0
39.703,0.1118,-0.1066,-0.0000,0.9004,-0.0842,-0.2354,0.0000,4,0.0000,-1.0000,0
39.723,0.1118,-0.1066,-0.0000,0.9004,-0.0842,-0.2354,0.0000,4,0.0000,-1.0000,0
39.743,0.1118,-0.1066,-0.0000,0.9004,-0.0842,-0.2354,0.0000,4,0.0000,-1.0000,0
39.763,0.1118,-0.1066,-0.0000,0.9004,-0.0842,-0.2354,0.0000,4,0.0000,-1.0000,0
39.785,0.1118,-0.1066,-0.0000,0.9004,-0.0842,-0.2354,0.0000,4,0.0000,-1.0000,0
39.803,0.1112,-0.1083,-0.0000,0.8986,-0.0825,-0.2360,0.0000,4,0.0000,-1.0000,0
39.823,0.1099,-0.1118,-0.0000,0.8950,-0.0803,-0.2368,0.0000,4,0.0000,-1.0000,0
39.843,0.1075,-0.1188,-0.0000,0.8878,-0.0761,-0.2381,0.0000,4,0.0000,-1.0000,0
39.863,0.1045,-0.1275,-0.0000,0.8787,-0.0730,-0.2391,0.0000,4,0.0000,-1.0000,0
39.883,0.1045,-0.1275,-0.0000,0.8787,-0.0793,-0.2371,0.0000,4,0.0000,-1.0000,0
39.904,0.1045,-0.1275,-0.0000,0.8787,-0.0793,-0.2371,0.0000,4,0.0000,-1.0000,0
39.923,0.1023,-0.1346,-0.0000,0.8715,-0.0730,-0.2391,0.0000,4,0.0000,-1.0000,0
39.944,0.1023,-0.1346,-0.0000,0.8715,-0.0778,-0.2376,0.0000,4,0.0000,-1.0000,0
39.963,0.1023,-0.1346,-0.0000,0.8715,-0.0778,-0.2376,0.0000,4,0.0000,-1.0000,0
39.983,0.1023,-0.1346,-0.0000,0.8715,-0.0778,-0.2376,0.0000,4,0.0000,-1.0000,0
40.003,0.1023,-0.1346,-0.0000,0.8715,-0.0778,-0.2376,0.0000,4,0.0000,-1.0000,0
40.023,0.1023,-0.1346,-0.0000,0.8715,-0.0778,-0.2376,0.0000,4,0.0000,-1.0000,0
40.043,0.1023,-0.1346,-0.0000,0.8715,-0.0778,-0.2376,0.0000,4,0.0000,-1.0000,0
40.063,0.1006,-0.1398,-0.0000,0.8660,-0.0728,-0.2392,0.0000,4,0.0000,-1.0000,0
40.083,0.0983,-0.1469,-0.0000,0.8588,-0.0701,-0.2400,0.0000,4,0.0000,-1.0000,0
40.103,0.0983,-0.1469,-0.0000,0.8588,-0.0750,-0.2385,0.0000,4,0.0000,-1.0000,0
40.123,0.0956,-0.1557,-0.0000,0.8497,-0.0673,-0.2408,0.0000,4,0.0000,-1.0000,0
40.143,0.0935,-0.1628,-0.0000,0.8424,-0.0670,-0.2409,0.0000,4,0.0000,-1.0000,0
40.164,0.0935,-0.1628,-0.0000,0.8424,-0.0717,-0.2395,0.0000,4,0.0000,-1.0000,0
40.184,0.0925,-0.1663,-0.0000,0.8388,-0.0688,-0.2404,0.0000,4,0.0000,-1.0000,0
40.203,0.0905,-0.1734,-0.0000,0.8315,-0.0649,-0.2414,0.0000,4,0.0000,-1.0000,0
40.223,0.0905,-0.1734,-0.0000,0.8315,-0.0695,-0.2401,0.0000,4,0.0000,-1.0000,0
40.244,0.0905,-0.1734,-0.0000,0.8315,-0.0695,-0.2401,0.0000,4,0.0000,-1.0000,0
40.263,0.0905,-0.1734,-0.0000,0.8315,-0.0695,-0.2401,0.0000,4,0.0000,-1.0000,0
40.283,0.0905,-0.1734,-0.0000,0.8315,-0.0695,-0.2401,0.0000,4,0.0000,-1.0000,0
40.303,0.0895,-0.1770,-0.0000,0.8279,-0.0666,-0.2410,0.0000,4,0.0000,-1.0000,0
40.323,0.0895,-0.1770,-0.0000,0.8279,-0.0688,-0.2403,0.0000,4,0.0000,-1.0000,0
40.343,0.0895,-0.1770,-0.0000,0.8279,-0.0688,-0.2403,0.0000,4,0.0000,-1.0000,0
40.363,0.0895,-0.1770,-0.0000,0.8279,-0.0688,-0.2403,0.0000,4,0.0000,-1.0000,0
40.383,0.0895,-0.1770,-0.0000,0.8279,-0.0688,-0.2403,0.0000,4,0.0000,-1.0000,0
40.403,0.0895,-0.1770,-0.0000,0.8279,-0.0688,-0.2403,0.0000,4,0.0000,-1.0000,0
40.424,0.0895,-0.1770,-0.0000,0.8279,-0.0688,-0.2403,0.0000,4,0.0000,-1.0000,0
40.443,0.0895,-0.1770,-0.0000,0.8279,-0.0688,-0.2403,0.0000,4,0.0000,-1.0000,0
40.465,0.0895,-0.1770,-0.0000,0.8279,-0.0688,-0.2403,0.0000,4,0.0000,-1.0000,0
40.484,0.0895,-0.1770,-0.0000,0.8279,-0.0688,-0.2403,0.0000,4,0.0000,-1.0000,0
40.503,0.0890,-0.1787,-0.0000,0.8261,-0.0673,-0.2408,0.0000,4,0.0000,-1.0000,0
40.523,0.0890,-0.1787,-0.0000,0.8261,-0.0685,-0.2404,0.0000,4,0.0000,-1.0000,0
40.543,0.0890,-0.1787,-0.0000,0.8261,-0.0685,-0.2404,0.0000,4,0.0000,-1.0000,0
40.563,0.0880,-0.1823,-0.0000,0.8224,-0.0654,-0.2413,0.0000,4,0.0000,-1.0000,0
40.584,0.0880,-0.1823,-0.0000,0.8224,-0.0677,-0.2407,0.0000,4,0.0000,-1.0000,0
40.603,0.0874,-0.1841,-0.0000,0.8206,-0.0662,-0.2411,0.0000,4,0.0000,-1.0000,0
40.623,0.0869,-0.1858,-0.0000,0.8188,-0.0659,-0.2412,0.0000,4,0.0000,-1.0000,0
40.643,0.0869,-0.1858,-0.0000,0.8188,-0.0670,-0.2409,0.0000,4,0.0000,-1.0000,0
40.663,0.0869,-0.1858,-0.0000,0.8188,-0.0670,-0.2409,0.0000,4,0.0000,-1.0000,0
40.684,0.0869,-0.1858,-0.0000,0.8188,-0.0670,-0.2409,0.0000,4,0.0000,-1.0000,0
40.703,0.0869,-0.1858,-0.0000,0.8188,-0.0670,-0.2409,0.0000,4,0.0000,-1.0000,0
40.723,0.0869,-0.1858,-0.0000,0.8188,-0.0670,-0.2409,0.0000,4,0.0000,-1.0000,0
40.743,0.0869,-0.1858,-0.0000,0.8188,-0.0670,-0.2409,0.0000,4,0.0000,-1.0000,0
40.763,0.0869,-0.1858,-0.0000,0.8188,-0.0670,-0.2409,0.0000,4,0.0000,-1.0000,0
40.783,0.0869,-0.1858,-0.0000,0.8188,-0.0670,-0.2409,0.0000,4,0.0000,-1.0000,0
40.804,0.0869,-0.1858,-0.0000,0.8188,-0.0670,-0.2409,0.0000,4,0.0000,-1.0000,0
40.823,0.0869,-0.1858,-0.0000,0.8188,-0.0670,-0.2409,0.0000,4,0.0000,-1.0000,0
40.844,0.0855,-0.1912,-0.0000,0.8133,-0.0626,-0.2420,0.0000,4,0.0000,-1.0000,0
40.863,0.0840,-0.1965,-0.0000,0.8079,-0.0616,-0.2423,0.0000,4,0.0000,-1.0000,0
40.883,0.0826,-0.2019,-0.0000,0.8024,-0.0608,-0.2425,0.0000,4,0.0000,-1.0000,0
40.903,0.0813,-0.2073,-0.0000,0.7969,-0.0598,-0.2427,0.0000,4,0.0000,-1.0000,0
40.923,0.0813,-0.2073,-0.0000,0.7969,-0.0629,-0.2420,0.0000,4,0.0000,-1.0000,0
40.943,0.0813,-0.2073,-0.0000,0.7969,-0.0629,-0.2420,0.0000,4,0.0000,-1.0000,0
40.963,0.0813,-0.2073,-0.0000,0.7969,-0.0629,-0.2420,0.0000,4,0.0000,-1.0000,0
40.984,0.0813,-0.2073,-0.0000,0.7969,-0.0629,-0.2420,0.0000,4,0.0000,-1.0000,0
41.003,0.0813,-0.2073,-0.0000,0.7969,-0.0629,-0.2420,0.0000,4,0.0000,-1.0000,0
41.023,0.0813,-0.2073,-0.0000,0.7969,-0.0629,-0.2420,0.0000,4,0.0000,-1.0000,0
41.043,0.0813,-0.2073,-0.0000,0.7969,-0.0629,-0.2420,0.0000,4,0.0000,-1.0000,0
41.065,0.0813,-0.2073,-0.0000,0.7969,-0.0629,-0.2420,0.0000,4,0.0000,-1.0000,0
41.086,0.0813,-0.2073,-0.0000,0.7969,-0.0629,-0.2420,0.0000,4,0.0000,-1.0000,0
41.103,0.0786,-0.2180,-0.0000,0.7859,-0.0547,-0.2439,0.0000,4,0.0000,-1.0000,0
41.123,0.0777,-0.2216,-0.0000,0.7823,-0.0583,-0.2431,0.0000,4,0.0000,-1.0000,0
41.143,0.0761,-0.2288,-0.0000,0.7750,-0.0553,-0.2438,0.0000,4,0.0000,-1.0000,0
41.164,0.0739,-0.2378,-0.0000,0.7658,-0.0526,-0.2444,0.0000,4,0.0000,-1.0000,0
41.183,0.0739,-0.2378,-0.0000,0.7658,-0.0576,-0.2433,0.0000,4,0.0000,-1.0000,0
41.203,0.0727,-0.2432,-0.0000,0.7603,-0.0538,-0.2441,0.0000,4,0.0000,-1.0000,0
41.223,0.0727,-0.2432,-0.0000,0.7603,-0.0566,-0.2435,0.0000,4,0.0000,-1.0000,0
41.243,0.0727,-0.2432,-0.0000,0.7603,-0.0566,-0.2435,0.0000,4,0.0000,-1.0000,0
41.263,0.0727,-0.2432,-0.0000,0.7603,-0.0566,-0.2435,0.0000,4,0.0000,-1.0000,0
41.283,0.0723,-0.2450,-0.0000,0.7585,-0.0553,-0.2438,0.0000,4,0.0000,-1.0000,0
41.303,0.0706,-0.2522,-0.0000,0.7512,-0.0512,-0.2447,0.0000,4,0.0000,-1.0000,0
41.323,0.0706,-0.2522,-0.0000,0.7512,-0.0551,-0.2439,0.0000,4,0.0000,-1.0000,0
41.344,0.0706,-0.2522,-0.0000,0.7512,-0.0551,-0.2439,0.0000,4,0.0000,-1.0000,0
41.363,0.0690,-0.2594,-0.0000,0.7438,-0.0503,-0.2449,0.0000,4,0.0000,-1.0000,0
41.383,0.0690,-0.2594,-0.0000,0.7438,-0.0539,-0.2441,0.0000,4,0.0000,-1.0000,0
41.404,0.0690,-0.2594,-0.0000,0.7438,-0.0539,-0.2441,0.0000,4,0.0000,-1.0000,0
41.423,0.0690,-0.2594,-0.0000,0.7438,-0.0539,-0.2441,0.0000,4,0.0000,-1.0000,0
41.443,0.0674,-0.2666,-0.0000,0.7365,-0.0490,-0.2452,0.0000,4,0.0000,-1.0000,0
41.463,0.0659,-0.2738,-0.0000,0.7292,-0.0480,-0.2453,0.0000,4,0.0000,-1.0000,0
41.486,0.0659,-0.2738,-0.0000,0.7292,-0.0516,-0.2446,0.0000,4,0.0000,-1.0000,0
41.503,0.0645,-0.2810,-0.0000,0.7218,-0.0471,-0.2455,0.0000,4,0.0000,-1.0000,0
41.523,0.0645,-0.2810,-0.0000,0.7218,-0.0505,-0.2448,0.0000,4,0.0000,-1.0000,0
41.543,0.0645,-0.2810,-0.0000,0.7218,-0.0505,-0.2448,0.0000,4,0.0000,-1.0000,0
41.564,0.0645,-0.2810,-0.0000,0.7218,-0.0505,-0.2448,0.0000,4,0.0000,-1.0000,0
41.583,0.0645,-0.2810,-0.0000,0.7218,-0.0505,-0.2448,0.0000,4,0.0000,-1.0000,0
41.605,0.0645,-0.2810,-0.0000,0.7218,-0.0505,-0.2448,0.0000,4,0.0000,-1.0000,0
41.623,0.0641,-0.2829,-0.0000,0.7200,-0.0494,-0.2451,0.0000,4,0.0000,-1.0000,0
41.645,0.0627,-0.2901,-0.0000,0.7127,-0.0457,-0.2458,0.0000,4,0.0000,-1.0000,0
41.663,0.0627,-0.2901,-0.0000,0.7127,-0.0491,-0.2451,0.0000,4,0.0000,-1.0000,0
41.683,0.0627,-0.2901,-0.0000,0.7127,-0.0491,-0.2451,0.0000,4,0.0000,-1.0000,0
41.703,0.0616,-0.2955,-0.0000,0.7072,-0.0457,-0.2458,0.0000,4,0.0000,-1.0000,0
41.723,0.0616,-0.2955,-0.0000,0.7072,-0.0483,-0.2453,0.0000,4,0.0000,-1.0000,0
41.743,0.0616,-0.2955,-0.0000,0.7072,-0.0483,-0.2453,0.0000,4,0.0000,-1.0000,0
41.764,0.0616,-0.2955,-0.0000,0.7072,-0.0483,-0.2453,0.0000,4,0.0000,-1.0000,0
41.783,0.0598,-0.3046,-0.0000,0.6980,-0.0428,-0.2463,0.0000,4,0.0000,-1.0000,0
41.803,0.0598,-0.3046,-0.0000,0.6980,-0.0470,-0.2455,0.0000,4,0.0000,-1.0000,0
41.823,0.0598,-0.3046,-0.0000,0.6980,-0.0470,-0.2455,0.0000,4,0.0000,-1.0000,0
41.843,0.0588,-0.3100,-0.0000,0.6925,-0.0438,-0.2461,0.0000,4,0.0000,-1.0000,0
41.863,0.0588,-0.3100,-0.0000,0.6925,-0.0462,-0.2457,0.0000,4,0.0000,-1.0000,0
41.883,0.0588,-0.3100,-0.0000,0.6925,-0.0462,-0.2457,0.0000,4,0.0000,-1.0000,0
41.903,0.0588,-0.3100,-0.0000,0.6925,-0.0462,-0.2457,0.0000,4,0.0000,-1.0000,0
41.923,0.0588,-0.3100,-0.0000,0.6925,-0.0462,-0.2457,0.0000,4,0.0000,-1.0000,0
41.943,0.0588,-0.3100,-0.0000,0.6925,-0.0462,-0.2457,0.0000,4,0.0000,-1.0000,0
41.963,0.0588,-0.3100,-0.0000,0.6925,-0.0462,-0.2457,0.0000,4,0.0000,-1.0000,0
41.983,0.0588,-0.3100,-0.0000,0.6925,-0.0462,-0.2457,0.0000,4,0.0000,-1.0000,0
42.003,0.0588,-0.3100,-0.0000,0.6925,-0.0462,-0.2457,0.0000,4,0.0000,-1.0000,0
42.023,0.0588,-0.3100,-0.0000,0.6925,-0.0462,-0.2457,0.0000,4,0.0000,-1.0000,0
42.043,0.0588,-0.3100,-0.0000,0.6925,-0.0462,-0.2457,0.0000,4,0.0000,-1.0000,0
42.064,0.0588,-0.3100,-0.0000,0.6925,-0.0462,-0.2457,0.0000,4,0.0000,-1.0000,0
42.083,0.0584,-0.3118,-0.0000,0.6906,-0.0451,-0.2459,0.0000,4,0.0000,-1.0000,0
42.103,0.0571,-0.3191,-0.0000,0.6833,-0.0417,-0.2465,0.0000,4,0.0000,-1.0000,0
42.123,0.0564,-0.3227,-0.0000,0.6796,-0.0429,-0.2463,0.0000,4,0.0000,-1.0000,0
42.145,0.0549,-0.3318,-0.0000,0.6704,-0.0396,-0.2469,0.0000,4,0.0000,-1.0000,0
42.163,0.0549,-0.3318,-0.0000,0.6704,-0.0432,-0.2462,0.0000,4,0.0000,-1.0000,0
42.183,0.0549,-0.3318,-0.0000,0.6704,-0.0432,-0.2462,0.0000,4,0.0000,-1.0000,0
42.203,0.0549,-0.3318,-0.0000,0.6704,-0.0432,-0.2462,0.0000,4,0.0000,-1.0000,0
42.223,0.0549,-0.3318,-0.0000,0.6704,-0.0432,-0.2462,0.0000,4,0.0000,-1.0000,0
42.243,0.0549,-0.3318,-0.0000,0.6704,-0.0432,-0.2462,0.0000,4,0.0000,-1.0000,0
42.264,0.0539,-0.3373,-0.0000,0.6649,-0.0402,-0.2467,0.0000,4,0.0000,-1.0000,0
42.283,0.0533,-0.3409,-0.0000,0.6612,-0.0406,-0.2467,0.0000,4,0.0000,-1.0000,0
42.304,0.0518,-0.3501,-0.0000,0.6520,-0.0373,-0.2472,0.0000,4,0.0000,-1.0000,0
42.323,0.0518,-0.3501,-0.0000,0.6520,-0.0409,-0.2466,0.0000,4,0.0000,-1.0000,0
42.343,0.0510,-0.3555,-0.0000,0.6465,-0.0382,-0.2471,0.0000,4,0.0000,-1.0000,0
42.363,0.0501,-0.3610,-0.0000,0.6410,-0.0374,-0.2472,0.0000,4,0.0000,-1.0000,0
42.383,0.0501,-0.3610,-0.0000,0.6410,-0.0396,-0.2468,0.0000,4,0.0000,-1.0000,0
42.403,0.0492,-0.3665,-0.0000,0.6354,-0.0368,-0.2473,0.0000,4,0.0000,-1.0000,0
42.423,0.0484,-0.3719,-0.0000,0.6299,-0.0362,-0.2474,0.0000,4,0.0000,-1.0000,0
42.443,0.0484,-0.3719,-0.0000,0.6299,-0.0382,-0.2471,0.0000,4,0.0000,-1.0000,0
42.463,0.0484,-0.3719,-0.0000,0.6299,-0.0382,-0.2471,0.0000,4,0.0000,-1.0000,0
42.483,0.0484,-0.3719,-0.0000,0.6299,-0.0382,-0.2471,0.0000,4,0.0000,-1.0000,0
42.503,0.0484,-0.3719,-0.0000,0.6299,-0.0382,-0.2471,0.0000,4,0.0000,-1.0000,0
42.523,0.0481,-0.3738,-0.0000,0.6281,-0.0374,-0.2472,0.0000,4,0.0000,-1.0000,0
42.543,0.0481,-0.3738,-0.0000,0.6281,-0.0380,-0.2471,0.0000,4,0.0000,-1.0000,0
42.563,0.0481,-0.3738,-0.0000,0.6281,-0.0380,-0.2471,0.0000,4,0.0000,-1.0000,0
42.583,0.0481,-0.3738,-0.0000,0.6281,-0.0380,-0.2471,0.0000,4,0.0000,-1.0000,0
42.603,0.0481,-0.3738,-0.0000,0.6281,-0.0380,-0.2471,0.0000,4,0.0000,-1.0000,0
42.623,0.0481,-0.3738,-0.0000,0.6281,-0.0380,-0.2471,0.0000,4,0.0000,-1.0000,0
42.643,0.0481,-0.3738,-0.0000,0.6281,-0.0380,-0.2471,0.0000,4,0.0000,-1.0000,0
42.663,0.0481,-0.3738,-0.0000,0.6281,-0.0380,-0.2471,0.0000,4,0.0000,-1.0000,0
42.686,0.0481,-0.3738,-0.0000,0.6281,-0.0380,-0.2471,0.0000,4,0.0000,-1.0000,0
42.703,0.0481,-0.3738,-0.0000,0.6281,-0.0380,-0.2471,0.0000,4,0.0000,-1.0000,0
42.723,0.0478,-0.3756,-0.0000,0.6262,-0.0371,-0.2472,0.0000,4,0.0000,-1.0000,0
42.743,0.0467,-0.3829,-0.0000,0.6189,-0.0342,-0.2476,0.0000,4,0.0000,-1.0000,0
42.763,0.0462,-0.3865,-0.0000,0.6152,-0.0353,-0.2475,0.0000,4,0.0000,-1.0000,0
42.783,0.0447,-0.3975,-0.0000,0.6041,-0.0317,-0.2480,0.0000,4,0.0000,-1.0000,0
42.803,0.0447,-0.3975,-0.0000,0.6041,-0.0354,-0.2475,0.0000,4,0.0000,-1.0000,0
42.824,0.0447,-0.3975,-0.0000,0.6041,-0.0354,-0.2475,0.0000,4,0.0000,-1.0000,0
42.843,0.0436,-0.4048,-0.0000,0.5968,-0.0321,-0.2479,0.0000,4,0.0000,-1.0000,0
42.864,0.0436,-0.4048,-0.0000,0.5968,-0.0346,-0.2476,0.0000,4,0.0000,-1.0000,0
42.883,0.0436,-0.4048,-0.0000,0.5968,-0.0346,-0.2476,0.0000,4,0.0000,-1.0000,0
42.903,0.0436,-0.4048,-0.0000,0.5968,-0.0346,-0.2476,0.0000,4,0.0000,-1.0000,0
42.923,0.0436,-0.4048,-0.0000,0.5968,-0.0346,-0.2476,0.0000,4,0.0000,-1.0000,0
42.943,0.0436,-0.4048,-0.0000,0.5968,-0.0346,-0.2476,0.0000,4,0.0000,-1.0000,0
42.963,0.0436,-0.4048,-0.0000,0.5968,-0.0346,-0.2476,0.0000,4,0.0000,-1.0000,0
42.983,0.0429,-0.4103,-0.0000,0.5912,-0.0321,-0.2479,0.0000,4,0.0000,-1.0000,0
43.003,0.0419,-0.4176,-0.0000,0.5839,-0.0307,-0.2481,0.0000,4,0.0000,-1.0000,0
43.023,0.0407,-0.4268,-0.0000,0.5747,-0.0294,-0.2483,0.0000,4,0.0000,-1.0000,0
43.043,0.0405,-0.4286,-0.0000,0.5728,-0.0315,-0.2480,0.0000,4,0.0000,-1.0000,0
43.063,0.0396,-0.4359,-0.0000,0.5654,-0.0292,-0.2483,0.0000,4,0.0000,-1.0000,0
43.083,0.0396,-0.4359,-0.0000,0.5654,-0.0314,-0.2480,0.0000,4,0.0000,-1.0000,0
43.103,0.0387,-0.4433,-0.0000,0.5581,-0.0285,-0.2484,0.0000,4,0.0000,-1.0000,0
43.123,0.0382,-0.4469,-0.0000,0.5544,-0.0293,-0.2483,0.0000,4,0.0000,-1.0000,0
43.143,0.0382,-0.4469,-0.0000,0.5544,-0.0304,-0.2482,0.0000,4,0.0000,-1.0000,0
43.164,0.0382,-0.4469,-0.0000,0.5544,-0.0304,-0.2482,0.0000,4,0.0000,-1.0000,0
43.183,0.0382,-0.4469,-0.0000,0.5544,-0.0304,-0.2482,0.0000,4,0.0000,-1.0000,0
43.205,0.0382,-0.4469,-0.0000,0.5544,-0.0304,-0.2482,0.0000,4,0.0000,-1.0000,0
43.223,0.0380,-0.4488,-0.0000,0.5525,-0.0297,-0.2482,0.0000,4,0.0000,-1.0000,0
43.245,0.0378,-0.4506,-0.0000,0.5507,-0.0295,-0.2483,0.0000,4,0.0000,-1.0000,0
43.263,0.0378,-0.4506,-0.0000,0.5507,-0.0300,-0.2482,0.0000,4,0.0000,-1.0000,0
43.283,0.0378,-0.4506,-0.0000,0.5507,-0.0300,-0.2482,0.0000,4,0.0000,-1.0000,0
43.303,0.0371,-0.4561,-0.0000,0.5452,-0.0279,-0.2484,0.0000,4,0.0000,-1.0000,0
43.323,0.0371,-0.4561,-0.0000,0.5452,-0.0295,-0.2483,0.0000,4,0.0000,-1.0000,0
43.345,0.0371,-0.4561,-0.0000,0.5452,-0.0295,-0.2483,0.0000,4,0.0000,-1.0000,0
43.363,0.0358,-0.4671,-0.0000,0.5341,-0.0252,-0.2487,0.0000,4,0.0000,-1.0000,0
43.383,0.0358,-0.4671,-0.0000,0.5341,-0.0285,-0.2484,0.0000,4,0.0000,-1.0000,0
43.403,0.0358,-0.4671,-0.0000,0.5341,-0.0285,-0.2484,0.0000,4,0.0000,-1.0000,0
43.423,0.0358,-0.4671,-0.0000,0.5341,-0.0285,-0.2484,0.0000,4,0.0000,-1.0000,0
43.443,0.0346,-0.4781,-0.0000,0.5230,-0.0244,-0.2488,0.0000,4,0.0000,-1.0000,0
43.465,0.0346,-0.4781,-0.0000,0.5230,-0.0275,-0.2485,0.0000,4,0.0000,-1.0000,0
43.484,0.0337,-0.4854,-0.0000,0.5157,-0.0248,-0.2488,0.0000,4,0.0000,-1.0000,0
43.503,0.0329,-0.4928,-0.0000,0.5083,-0.0242,-0.2488,0.0000,4,0.0000,-1.0000,0
43.523,0.0329,-0.4928,-0.0000,0.5083,-0.0262,-0.2486,0.0000,4,0.0000,-1.0000,0
43.543,0.0329,-0.4928,-0.0000,0.5083,-0.0262,-0.2486,0.0000,4,0.0000,-1.0000,0
43.563,0.0329,-0.4928,-0.0000,0.5083,-0.0262,-0.2486,0.0000,4,0.0000,-1.0000,0
43.583,0.0329,-0.4928,-0.0000,0.5083,-0.0262,-0.2486,0.0000,4,0.0000,-1.0000,0
43.604,0.0329,-0.4928,-0.0000,0.5083,-0.0262,-0.2486,0.0000,4,0.0000,-1.0000,0
43.623,0.0327,-0.4946,-0.0000,0.5064,-0.0256,-0.2487,0.0000,4,0.0000,-1.0000,0
43.643,0.0327,-0.4946,-0.0000,0.5064,-0.0261,-0.2486,0.0000,4,0.0000,-1.0000,0
43.663,0.0327,-0.4946,-0.0000,0.5064,-0.0261,-0.2486,0.0000,4,0.0000,-1.0000,0
43.683,0.0327,-0.4946,-0.0000,0.5064,-0.0261,-0.2486,0.0000,4,0.0000,-1.0000,0
43.703,0.0327,-0.4946,-0.0000,0.5064,-0.0261,-0.2486,0.0000,4,0.0000,-1.0000,0
43.723,0.0327,-0.4946,-0.0000,0.5064,-0.0261,-0.2486,0.0000,4,0.0000,-1.0000,0
43.743,0.0327,-0.4946,-0.0000,0.5064,-0.0261,-0.2486,0.0000,4,0.0000,-1.0000,0
43.763,0.0327,-0.4946,-0.0000,0.5064,-0.0261,-0.2486,0.0000,4,0.0000,-1.0000,0
43.784,0.0327,-0.4946,-0.0000,0.5064,-0.0261,-0.2486,0.0000,4,0.0000,-1.0000,0
43.803,0.0326,-0.4965,-0.0000,0.5046,-0.0254,-0.2487,0.0000,4,0.0000,-1.0000,0
43.823,0.0318,-0.5038,-0.0000,0.4972,-0.0234,-0.2489,0.0000,4,0.0000,-1.0000,0
43.843,0.0314,-0.5075,-0.0000,0.4935,-0.0241,-0.2488,0.0000,4,0.0000,-1.0000,0
43.863,0.0302,-0.5203,-0.0000,0.4806,-0.0211,-0.2491,0.0000,4,0.0000,-1.0000,0
43.883,0.0302,-0.5203,-0.0000,0.4806,-0.0241,-0.2488,0.0000,4,0.0000,-1.0000,0
43.903,0.0302,-0.5203,-0.0000,0.4806,-0.0241,-0.2488,0.0000,4,0.0000,-1.0000,0
43.923,0.0295,-0.5277,-0.0000,0.4732,-0.0218,-0.2490,0.0000,4,0.0000,-1.0000,0
43.943,0.0295,-0.5277,-0.0000,0.4732,-0.0235,-0.2489,0.0000,4,0.0000,-1.0000,0
43.963,0.0295,-0.5277,-0.0000,0.4732,-0.0235,-0.2489,0.0000,4,0.0000,-1.0000,0
43.985,0.0295,-0.5277,-0.0000,0.4732,-0.0235,-0.2489,0.0000,4,0.0000,-1.0000,0
44.003,0.0295,-0.5277,-0.0000,0.4732,-0.0235,-0.2489,0.0000,4,0.0000,-1.0000,0
44.023,0.0295,-0.5277,-0.0000,0.4732,-0.0235,-0.2489,0.0000,4,0.0000,-1.0000,0
44.043,0.0295,-0.5277,-0.0000,0.4732,-0.0235,-0.2489,0.0000,4,0.0000,-1.0000,0
44.063,0.0293,-0.5295,-0.0000,0.4714,-0.0229,-0.2489,0.0000,4,0.0000,-1.0000,0
44.083,0.0287,-0.5369,-0.0000,0.4640,-0.0211,-0.2491,0.0000,4,0.0000,-1.0000,0
44.104,0.0282,-0.5424,-0.0000,0.4585,-0.0212,-0.2491,0.0000,4,0.0000,-1.0000,0
44.123,0.0282,-0.5424,-0.0000,0.4585,-0.0224,-0.2490,0.0000,4,0.0000,-1.0000,0
44.143,0.0272,-0.5534,-0.0000,0.4474,-0.0193,-0.2493,0.0000,4,0.0000,-1.0000,0
44.163,0.0267,-0.5590,-0.0000,0.4419,-0.0201,-0.2492,0.0000,4,0.0000,-1.0000,0
44.185,0.0267,-0.5590,-0.0000,0.4419,-0.0213,-0.2491,0.0000,4,0.0000,-1.0000,0
44.203,0.0263,-0.5645,-0.0000,0.4363,-0.0199,-0.2492,0.0000,4,0.0000,-1.0000,0
44.223,0.0263,-0.5645,-0.0000,0.4363,-0.0210,-0.2491,0.0000,4,0.0000,-1.0000,0
44.243,0.0263,-0.5645,-0.0000,0.4363,-0.0210,-0.2491,0.0000,4,0.0000,-1.0000,0
44.264,0.0263,-0.5645,-0.0000,0.4363,-0.0210,-0.2491,0.0000,4,0.0000,-1.0000,0
44.283,0.0263,-0.5645,-0.0000,0.4363,-0.0210,-0.2491,0.0000,4,0.0000,-1.0000,0
44.303,0.0257,-0.5718,-0.0000,0.4289,-0.0189,-0.2493,0.0000,4,0.0000,-1.0000,0
44.323,0.0257,-0.5718,-0.0000,0.4289,-0.0205,-0.2492,0.0000,4,0.0000,-1.0000,0
44.343,0.0257,-0.5718,-0.0000,0.4289,-0.0205,-0.2492,0.0000,4,0.0000,-1.0000,0
44.363,0.0257,-0.5718,-0.0000,0.4289,-0.0205,-0.2492,0.0000,4,0.0000,-1.0000,0
44.383,0.0257,-0.5718,-0.0000,0.4289,-0.0205,-0.2492,0.0000,4,0.0000,-1.0000,0
44.403,0.0257,-0.5718,-0.0000,0.4289,-0.0205,-0.2492,0.0000,4,0.0000,-1.0000,0
44.423,0.0257,-0.5718,-0.0000,0.4289,-0.0205,-0.2492,0.0000,4,0.0000,-1.0000,0
44.443,0.0257,-0.5718,-0.0000,0.4289,-0.0205,-0.2492,0.0000,4,0.0000,-1.0000,0
44.463,0.0257,-0.5718,-0.0000,0.4289,-0.0205,-0.2492,0.0000,4,0.0000,-1.0000,0
44.485,0.0257,-0.5718,-0.0000,0.4289,-0.0205,-0.2492,0.0000,4,0.0000,-1.0000,0
44.503,0.0252,-0.5774,-0.0000,0.4234,-0.0190,-0.2493,0.0000,4,0.0000,-1.0000,0
44.523,0.0248,-0.5829,-0.0000,0.4179,-0.0187,-0.2493,0.0000,4,0.0000,-1.0000,0
44.543,0.0242,-0.5902,-0.0000,0.4105,-0.0179,-0.2494,0.0000,4,0.0000,-1.0000,0
44.563,0.0235,-0.5994,-0.0000,0.4012,-0.0171,-0.2494,0.0000,4,0.0000,-1.0000,0
44.583,0.0235,-0.5994,-0.0000,0.4012,-0.0188,-0.2493,0.0000,4,0.0000,-1.0000,0
44.605,0.0235,-0.5994,-0.0000,0.4012,-0.0188,-0.2493,0.0000,4,0.0000,-1.0000,0
44.623,0.0231,-0.6050,-0.0000,0.3957,-0.0175,-0.2494,0.0000,4,0.0000,-1.0000,0
44.645,0.0231,-0.6050,-0.0000,0.3957,-0.0185,-0.2493,0.0000,4,0.0000,-1.0000,0
44.663,0.0231,-0.6050,-0.0000,0.3957,-0.0185,-0.2493,0.0000,4,0.0000,-1.0000,0
44.683,0.0231,-0.6050,-0.0000,0.3957,-0.0185,-0.2493,0.0000,4,0.0000,-1.0000,0
44.703,0.0231,-0.6050,-0.0000,0.3957,-0.0185,-0.2493,0.0000,4,0.0000,-1.0000,0
44.723,0.0231,-0.6050,-0.0000,0.3957,-0.0185,-0.2493,0.0000,4,0.0000,-1.0000,0
44.744,0.0231,-0.6050,-0.0000,0.3957,-0.0185,-0.2493,0.0000,4,0.0000,-1.0000,0
44.763,0.0231,-0.6050,-0.0000,0.3957,-0.0185,-0.2493,0.0000,4,0.0000,-1.0000,0
44.784,0.0231,-0.6050,-0.0000,0.3957,-0.0185,-0.2493,0.0000,4,0.0000,-1.0000,0
44.803,0.0231,-0.6050,-0.0000,0.3957,-0.0185,-0.2493,0.0000,4,0.0000,-1.0000,0
44.823,0.0227,-0.6105,-0.0000,0.3902,-0.0171,-0.2494,0.0000,4,0.0000,-1.0000,0
44.843,0.0222,-0.6179,-0.0000,0.3828,-0.0164,-0.2495,0.0000,4,0.0000,-1.0000,0
44.863,0.0217,-0.6252,-0.0000,0.3754,-0.0161,-0.2495,0.0000,4,0.0000,-1.0000,0
44.884,0.0210,-0.6363,-0.0000,0.3643,-0.0149,-0.2496,0.0000,4,0.0000,-1.0000,0
44.903,0.0205,-0.6436,-0.0000,0.3569,-0.0152,-0.2495,0.0000,4,0.0000,-1.0000,0
44.923,0.0205,-0.6436,-0.0000,0.3569,-0.0164,-0.2495,0.0000,4,0.0000,-1.0000,0
44.943,0.0205,-0.6436,-0.0000,0.3569,-0.0164,-0.2495,0.0000,4,0.0000,-1.0000,0
44.963,0.0205,-0.6436,-0.0000,0.3569,-0.0164,-0.2495,0.0000,4,0.0000,-1.0000,0
44.983,0.0205,-0.6436,-0.0000,0.3569,-0.0164,-0.2495,0.0000,4,0.0000,-1.0000,0
45.003,0.0201,-0.6510,-0.0000,0.3496,-0.0149,-0.2496,0.0000,4,0.0000,-1.0000,0
45.024,0.0201,-0.6510,-0.0000,0.3496,-0.0160,-0.2495,0.0000,4,0.0000,-1.0000,0
45.043,0.0201,-0.6510,-0.0000,0.3496,-0.0160,-0.2495,0.0000,4,0.0000,-1.0000,0
45.064,0.0201,-0.6510,-0.0000,0.3496,-0.0160,-0.2495,0.0000,4,0.0000,-1.0000,0
45.083,0.0201,-0.6510,-0.0000,0.3496,-0.0160,-0.2495,0.0000,4,0.0000,-1.0000,0
45.104,0.0201,-0.6510,-0.0000,0.3496,-0.0160,-0.2495,0.0000,4,0.0000,-1.0000,0
45.124,0.0201,-0.6510,-0.0000,0.3496,-0.0160,-0.2495,0.0000,4,0.0000,-1.0000,0
45.144,0.0201,-0.6510,-0.0000,0.3496,-0.0160,-0.2495,0.0000,4,0.0000,-1.0000,0
45.163,0.0197,-0.6565,-0.0000,0.3440,-0.0148,-0.2496,0.0000,4,0.0000,-1.0000,0
45.183,0.0193,-0.6621,-0.0000,0.3385,-0.0146,-0.2496,0.0000,4,0.0000,-1.0000,0
45.203,0.0193,-0.6621,-0.0000,0.3385,-0.0154,-0.2495,0.0000,4,0.0000,-1.0000,0
45.223,0.0189,-0.6694,-0.0000,0.3311,-0.0140,-0.2460,0.0000,4,0.0000,-1.0000,0
45.243,0.0185,-0.6768,-0.0000,0.3237,-0.0137,-0.2402,0.0000,4,0.0000,-1.0000,0
45.263,0.0185,-0.6768,-0.0000,0.3237,-0.0147,-0.2496,0.0000,4,0.0000,-1.0000,0
45.283,0.0185,-0.6768,-0.0000,0.3237,-0.0147,-0.2496,0.0000,4,0.0000,-1.0000,0
45.303,0.0182,-0.6822,-0.0000,0.3183,-0.0137,-0.2408,0.0000,4,0.0000,-1.0000,0
45.323,0.0182,-0.6822,-0.0000,0.3183,-0.0145,-0.2496,0.0000,4,0.0000,-1.0000,0
45.343,0.0182,-0.6822,-0.0000,0.3183,-0.0145,-0.2496,0.0000,4,0.0000,-1.0000,0
45.363,0.0182,-0.6822,-0.0000,0.3183,-0.0145,-0.2496,0.0000,4,0.0000,-1.0000,0
45.385,0.0182,-0.6822,-0.0000,0.3183,-0.0145,-0.2496,0.0000,4,0.0000,-1.0000,0
45.403,0.0176,-0.6914,-0.0000,0.3091,-0.0127,-0.2238,0.0000,4,0.0000,-1.0000,0
45.423,0.0174,-0.6949,-0.0000,0.3056,-0.0134,-0.2353,0.0000,4,0.0000,-1.0000,0
45.443,0.0174,-0.6949,-0.0000,0.3056,-0.0139,-0.2441,0.0000,4,0.0000,-1.0000,0
45.463,0.0174,-0.6949,-0.0000,0.3056,-0.0139,-0.2441,0.0000,4,0.0000,-1.0000,0
45.483,0.0171,-0.7000,-0.0000,0.3005,-0.0130,-0.2272,0.0000,4,0.0000,-1.0000,0
45.504,0.0171,-0.7000,-0.0000,0.3005,-0.0137,-0.2400,0.0000,4,0.0000,-1.0000,0
45.523,0.0171,-0.7000,-0.0000,0.3005,-0.0137,-0.2400,0.0000,4,0.0000,-1.0000,0
45.544,0.0165,-0.7108,-0.0000,0.2897,-0.0117,-0.2044,0.0000,4,0.0000,-1.0000,0
45.563,0.0163,-0.7141,-0.0000,0.2864,-0.0126,-0.2205,0.0000,4,0.0000,-1.0000,0
45.584,0.0163,-0.7141,-0.0000,0.2864,-0.0131,-0.2287,0.0000,4,0.0000,-1.0000,0
45.603,0.0163,-0.7141,-0.0000,0.2864,-0.0131,-0.2287,0.0000,4,0.0000,-1.0000,0
45.623,0.0163,-0.7141,-0.0000,0.2864,-0.0131,-0.2287,0.0000,4,0.0000,-1.0000,0
45.643,0.0161,-0.7171,-0.0000,0.2834,-0.0125,-0.2188,0.0000,4,0.0000,-1.0000,0
45.663,0.0161,-0.7171,-0.0000,0.2834,-0.0129,-0.2263,0.0000,4,0.0000,-1.0000,0
45.683,0.0161,-0.7171,-0.0000,0.2834,-0.0129,-0.2263,0.0000,4,0.0000,-1.0000,0
45.703,0.0161,-0.7171,-0.0000,0.2834,-0.0129,-0.2263,0.0000,4,0.0000,-1.0000,0
45.723,0.0161,-0.7171,-0.0000,0.2834,-0.0129,-0.2263,0.0000,4,0.0000,-1.0000,0
45.743,0.0161,-0.7171,-0.0000,0.2834,-0.0129,-0.2263,0.0000,4,0.0000,-1.0000,0
45.763,0.0161,-0.7171,-0.0000,0.2834,-0.0129,-0.2263,0.0000,4,0.0000,-1.0000,0
45.783,0.0161,-0.7171,-0.0000,0.2834,-0.0129,-0.2263,0.0000,4,0.0000,-1.0000,0
45.804,0.0161,-0.7171,-0.0000,0.2834,-0.0129,-0.2263,0.0000,4,0.0000,-1.0000,0
45.825,0.0161,-0.7171,-0.0000,0.2834,-0.0129,-0.2263,0.0000,4,0.0000,-1.0000,0
45.843,0.0159,-0.7221,-0.0000,0.2783,-0.0120,-0.2097,0.0000,4,0.0000,-1.0000,0
45.863,0.0157,-0.7254,-0.0000,0.2751,-0.0121,-0.2117,0.0000,4,0.0000,-1.0000,0
45.883,0.0153,-0.7316,-0.0000,0.2689,-0.0114,-0.1992,0.0000,4,0.0000,-1.0000,0
45.905,0.0149,-0.7393,-0.0000,0.2611,-0.0108,-0.1893,0.0000,4,0.0000,-1.0000,0
45.923,0.0149,-0.7393,-0.0000,0.2611,-0.0119,-0.2086,0.0000,4,0.0000,-1.0000,0
45.943,0.0147,-0.7422,-0.0000,0.2582,-0.0113,-0.1989,0.0000,4,0.0000,-1.0000,0
45.963,0.0147,-0.7422,-0.0000,0.2582,-0.0118,-0.2062,0.0000,4,0.0000,-1.0000,0
45.983,0.0147,-0.7422,-0.0000,0.2582,-0.0118,-0.2062,0.0000,4,0.0000,-1.0000,0
46.005,0.0147,-0.7422,-0.0000,0.2582,-0.0118,-0.2062,0.0000,4,0.0000,-1.0000,0
46.023,0.0147,-0.7422,-0.0000,0.2582,-0.0118,-0.2062,0.0000,4,0.0000,-1.0000,0
46.043,0.0147,-0.7422,-0.0000,0.2582,-0.0118,-0.2062,0.0000,4,0.0000,-1.0000,0
46.063,0.0147,-0.7422,-0.0000,0.2582,-0.0118,-0.2062,0.0000,4,0.0000,-1.0000,0
46.083,0.0147,-0.7422,-0.0000,0.2582,-0.0118,-0.2062,0.0000,4,0.0000,-1.0000,0
46.103,0.0144,-0.7468,-0.0000,0.2536,-0.0109,-0.1910,0.0000,4,0.0000,-1.0000,0
46.125,0.0141,-0.7528,-0.0000,0.2476,-0.0104,-0.1828,0.0000,4,0.0000,-1.0000,0
46.143,0.0141,-0.7528,-0.0000,0.2476,-0.0113,-0.1977,0.0000,4,0.0000,-1.0000,0
46.163,0.0137,-0.7599,-0.0000,0.2405,-0.0100,-0.1745,0.0000,4,0.0000,-1.0000,0
46.183,0.0134,-0.7655,-0.0000,0.2349,-0.0099,-0.1736,0.0000,4,0.0000,-1.0000,0
46.204,0.0134,-0.7655,-0.0000,0.2349,-0.0107,-0.1876,0.0000,4,0.0000,-1.0000,0
46.223,0.0131,-0.7707,-0.0000,0.2296,-0.0097,-0.1703,0.0000,4,0.0000,-1.0000,0
46.243,0.0129,-0.7734,-0.0000,0.2270,-0.0100,-0.1747,0.0000,4,0.0000,-1.0000,0
46.263,0.0129,-0.7734,-0.0000,0.2270,-0.0103,-0.1813,0.0000,4,0.0000,-1.0000,0
46.283,0.0129,-0.7734,-0.0000,0.2270,-0.0103,-0.1813,0.0000,4,0.0000,-1.0000,0
46.303,0.0129,-0.7746,-0.0000,0.2257,-0.0101,-0.1771,0.0000,4,0.0000,-1.0000,0
46.323,0.0129,-0.7746,-0.0000,0.2257,-0.0103,-0.1803,0.0000,4,0.0000,-1.0000,0
46.343,0.0129,-0.7746,-0.0000,0.2257,-0.0103,-0.1803,0.0000,4,0.0000,-1.0000,0
46.364,0.0129,-0.7746,-0.0000,0.2257,-0.0103,-0.1803,0.0000,4,0.0000,-1.0000,0
46.383,0.0129,-0.7746,-0.0000,0.2257,-0.0103,-0.1803,0.0000,4,0.0000,-1.0000,0
46.403,0.0129,-0.7746,-0.0000,0.2257,-0.0103,-0.1803,0.0000,4,0.0000,-1.0000,0
46.423,0.0129,-0.7746,-0.0000,0.2257,-0.0103,-0.1803,0.0000,4,0.0000,-1.0000,0
46.444,0.0129,-0.7746,-0.0000,0.2257,-0.0103,-0.1803,0.0000,4,0.0000,-1.0000,0
46.463,0.0129,-0.7746,-0.0000,0.2257,-0.0103,-0.1803,0.0000,4,0.0000,-1.0000,0
46.483,0.0129,-0.7746,-0.0000,0.2257,-0.0103,-0.1803,0.0000,4,0.0000,-1.0000,0
46.503,0.0129,-0.7746,-0.0000,0.2257,-0.0103,-0.1803,0.0000,4,0.0000,-1.0000,0
46.525,0.0129,-0.7746,-0.0000,0.2257,-0.0103,-0.1803,0.0000,4,0.0000,-1.0000,0
46.543,0.0128,-0.7760,-0.0000,0.2244,-0.0100,-0.1759,0.0000,4,0.0000,-1.0000,0
46.563,0.0125,-0.7813,-0.0000,0.2191,-0.0092,-0.1617,0.0000,4,0.0000,-1.0000,0
46.583,0.0123,-0.7851,-0.0000,0.2153,-0.0093,-0.1625,0.0000,4,0.0000,-1.0000,0
46.603,0.0119,-0.7922,-0.0000,0.2081,-0.0085,-0.1483,0.0000,4,0.0000,-1.0000,0
46.623,0.0119,-0.7922,-0.0000,0.2081,-0.0095,-0.1662,0.0000,4,0.0000,-1.0000,0
46.643,0.0119,-0.7922,-0.0000,0.2081,-0.0095,-0.1662,0.0000,4,0.0000,-1.0000,0
46.663,0.0119,-0.7922,-0.0000,0.2081,-0.0095,-0.1662,0.0000,4,0.0000,-1.0000,0
46.683,0.0119,-0.7922,-0.0000,0.2081,-0.0095,-0.1662,0.0000,4,0.0000,-1.0000,0
46.704,0.0119,-0.7922,-0.0000,0.2081,-0.0095,-0.1662,0.0000,4,0.0000,-1.0000,0
46.723,0.0119,-0.7922,-0.0000,0.2081,-0.0095,-0.1662,0.0000,4,0.0000,-1.0000,0
46.743,0.0119,-0.7922,-0.0000,0.2081,-0.0095,-0.1662,0.0000,4,0.0000,-1.0000,0
46.765,0.0119,-0.7922,-0.0000,0.2081,-0.0095,-0.1662,0.0000,4,0.0000,-1.0000,0
46.783,0.0116,-0.7969,-0.0000,0.2034,-0.0086,-0.1507,0.0000,4,0.0000,-1.0000,0
46.803,0.0114,-0.8004,-0.0000,0.2000,-0.0086,-0.1511,0.0000,4,0.0000,-1.0000,0
46.823,0.0113,-0.8026,-0.0000,0.1977,-0.0087,-0.1524,0.0000,4,0.0000,-1.0000,0
46.843,0.0109,-0.8093,-0.0000,0.1910,-0.0078,-0.1358,0.0000,4,0.0000,-1.0000,0
46.863,0.0109,-0.8093,-0.0000,0.1910,-0.0087,-0.1526,0.0000,4,0.0000,-1.0000,0
46.883,0.0109,-0.8093,-0.0000,0.1910,-0.0087,-0.1526,0.0000,4,0.0000,-1.0000,0
46.903,0.0105,-0.8158,-0.0000,0.1845,-0.0075,-0.1311,0.0000,4,0.0000,-1.0000,0
46.925,0.0105,-0.8158,-0.0000,0.1845,-0.0084,-0.1474,0.0000,4,0.0000,-1.0000,0
46.943,0.0105,-0.8158,-0.0000,0.1845,-0.0084,-0.1474,0.0000,4,0.0000,-1.0000,0
46.963,0.0105,-0.8158,-0.0000,0.1845,-0.0084,-0.1474,0.0000,4,0.0000,-1.0000,0
46.983,0.0105,-0.8158,-0.0000,0.1845,-0.0084,-0.1474,0.0000,4,0.0000,-1.0000,0
47.003,0.0105,-0.8158,-0.0000,0.1845,-0.0084,-0.1474,0.0000,4,0.0000,-1.0000,0
47.024,0.0105,-0.8158,-0.0000,0.1845,-0.0084,-0.1474,0.0000,4,0.0000,-1.0000,0
47.043,0.0103,-0.8190,-0.0000,0.1813,-0.0078,-0.1367,0.0000,4,0.0000,-1.0000,0
47.063,0.0101,-0.8232,-0.0000,0.1771,-0.0075,-0.1311,0.0000,4,0.0000,-1.0000,0
47.083,0.0098,-0.8282,-0.0000,0.1721,-0.0071,-0.1249,0.0000,4,0.0000,-1.0000,0
47.104,0.0098,-0.8282,-0.0000,0.1721,-0.0078,-0.1374,0.0000,4,0.0000,-1.0000,0
47.123,0.0096,-0.8311,-0.0000,0.1692,-0.0073,-0.1280,0.0000,4,0.0000,-1.0000,0
47.143,0.0096,-0.8311,-0.0000,0.1692,-0.0077,-0.1352,0.0000,4,0.0000,-1.0000,0
47.164,0.0096,-0.8311,-0.0000,0.1692,-0.0077,-0.1352,0.0000,4,0.0000,-1.0000,0
47.183,0.0093,-0.8370,-0.0000,0.1633,-0.0066,-0.1156,0.0000,4,0.0000,-1.0000,0
47.203,0.0093,-0.8370,-0.0000,0.1633,-0.0074,-0.1304,0.0000,4,0.0000,-1.0000,0
47.223,0.0093,-0.8370,-0.0000,0.1633,-0.0074,-0.1304,0.0000,4,0.0000,-1.0000,0
47.243,0.0093,-0.8370,-0.0000,0.1633,-0.0074,-0.1304,0.0000,4,0.0000,-1.0000,0
47.263,0.0093,-0.8370,-0.0000,0.1633,-0.0074,-0.1304,0.0000,4,0.0000,-1.0000,0
47.283,0.0091,-0.8408,-0.0000,0.1594,-0.0067,-0.1177,0.0000,4,0.0000,-1.0000,0
47.303,0.0091,-0.8408,-0.0000,0.1594,-0.0073,-0.1273,0.0000,4,0.0000,-1.0000,0
47.323,0.0091,-0.8408,-0.0000,0.1594,-0.0073,-0.1273,0.0000,4,0.0000,-1.0000,0
47.343,0.0091,-0.8408,-0.0000,0.1594,-0.0073,-0.1273,0.0000,4,0.0000,-1.0000,0
47.363,0.0091,-0.8408,-0.0000,0.1594,-0.0073,-0.1273,0.0000,4,0.0000,-1.0000,0
47.383,0.0091,-0.8408,-0.0000,0.1594,-0.0073,-0.1273,0.0000,4,0.0000,-1.0000,0
47.403,0.0091,-0.8408,-0.0000,0.1594,-0.0073,-0.1273,0.0000,4,0.0000,-1.0000,0
47.423,0.0091,-0.8408,-0.0000,0.1594,-0.0073,-0.1273,0.0000,4,0.0000,-1.0000,0
47.443,0.0091,-0.8408,-0.0000,0.1594,-0.0073,-0.1273,0.0000,4,0.0000,-1.0000,0
47.465,0.0091,-0.8408,-0.0000,0.1594,-0.0073,-0.1273,0.0000,4,0.0000,-1.0000,0
47.485,0.0091,-0.8408,-0.0000,0.1594,-0.0073,-0.1273,0.0000,4,0.0000,-1.0000,0
47.503,0.0089,-0.8437,-0.0000,0.1566,-0.0067,-0.1179,0.0000,4,0.0000,-1.0000,0
47.523,0.0088,-0.8465,-0.0000,0.1538,-0.0066,-0.1160,0.0000,4,0.0000,-1.0000,0
47.543,0.0086,-0.8490,-0.0000,0.1512,-0.0065,-0.1143,0.0000,4,0.0000,-1.0000,0
47.563,0.0084,-0.8533,-0.0000,0.1469,-0.0061,-0.1067,0.0000,4,0.0000,-1.0000,0
47.583,0.0084,-0.8533,-0.0000,0.1469,-0.0067,-0.1173,0.0000,4,0.0000,-1.0000,0
47.604,0.0084,-0.8533,-0.0000,0.1469,-0.0067,-0.1173,0.0000,4,0.0000,-1.0000,0
47.623,0.0082,-0.8558,-0.0000,0.1444,-0.0062,-0.1092,0.0000,4,0.0000,-1.0000,0
47.643,0.0082,-0.8558,-0.0000,0.1444,-0.0066,-0.1154,0.0000,4,0.0000,-1.0000,0
47.663,0.0082,-0.8558,-0.0000,0.1444,-0.0066,-0.1154,0.0000,4,0.0000,-1.0000,0
47.686,0.0082,-0.8558,-0.0000,0.1444,-0.0066,-0.1154,0.0000,4,0.0000,-1.0000,0
47.703,0.0082,-0.8567,-0.0000,0.1436,-0.0064,-0.1125,0.0000,4,0.0000,-1.0000,0
47.725,0.0080,-0.8601,-0.0000,0.1402,-0.0059,-0.1034,0.0000,4,0.0000,-1.0000,0
47.743,0.0080,-0.8601,-0.0000,0.1402,-0.0064,-0.1120,0.0000,4,0.0000,-1.0000,0
47.764,0.0080,-0.8601,-0.0000,0.1402,-0.0064,-0.1120,0.0000,4,0.0000,-1.0000,0
47.783,0.0078,-0.8625,-0.0000,0.1377,-0.0059,-0.1037,0.0000,4,0.0000,-1.0000,0
47.803,0.0078,-0.8625,-0.0000,0.1377,-0.0063,-0.1100,0.0000,4,0.0000,-1.0000,0
47.823,0.0078,-0.8625,-0.0000,0.1377,-0.0063,-0.1100,0.0000,4,0.0000,-1.0000,0
47.844,0.0078,-0.8625,-0.0000,0.1377,-0.0063,-0.1100,0.0000,4,0.0000,-1.0000,0
47.863,0.0076,-0.8675,-0.0000,0.1327,-0.0053,-0.0936,0.0000,4,0.0000,-1.0000,0
47.886,0.0076,-0.8675,-0.0000,0.1327,-0.0061,-0.1060,0.0000,4,0.0000,-1.0000,0
47.903,0.0076,-0.8675,-0.0000,0.1327,-0.0061,-0.1060,0.0000,4,0.0000,-1.0000,0
47.923,0.0073,-0.8715,-0.0000,0.1287,-0.0053,-0.0927,0.0000,4,0.0000,-1.0000,0
47.943,0.0073,-0.8715,-0.0000,0.1287,-0.0059,-0.1028,0.0000,4,0.0000,-1.0000,0
47.963,0.0073,-0.8715,-0.0000,0.1287,-0.0059,-0.1028,0.0000,4,0.0000,-1.0000,0
47.987,0.0073,-0.8715,-0.0000,0.1287,-0.0059,-0.1028,0.0000,4,0.0000,-1.0000,0
48.003,0.0072,-0.8731,-0.0000,0.1271,-0.0056,-0.0976,0.0000,4,0.0000,-1.0000,0
48.023,0.0072,-0.8746,-0.0000,0.1256,-0.0055,-0.0964,0.0000,4,0.0000,-1.0000,0
48.043,0.0072,-0.8746,-0.0000,0.1256,-0.0057,-0.1003,0.0000,4,0.0000,-1.0000,0
48.065,0.0072,-0.8746,-0.0000,0.1256,-0.0057,-0.1003,0.0000,4,0.0000,-1.0000,0
48.083,0.0071,-0.8761,-0.0000,0.1241,-0.0054,-0.0954,0.0000,4,0.0000,-1.0000,0
48.103,0.0069,-0.8790,-0.0000,0.1212,-0.0051,-0.0895,0.0000,4,0.0000,-1.0000,0
48.123,0.0069,-0.8790,-0.0000,0.1212,-0.0055,-0.0968,0.0000,4,0.0000,-1.0000,0
48.144,0.0069,-0.8790,-0.0000,0.1212,-0.0055,-0.0968,0.0000,4,0.0000,-1.0000,0
48.163,0.0069,-0.8790,-0.0000,0.1212,-0.0055,-0.0968,0.0000,4,0.0000,-1.0000,0
48.183,0.0068,-0.8804,-0.0000,0.1198,-0.0053,-0.0923,0.0000,4,0.0000,-1.0000,0
48.203,0.0067,-0.8832,-0.0000,0.1170,-0.0049,-0.0865,0.0000,4,0.0000,-1.0000,0
48.224,0.0067,-0.8832,-0.0000,0.1170,-0.0053,-0.0935,0.0000,4,0.0000,-1.0000,0
48.243,0.0066,-0.8845,-0.0000,0.1157,-0.0051,-0.0890,0.0000,4,0.0000,-1.0000,0
48.263,0.0066,-0.8845,-0.0000,0.1157,-0.0053,-0.0924,0.0000,4,0.0000,-1.0000,0
48.283,0.0066,-0.8845,-0.0000,0.1157,-0.0053,-0.0924,0.0000,4,0.0000,-1.0000,0
48.303,0.0066,-0.8845,-0.0000,0.1157,-0.0053,-0.0924,0.0000,4,0.0000,-1.0000,0
48.323,0.0066,-0.8845,-0.0000,0.1157,-0.0053,-0.0924,0.0000,4,0.0000,-1.0000,0
48.343,0.0066,-0.8845,-0.0000,0.1157,-0.0053,-0.0924,0.0000,4,0.0000,-1.0000,0
48.365,0.0066,-0.8845,-0.0000,0.1157,-0.0053,-0.0924,0.0000,4,0.0000,-1.0000,0
48.383,0.0066,-0.8845,-0.0000,0.1157,-0.0053,-0.0924,0.0000,4,0.0000,-1.0000,0
48.403,0.0066,-0.8845,-0.0000,0.1157,-0.0053,-0.0924,0.0000,4,0.0000,-1.0000,0
48.423,0.0066,-0.8845,-0.0000,0.1157,-0.0053,-0.0924,0.0000,4,0.0000,-1.0000,0
48.443,0.0066,-0.8845,-0.0000,0.1157,-0.0053,-0.0924,0.0000,4,0.0000,-1.0000,0
48.464,0.0066,-0.8845,-0.0000,0.1157,-0.0053,-0.0924,0.0000,4,0.0000,-1.0000,0
48.483,0.0065,-0.8866,-0.0000,0.1136,-0.0049,-0.0856,0.0000,4,0.0000,-1.0000,0
48.503,0.0064,-0.8886,-0.0000,0.1116,-0.0048,-0.0841,0.0000,4,0.0000,-1.0000,0
48.523,0.0062,-0.8917,-0.0000,0.1084,-0.0045,-0.0787,0.0000,4,0.0000,-1.0000,0
48.543,0.0060,-0.8942,-0.0000,0.1060,-0.0045,-0.0785,0.0000,4,0.0000,-1.0000,0
48.563,0.0060,-0.8942,-0.0000,0.1060,-0.0048,-0.0847,0.0000,4,0.0000,-1.0000,0
48.584,0.0060,-0.8942,-0.0000,0.1060,-0.0048,-0.0847,0.0000,4,0.0000,-1.0000,0
48.603,0.0060,-0.8942,-0.0000,0.1060,-0.0048,-0.0847,0.0000,4,0.0000,-1.0000,0
48.623,0.0060,-0.8942,-0.0000,0.1060,-0.0048,-0.0847,0.0000,4,0.0000,-1.0000,0
48.644,0.0060,-0.8942,-0.0000,0.1060,-0.0048,-0.0847,0.0000,4,0.0000,-1.0000,0
48.663,0.0060,-0.8942,-0.0000,0.1060,-0.0048,-0.0847,0.0000,4,0.0000,-1.0000,0
48.683,0.0060,-0.8942,-0.0000,0.1060,-0.0048,-0.0847,0.0000,4,0.0000,-1.0000,0
48.704,0.0060,-0.8942,-0.0000,0.1060,-0.0048,-0.0847,0.0000,4,0.0000,-1.0000,0
48.723,0.0060,-0.8942,-0.0000,0.1060,-0.0048,-0.0847,0.0000,4,0.0000,-1.0000,0
48.743,0.0059,-0.8965,-0.0000,0.1036,-0.0044,-0.0768,0.0000,4,0.0000,-1.0000,0
48.763,0.0058,-0.8984,-0.0000,0.1018,-0.0044,-0.0768,0.0000,4,0.0000,-1.0000,0
48.783,0.0056,-0.9012,-0.0000,0.0990,-0.0041,-0.0720,0.0000,4,0.0000,-1.0000,0
48.803,0.0055,-0.9040,-0.0000,0.0962,-0.0040,-0.0698,0.0000,4,0.0000,-1.0000,0
48.823,0.0055,-0.9040,-0.0000,0.0962,-0.0044,-0.0768,0.0000,4,0.0000,-1.0000,0
48.843,0.0055,-0.9040,-0.0000,0.0962,-0.0044,-0.0768,0.0000,4,0.0000,-1.0000,0
48.865,0.0055,-0.9040,-0.0000,0.0962,-0.0044,-0.0768,0.0000,4,0.0000,-1.0000,0
48.883,0.0054,-0.9045,-0.0000,0.0956,-0.0043,-0.0750,0.0000,4,0.0000,-1.0000,0
48.903,0.0054,-0.9045,-0.0000,0.0956,-0.0044,-0.0764,0.0000,4,0.0000,-1.0000,0
48.924,0.0054,-0.9045,-0.0000,0.0956,-0.0044,-0.0764,0.0000,4,0.0000,-1.0000,0
48.943,0.0054,-0.9045,-0.0000,0.0956,-0.0044,-0.0764,0.0000,4,0.0000,-1.0000,0
48.963,0.0054,-0.9045,-0.0000,0.0956,-0.0044,-0.0764,0.0000,4,0.0000,-1.0000,0
48.986,0.0054,-0.9045,-0.0000,0.0956,-0.0044,-0.0764,0.0000,4,0.0000,-1.0000,0
49.003,0.0054,-0.9045,-0.0000,0.0956,-0.0044,-0.0764,0.0000,4,0.0000,-1.0000,0
49.023,0.0054,-0.9045,-0.0000,0.0956,-0.0044,-0.0764,0.0000,4,0.0000,-1.0000,0
49.045,0.0054,-0.9045,-0.0000,0.0956,-0.0044,-0.0764,0.0000,4,0.0000,-1.0000,0
49.063,0.0054,-0.9051,-0.0000,0.0951,-0.0043,-0.0745,0.0000,4,0.0000,-1.0000,0
49.083,0.0053,-0.9073,-0.0000,0.0928,-0.0039,-0.0685,0.0000,4,0.0000,-1.0000,0
49.103,0.0052,-0.9089,-0.0000,0.0912,-0.0039,-0.0688,0.0000,4,0.0000,-1.0000,0
49.124,0.0050,-0.9120,-0.0000,0.0882,-0.0036,-0.0628,0.0000,4,0.0000,-1.0000,0
49.143,0.0049,-0.9140,-0.0000,0.0861,-0.0036,-0.0637,0.0000,4,0.0000,-1.0000,0
49.163,0.0048,-0.9159,-0.0000,0.0842,-0.0036,-0.0625,0.0000,4,0.0000,-1.0000,0
49.183,0.0048,-0.9159,-0.0000,0.0842,-0.0038,-0.0673,0.0000,4,0.0000,-1.0000,0
49.203,0.0048,-0.9159,-0.0000,0.0842,-0.0038,-0.0673,0.0000,4,0.0000,-1.0000,0
49.223,0.0048,-0.9159,-0.0000,0.0842,-0.0038,-0.0673,0.0000,4,0.0000,-1.0000,0
49.243,0.0048,-0.9159,-0.0000,0.0842,-0.0038,-0.0673,0.0000,4,0.0000,-1.0000,0
49.263,0.0048,-0.9159,-0.0000,0.0842,-0.0038,-0.0673,0.0000,4,0.0000,-1.0000,0
49.284,0.0047,-0.9169,-0.0000,0.0833,-0.0037,-0.0642,0.0000,4,0.0000,-1.0000,0
49.303,0.0047,-0.9169,-0.0000,0.0833,-0.0038,-0.0665,0.0000,4,0.0000,-1.0000,0
49.323,0.0047,-0.9174,-0.0000,0.0828,-0.0037,-0.0649,0.0000,4,0.0000,-1.0000,0
49.343,0.0046,-0.9193,-0.0000,0.0808,-0.0034,-0.0596,0.0000,4,0.0000,-1.0000,0
49.363,0.0046,-0.9193,-0.0000,0.0808,-0.0037,-0.0645,0.0000,4,0.0000,-1.0000,0
49.383,0.0046,-0.9193,-0.0000,0.0808,-0.0037,-0.0645,0.0000,4,0.0000,-1.0000,0
49.403,0.0045,-0.9212,-0.0000,0.0789,-0.0033,-0.0582,0.0000,4,0.0000,-1.0000,0
49.423,0.0045,-0.9212,-0.0000,0.0789,-0.0036,-0.0630,0.0000,4,0.0000,-1.0000,0
49.443,0.0045,-0.9212,-0.0000,0.0789,-0.0036,-0.0630,0.0000,4,0.0000,-1.0000,0
49.464,0.0045,-0.9212,-0.0000,0.0789,-0.0036,-0.0630,0.0000,4,0.0000,-1.0000,0
49.483,0.0044,-0.9236,-0.0000,0.0765,-0.0031,-0.0552,0.0000,4,0.0000,-1.0000,0
49.503,0.0044,-0.9236,-0.0000,0.0765,-0.0035,-0.0611,0.0000,4,0.0000,-1.0000,0
49.526,0.0044,-0.9236,-0.0000,0.0765,-0.0035,-0.0611,0.0000,4,0.0000,-1.0000,0
49.543,0.0042,-0.9258,-0.0000,0.0743,-0.0031,-0.0539,0.0000,4,0.0000,-1.0000,0
49.563,0.0042,-0.9267,-0.0000,0.0735,-0.0032,-0.0566,0.0000,4,0.0000,-1.0000,0
49.583,0.0042,-0.9267,-0.0000,0.0735,-0.0033,-0.0587,0.0000,4,0.0000,-1.0000,0
49.603,0.0042,-0.9267,-0.0000,0.0735,-0.0033,-0.0587,0.0000,4,0.0000,-1.0000,0
49.623,0.0042,-0.9267,-0.0000,0.0735,-0.0033,-0.0587,0.0000,4,0.0000,-1.0000,0
49.644,0.0042,-0.9267,-0.0000,0.0735,-0.0033,-0.0587,0.0000,4,0.0000,-1.0000,0
49.663,0.0042,-0.9271,-0.0000,0.0731,-0.0033,-0.0574,0.0000,4,0.0000,-1.0000,0
49.684,0.0042,-0.9271,-0.0000,0.0731,-0.0033,-0.0584,0.0000,4,0.0000,-1.0000,0
49.703,0.0042,-0.9271,-0.0000,0.0731,-0.0033,-0.0584,0.0000,4,0.0000,-1.0000,0
49.723,0.0042,-0.9271,-0.0000,0.0731,-0.0033,-0.0584,0.0000,4,0.0000,-1.0000,0
49.743,0.0042,-0.9271,-0.0000,0.0731,-0.0033,-0.0584,0.0000,4,0.0000,-1.0000,0
49.763,0.0042,-0.9271,-0.0000,0.0731,-0.0033,-0.0584,0.0000,4,0.0000,-1.0000,0
49.784,0.0042,-0.9271,-0.0000,0.0731,-0.0033,-0.0584,0.0000,4,0.0000,-1.0000,0
49.803,0.0042,-0.9271,-0.0000,0.0731,-0.0033,-0.0584,0.0000,4,0.0000,-1.0000,0
49.824,0.0042,-0.9271,-0.0000,0.0731,-0.0033,-0.0584,0.0000,4,0.0000,-1.0000,0
49.844,0.0042,-0.9271,-0.0000,0.0731,-0.0033,-0.0584,0.0000,4,0.0000,-1.0000,0
49.863,0.0041,-0.9275,-0.0000,0.0726,-0.0032,-0.0569,0.0000,4,0.0000,-1.0000,0
49.883,0.0040,-0.9292,-0.0000,0.0709,-0.0030,-0.0524,0.0000,4,0.0000,-1.0000,0
49.903,0.0040,-0.9304,-0.0000,0.0697,-0.0030,-0.0526,0.0000,4,0.0000,-1.0000,0
49.924,0.0038,-0.9327,-0.0000,0.0674,-0.0027,-0.0480,0.0000,4,0.0000,-1.0000,0
49.943,0.0038,-0.9343,-0.0000,0.0658,-0.0028,-0.0487,0.0000,4,0.0000,-1.0000,0
49.963,0.0037,-0.9358,-0.0000,0.0643,-0.0027,-0.0478,0.0000,4,0.0000,-1.0000,0
49.983,0.0037,-0.9358,-0.0000,0.0643,-0.0029,-0.0514,0.0000,4,0.0000,-1.0000,0
50.003,0.0037,-0.9358,-0.0000,0.0643,-0.0029,-0.0514,0.0000,4,0.0000,-1.0000,0
50.023,0.0037,-0.9358,-0.0000,0.0643,-0.0029,-0.0514,0.0000,4,0.0000,-1.0000,0
50.044,0.0037,-0.9358,-0.0000,0.0643,-0.0029,-0.0514,0.0000,4,0.0000,-1.0000,0
50.063,0.0037,-0.9358,-0.0000,0.0643,-0.0029,-0.0514,0.0000,4,0.0000,-1.0000,0
50.083,0.0036,-0.9369,-0.0000,0.0632,-0.0027,-0.0478,0.0000,4,0.0000,-1.0000,0
50.103,0.0036,-0.9369,-0.0000,0.0632,-0.0029,-0.0505,0.0000,4,0.0000,-1.0000,0
50.123,0.0035,-0.9384,-0.0000,0.0617,-0.0026,-0.0455,0.0000,4,0.0000,-1.0000,0
50.143,0.0035,-0.9384,-0.0000,0.0617,-0.0028,-0.0493,0.0000,4,0.0000,-1.0000,0
50.164,0.0035,-0.9384,-0.0000,0.0617,-0.0028,-0.0493,0.0000,4,0.0000,-1.0000,0
50.183,0.0035,-0.9384,-0.0000,0.0617,-0.0028,-0.0493,0.0000,4,0.0000,-1.0000,0
50.203,0.0034,-0.9405,-0.0000,0.0596,-0.0024,-0.0422,0.0000,4,0.0000,-1.0000,0
50.223,0.0034,-0.9405,-0.0000,0.0596,-0.0027,-0.0476,0.0000,4,0.0000,-1.0000,0
50.243,0.0033,-0.9420,-0.0000,0.0581,-0.0024,-0.0428,0.0000,4,0.0000,-1.0000,0
50.263,0.0033,-0.9427,-0.0000,0.0574,-0.0025,-0.0441,0.0000,4,0.0000,-1.0000,0
50.283,0.0033,-0.9427,-0.0000,0.0574,-0.0026,-0.0458,0.0000,4,0.0000,-1.0000,0
50.304,0.0033,-0.9427,-0.0000,0.0574,-0.0026,-0.0458,0.0000,4,0.0000,-1.0000,0
50.323,0.0033,-0.9427,-0.0000,0.0574,-0.0026,-0.0458,0.0000,4,0.0000,-1.0000,0
50.343,0.0033,-0.9427,-0.0000,0.0574,-0.0026,-0.0458,0.0000,4,0.0000,-1.0000,0
50.364,0.0033,-0.9427,-0.0000,0.0574,-0.0026,-0.0458,0.0000,4,0.0000,-1.0000,0
50.383,0.0033,-0.9427,-0.0000,0.0574,-0.0026,-0.0458,0.0000,4,0.0000,-1.0000,0
50.403,0.0033,-0.9427,-0.0000,0.0574,-0.0026,-0.0458,0.0000,4,0.0000,-1.0000,0
50.423,0.0033,-0.9427,-0.0000,0.0574,-0.0026,-0.0458,0.0000,4,0.0000,-1.0000,0
50.443,0.0033,-0.9427,-0.0000,0.0574,-0.0026,-0.0458,0.0000,4,0.0000,-1.0000,0
50.463,0.0033,-0.9427,-0.0000,0.0574,-0.0026,-0.0458,0.0000,4,0.0000,-1.0000,0
50.483,0.0032,-0.9434,-0.0000,0.0567,-0.0025,-0.0436,0.0000,4,0.0000,-1.0000,0
50.503,0.0032,-0.9447,-0.0000,0.0554,-0.0023,-0.0410,0.0000,4,0.0000,-1.0000,0
50.523,0.0031,-0.9453,-0.0000,0.0548,-0.0024,-0.0422,0.0000,4,0.0000,-1.0000,0
50.543,0.0030,-0.9474,-0.0000,0.0527,-0.0021,-0.0367,0.0000,4,0.0000,-1.0000,0
50.563,0.0030,-0.9474,-0.0000,0.0527,-0.0024,-0.0421,0.0000,4,0.0000,-1.0000,0
50.585,0.0030,-0.9474,-0.0000,0.0527,-0.0024,-0.0421,0.0000,4,0.0000,-1.0000,0
50.603,0.0029,-0.9489,-0.0000,0.0511,-0.0021,-0.0370,0.0000,4,0.0000,-1.0000,0
50.623,0.0029,-0.9489,-0.0000,0.0511,-0.0023,-0.0408,0.0000,4,0.0000,-1.0000,0
50.643,0.0029,-0.9489,-0.0000,0.0511,-0.0023,-0.0408,0.0000,4,0.0000,-1.0000,0
50.663,0.0029,-0.9489,-0.0000,0.0511,-0.0023,-0.0408,0.0000,4,0.0000,-1.0000,0
50.684,0.0029,-0.9489,-0.0000,0.0511,-0.0023,-0.0408,0.0000,4,0.0000,-1.0000,0
50.703,0.0029,-0.9489,-0.0000,0.0511,-0.0023,-0.0408,0.0000,4,0.0000,-1.0000,0
50.723,0.0029,-0.9489,-0.0000,0.0511,-0.0023,-0.0408,0.0000,4,0.0000,-1.0000,0
50.743,0.0029,-0.9489,-0.0000,0.0511,-0.0023,-0.0408,0.0000,4,0.0000,-1.0000,0
50.763,0.0029,-0.9489,-0.0000,0.0511,-0.0023,-0.0408,0.0000,4,0.0000,-1.0000,0
50.784,0.0029,-0.9489,-0.0000,0.0511,-0.0023,-0.0408,0.0000,4,0.0000,-1.0000,0
50.803,0.0029,-0.9493,-0.0000,0.0508,-0.0023,-0.0398,0.0000,4,0.0000,-1.0000,0
50.823,0.0028,-0.9505,-0.0000,0.0496,0.0000,0.0000,0.0000,4,0.0000,-1.0000,0
