t,x,y,theta,rho,vx,vy,w,wp_idx,ideal_x,ideal_y,reached
0.138,-0.5000,-1.0000,-0.0000,1.3928,0.1400,0.0538,0.0000,0,0.8000,-0.5000,0
0.158,-0.5000,-1.0000,-0.0000,1.3928,0.1400,0.0538,0.0000,0,0.8000,-0.5000,0
0.179,-0.5000,-1.0000,-0.0000,1.3928,0.1400,0.0538,0.0000,0,0.8000,-0.5000,0
0.198,-0.5000,-1.0000,-0.0000,1.3928,0.1400,0.0538,0.0000,0,0.8000,-0.5000,0
0.218,-0.5000,-1.0000,-0.0000,1.3928,0.1400,0.0538,0.0000,0,0.8000,-0.5000,0
0.238,-0.5000,-1.0000,-0.0000,1.3928,0.1400,0.0538,0.0000,0,0.8000,-0.5000,0
0.261,-0.5000,-1.0000,-0.0000,1.3928,0.1400,0.0538,0.0000,0,0.8000,-0.5000,0
0.278,-0.5000,-1.0000,-0.0000,1.3928,0.1400,0.0538,0.0000,0,0.8000,-0.5000,0
0.298,-0.5000,-1.0000,-0.0000,1.3928,0.1400,0.0538,0.0000,0,0.8000,-0.5000,0
0.318,-0.5000,-1.0000,-0.0000,1.3928,0.1400,0.0538,0.0000,0,0.8000,-0.5000,0
0.338,-0.5000,-1.0000,-0.0000,1.3928,0.1400,0.0538,0.0000,0,0.8000,-0.5000,0
0.359,-0.5000,-1.0000,-0.0000,1.3928,0.1400,0.0538,0.0000,0,0.8000,-0.5000,0
0.378,-0.5000,-1.0000,-0.0000,1.3928,0.1400,0.0538,0.0000,0,0.8000,-0.5000,0
0.398,-0.5000,-1.0000,-0.0000,1.3928,0.1400,0.0538,0.0000,0,0.8000,-0.5000,0
0.419,-0.5000,-1.0000,-0.0000,1.3928,0.1400,0.0538,0.0000,0,0.8000,-0.5000,0
0.438,-0.5000,-1.0000,-0.0000,1.3928,0.1400,0.0538,0.0000,0,0.8000,-0.5000,0
0.458,-0.5000,-1.0000,-0.0000,1.3928,0.1400,0.0538,0.0000,0,0.8000,-0.5000,0
0.478,-0.5000,-1.0000,-0.0000,1.3928,0.1400,0.0538,0.0000,0,0.8000,-0.5000,0
0.498,-0.5000,-1.0000,-0.0000,1.3928,0.1400,0.0538,0.0000,0,0.8000,-0.5000,0
0.520,-0.5000,-1.0000,-0.0000,1.3928,0.1400,0.0538,0.0000,0,0.8000,-0.5000,0
0.539,-0.5000,-1.0000,-0.0000,1.3928,0.1400,0.0538,0.0000,0,0.8000,-0.5000,0
0.558,-0.4990,-0.9996,-0.0000,1.3918,0.1400,0.0538,0.0000,0,0.8000,-0.5000,0
0.578,-0.4990,-0.9996,-0.0000,1.3918,0.1400,0.0538,0.0000,0,0.8000,-0.5000,0
0.598,-0.4990,-0.9996,-0.0000,1.3918,0.1400,0.0538,0.0000,0,0.8000,-0.5000,0
0.619,-0.4990,-0.9996,-0.0000,1.3918,0.1400,0.0538,0.0000,0,0.8000,-0.5000,0
0.638,-0.4979,-0.9992,-0.0000,1.3906,0.1400,0.0538,0.0000,0,0.8000,-0.5000,0
0.658,-0.4969,-0.9988,-0.0000,1.3895,0.1400,0.0538,0.0000,0,0.8000,-0.5000,0
0.678,-0.4969,-0.9988,-0.0000,1.3895,0.1400,0.0538,0.0000,0,0.8000,-0.5000,0
0.698,-0.4969,-0.9988,-0.0000,1.3895,0.1400,0.0538,0.0000,0,0.8000,-0.5000,0
0.718,-0.4948,-0.9980,-0.0000,1.3873,0.1400,0.0538,0.0000,0,0.8000,-0.5000,0
0.738,-0.4948,-0.9980,-0.0000,1.3873,0.1400,0.0538,0.0000,0,0.8000,-0.5000,0
0.759,-0.4948,-0.9980,-0.0000,1.3873,0.1400,0.0538,0.0000,0,0.8000,-0.5000,0
0.779,-0.4948,-0.9980,-0.0000,1.3873,0.1400,0.0538,0.0000,0,0.8000,-0.5000,0
0.798,-0.4928,-0.9972,-0.0000,1.3851,0.1400,0.0538,0.0000,0,0.8000,-0.5000,0
0.818,-0.4928,-0.9972,-0.0000,1.3851,0.1400,0.0538,0.0000,0,0.8000,-0.5000,0
0.839,-0.4928,-0.9972,-0.0000,1.3851,0.1400,0.0538,0.0000,0,0.8000,-0.5000,0
0.859,-0.4928,-0.9972,-0.0000,1.3851,0.1400,0.0538,0.0000,0,0.8000,-0.5000,0
0.878,-0.4928,-0.9972,-0.0000,1.3851,0.1400,0.0538,0.0000,0,0.8000,-0.5000,0
0.898,-0.4907,-0.9964,-0.0000,1.3829,0.1400,0.0538,0.0000,0,0.8000,-0.5000,0
0.918,-0.4907,-0.9964,-0.0000,1.3829,0.1400,0.0538,0.0000,0,0.8000,-0.5000,0
0.938,-0.4907,-0.9964,-0.0000,1.3829,0.1400,0.0538,0.0000,0,0.8000,-0.5000,0
0.958,-0.4907,-0.9964,-0.0000,1.3829,0.1400,0.0538,0.0000,0,0.8000,-0.5000,0
0.978,-0.4907,-0.9964,-0.0000,1.3829,0.1400,0.0538,0.0000,0,0.8000,-0.5000,0
0.998,-0.4907,-0.9964,-0.0000,1.3829,0.1400,0.0538,0.0000,0,0.8000,-0.5000,0
1.019,-0.4907,-0.9964,-0.0000,1.3829,0.1400,0.0538,0.0000,0,0.8000,-0.5000,0
1.038,-0.4907,-0.9964,-0.0000,1.3829,0.1400,0.0538,0.0000,0,0.8000,-0.5000,0
1.058,-0.4907,-0.9964,-0.0000,1.3829,0.1400,0.0538,0.0000,0,0.8000,-0.5000,0
1.078,-0.4907,-0.9964,-0.0000,1.3829,0.1400,0.0538,0.0000,0,0.8000,-0.5000,0
1.098,-0.4907,-0.9964,-0.0000,1.3829,0.1400,0.0538,0.0000,0,0.8000,-0.5000,0
1.119,-0.4907,-0.9964,-0.0000,1.3829,0.1400,0.0538,0.0000,0,0.8000,-0.5000,0
1.138,-0.4886,-0.9956,-0.0000,1.3807,0.1400,0.0538,0.0000,0,0.8000,-0.5000,0
1.158,-0.4845,-0.9941,-0.0000,1.3762,0.1400,0.0538,0.0000,0,0.8000,-0.5000,0
1.178,-0.4824,-0.9933,-0.0000,1.3740,0.1400,0.0538,0.0000,0,0.8000,-0.5000,0
1.200,-0.4824,-0.9933,-0.0000,1.3740,0.1400,0.0538,0.0000,0,0.8000,-0.5000,0
1.219,-0.4824,-0.9933,-0.0000,1.3740,0.1400,0.0538,0.0000,0,0.8000,-0.5000,0
1.238,-0.4804,-0.9925,-0.0000,1.3718,0.1400,0.0538,0.0000,0,0.8000,-0.5000,0
1.258,-0.4804,-0.9925,-0.0000,1.3718,0.1400,0.0538,0.0000,0,0.8000,-0.5000,0
1.279,-0.4804,-0.9925,-0.0000,1.3718,0.1400,0.0538,0.0000,0,0.8000,-0.5000,0
1.298,-0.4804,-0.9925,-0.0000,1.3718,0.1400,0.0538,0.0000,0,0.8000,-0.5000,0
1.318,-0.4783,-0.9917,-0.0000,1.3696,0.1400,0.0538,0.0000,0,0.8000,-0.5000,0
1.338,-0.4762,-0.9909,-0.0000,1.3674,0.1400,0.0538,0.0000,0,0.8000,-0.5000,0
1.359,-0.4762,-0.9909,-0.0000,1.3674,0.1400,0.0538,0.0000,0,0.8000,-0.5000,0
1.379,-0.4762,-0.9909,-0.0000,1.3674,0.1400,0.0538,0.0000,0,0.8000,-0.5000,0
1.398,-0.4742,-0.9901,-0.0000,1.3652,0.1400,0.0538,0.0000,0,0.8000,-0.5000,0
1.418,-0.4731,-0.9897,-0.0000,1.3640,0.1400,0.0538,0.0000,0,0.8000,-0.5000,0
1.439,-0.4731,-0.9897,-0.0000,1.3640,0.1400,0.0538,0.0000,0,0.8000,-0.5000,0
1.460,-0.4731,-0.9897,-0.0000,1.3640,0.1400,0.0538,0.0000,0,0.8000,-0.5000,0
1.478,-0.4721,-0.9893,-0.0000,1.3629,0.1400,0.0538,0.0000,0,0.8000,-0.5000,0
1.498,-0.4721,-0.9893,-0.0000,1.3629,0.1400,0.0538,0.0000,0,0.8000,-0.5000,0
1.518,-0.4721,-0.9893,-0.0000,1.3629,0.1400,0.0538,0.0000,0,0.8000,-0.5000,0
1.538,-0.4721,-0.9893,-0.0000,1.3629,0.1400,0.0538,0.0000,0,0.8000,-0.5000,0
1.558,-0.4721,-0.9893,-0.0000,1.3629,0.1400,0.0538,0.0000,0,0.8000,-0.5000,0
1.578,-0.4721,-0.9893,-0.0000,1.3629,0.1400,0.0538,0.0000,0,0.8000,-0.5000,0
1.598,-0.4721,-0.9893,-0.0000,1.3629,0.1400,0.0538,0.0000,0,0.8000,-0.5000,0
1.619,-0.4721,-0.9893,-0.0000,1.3629,0.1400,0.0538,0.0000,0,0.8000,-0.5000,0
1.638,-0.4721,-0.9893,-0.0000,1.3629,0.1400,0.0538,0.0000,0,0.8000,-0.5000,0
1.658,-0.4721,-0.9893,-0.0000,1.3629,0.1400,0.0538,0.0000,0,0.8000,-0.5000,0
1.678,-0.4721,-0.9893,-0.0000,1.3629,0.1400,0.0538,0.0000,0,0.8000,-0.5000,0
1.698,-0.4721,-0.9893,-0.0000,1.3629,0.1400,0.0538,0.0000,0,0.8000,-0.5000,0
1.720,-0.4721,-0.9893,-0.0000,1.3629,0.1400,0.0538,0.0000,0,0.8000,-0.5000,0
1.739,-0.4711,-0.9889,-0.0000,1.3618,0.1400,0.0538,0.0000,0,0.8000,-0.5000,0
1.759,-0.4711,-0.9889,-0.0000,1.3618,0.1400,0.0538,0.0000,0,0.8000,-0.5000,0
1.778,-0.4711,-0.9889,-0.0000,1.3618,0.1400,0.0538,0.0000,0,0.8000,-0.5000,0
1.799,-0.4711,-0.9889,-0.0000,1.3618,0.1400,0.0538,0.0000,0,0.8000,-0.5000,0
1.819,-0.4711,-0.9889,-0.0000,1.3618,0.1400,0.0538,0.0000,0,0.8000,-0.5000,0
1.839,-0.4700,-0.9885,-0.0000,1.3607,0.1400,0.0538,0.0000,0,0.8000,-0.5000,0
1.858,-0.4700,-0.9885,-0.0000,1.3607,0.1400,0.0538,0.0000,0,0.8000,-0.5000,0
1.878,-0.4700,-0.9885,-0.0000,1.3607,0.1400,0.0538,0.0000,0,0.8000,-0.5000,0
1.899,-0.4700,-0.9885,-0.0000,1.3607,0.1400,0.0538,0.0000,0,0.8000,-0.5000,0
1.919,-0.4690,-0.9881,-0.0000,1.3596,0.1400,0.0538,0.0000,0,0.8000,-0.5000,0
1.938,-0.4669,-0.9873,-0.0000,1.3574,0.1400,0.0538,0.0000,0,0.8000,-0.5000,0
1.958,-0.4628,-0.9857,-0.0000,1.3530,0.1400,0.0538,0.0000,0,0.8000,-0.5000,0
1.978,-0.4617,-0.9853,-0.0000,1.3519,0.1400,0.0538,0.0000,0,0.8000,-0.5000,0
1.998,-0.4617,-0.9853,-0.0000,1.3519,0.1400,0.0538,0.0000,0,0.8000,-0.5000,0
2.018,-0.4597,-0.9845,-0.0000,1.3496,0.1400,0.0538,0.0000,0,0.8000,-0.5000,0
2.038,-0.4586,-0.9841,-0.0000,1.3485,0.1400,0.0538,0.0000,0,0.8000,-0.5000,0
2.058,-0.4586,-0.9841,-0.0000,1.3485,0.1400,0.0538,0.0000,0,0.8000,-0.5000,0
2.078,-0.4586,-0.9841,-0.0000,1.3485,0.1400,0.0538,0.0000,0,0.8000,-0.5000,0
2.098,-0.4586,-0.9841,-0.0000,1.3485,0.1400,0.0538,0.0000,0,0.8000,-0.5000,0
2.119,-0.4566,-0.9833,-0.0000,1.3463,0.1400,0.0538,0.0000,0,0.8000,-0.5000,0
2.138,-0.4545,-0.9825,-0.0000,1.3441,0.1400,0.0538,0.0000,0,0.8000,-0.5000,0
2.158,-0.4545,-0.9825,-0.0000,1.3441,0.1400,0.0538,0.0000,0,0.8000,-0.5000,0
2.178,-0.4545,-0.9825,-0.0000,1.3441,0.1400,0.0538,0.0000,0,0.8000,-0.5000,0
2.198,-0.4545,-0.9825,-0.0000,1.3441,0.1400,0.0538,0.0000,0,0.8000,-0.5000,0
2.218,-0.4545,-0.9825,-0.0000,1.3441,0.1400,0.0538,0.0000,0,0.8000,-0.5000,0
2.239,-0.4545,-0.9825,-0.0000,1.3441,0.1400,0.0538,0.0000,0,0.8000,-0.5000,0
2.258,-0.4545,-0.9825,-0.0000,1.3441,0.1400,0.0538,0.0000,0,0.8000,-0.5000,0
2.278,-0.4545,-0.9825,-0.0000,1.3441,0.1400,0.0538,0.0000,0,0.8000,-0.5000,0
2.298,-0.4545,-0.9825,-0.0000,1.3441,0.1400,0.0538,0.0000,0,0.8000,-0.5000,0
2.318,-0.4545,-0.9825,-0.0000,1.3441,0.1400,0.0538,0.0000,0,0.8000,-0.5000,0
2.338,-0.4545,-0.9825,-0.0000,1.3441,0.1400,0.0538,0.0000,0,0.8000,-0.5000,0
2.358,-0.4524,-0.9817,-0.0000,1.3419,0.1400,0.0538,0.0000,0,0.8000,-0.5000,0
2.378,-0.4504,-0.9809,-0.0000,1.3397,0.1400,0.0538,0.0000,0,0.8000,-0.5000,0
2.399,-0.4483,-0.9801,-0.0000,1.3375,0.1400,0.0538,0.0000,0,0.8000,-0.5000,0
2.418,-0.4462,-0.9793,-0.0000,1.3352,0.1400,0.0538,0.0000,0,0.8000,-0.5000,0
2.438,-0.4452,-0.9789,-0.0000,1.3341,0.1400,0.0538,0.0000,0,0.8000,-0.5000,0
2.458,-0.4452,-0.9789,-0.0000,1.3341,0.1400,0.0538,0.0000,0,0.8000,-0.5000,0
2.478,-0.4452,-0.9789,-0.0000,1.3341,0.1400,0.0538,0.0000,0,0.8000,-0.5000,0
2.498,-0.4452,-0.9789,-0.0000,1.3341,0.1400,0.0538,0.0000,0,0.8000,-0.5000,0
2.518,-0.4431,-0.9781,-0.0000,1.3319,0.1400,0.0538,0.0000,0,0.8000,-0.5000,0
2.538,-0.4421,-0.9777,-0.0000,1.3308,0.1400,0.0538,0.0000,0,0.8000,-0.5000,0
2.558,-0.4421,-0.9777,-0.0000,1.3308,0.1400,0.0538,0.0000,0,0.8000,-0.5000,0
2.578,-0.4411,-0.9774,-0.0000,1.3297,0.1400,0.0538,0.0000,0,0.8000,-0.5000,0
2.598,-0.4400,-0.9770,-0.0000,1.3286,0.1400,0.0538,0.0000,0,0.8000,-0.5000,0
2.618,-0.4390,-0.9766,-0.0000,1.3275,0.1400,0.0538,0.0000,0,0.8000,-0.5000,0
2.638,-0.4380,-0.9762,-0.0000,1.3264,0.1400,0.0538,0.0000,0,0.8000,-0.5000,0
2.658,-0.4380,-0.9762,-0.0000,1.3264,0.1400,0.0538,0.0000,0,0.8000,-0.5000,0
2.678,-0.4369,-0.9758,-0.0000,1.3253,0.1400,0.0538,0.0000,0,0.8000,-0.5000,0
2.698,-0.4359,-0.9754,-0.0000,1.3242,0.1400,0.0538,0.0000,0,0.8000,-0.5000,0
2.718,-0.4359,-0.9754,-0.0000,1.3242,0.1400,0.0538,0.0000,0,0.8000,-0.5000,0
2.738,-0.4359,-0.9754,-0.0000,1.3242,0.1400,0.0538,0.0000,0,0.8000,-0.5000,0
2.758,-0.4359,-0.9754,-0.0000,1.3242,0.1400,0.0538,0.0000,0,0.8000,-0.5000,0
2.778,-0.4349,-0.9750,-0.0000,1.3231,0.1400,0.0538,0.0000,0,0.8000,-0.5000,0
2.798,-0.4349,-0.9750,-0.0000,1.3231,0.1400,0.0538,0.0000,0,0.8000,-0.5000,0
2.818,-0.4349,-0.9750,-0.0000,1.3231,0.1400,0.0538,0.0000,0,0.8000,-0.5000,0
2.838,-0.4349,-0.9750,-0.0000,1.3231,0.1400,0.0538,0.0000,0,0.8000,-0.5000,0
2.858,-0.4349,-0.9750,-0.0000,1.3231,0.1400,0.0538,0.0000,0,0.8000,-0.5000,0
2.879,-0.4349,-0.9750,-0.0000,1.3231,0.1400,0.0538,0.0000,0,0.8000,-0.5000,0
2.898,-0.4349,-0.9750,-0.0000,1.3231,0.1400,0.0538,0.0000,0,0.8000,-0.5000,0
2.919,-0.4349,-0.9750,-0.0000,1.3231,0.1400,0.0538,0.0000,0,0.8000,-0.5000,0
2.938,-0.4349,-0.9750,-0.0000,1.3231,0.1400,0.0538,0.0000,0,0.8000,-0.5000,0
2.958,-0.4338,-0.9746,-0.0000,1.3220,0.1400,0.0538,0.0000,0,0.8000,-0.5000,0
2.978,-0.4318,-0.9738,-0.0000,1.3197,0.1400,0.0538,0.0000,0,0.8000,-0.5000,0
2.998,-0.4307,-0.9734,-0.0000,1.3186,0.1400,0.0538,0.0000,0,0.8000,-0.5000,0
3.018,-0.4307,-0.9734,-0.0000,1.3186,0.1400,0.0538,0.0000,0,0.8000,-0.5000,0
3.038,-0.4297,-0.9730,-0.0000,1.3175,0.1400,0.0538,0.0000,0,0.8000,-0.5000,0
3.058,-0.4287,-0.9726,-0.0000,1.3164,0.1400,0.0538,0.0000,0,0.8000,-0.5000,0
3.078,-0.4287,-0.9726,-0.0000,1.3164,0.1400,0.0538,0.0000,0,0.8000,-0.5000,0
3.098,-0.4287,-0.9726,-0.0000,1.3164,0.1400,0.0538,0.0000,0,0.8000,-0.5000,0
3.118,-0.4287,-0.9726,-0.0000,1.3164,0.1400,0.0538,0.0000,0,0.8000,-0.5000,0
3.138,-0.4276,-0.9722,-0.0000,1.3153,0.1400,0.0538,0.0000,0,0.8000,-0.5000,0
3.158,-0.4276,-0.9722,-0.0000,1.3153,0.1400,0.0538,0.0000,0,0.8000,-0.5000,0
3.178,-0.4276,-0.9722,-0.0000,1.3153,0.1400,0.0538,0.0000,0,0.8000,-0.5000,0
3.198,-0.4276,-0.9722,-0.0000,1.3153,0.1400,0.0538,0.0000,0,0.8000,-0.5000,0
3.218,-0.4276,-0.9722,-0.0000,1.3153,0.1400,0.0538,0.0000,0,0.8000,-0.5000,0
3.238,-0.4276,-0.9722,-0.0000,1.3153,0.1400,0.0538,0.0000,0,0.8000,-0.5000,0
3.258,-0.4276,-0.9722,-0.0000,1.3153,0.1400,0.0538,0.0000,0,0.8000,-0.5000,0
3.279,-0.4276,-0.9722,-0.0000,1.3153,0.1400,0.0538,0.0000,0,0.8000,-0.5000,0
3.298,-0.4266,-0.9718,-0.0000,1.3142,0.1400,0.0538,0.0000,0,0.8000,-0.5000,0
3.318,-0.4245,-0.9710,-0.0000,1.3120,0.1400,0.0538,0.0000,0,0.8000,-0.5000,0
3.338,-0.4235,-0.9706,-0.0000,1.3109,0.1400,0.0538,0.0000,0,0.8000,-0.5000,0
3.358,-0.4214,-0.9698,-0.0000,1.3087,0.1400,0.0538,0.0000,0,0.8000,-0.5000,0
3.378,-0.4214,-0.9698,-0.0000,1.3087,0.1400,0.0538,0.0000,0,0.8000,-0.5000,0
3.399,-0.4214,-0.9698,-0.0000,1.3087,0.1400,0.0538,0.0000,0,0.8000,-0.5000,0
3.418,-0.4194,-0.9690,-0.0000,1.3064,0.1400,0.0538,0.0000,0,0.8000,-0.5000,0
3.438,-0.4194,-0.9690,-0.0000,1.3064,0.1400,0.0538,0.0000,0,0.8000,-0.5000,0
3.458,-0.4194,-0.9690,-0.0000,1.3064,0.1400,0.0538,0.0000,0,0.8000,-0.5000,0
3.478,-0.4194,-0.9690,-0.0000,1.3064,0.1400,0.0538,0.0000,0,0.8000,-0.5000,0
3.500,-0.4183,-0.9686,-0.0000,1.3053,0.1400,0.0538,0.0000,0,0.8000,-0.5000,0
3.518,-0.4183,-0.9686,-0.0000,1.3053,0.1400,0.0538,0.0000,0,0.8000,-0.5000,0
3.541,-0.4183,-0.9686,-0.0000,1.3053,0.1400,0.0538,0.0000,0,0.8000,-0.5000,0
3.558,-0.4183,-0.9686,-0.0000,1.3053,0.1400,0.0538,0.0000,0,0.8000,-0.5000,0
3.578,-0.4183,-0.9686,-0.0000,1.3053,0.1400,0.0538,0.0000,0,0.8000,-0.5000,0
3.601,-0.4183,-0.9686,-0.0000,1.3053,0.1400,0.0538,0.0000,0,0.8000,-0.5000,0
3.618,-0.4183,-0.9686,-0.0000,1.3053,0.1400,0.0538,0.0000,0,0.8000,-0.5000,0
3.639,-0.4183,-0.9686,-0.0000,1.3053,0.1400,0.0538,0.0000,0,0.8000,-0.5000,0
3.660,-0.4183,-0.9686,-0.0000,1.3053,0.1400,0.0538,0.0000,0,0.8000,-0.5000,0
3.678,-0.4163,-0.9678,-0.0000,1.3031,0.1400,0.0538,0.0000,0,0.8000,-0.5000,0
3.698,-0.4152,-0.9674,-0.0000,1.3020,0.1400,0.0538,0.0000,0,0.8000,-0.5000,0
3.718,-0.4121,-0.9662,-0.0000,1.2987,0.1400,0.0538,0.0000,0,0.8000,-0.5000,0
3.738,-0.4121,-0.9662,-0.0000,1.2987,0.1400,0.0538,0.0000,0,0.8000,-0.5000,0
3.758,-0.4121,-0.9662,-0.0000,1.2987,0.1400,0.0538,0.0000,0,0.8000,-0.5000,0
3.778,-0.4121,-0.9662,-0.0000,1.2987,0.1400,0.0538,0.0000,0,0.8000,-0.5000,0
3.798,-0.4121,-0.9662,-0.0000,1.2987,0.1400,0.0538,0.0000,0,0.8000,-0.5000,0
3.819,-0.4121,-0.9662,-0.0000,1.2987,0.1400,0.0538,0.0000,0,0.8000,-0.5000,0
3.838,-0.4121,-0.9662,-0.0000,1.2987,0.1400,0.0538,0.0000,0,0.8000,-0.5000,0
3.858,-0.4121,-0.9662,-0.0000,1.2987,0.1400,0.0538,0.0000,0,0.8000,-0.5000,0
3.881,-0.4121,-0.9662,-0.0000,1.2987,0.1400,0.0538,0.0000,0,0.8000,-0.5000,0
3.898,-0.4101,-0.9654,-0.0000,1.2965,0.1400,0.0538,0.0000,0,0.8000,-0.5000,0
3.918,-0.4090,-0.9650,-0.0000,1.2954,0.1400,0.0538,0.0000,0,0.8000,-0.5000,0
3.938,-0.4059,-0.9638,-0.0000,1.2920,0.1400,0.0538,0.0000,0,0.8000,-0.5000,0
3.958,-0.4039,-0.9630,-0.0000,1.2898,0.1400,0.0538,0.0000,0,0.8000,-0.5000,0
3.980,-0.4039,-0.9630,-0.0000,1.2898,0.1400,0.0538,0.0000,0,0.8000,-0.5000,0
3.998,-0.4028,-0.9626,-0.0000,1.2887,0.1400,0.0538,0.0000,0,0.8000,-0.5000,0
4.019,-0.4008,-0.9618,-0.0000,1.2865,0.1400,0.0538,0.0000,0,0.8000,-0.5000,0
4.038,-0.4008,-0.9618,-0.0000,1.2865,0.1400,0.0538,0.0000,0,0.8000,-0.5000,0
4.059,-0.4008,-0.9618,-0.0000,1.2865,0.1400,0.0538,0.0000,0,0.8000,-0.5000,0
4.078,-0.3997,-0.9614,-0.0000,1.2854,0.1400,0.0538,0.0000,0,0.8000,-0.5000,0
4.098,-0.3997,-0.9614,-0.0000,1.2854,0.1400,0.0538,0.0000,0,0.8000,-0.5000,0
4.118,-0.3997,-0.9614,-0.0000,1.2854,0.1400,0.0538,0.0000,0,0.8000,-0.5000,0
4.139,-0.3997,-0.9614,-0.0000,1.2854,0.1400,0.0538,0.0000,0,0.8000,-0.5000,0
4.158,-0.3987,-0.9610,-0.0000,1.2843,0.1400,0.0538,0.0000,0,0.8000,-0.5000,0
4.178,-0.3987,-0.9610,-0.0000,1.2843,0.1400,0.0538,0.0000,0,0.8000,-0.5000,0
4.198,-0.3966,-0.9603,-0.0000,1.2821,0.1400,0.0538,0.0000,0,0.8000,-0.5000,0
4.218,-0.3966,-0.9603,-0.0000,1.2821,0.1400,0.0538,0.0000,0,0.8000,-0.5000,0
4.238,-0.3966,-0.9603,-0.0000,1.2821,0.1400,0.0538,0.0000,0,0.8000,-0.5000,0
4.258,-0.3945,-0.9595,-0.0000,1.2799,0.1400,0.0538,0.0000,0,0.8000,-0.5000,0
4.278,-0.3945,-0.9595,-0.0000,1.2799,0.1400,0.0538,0.0000,0,0.8000,-0.5000,0
4.298,-0.3945,-0.9595,-0.0000,1.2799,0.1400,0.0538,0.0000,0,0.8000,-0.5000,0
4.319,-0.3945,-0.9595,-0.0000,1.2799,0.1400,0.0538,0.0000,0,0.8000,-0.5000,0
4.338,-0.3935,-0.9591,-0.0000,1.2788,0.1400,0.0538,0.0000,0,0.8000,-0.5000,0
4.358,-0.3925,-0.9587,-0.0000,1.2776,0.1400,0.0538,0.0000,0,0.8000,-0.5000,0
4.378,-0.3925,-0.9587,-0.0000,1.2776,0.1400,0.0538,0.0000,0,0.8000,-0.5000,0
4.398,-0.3914,-0.9583,-0.0000,1.2765,0.1400,0.0538,0.0000,0,0.8000,-0.5000,0
4.419,-0.3914,-0.9583,-0.0000,1.2765,0.1400,0.0538,0.0000,0,0.8000,-0.5000,0
4.438,-0.3914,-0.9583,-0.0000,1.2765,0.1400,0.0538,0.0000,0,0.8000,-0.5000,0
4.458,-0.3914,-0.9583,-0.0000,1.2765,0.1400,0.0538,0.0000,0,0.8000,-0.5000,0
4.478,-0.3894,-0.9575,-0.0000,1.2743,0.1400,0.0538,0.0000,0,0.8000,-0.5000,0
4.498,-0.3894,-0.9575,-0.0000,1.2743,0.1400,0.0538,0.0000,0,0.8000,-0.5000,0
4.518,-0.3894,-0.9575,-0.0000,1.2743,0.1400,0.0538,0.0000,0,0.8000,-0.5000,0
4.538,-0.3863,-0.9563,-0.0000,1.2710,0.1400,0.0538,0.0000,0,0.8000,-0.5000,0
4.559,-0.3863,-0.9563,-0.0000,1.2710,0.1400,0.0538,0.0000,0,0.8000,-0.5000,0
4.580,-0.3863,-0.9563,-0.0000,1.2710,0.1400,0.0538,0.0000,0,0.8000,-0.5000,0
4.598,-0.3832,-0.9551,-0.0000,1.2677,0.1400,0.0538,0.0000,0,0.8000,-0.5000,0
4.620,-0.3821,-0.9547,-0.0000,1.2666,0.1400,0.0538,0.0000,0,0.8000,-0.5000,0
4.640,-0.3821,-0.9547,-0.0000,1.2666,0.1400,0.0538,0.0000,0,0.8000,-0.5000,0
4.659,-0.3811,-0.9543,-0.0000,1.2655,0.1400,0.0538,0.0000,0,0.8000,-0.5000,0
4.678,-0.3801,-0.9539,-0.0000,1.2644,0.1400,0.0538,0.0000,0,0.8000,-0.5000,0
4.698,-0.3801,-0.9539,-0.0000,1.2644,0.1400,0.0538,0.0000,0,0.8000,-0.5000,0
4.718,-0.3801,-0.9539,-0.0000,1.2644,0.1400,0.0538,0.0000,0,0.8000,-0.5000,0
4.738,-0.3801,-0.9539,-0.0000,1.2644,0.1400,0.0538,0.0000,0,0.8000,-0.5000,0
4.758,-0.3790,-0.9535,-0.0000,1.2632,0.1400,0.0538,0.0000,0,0.8000,-0.5000,0
4.779,-0.3790,-0.9535,-0.0000,1.2632,0.1400,0.0538,0.0000,0,0.8000,-0.5000,0
4.799,-0.3790,-0.9535,-0.0000,1.2632,0.1400,0.0538,0.0000,0,0.8000,-0.5000,0
4.819,-0.3790,-0.9535,-0.0000,1.2632,0.1400,0.0538,0.0000,0,0.8000,-0.5000,0
4.839,-0.3780,-0.9531,-0.0000,1.2621,0.1400,0.0538,0.0000,0,0.8000,-0.5000,0
4.860,-0.3770,-0.9527,-0.0000,1.2610,0.1400,0.0538,0.0000,0,0.8000,-0.5000,0
4.878,-0.3770,-0.9527,-0.0000,1.2610,0.1400,0.0538,0.0000,0,0.8000,-0.5000,0
4.898,-0.3759,-0.9523,-0.0000,1.2599,0.1400,0.0538,0.0000,0,0.8000,-0.5000,0
4.918,-0.3739,-0.9515,-0.0000,1.2577,0.1400,0.0538,0.0000,0,0.8000,-0.5000,0
4.939,-0.3739,-0.9515,-0.0000,1.2577,0.1400,0.0538,0.0000,0,0.8000,-0.5000,0
4.959,-0.3739,-0.9515,-0.0000,1.2577,0.1400,0.0538,0.0000,0,0.8000,-0.5000,0
4.978,-0.3718,-0.9507,-0.0000,1.2555,0.1400,0.0538,0.0000,0,0.8000,-0.5000,0
5.000,-0.3718,-0.9507,-0.0000,1.2555,0.1400,0.0538,0.0000,0,0.8000,-0.5000,0
5.019,-0.3718,-0.9507,-0.0000,1.2555,0.1400,0.0538,0.0000,0,0.8000,-0.5000,0
5.038,-0.3697,-0.9499,-0.0000,1.2533,0.1400,0.0538,0.0000,0,0.8000,-0.5000,0
5.058,-0.3697,-0.9499,-0.0000,1.2533,0.1400,0.0538,0.0000,0,0.8000,-0.5000,0
5.079,-0.3697,-0.9499,-0.0000,1.2533,0.1400,0.0538,0.0000,0,0.8000,-0.5000,0
5.098,-0.3697,-0.9499,-0.0000,1.2533,0.1400,0.0538,0.0000,0,0.8000,-0.5000,0
5.120,-0.3697,-0.9499,-0.0000,1.2533,0.1400,0.0538,0.0000,0,0.8000,-0.5000,0
5.139,-0.3687,-0.9495,-0.0000,1.2522,0.1400,0.0538,0.0000,0,0.8000,-0.5000,0
5.159,-0.3687,-0.9495,-0.0000,1.2522,0.1400,0.0538,0.0000,0,0.8000,-0.5000,0
5.178,-0.3687,-0.9495,-0.0000,1.2522,0.1400,0.0538,0.0000,0,0.8000,-0.5000,0
5.199,-0.3687,-0.9495,-0.0000,1.2522,0.1400,0.0538,0.0000,0,0.8000,-0.5000,0
5.218,-0.3687,-0.9495,-0.0000,1.2522,0.1400,0.0538,0.0000,0,0.8000,-0.5000,0
5.238,-0.3687,-0.9495,-0.0000,1.2522,0.1400,0.0538,0.0000,0,0.8000,-0.5000,0
5.259,-0.3687,-0.9495,-0.0000,1.2522,0.1400,0.0538,0.0000,0,0.8000,-0.5000,0
5.278,-0.3687,-0.9495,-0.0000,1.2522,0.1400,0.0538,0.0000,0,0.8000,-0.5000,0
5.298,-0.3687,-0.9495,-0.0000,1.2522,0.1400,0.0538,0.0000,0,0.8000,-0.5000,0
5.318,-0.3687,-0.9495,-0.0000,1.2522,0.1400,0.0538,0.0000,0,0.8000,-0.5000,0
5.338,-0.3677,-0.9491,-0.0000,1.2511,0.1400,0.0538,0.0000,0,0.8000,-0.5000,0
5.359,-0.3656,-0.9483,-0.0000,1.2488,0.1400,0.0538,0.0000,0,0.8000,-0.5000,0
5.378,-0.3646,-0.9479,-0.0000,1.2477,0.1400,0.0538,0.0000,0,0.8000,-0.5000,0
5.398,-0.3625,-0.9471,-0.0000,1.2455,0.1400,0.0538,0.0000,0,0.8000,-0.5000,0
5.418,-0.3604,-0.9463,-0.0000,1.2433,0.1400,0.0538,0.0000,0,0.8000,-0.5000,0
5.439,-0.3604,-0.9463,-0.0000,1.2433,0.1400,0.0538,0.0000,0,0.8000,-0.5000,0
5.458,-0.3594,-0.9459,-0.0000,1.2422,0.1400,0.0538,0.0000,0,0.8000,-0.5000,0
5.478,-0.3594,-0.9459,-0.0000,1.2422,0.1400,0.0538,0.0000,0,0.8000,-0.5000,0
5.498,-0.3594,-0.9459,-0.0000,1.2422,0.1400,0.0538,0.0000,0,0.8000,-0.5000,0
5.518,-0.3594,-0.9459,-0.0000,1.2422,0.1400,0.0538,0.0000,0,0.8000,-0.5000,0
5.538,-0.3584,-0.9455,-0.0000,1.2411,0.1400,0.0538,0.0000,0,0.8000,-0.5000,0
5.558,-0.3573,-0.9451,-0.0000,1.2400,0.1400,0.0538,0.0000,0,0.8000,-0.5000,0
5.578,-0.3563,-0.9447,-0.0000,1.2389,0.1400,0.0538,0.0000,0,0.8000,-0.5000,0
5.598,-0.3542,-0.9439,-0.0000,1.2367,0.1400,0.0538,0.0000,0,0.8000,-0.5000,0
5.618,-0.3542,-0.9439,-0.0000,1.2367,0.1400,0.0538,0.0000,0,0.8000,-0.5000,0
5.639,-0.3542,-0.9439,-0.0000,1.2367,0.1400,0.0538,0.0000,0,0.8000,-0.5000,0
5.658,-0.3522,-0.9432,-0.0000,1.2344,0.1400,0.0538,0.0000,0,0.8000,-0.5000,0
5.679,-0.3522,-0.9432,-0.0000,1.2344,0.1400,0.0538,0.0000,0,0.8000,-0.5000,0
5.698,-0.3522,-0.9432,-0.0000,1.2344,0.1400,0.0538,0.0000,0,0.8000,-0.5000,0
5.718,-0.3522,-0.9432,-0.0000,1.2344,0.1400,0.0538,0.0000,0,0.8000,-0.5000,0
5.739,-0.3511,-0.9428,-0.0000,1.2333,0.1400,0.0538,0.0000,0,0.8000,-0.5000,0
5.758,-0.3501,-0.9424,-0.0000,1.2322,0.1400,0.0538,0.0000,0,0.8000,-0.5000,0
5.778,-0.3501,-0.9424,-0.0000,1.2322,0.1400,0.0538,0.0000,0,0.8000,-0.5000,0
5.798,-0.3501,-0.9424,-0.0000,1.2322,0.1400,0.0538,0.0000,0,0.8000,-0.5000,0
5.818,-0.3491,-0.9420,-0.0000,1.2311,0.1400,0.0538,0.0000,0,0.8000,-0.5000,0
5.838,-0.3491,-0.9420,-0.0000,1.2311,0.1400,0.0538,0.0000,0,0.8000,-0.5000,0
5.860,-0.3491,-0.9420,-0.0000,1.2311,0.1400,0.0538,0.0000,0,0.8000,-0.5000,0
5.880,-0.3491,-0.9420,-0.0000,1.2311,0.1400,0.0538,0.0000,0,0.8000,-0.5000,0
5.898,-0.3491,-0.9420,-0.0000,1.2311,0.1400,0.0538,0.0000,0,0.8000,-0.5000,0
5.918,-0.3491,-0.9420,-0.0000,1.2311,0.1400,0.0538,0.0000,0,0.8000,-0.5000,0
5.939,-0.3491,-0.9420,-0.0000,1.2311,0.1400,0.0538,0.0000,0,0.8000,-0.5000,0
5.959,-0.3491,-0.9420,-0.0000,1.2311,0.1400,0.0538,0.0000,0,0.8000,-0.5000,0
5.978,-0.3470,-0.9412,-0.0000,1.2289,0.1400,0.0538,0.0000,0,0.8000,-0.5000,0
5.998,-0.3460,-0.9408,-0.0000,1.2278,0.1400,0.0538,0.0000,0,0.8000,-0.5000,0
6.018,-0.3429,-0.9396,-0.0000,1.2245,0.1400,0.0538,0.0000,0,0.8000,-0.5000,0
6.038,-0.3408,-0.9388,-0.0000,1.2223,0.1400,0.0538,0.0000,0,0.8000,-0.5000,0
6.058,-0.3408,-0.9388,-0.0000,1.2223,0.1400,0.0538,0.0000,0,0.8000,-0.5000,0
6.079,-0.3398,-0.9384,-0.0000,1.2212,0.1400,0.0538,0.0000,0,0.8000,-0.5000,0
6.098,-0.3398,-0.9384,-0.0000,1.2212,0.1400,0.0538,0.0000,0,0.8000,-0.5000,0
6.118,-0.3398,-0.9384,-0.0000,1.2212,0.1400,0.0538,0.0000,0,0.8000,-0.5000,0
6.138,-0.3398,-0.9384,-0.0000,1.2212,0.1400,0.0538,0.0000,0,0.8000,-0.5000,0
6.158,-0.3398,-0.9384,-0.0000,1.2212,0.1400,0.0538,0.0000,0,0.8000,-0.5000,0
6.178,-0.3398,-0.9384,-0.0000,1.2212,0.1400,0.0538,0.0000,0,0.8000,-0.5000,0
6.198,-0.3398,-0.9384,-0.0000,1.2212,0.1400,0.0538,0.0000,0,0.8000,-0.5000,0
6.219,-0.3398,-0.9384,-0.0000,1.2212,0.1400,0.0538,0.0000,0,0.8000,-0.5000,0
6.239,-0.3398,-0.9384,-0.0000,1.2212,0.1400,0.0538,0.0000,0,0.8000,-0.5000,0
6.260,-0.3398,-0.9384,-0.0000,1.2212,0.1400,0.0538,0.0000,0,0.8000,-0.5000,0
6.278,-0.3377,-0.9376,-0.0000,1.2189,0.1400,0.0538,0.0000,0,0.8000,-0.5000,0
6.298,-0.3367,-0.9372,-0.0000,1.2178,0.1400,0.0538,0.0000,0,0.8000,-0.5000,0
6.319,-0.3336,-0.9360,-0.0000,1.2145,0.1400,0.0538,0.0000,0,0.8000,-0.5000,0
6.338,-0.3315,-0.9352,-0.0000,1.2123,0.1400,0.0538,0.0000,0,0.8000,-0.5000,0
6.359,-0.3315,-0.9352,-0.0000,1.2123,0.1400,0.0538,0.0000,0,0.8000,-0.5000,0
6.378,-0.3304,-0.9348,-0.0000,1.2112,0.1400,0.0538,0.0000,0,0.8000,-0.5000,0
6.399,-0.3304,-0.9348,-0.0000,1.2112,0.1400,0.0538,0.0000,0,0.8000,-0.5000,0
6.418,-0.3304,-0.9348,-0.0000,1.2112,0.1400,0.0538,0.0000,0,0.8000,-0.5000,0
6.438,-0.3304,-0.9348,-0.0000,1.2112,0.1400,0.0538,0.0000,0,0.8000,-0.5000,0
6.458,-0.3304,-0.9348,-0.0000,1.2112,0.1400,0.0538,0.0000,0,0.8000,-0.5000,0
6.478,-0.3304,-0.9348,-0.0000,1.2112,0.1400,0.0538,0.0000,0,0.8000,-0.5000,0
6.498,-0.3304,-0.9348,-0.0000,1.2112,0.1400,0.0538,0.0000,0,0.8000,-0.5000,0
6.518,-0.3304,-0.9348,-0.0000,1.2112,0.1400,0.0538,0.0000,0,0.8000,-0.5000,0
6.539,-0.3304,-0.9348,-0.0000,1.2112,0.1400,0.0538,0.0000,0,0.8000,-0.5000,0
6.558,-0.3294,-0.9344,-0.0000,1.2101,0.1400,0.0538,0.0000,0,0.8000,-0.5000,0
6.578,-0.3273,-0.9336,-0.0000,1.2079,0.1400,0.0538,0.0000,0,0.8000,-0.5000,0
6.598,-0.3263,-0.9332,-0.0000,1.2068,0.1400,0.0538,0.0000,0,0.8000,-0.5000,0
6.618,-0.3232,-0.9320,-0.0000,1.2034,0.1400,0.0538,0.0000,0,0.8000,-0.5000,0
6.638,-0.3222,-0.9316,-0.0000,1.2023,0.1400,0.0538,0.0000,0,0.8000,-0.5000,0
6.659,-0.3222,-0.9316,-0.0000,1.2023,0.1400,0.0538,0.0000,0,0.8000,-0.5000,0
6.679,-0.3201,-0.9308,-0.0000,1.2001,0.1400,0.0538,0.0000,0,0.8000,-0.5000,0
6.698,-0.3201,-0.9308,-0.0000,1.2001,0.1400,0.0538,0.0000,0,0.8000,-0.5000,0
6.718,-0.3201,-0.9308,-0.0000,1.2001,0.1400,0.0538,0.0000,0,0.8000,-0.5000,0
6.739,-0.3201,-0.9308,-0.0000,1.2001,0.1400,0.0538,0.0000,0,0.8000,-0.5000,0
6.758,-0.3191,-0.9304,-0.0000,1.1990,0.1400,0.0538,0.0000,0,0.8000,-0.5000,0
6.778,-0.3191,-0.9304,-0.0000,1.1990,0.1400,0.0538,0.0000,0,0.8000,-0.5000,0
6.799,-0.3191,-0.9304,-0.0000,1.1990,0.1400,0.0538,0.0000,0,0.8000,-0.5000,0
6.819,-0.3191,-0.9304,-0.0000,1.1990,0.1400,0.0538,0.0000,0,0.8000,-0.5000,0
6.838,-0.3170,-0.9296,-0.0000,1.1968,0.1400,0.0538,0.0000,0,0.8000,-0.5000,0
6.859,-0.3170,-0.9296,-0.0000,1.1968,0.1400,0.0538,0.0000,0,0.8000,-0.5000,0
6.878,-0.3149,-0.9288,-0.0000,1.1946,0.1400,0.0538,0.0000,0,0.8000,-0.5000,0
6.898,-0.3149,-0.9288,-0.0000,1.1946,0.1400,0.0538,0.0000,0,0.8000,-0.5000,0
6.920,-0.3149,-0.9288,-0.0000,1.1946,0.1400,0.0538,0.0000,0,0.8000,-0.5000,0
6.938,-0.3129,-0.9280,-0.0000,1.1924,0.1400,0.0538,0.0000,0,0.8000,-0.5000,0
6.959,-0.3129,-0.9280,-0.0000,1.1924,0.1400,0.0538,0.0000,0,0.8000,-0.5000,0
6.979,-0.3118,-0.9276,-0.0000,1.1912,0.1400,0.0538,0.0000,0,0.8000,-0.5000,0
6.998,-0.3108,-0.9272,-0.0000,1.1901,0.1400,0.0538,0.0000,0,0.8000,-0.5000,0
7.018,-0.3108,-0.9272,-0.0000,1.1901,0.1400,0.0538,0.0000,0,0.8000,-0.5000,0
7.038,-0.3108,-0.9272,-0.0000,1.1901,0.1400,0.0538,0.0000,0,0.8000,-0.5000,0
7.058,-0.3108,-0.9272,-0.0000,1.1901,0.1400,0.0538,0.0000,0,0.8000,-0.5000,0
7.079,-0.3108,-0.9272,-0.0000,1.1901,0.1400,0.0538,0.0000,0,0.8000,-0.5000,0
7.098,-0.3098,-0.9268,-0.0000,1.1890,0.1400,0.0538,0.0000,0,0.8000,-0.5000,0
7.118,-0.3098,-0.9268,-0.0000,1.1890,0.1400,0.0538,0.0000,0,0.8000,-0.5000,0
7.139,-0.3098,-0.9268,-0.0000,1.1890,0.1400,0.0538,0.0000,0,0.8000,-0.5000,0
7.158,-0.3087,-0.9265,-0.0000,1.1879,0.1400,0.0538,0.0000,0,0.8000,-0.5000,0
7.178,-0.3077,-0.9261,-0.0000,1.1868,0.1400,0.0538,0.0000,0,0.8000,-0.5000,0
7.198,-0.3077,-0.9261,-0.0000,1.1868,0.1400,0.0538,0.0000,0,0.8000,-0.5000,0
7.218,-0.3056,-0.9253,-0.0000,1.1846,0.1400,0.0538,0.0000,0,0.8000,-0.5000,0
7.238,-0.3056,-0.9253,-0.0000,1.1846,0.1400,0.0538,0.0000,0,0.8000,-0.5000,0
7.258,-0.3056,-0.9253,-0.0000,1.1846,0.1400,0.0538,0.0000,0,0.8000,-0.5000,0
7.278,-0.3046,-0.9249,-0.0000,1.1835,0.1400,0.0538,0.0000,0,0.8000,-0.5000,0
7.298,-0.3036,-0.9245,-0.0000,1.1824,0.1400,0.0538,0.0000,0,0.8000,-0.5000,0
7.318,-0.3036,-0.9245,-0.0000,1.1824,0.1400,0.0538,0.0000,0,0.8000,-0.5000,0
7.338,-0.3015,-0.9237,-0.0000,1.1802,0.1400,0.0538,0.0000,0,0.8000,-0.5000,0
7.358,-0.3015,-0.9237,-0.0000,1.1802,0.1400,0.0538,0.0000,0,0.8000,-0.5000,0
7.379,-0.3015,-0.9237,-0.0000,1.1802,0.1400,0.0538,0.0000,0,0.8000,-0.5000,0
7.398,-0.3015,-0.9237,-0.0000,1.1802,0.1400,0.0538,0.0000,0,0.8000,-0.5000,0
7.419,-0.3015,-0.9237,-0.0000,1.1802,0.1400,0.0538,0.0000,0,0.8000,-0.5000,0
7.439,-0.3005,-0.9233,-0.0000,1.1791,0.1400,0.0538,0.0000,0,0.8000,-0.5000,0
7.459,-0.3005,-0.9233,-0.0000,1.1791,0.1400,0.0538,0.0000,0,0.8000,-0.5000,0
7.480,-0.3005,-0.9233,-0.0000,1.1791,0.1400,0.0538,0.0000,0,0.8000,-0.5000,0
7.498,-0.2994,-0.9229,-0.0000,1.1780,0.1400,0.0538,0.0000,0,0.8000,-0.5000,0
7.518,-0.2984,-0.9225,-0.0000,1.1768,0.1400,0.0538,0.0000,0,0.8000,-0.5000,0
7.540,-0.2984,-0.9225,-0.0000,1.1768,0.1400,0.0538,0.0000,0,0.8000,-0.5000,0
7.558,-0.2963,-0.9217,-0.0000,1.1746,0.1400,0.0538,0.0000,0,0.8000,-0.5000,0
7.579,-0.2963,-0.9217,-0.0000,1.1746,0.1400,0.0538,0.0000,0,0.8000,-0.5000,0
7.598,-0.2963,-0.9217,-0.0000,1.1746,0.1400,0.0538,0.0000,0,0.8000,-0.5000,0
7.618,-0.2953,-0.9213,-0.0000,1.1735,0.1400,0.0538,0.0000,0,0.8000,-0.5000,0
7.638,-0.2943,-0.9209,-0.0000,1.1724,0.1400,0.0538,0.0000,0,0.8000,-0.5000,0
7.659,-0.2943,-0.9209,-0.0000,1.1724,0.1400,0.0538,0.0000,0,0.8000,-0.5000,0
7.679,-0.2932,-0.9205,-0.0000,1.1713,0.1400,0.0538,0.0000,0,0.8000,-0.5000,0
7.698,-0.2922,-0.9201,-0.0000,1.1702,0.1400,0.0538,0.0000,0,0.8000,-0.5000,0
7.718,-0.2922,-0.9201,-0.0000,1.1702,0.1400,0.0538,0.0000,0,0.8000,-0.5000,0
7.738,-0.2922,-0.9201,-0.0000,1.1702,0.1400,0.0538,0.0000,0,0.8000,-0.5000,0
7.760,-0.2922,-0.9201,-0.0000,1.1702,0.1400,0.0538,0.0000,0,0.8000,-0.5000,0
7.778,-0.2912,-0.9197,-0.0000,1.1691,0.1400,0.0538,0.0000,0,0.8000,-0.5000,0
7.798,-0.2912,-0.9197,-0.0000,1.1691,0.1400,0.0538,0.0000,0,0.8000,-0.5000,0
7.818,-0.2912,-0.9197,-0.0000,1.1691,0.1400,0.0538,0.0000,0,0.8000,-0.5000,0
7.838,-0.2912,-0.9197,-0.0000,1.1691,0.1400,0.0538,0.0000,0,0.8000,-0.5000,0
7.858,-0.2912,-0.9197,-0.0000,1.1691,0.1400,0.0538,0.0000,0,0.8000,-0.5000,0
7.878,-0.2912,-0.9197,-0.0000,1.1691,0.1400,0.0538,0.0000,0,0.8000,-0.5000,0
7.898,-0.2912,-0.9197,-0.0000,1.1691,0.1400,0.0538,0.0000,0,0.8000,-0.5000,0
7.919,-0.2912,-0.9197,-0.0000,1.1691,0.1400,0.0538,0.0000,0,0.8000,-0.5000,0
7.940,-0.2912,-0.9197,-0.0000,1.1691,0.1400,0.0538,0.0000,0,0.8000,-0.5000,0
7.958,-0.2901,-0.9193,-0.0000,1.1680,0.1400,0.0538,0.0000,0,0.8000,-0.5000,0
7.979,-0.2881,-0.9185,-0.0000,1.1658,0.1400,0.0538,0.0000,0,0.8000,-0.5000,0
7.998,-0.2870,-0.9181,-0.0000,1.1647,0.1400,0.0538,0.0000,0,0.8000,-0.5000,0
8.018,-0.2860,-0.9177,-0.0000,1.1636,0.1400,0.0538,0.0000,0,0.8000,-0.5000,0
8.038,-0.2839,-0.9169,-0.0000,1.1613,0.1400,0.0538,0.0000,0,0.8000,-0.5000,0
8.058,-0.2829,-0.9165,-0.0000,1.1602,0.1400,0.0538,0.0000,0,0.8000,-0.5000,0
8.078,-0.2829,-0.9165,-0.0000,1.1602,0.1400,0.0538,0.0000,0,0.8000,-0.5000,0
8.098,-0.2829,-0.9165,-0.0000,1.1602,0.1400,0.0538,0.0000,0,0.8000,-0.5000,0
8.119,-0.2829,-0.9165,-0.0000,1.1602,0.1400,0.0538,0.0000,0,0.8000,-0.5000,0
8.139,-0.2819,-0.9161,-0.0000,1.1591,0.1400,0.0538,0.0000,0,0.8000,-0.5000,0
8.158,-0.2819,-0.9161,-0.0000,1.1591,0.1400,0.0538,0.0000,0,0.8000,-0.5000,0
8.179,-0.2819,-0.9161,-0.0000,1.1591,0.1400,0.0538,0.0000,0,0.8000,-0.5000,0
8.198,-0.2808,-0.9157,-0.0000,1.1580,0.1400,0.0538,0.0000,0,0.8000,-0.5000,0
8.218,-0.2808,-0.9157,-0.0000,1.1580,0.1400,0.0538,0.0000,0,0.8000,-0.5000,0
8.239,-0.2808,-0.9157,-0.0000,1.1580,0.1400,0.0538,0.0000,0,0.8000,-0.5000,0
8.258,-0.2788,-0.9149,-0.0000,1.1558,0.1400,0.0538,0.0000,0,0.8000,-0.5000,0
8.279,-0.2788,-0.9149,-0.0000,1.1558,0.1400,0.0538,0.0000,0,0.8000,-0.5000,0
8.298,-0.2788,-0.9149,-0.0000,1.1558,0.1400,0.0538,0.0000,0,0.8000,-0.5000,0
8.318,-0.2777,-0.9145,-0.0000,1.1547,0.1400,0.0538,0.0000,0,0.8000,-0.5000,0
8.339,-0.2767,-0.9141,-0.0000,1.1536,0.1400,0.0538,0.0000,0,0.8000,-0.5000,0
8.358,-0.2767,-0.9141,-0.0000,1.1536,0.1400,0.0538,0.0000,0,0.8000,-0.5000,0
8.379,-0.2767,-0.9141,-0.0000,1.1536,0.1400,0.0538,0.0000,0,0.8000,-0.5000,0
8.398,-0.2746,-0.9133,-0.0000,1.1514,0.1400,0.0538,0.0000,0,0.8000,-0.5000,0
8.418,-0.2746,-0.9133,-0.0000,1.1514,0.1400,0.0538,0.0000,0,0.8000,-0.5000,0
8.438,-0.2746,-0.9133,-0.0000,1.1514,0.1400,0.0538,0.0000,0,0.8000,-0.5000,0
8.458,-0.2746,-0.9133,-0.0000,1.1514,0.1400,0.0538,0.0000,0,0.8000,-0.5000,0
8.479,-0.2736,-0.9129,-0.0000,1.1503,0.1400,0.0538,0.0000,0,0.8000,-0.5000,0
8.498,-0.2736,-0.9129,-0.0000,1.1503,0.1400,0.0538,0.0000,0,0.8000,-0.5000,0
8.520,-0.2736,-0.9129,-0.0000,1.1503,0.1400,0.0538,0.0000,0,0.8000,-0.5000,0
8.538,-0.2736,-0.9129,-0.0000,1.1503,0.1400,0.0538,0.0000,0,0.8000,-0.5000,0
8.558,-0.2736,-0.9129,-0.0000,1.1503,0.1400,0.0538,0.0000,0,0.8000,-0.5000,0
8.578,-0.2736,-0.9129,-0.0000,1.1503,0.1400,0.0538,0.0000,0,0.8000,-0.5000,0
8.598,-0.2736,-0.9129,-0.0000,1.1503,0.1400,0.0538,0.0000,0,0.8000,-0.5000,0
8.619,-0.2736,-0.9129,-0.0000,1.1503,0.1400,0.0538,0.0000,0,0.8000,-0.5000,0
8.638,-0.2715,-0.9121,-0.0000,1.1480,0.1400,0.0538,0.0000,0,0.8000,-0.5000,0
8.658,-0.2705,-0.9117,-0.0000,1.1469,0.1400,0.0538,0.0000,0,0.8000,-0.5000,0
8.679,-0.2674,-0.9105,-0.0000,1.1436,0.1400,0.0538,0.0000,0,0.8000,-0.5000,0
8.698,-0.2674,-0.9105,-0.0000,1.1436,0.1400,0.0538,0.0000,0,0.8000,-0.5000,0
8.718,-0.2674,-0.9105,-0.0000,1.1436,0.1400,0.0538,0.0000,0,0.8000,-0.5000,0
8.738,-0.2643,-0.9094,-0.0000,1.1403,0.1400,0.0538,0.0000,0,0.8000,-0.5000,0
8.758,-0.2622,-0.9086,-0.0000,1.1381,0.1400,0.0538,0.0000,0,0.8000,-0.5000,0
8.778,-0.2622,-0.9086,-0.0000,1.1381,0.1400,0.0538,0.0000,0,0.8000,-0.5000,0
8.798,-0.2612,-0.9082,-0.0000,1.1370,0.1400,0.0538,0.0000,0,0.8000,-0.5000,0
8.819,-0.2612,-0.9082,-0.0000,1.1370,0.1400,0.0538,0.0000,0,0.8000,-0.5000,0
8.838,-0.2612,-0.9082,-0.0000,1.1370,0.1400,0.0538,0.0000,0,0.8000,-0.5000,0
8.858,-0.2612,-0.9082,-0.0000,1.1370,0.1400,0.0538,0.0000,0,0.8000,-0.5000,0
8.879,-0.2612,-0.9082,-0.0000,1.1370,0.1400,0.0538,0.0000,0,0.8000,-0.5000,0
8.898,-0.2612,-0.9082,-0.0000,1.1370,0.1400,0.0538,0.0000,0,0.8000,-0.5000,0
8.918,-0.2612,-0.9082,-0.0000,1.1370,0.1400,0.0538,0.0000,0,0.8000,-0.5000,0
8.938,-0.2612,-0.9082,-0.0000,1.1370,0.1400,0.0538,0.0000,0,0.8000,-0.5000,0
8.959,-0.2612,-0.9082,-0.0000,1.1370,0.1400,0.0538,0.0000,0,0.8000,-0.5000,0
8.979,-0.2601,-0.9078,-0.0000,1.1359,0.1400,0.0538,0.0000,0,0.8000,-0.5000,0
8.998,-0.2591,-0.9074,-0.0000,1.1348,0.1400,0.0538,0.0000,0,0.8000,-0.5000,0
9.018,-0.2570,-0.9066,-0.0000,1.1325,0.1400,0.0538,0.0000,0,0.8000,-0.5000,0
9.039,-0.2550,-0.9058,-0.0000,1.1303,0.1400,0.0538,0.0000,0,0.8000,-0.5000,0
9.058,-0.2550,-0.9058,-0.0000,1.1303,0.1400,0.0538,0.0000,0,0.8000,-0.5000,0
9.079,-0.2550,-0.9058,-0.0000,1.1303,0.1400,0.0538,0.0000,0,0.8000,-0.5000,0
9.098,-0.2529,-0.9050,-0.0000,1.1281,0.1400,0.0538,0.0000,0,0.8000,-0.5000,0
9.119,-0.2529,-0.9050,-0.0000,1.1281,0.1400,0.0538,0.0000,0,0.8000,-0.5000,0
9.138,-0.2529,-0.9050,-0.0000,1.1281,0.1400,0.0538,0.0000,0,0.8000,-0.5000,0
9.158,-0.2529,-0.9050,-0.0000,1.1281,0.1400,0.0538,0.0000,0,0.8000,-0.5000,0
9.179,-0.2529,-0.9050,-0.0000,1.1281,0.1400,0.0538,0.0000,0,0.8000,-0.5000,0
9.198,-0.2529,-0.9050,-0.0000,1.1281,0.1400,0.0538,0.0000,0,0.8000,-0.5000,0
9.218,-0.2529,-0.9050,-0.0000,1.1281,0.1400,0.0538,0.0000,0,0.8000,-0.5000,0
9.239,-0.2529,-0.9050,-0.0000,1.1281,0.1400,0.0538,0.0000,0,0.8000,-0.5000,0
9.260,-0.2529,-0.9050,-0.0000,1.1281,0.1400,0.0538,0.0000,0,0.8000,-0.5000,0
9.278,-0.2519,-0.9046,-0.0000,1.1270,0.1400,0.0538,0.0000,0,0.8000,-0.5000,0
9.298,-0.2498,-0.9038,-0.0000,1.1248,0.1400,0.0538,0.0000,0,0.8000,-0.5000,0
9.318,-0.2488,-0.9034,-0.0000,1.1237,0.1400,0.0538,0.0000,0,0.8000,-0.5000,0
9.339,-0.2467,-0.9026,-0.0000,1.1215,0.1400,0.0538,0.0000,0,0.8000,-0.5000,0
9.359,-0.2446,-0.9018,-0.0000,1.1192,0.1400,0.0538,0.0000,0,0.8000,-0.5000,0
9.378,-0.2436,-0.9014,-0.0000,1.1181,0.1400,0.0538,0.0000,0,0.8000,-0.5000,0
9.399,-0.2436,-0.9014,-0.0000,1.1181,0.1400,0.0538,0.0000,0,0.8000,-0.5000,0
9.418,-0.2436,-0.9014,-0.0000,1.1181,0.1400,0.0538,0.0000,0,0.8000,-0.5000,0
9.440,-0.2436,-0.9014,-0.0000,1.1181,0.1400,0.0538,0.0000,0,0.8000,-0.5000,0
9.458,-0.2426,-0.9010,-0.0000,1.1170,0.1400,0.0538,0.0000,0,0.8000,-0.5000,0
9.478,-0.2426,-0.9010,-0.0000,1.1170,0.1400,0.0538,0.0000,0,0.8000,-0.5000,0
9.498,-0.2426,-0.9010,-0.0000,1.1170,0.1400,0.0538,0.0000,0,0.8000,-0.5000,0
9.518,-0.2426,-0.9010,-0.0000,1.1170,0.1400,0.0538,0.0000,0,0.8000,-0.5000,0
9.540,-0.2405,-0.9002,-0.0000,1.1148,0.1400,0.0538,0.0000,0,0.8000,-0.5000,0
9.558,-0.2405,-0.9002,-0.0000,1.1148,0.1400,0.0538,0.0000,0,0.8000,-0.5000,0
9.578,-0.2395,-0.8998,-0.0000,1.1137,0.1400,0.0538,0.0000,0,0.8000,-0.5000,0
9.598,-0.2384,-0.8994,-0.0000,1.1126,0.1400,0.0538,0.0000,0,0.8000,-0.5000,0
9.618,-0.2384,-0.8994,-0.0000,1.1126,0.1400,0.0538,0.0000,0,0.8000,-0.5000,0
9.638,-0.2374,-0.8990,-0.0000,1.1115,0.1400,0.0538,0.0000,0,0.8000,-0.5000,0
9.658,-0.2364,-0.8986,-0.0000,1.1104,0.1400,0.0538,0.0000,0,0.8000,-0.5000,0
9.678,-0.2364,-0.8986,-0.0000,1.1104,0.1400,0.0538,0.0000,0,0.8000,-0.5000,0
9.698,-0.2364,-0.8986,-0.0000,1.1104,0.1400,0.0538,0.0000,0,0.8000,-0.5000,0
9.720,-0.2364,-0.8986,-0.0000,1.1104,0.1400,0.0538,0.0000,0,0.8000,-0.5000,0
9.740,-0.2343,-0.8978,-0.0000,1.1082,0.1400,0.0538,0.0000,0,0.8000,-0.5000,0
9.758,-0.2343,-0.8978,-0.0000,1.1082,0.1400,0.0538,0.0000,0,0.8000,-0.5000,0
9.779,-0.2343,-0.8978,-0.0000,1.1082,0.1400,0.0538,0.0000,0,0.8000,-0.5000,0
9.798,-0.2333,-0.8974,-0.0000,1.1071,0.1400,0.0538,0.0000,0,0.8000,-0.5000,0
9.818,-0.2333,-0.8974,-0.0000,1.1071,0.1400,0.0538,0.0000,0,0.8000,-0.5000,0
9.838,-0.2333,-0.8974,-0.0000,1.1071,0.1400,0.0538,0.0000,0,0.8000,-0.5000,0
9.858,-0.2333,-0.8974,-0.0000,1.1071,0.1400,0.0538,0.0000,0,0.8000,-0.5000,0
9.879,-0.2333,-0.8974,-0.0000,1.1071,0.1400,0.0538,0.0000,0,0.8000,-0.5000,0
9.898,-0.2333,-0.8974,-0.0000,1.1071,0.1400,0.0538,0.0000,0,0.8000,-0.5000,0
9.919,-0.2333,-0.8974,-0.0000,1.1071,0.1400,0.0538,0.0000,0,0.8000,-0.5000,0
9.939,-0.2333,-0.8974,-0.0000,1.1071,0.1400,0.0538,0.0000,0,0.8000,-0.5000,0
9.960,-0.2333,-0.8974,-0.0000,1.1071,0.1400,0.0538,0.0000,0,0.8000,-0.5000,0
9.978,-0.2312,-0.8966,-0.0000,1.1048,0.1400,0.0538,0.0000,0,0.8000,-0.5000,0
9.998,-0.2302,-0.8962,-0.0000,1.1037,0.1400,0.0538,0.0000,0,0.8000,-0.5000,0
10.018,-0.2271,-0.8950,-0.0000,1.1004,0.1400,0.0538,0.0000,0,0.8000,-0.5000,0
10.038,-0.2250,-0.8942,-0.0000,1.0982,0.1400,0.0538,0.0000,0,0.8000,-0.5000,0
10.058,-0.2250,-0.8942,-0.0000,1.0982,0.1400,0.0538,0.0000,0,0.8000,-0.5000,0
10.079,-0.2250,-0.8942,-0.0000,1.0982,0.1400,0.0538,0.0000,0,0.8000,-0.5000,0
10.098,-0.2240,-0.8938,-0.0000,1.0971,0.1400,0.0538,0.0000,0,0.8000,-0.5000,0
10.118,-0.2240,-0.8938,-0.0000,1.0971,0.1400,0.0538,0.0000,0,0.8000,-0.5000,0
10.138,-0.2240,-0.8938,-0.0000,1.0971,0.1400,0.0538,0.0000,0,0.8000,-0.5000,0
10.158,-0.2240,-0.8938,-0.0000,1.0971,0.1400,0.0538,0.0000,0,0.8000,-0.5000,0
10.178,-0.2240,-0.8938,-0.0000,1.0971,0.1400,0.0538,0.0000,0,0.8000,-0.5000,0
10.198,-0.2240,-0.8938,-0.0000,1.0971,0.1400,0.0538,0.0000,0,0.8000,-0.5000,0
10.219,-0.2240,-0.8938,-0.0000,1.0971,0.1400,0.0538,0.0000,0,0.8000,-0.5000,0
10.239,-0.2240,-0.8938,-0.0000,1.0971,0.1400,0.0538,0.0000,0,0.8000,-0.5000,0
10.258,-0.2229,-0.8934,-0.0000,1.0960,0.1400,0.0538,0.0000,0,0.8000,-0.5000,0
10.278,-0.2209,-0.8927,-0.0000,1.0938,0.1400,0.0538,0.0000,0,0.8000,-0.5000,0
10.298,-0.2188,-0.8919,-0.0000,1.0916,0.1400,0.0538,0.0000,0,0.8000,-0.5000,0
10.319,-0.2157,-0.8907,-0.0000,1.0882,0.1400,0.0538,0.0000,0,0.8000,-0.5000,0
10.338,-0.2147,-0.8903,-0.0000,1.0871,0.1400,0.0538,0.0000,0,0.8000,-0.5000,0
10.358,-0.2126,-0.8895,-0.0000,1.0849,0.1400,0.0538,0.0000,0,0.8000,-0.5000,0
10.380,-0.2126,-0.8895,-0.0000,1.0849,0.1400,0.0538,0.0000,0,0.8000,-0.5000,0
10.398,-0.2126,-0.8895,-0.0000,1.0849,0.1400,0.0538,0.0000,0,0.8000,-0.5000,0
10.419,-0.2126,-0.8895,-0.0000,1.0849,0.1400,0.0538,0.0000,0,0.8000,-0.5000,0
10.438,-0.2116,-0.8891,-0.0000,1.0838,0.1400,0.0538,0.0000,0,0.8000,-0.5000,0
10.460,-0.2116,-0.8891,-0.0000,1.0838,0.1400,0.0538,0.0000,0,0.8000,-0.5000,0
10.478,-0.2116,-0.8891,-0.0000,1.0838,0.1400,0.0538,0.0000,0,0.8000,-0.5000,0
10.499,-0.2116,-0.8891,-0.0000,1.0838,0.1400,0.0538,0.0000,0,0.8000,-0.5000,0
10.518,-0.2116,-0.8891,-0.0000,1.0838,0.1400,0.0538,0.0000,0,0.8000,-0.5000,0
10.538,-0.2116,-0.8891,-0.0000,1.0838,0.1400,0.0538,0.0000,0,0.8000,-0.5000,0
10.559,-0.2116,-0.8891,-0.0000,1.0838,0.1400,0.0538,0.0000,0,0.8000,-0.5000,0
10.578,-0.2116,-0.8891,-0.0000,1.0838,0.1400,0.0538,0.0000,0,0.8000,-0.5000,0
10.600,-0.2116,-0.8891,-0.0000,1.0838,0.1400,0.0538,0.0000,0,0.8000,-0.5000,0
10.620,-0.2116,-0.8891,-0.0000,1.0838,0.1400,0.0538,0.0000,0,0.8000,-0.5000,0
10.638,-0.2105,-0.8887,-0.0000,1.0827,0.1400,0.0538,0.0000,0,0.8000,-0.5000,0
10.658,-0.2085,-0.8879,-0.0000,1.0805,0.1400,0.0538,0.0000,0,0.8000,-0.5000,0
10.678,-0.2074,-0.8875,-0.0000,1.0794,0.1400,0.0538,0.0000,0,0.8000,-0.5000,0
10.698,-0.2054,-0.8867,-0.0000,1.0772,0.1400,0.0538,0.0000,0,0.8000,-0.5000,0
10.718,-0.2054,-0.8867,-0.0000,1.0772,0.1400,0.0538,0.0000,0,0.8000,-0.5000,0
10.738,-0.2043,-0.8863,-0.0000,1.0760,0.1400,0.0538,0.0000,0,0.8000,-0.5000,0
10.758,-0.2043,-0.8863,-0.0000,1.0760,0.1400,0.0538,0.0000,0,0.8000,-0.5000,0
10.778,-0.2043,-0.8863,-0.0000,1.0760,0.1400,0.0538,0.0000,0,0.8000,-0.5000,0
10.798,-0.2043,-0.8863,-0.0000,1.0760,0.1400,0.0538,0.0000,0,0.8000,-0.5000,0
10.818,-0.2033,-0.8859,-0.0000,1.0749,0.1400,0.0538,0.0000,0,0.8000,-0.5000,0
10.838,-0.2023,-0.8855,-0.0000,1.0738,0.1400,0.0538,0.0000,0,0.8000,-0.5000,0
10.858,-0.2023,-0.8855,-0.0000,1.0738,0.1400,0.0538,0.0000,0,0.8000,-0.5000,0
10.878,-0.2012,-0.8851,-0.0000,1.0727,0.1400,0.0538,0.0000,0,0.8000,-0.5000,0
10.898,-0.1992,-0.8843,-0.0000,1.0705,0.1400,0.0538,0.0000,0,0.8000,-0.5000,0
10.918,-0.1992,-0.8843,-0.0000,1.0705,0.1400,0.0538,0.0000,0,0.8000,-0.5000,0
10.938,-0.1981,-0.8839,-0.0000,1.0694,0.1400,0.0538,0.0000,0,0.8000,-0.5000,0
10.958,-0.1971,-0.8835,-0.0000,1.0683,0.1400,0.0538,0.0000,0,0.8000,-0.5000,0
10.980,-0.1971,-0.8835,-0.0000,1.0683,0.1400,0.0538,0.0000,0,0.8000,-0.5000,0
10.999,-0.1971,-0.8835,-0.0000,1.0683,0.1400,0.0538,0.0000,0,0.8000,-0.5000,0
11.018,-0.1971,-0.8835,-0.0000,1.0683,0.1400,0.0538,0.0000,0,0.8000,-0.5000,0
11.038,-0.1960,-0.8831,-0.0000,1.0672,0.1400,0.0538,0.0000,0,0.8000,-0.5000,0
11.058,-0.1960,-0.8831,-0.0000,1.0672,0.1400,0.0538,0.0000,0,0.8000,-0.5000,0
11.078,-0.1960,-0.8831,-0.0000,1.0672,0.1400,0.0538,0.0000,0,0.8000,-0.5000,0
11.099,-0.1960,-0.8831,-0.0000,1.0672,0.1400,0.0538,0.0000,0,0.8000,-0.5000,0
11.118,-0.1960,-0.8831,-0.0000,1.0672,0.1400,0.0538,0.0000,0,0.8000,-0.5000,0
11.138,-0.1960,-0.8831,-0.0000,1.0672,0.1400,0.0538,0.0000,0,0.8000,-0.5000,0
11.159,-0.1960,-0.8831,-0.0000,1.0672,0.1400,0.0538,0.0000,0,0.8000,-0.5000,0
11.178,-0.1960,-0.8831,-0.0000,1.0672,0.1400,0.0538,0.0000,0,0.8000,-0.5000,0
11.199,-0.1960,-0.8831,-0.0000,1.0672,0.1400,0.0538,0.0000,0,0.8000,-0.5000,0
11.218,-0.1960,-0.8831,-0.0000,1.0672,0.1400,0.0538,0.0000,0,0.8000,-0.5000,0
11.238,-0.1940,-0.8823,-0.0000,1.0650,0.1400,0.0538,0.0000,0,0.8000,-0.5000,0
11.258,-0.1919,-0.8815,-0.0000,1.0628,0.1400,0.0538,0.0000,0,0.8000,-0.5000,0
11.279,-0.1898,-0.8807,-0.0000,1.0605,0.1400,0.0538,0.0000,0,0.8000,-0.5000,0
11.298,-0.1878,-0.8799,-0.0000,1.0583,0.1400,0.0538,0.0000,0,0.8000,-0.5000,0
11.319,-0.1878,-0.8799,-0.0000,1.0583,0.1400,0.0538,0.0000,0,0.8000,-0.5000,0
11.338,-0.1867,-0.8795,-0.0000,1.0572,0.1400,0.0538,0.0000,0,0.8000,-0.5000,0
11.359,-0.1857,-0.8791,-0.0000,1.0561,0.1400,0.0538,0.0000,0,0.8000,-0.5000,0
11.378,-0.1857,-0.8791,-0.0000,1.0561,0.1400,0.0538,0.0000,0,0.8000,-0.5000,0
11.398,-0.1857,-0.8791,-0.0000,1.0561,0.1400,0.0538,0.0000,0,0.8000,-0.5000,0
11.419,-0.1847,-0.8787,-0.0000,1.0550,0.1400,0.0538,0.0000,0,0.8000,-0.5000,0
11.438,-0.1847,-0.8787,-0.0000,1.0550,0.1400,0.0538,0.0000,0,0.8000,-0.5000,0
11.458,-0.1826,-0.8779,-0.0000,1.0528,0.1400,0.0538,0.0000,0,0.8000,-0.5000,0
11.478,-0.1826,-0.8779,-0.0000,1.0528,0.1400,0.0538,0.0000,0,0.8000,-0.5000,0
11.498,-0.1826,-0.8779,-0.0000,1.0528,0.1400,0.0538,0.0000,0,0.8000,-0.5000,0
11.519,-0.1826,-0.8779,-0.0000,1.0528,0.1400,0.0538,0.0000,0,0.8000,-0.5000,0
11.538,-0.1816,-0.8775,-0.0000,1.0517,0.1400,0.0538,0.0000,0,0.8000,-0.5000,0
11.560,-0.1805,-0.8771,-0.0000,1.0506,0.1400,0.0538,0.0000,0,0.8000,-0.5000,0
11.579,-0.1805,-0.8771,-0.0000,1.0506,0.1400,0.0538,0.0000,0,0.8000,-0.5000,0
11.599,-0.1805,-0.8771,-0.0000,1.0506,0.1400,0.0538,0.0000,0,0.8000,-0.5000,0
11.618,-0.1785,-0.8763,-0.0000,1.0484,0.1400,0.0538,0.0000,0,0.8000,-0.5000,0
11.639,-0.1785,-0.8763,-0.0000,1.0484,0.1400,0.0538,0.0000,0,0.8000,-0.5000,0
11.659,-0.1774,-0.8759,-0.0000,1.0472,0.1400,0.0538,0.0000,0,0.8000,-0.5000,0
11.678,-0.1774,-0.8759,-0.0000,1.0472,0.1400,0.0538,0.0000,0,0.8000,-0.5000,0
11.698,-0.1774,-0.8759,-0.0000,1.0472,0.1400,0.0538,0.0000,0,0.8000,-0.5000,0
11.718,-0.1774,-0.8759,-0.0000,1.0472,0.1400,0.0538,0.0000,0,0.8000,-0.5000,0
11.738,-0.1774,-0.8759,-0.0000,1.0472,0.1400,0.0538,0.0000,0,0.8000,-0.5000,0
11.758,-0.1774,-0.8759,-0.0000,1.0472,0.1400,0.0538,0.0000,0,0.8000,-0.5000,0
11.779,-0.1774,-0.8759,-0.0000,1.0472,0.1400,0.0538,0.0000,0,0.8000,-0.5000,0
11.799,-0.1774,-0.8759,-0.0000,1.0472,0.1400,0.0538,0.0000,0,0.8000,-0.5000,0
11.818,-0.1774,-0.8759,-0.0000,1.0472,0.1400,0.0538,0.0000,0,0.8000,-0.5000,0
11.838,-0.1774,-0.8759,-0.0000,1.0472,0.1400,0.0538,0.0000,0,0.8000,-0.5000,0
11.858,-0.1774,-0.8759,-0.0000,1.0472,0.1400,0.0538,0.0000,0,0.8000,-0.5000,0
11.880,-0.1774,-0.8759,-0.0000,1.0472,0.1400,0.0538,0.0000,0,0.8000,-0.5000,0
11.899,-0.1764,-0.8756,-0.0000,1.0461,0.1400,0.0538,0.0000,0,0.8000,-0.5000,0
11.918,-0.1754,-0.8752,-0.0000,1.0450,0.1400,0.0538,0.0000,0,0.8000,-0.5000,0
11.938,-0.1733,-0.8744,-0.0000,1.0428,0.1400,0.0538,0.0000,0,0.8000,-0.5000,0
11.960,-0.1712,-0.8736,-0.0000,1.0406,0.1400,0.0538,0.0000,0,0.8000,-0.5000,0
11.978,-0.1712,-0.8736,-0.0000,1.0406,0.1400,0.0538,0.0000,0,0.8000,-0.5000,0
11.998,-0.1712,-0.8736,-0.0000,1.0406,0.1400,0.0538,0.0000,0,0.8000,-0.5000,0
12.018,-0.1712,-0.8736,-0.0000,1.0406,0.1400,0.0538,0.0000,0,0.8000,-0.5000,0
12.038,-0.1712,-0.8736,-0.0000,1.0406,0.1400,0.0538,0.0000,0,0.8000,-0.5000,0
12.058,-0.1712,-0.8736,-0.0000,1.0406,0.1400,0.0538,0.0000,0,0.8000,-0.5000,0
12.078,-0.1692,-0.8728,-0.0000,1.0384,0.1400,0.0538,0.0000,0,0.8000,-0.5000,0
12.098,-0.1661,-0.8716,-0.0000,1.0351,0.1400,0.0538,0.0000,0,0.8000,-0.5000,0
12.119,-0.1661,-0.8716,-0.0000,1.0351,0.1400,0.0538,0.0000,0,0.8000,-0.5000,0
12.138,-0.1630,-0.8704,-0.0000,1.0317,0.1400,0.0538,0.0000,0,0.8000,-0.5000,0
12.159,-0.1630,-0.8704,-0.0000,1.0317,0.1400,0.0538,0.0000,0,0.8000,-0.5000,0
12.178,-0.1630,-0.8704,-0.0000,1.0317,0.1400,0.0538,0.0000,0,0.8000,-0.5000,0
12.198,-0.1599,-0.8692,-0.0000,1.0284,0.1400,0.0538,0.0000,0,0.8000,-0.5000,0
12.218,-0.1599,-0.8692,-0.0000,1.0284,0.1400,0.0538,0.0000,0,0.8000,-0.5000,0
12.238,-0.1599,-0.8692,-0.0000,1.0284,0.1400,0.0538,0.0000,0,0.8000,-0.5000,0
12.258,-0.1599,-0.8692,-0.0000,1.0284,0.1400,0.0538,0.0000,0,0.8000,-0.5000,0
12.278,-0.1588,-0.8688,-0.0000,1.0273,0.1400,0.0538,0.0000,0,0.8000,-0.5000,0
12.299,-0.1588,-0.8688,-0.0000,1.0273,0.1400,0.0538,0.0000,0,0.8000,-0.5000,0
12.318,-0.1588,-0.8688,-0.0000,1.0273,0.1400,0.0538,0.0000,0,0.8000,-0.5000,0
12.338,-0.1588,-0.8688,-0.0000,1.0273,0.1400,0.0538,0.0000,0,0.8000,-0.5000,0
12.358,-0.1588,-0.8688,-0.0000,1.0273,0.1400,0.0538,0.0000,0,0.8000,-0.5000,0
12.378,-0.1568,-0.8680,-0.0000,1.0251,0.1400,0.0538,0.0000,0,0.8000,-0.5000,0
12.399,-0.1568,-0.8680,-0.0000,1.0251,0.1400,0.0538,0.0000,0,0.8000,-0.5000,0
12.418,-0.1547,-0.8672,-0.0000,1.0229,0.1400,0.0538,0.0000,0,0.8000,-0.5000,0
12.438,-0.1547,-0.8672,-0.0000,1.0229,0.1400,0.0538,0.0000,0,0.8000,-0.5000,0
12.461,-0.1547,-0.8672,-0.0000,1.0229,0.1400,0.0538,0.0000,0,0.8000,-0.5000,0
12.478,-0.1526,-0.8664,-0.0000,1.0207,0.1400,0.0538,0.0000,0,0.8000,-0.5000,0
12.499,-0.1526,-0.8664,-0.0000,1.0207,0.1400,0.0538,0.0000,0,0.8000,-0.5000,0
12.518,-0.1516,-0.8660,-0.0000,1.0196,0.1400,0.0538,0.0000,0,0.8000,-0.5000,0
12.538,-0.1495,-0.8652,-0.0000,1.0173,0.1400,0.0538,0.0000,0,0.8000,-0.5000,0
12.558,-0.1495,-0.8652,-0.0000,1.0173,0.1400,0.0538,0.0000,0,0.8000,-0.5000,0
12.578,-0.1495,-0.8652,-0.0000,1.0173,0.1400,0.0538,0.0000,0,0.8000,-0.5000,0
12.598,-0.1495,-0.8652,-0.0000,1.0173,0.1400,0.0538,0.0000,0,0.8000,-0.5000,0
12.619,-0.1495,-0.8652,-0.0000,1.0173,0.1400,0.0538,0.0000,0,0.8000,-0.5000,0
12.638,-0.1485,-0.8648,-0.0000,1.0162,0.1400,0.0538,0.0000,0,0.8000,-0.5000,0
12.658,-0.1485,-0.8648,-0.0000,1.0162,0.1400,0.0538,0.0000,0,0.8000,-0.5000,0
12.678,-0.1485,-0.8648,-0.0000,1.0162,0.1400,0.0538,0.0000,0,0.8000,-0.5000,0
12.698,-0.1485,-0.8648,-0.0000,1.0162,0.1400,0.0538,0.0000,0,0.8000,-0.5000,0
12.719,-0.1485,-0.8648,-0.0000,1.0162,0.1400,0.0538,0.0000,0,0.8000,-0.5000,0
12.740,-0.1464,-0.8640,-0.0000,1.0140,0.1400,0.0538,0.0000,0,0.8000,-0.5000,0
12.758,-0.1454,-0.8636,-0.0000,1.0129,0.1400,0.0538,0.0000,0,0.8000,-0.5000,0
12.778,-0.1433,-0.8628,-0.0000,1.0107,0.1400,0.0538,0.0000,0,0.8000,-0.5000,0
12.798,-0.1433,-0.8628,-0.0000,1.0107,0.1400,0.0538,0.0000,0,0.8000,-0.5000,0
12.820,-0.1433,-0.8628,-0.0000,1.0107,0.1400,0.0538,0.0000,0,0.8000,-0.5000,0
12.839,-0.1413,-0.8620,-0.0000,1.0085,0.1400,0.0538,0.0000,0,0.8000,-0.5000,0
12.858,-0.1413,-0.8620,-0.0000,1.0085,0.1400,0.0538,0.0000,0,0.8000,-0.5000,0
12.878,-0.1413,-0.8620,-0.0000,1.0085,0.1400,0.0538,0.0000,0,0.8000,-0.5000,0
12.898,-0.1392,-0.8612,-0.0000,1.0063,0.1400,0.0538,0.0000,0,0.8000,-0.5000,0
12.918,-0.1392,-0.8612,-0.0000,1.0063,0.1400,0.0538,0.0000,0,0.8000,-0.5000,0
12.938,-0.1392,-0.8612,-0.0000,1.0063,0.1400,0.0538,0.0000,0,0.8000,-0.5000,0
12.958,-0.1392,-0.8612,-0.0000,1.0063,0.1400,0.0538,0.0000,0,0.8000,-0.5000,0
12.980,-0.1392,-0.8612,-0.0000,1.0063,0.1400,0.0538,0.0000,0,0.8000,-0.5000,0
12.999,-0.1382,-0.8608,-0.0000,1.0052,0.1400,0.0538,0.0000,0,0.8000,-0.5000,0
13.018,-0.1382,-0.8608,-0.0000,1.0052,0.1400,0.0538,0.0000,0,0.8000,-0.5000,0
13.038,-0.1382,-0.8608,-0.0000,1.0052,0.1400,0.0538,0.0000,0,0.8000,-0.5000,0
13.058,-0.1382,-0.8608,-0.0000,1.0052,0.1400,0.0538,0.0000,0,0.8000,-0.5000,0
13.079,-0.1382,-0.8608,-0.0000,1.0052,0.1400,0.0538,0.0000,0,0.8000,-0.5000,0
13.098,-0.1382,-0.8608,-0.0000,1.0052,0.1400,0.0538,0.0000,0,0.8000,-0.5000,0
13.118,-0.1382,-0.8608,-0.0000,1.0052,0.1400,0.0538,0.0000,0,0.8000,-0.5000,0
13.139,-0.1382,-0.8608,-0.0000,1.0052,0.1400,0.0538,0.0000,0,0.8000,-0.5000,0
13.158,-0.1382,-0.8608,-0.0000,1.0052,0.1400,0.0538,0.0000,0,0.8000,-0.5000,0
13.178,-0.1361,-0.8600,-0.0000,1.0029,0.1400,0.0538,0.0000,0,0.8000,-0.5000,0
13.198,-0.1351,-0.8596,-0.0000,1.0018,0.1400,0.0538,0.0000,0,0.8000,-0.5000,0
13.218,-0.1319,-0.8585,-0.0000,0.9985,0.1400,0.0538,0.0000,0,0.8000,-0.5000,0
13.238,-0.1309,-0.8581,-0.0000,0.9974,0.1400,0.0538,0.0000,0,0.8000,-0.5000,0
13.258,-0.1288,-0.8573,-0.0000,0.9952,0.1400,0.0538,0.0000,0,0.8000,-0.5000,0
13.278,-0.1278,-0.8569,-0.0000,0.9941,0.1400,0.0538,0.0000,0,0.8000,-0.5000,0
13.298,-0.1278,-0.8569,-0.0000,0.9941,0.1400,0.0538,0.0000,0,0.8000,-0.5000,0
13.318,-0.1278,-0.8569,-0.0000,0.9941,0.1400,0.0538,0.0000,0,0.8000,-0.5000,0
13.338,-0.1278,-0.8569,-0.0000,0.9941,0.1400,0.0538,0.0000,0,0.8000,-0.5000,0
13.359,-0.1268,-0.8565,-0.0000,0.9930,0.1400,0.0538,0.0000,0,0.8000,-0.5000,0
13.378,-0.1268,-0.8565,-0.0000,0.9930,0.1400,0.0538,0.0000,0,0.8000,-0.5000,0
13.398,-0.1268,-0.8565,-0.0000,0.9930,0.1400,0.0538,0.0000,0,0.8000,-0.5000,0
13.419,-0.1268,-0.8565,-0.0000,0.9930,0.1400,0.0538,0.0000,0,0.8000,-0.5000,0
13.438,-0.1268,-0.8565,-0.0000,0.9930,0.1400,0.0538,0.0000,0,0.8000,-0.5000,0
13.458,-0.1268,-0.8565,-0.0000,0.9930,0.1400,0.0538,0.0000,0,0.8000,-0.5000,0
13.478,-0.1268,-0.8565,-0.0000,0.9930,0.1400,0.0538,0.0000,0,0.8000,-0.5000,0
13.500,-0.1268,-0.8565,-0.0000,0.9930,0.1400,0.0538,0.0000,0,0.8000,-0.5000,0
13.518,-0.1257,-0.8561,-0.0000,0.9919,0.1400,0.0538,0.0000,0,0.8000,-0.5000,0
13.538,-0.1237,-0.8553,-0.0000,0.9896,0.1400,0.0538,0.0000,0,0.8000,-0.5000,0
13.559,-0.1226,-0.8549,-0.0000,0.9885,0.1400,0.0538,0.0000,0,0.8000,-0.5000,0
13.578,-0.1206,-0.8541,-0.0000,0.9863,0.1400,0.0538,0.0000,0,0.8000,-0.5000,0
13.601,-0.1206,-0.8541,-0.0000,0.9863,0.1400,0.0538,0.0000,0,0.8000,-0.5000,0
13.618,-0.1195,-0.8537,-0.0000,0.9852,0.1400,0.0538,0.0000,0,0.8000,-0.5000,0
13.638,-0.1185,-0.8533,-0.0000,0.9841,0.1400,0.0538,0.0000,0,0.8000,-0.5000,0
13.658,-0.1185,-0.8533,-0.0000,0.9841,0.1400,0.0538,0.0000,0,0.8000,-0.5000,0
13.678,-0.1185,-0.8533,-0.0000,0.9841,0.1400,0.0538,0.0000,0,0.8000,-0.5000,0
13.698,-0.1175,-0.8529,-0.0000,0.9830,0.1400,0.0538,0.0000,0,0.8000,-0.5000,0
13.718,-0.1175,-0.8529,-0.0000,0.9830,0.1400,0.0538,0.0000,0,0.8000,-0.5000,0
13.738,-0.1175,-0.8529,-0.0000,0.9830,0.1400,0.0538,0.0000,0,0.8000,-0.5000,0
13.758,-0.1164,-0.8525,-0.0000,0.9819,0.1400,0.0538,0.0000,0,0.8000,-0.5000,0
13.778,-0.1154,-0.8521,-0.0000,0.9808,0.1400,0.0538,0.0000,0,0.8000,-0.5000,0
13.798,-0.1154,-0.8521,-0.0000,0.9808,0.1400,0.0538,0.0000,0,0.8000,-0.5000,0
13.818,-0.1133,-0.8513,-0.0000,0.9786,0.1400,0.0538,0.0000,0,0.8000,-0.5000,0
13.840,-0.1123,-0.8509,-0.0000,0.9775,0.1400,0.0538,0.0000,0,0.8000,-0.5000,0
13.858,-0.1123,-0.8509,-0.0000,0.9775,0.1400,0.0538,0.0000,0,0.8000,-0.5000,0
13.878,-0.1113,-0.8505,-0.0000,0.9764,0.1400,0.0538,0.0000,0,0.8000,-0.5000,0
13.898,-0.1102,-0.8501,-0.0000,0.9752,0.1400,0.0538,0.0000,0,0.8000,-0.5000,0
13.918,-0.1092,-0.8497,-0.0000,0.9741,0.1400,0.0538,0.0000,0,0.8000,-0.5000,0
13.938,-0.1082,-0.8493,-0.0000,0.9730,0.1400,0.0538,0.0000,0,0.8000,-0.5000,0
13.959,-0.1082,-0.8493,-0.0000,0.9730,0.1400,0.0538,0.0000,0,0.8000,-0.5000,0
13.978,-0.1082,-0.8493,-0.0000,0.9730,0.1400,0.0538,0.0000,0,0.8000,-0.5000,0
13.999,-0.1082,-0.8493,-0.0000,0.9730,0.1400,0.0538,0.0000,0,0.8000,-0.5000,0
14.018,-0.1071,-0.8489,-0.0000,0.9719,0.1400,0.0538,0.0000,0,0.8000,-0.5000,0
14.038,-0.1071,-0.8489,-0.0000,0.9719,0.1400,0.0538,0.0000,0,0.8000,-0.5000,0
14.058,-0.1071,-0.8489,-0.0000,0.9719,0.1400,0.0538,0.0000,0,0.8000,-0.5000,0
14.078,-0.1071,-0.8489,-0.0000,0.9719,0.1400,0.0538,0.0000,0,0.8000,-0.5000,0
14.098,-0.1071,-0.8489,-0.0000,0.9719,0.1400,0.0538,0.0000,0,0.8000,-0.5000,0
14.118,-0.1071,-0.8489,-0.0000,0.9719,0.1400,0.0538,0.0000,0,0.8000,-0.5000,0
14.138,-0.1071,-0.8489,-0.0000,0.9719,0.1400,0.0538,0.0000,0,0.8000,-0.5000,0
14.158,-0.1071,-0.8489,-0.0000,0.9719,0.1400,0.0538,0.0000,0,0.8000,-0.5000,0
14.180,-0.1071,-0.8489,-0.0000,0.9719,0.1400,0.0538,0.0000,0,0.8000,-0.5000,0
14.198,-0.1061,-0.8485,-0.0000,0.9708,0.1400,0.0538,0.0000,0,0.8000,-0.5000,0
14.218,-0.1040,-0.8477,-0.0000,0.9686,0.1400,0.0538,0.0000,0,0.8000,-0.5000,0
14.238,-0.1030,-0.8473,-0.0000,0.9675,0.1400,0.0538,0.0000,0,0.8000,-0.5000,0
14.258,-0.1020,-0.8469,-0.0000,0.9664,0.1400,0.0538,0.0000,0,0.8000,-0.5000,0
14.278,-0.1020,-0.8469,-0.0000,0.9664,0.1400,0.0538,0.0000,0,0.8000,-0.5000,0
14.299,-0.1020,-0.8469,-0.0000,0.9664,0.1400,0.0538,0.0000,0,0.8000,-0.5000,0
14.319,-0.1009,-0.8465,-0.0000,0.9653,0.1400,0.0538,0.0000,0,0.8000,-0.5000,0
14.338,-0.0999,-0.8461,-0.0000,0.9642,0.1400,0.0538,0.0000,0,0.8000,-0.5000,0
14.358,-0.0999,-0.8461,-0.0000,0.9642,0.1400,0.0538,0.0000,0,0.8000,-0.5000,0
14.378,-0.0989,-0.8457,-0.0000,0.9631,0.1400,0.0538,0.0000,0,0.8000,-0.5000,0
14.398,-0.0989,-0.8457,-0.0000,0.9631,0.1400,0.0538,0.0000,0,0.8000,-0.5000,0
14.418,-0.0989,-0.8457,-0.0000,0.9631,0.1400,0.0538,0.0000,0,0.8000,-0.5000,0
14.438,-0.0989,-0.8457,-0.0000,0.9631,0.1400,0.0538,0.0000,0,0.8000,-0.5000,0
14.459,-0.0989,-0.8457,-0.0000,0.9631,0.1400,0.0538,0.0000,0,0.8000,-0.5000,0
14.479,-0.0989,-0.8457,-0.0000,0.9631,0.1400,0.0538,0.0000,0,0.8000,-0.5000,0
14.498,-0.0989,-0.8457,-0.0000,0.9631,0.1400,0.0538,0.0000,0,0.8000,-0.5000,0
14.518,-0.0989,-0.8457,-0.0000,0.9631,0.1400,0.0538,0.0000,0,0.8000,-0.5000,0
14.540,-0.0989,-0.8457,-0.0000,0.9631,0.1400,0.0538,0.0000,0,0.8000,-0.5000,0
14.558,-0.0978,-0.8453,-0.0000,0.9620,0.1400,0.0538,0.0000,0,0.8000,-0.5000,0
14.578,-0.0958,-0.8445,-0.0000,0.9597,0.1400,0.0538,0.0000,0,0.8000,-0.5000,0
14.598,-0.0947,-0.8441,-0.0000,0.9586,0.1400,0.0538,0.0000,0,0.8000,-0.5000,0
14.618,-0.0927,-0.8433,-0.0000,0.9564,0.1400,0.0538,0.0000,0,0.8000,-0.5000,0
14.638,-0.0927,-0.8433,-0.0000,0.9564,0.1400,0.0538,0.0000,0,0.8000,-0.5000,0
14.658,-0.0927,-0.8433,-0.0000,0.9564,0.1400,0.0538,0.0000,0,0.8000,-0.5000,0
14.679,-0.0916,-0.8429,-0.0000,0.9553,0.1400,0.0538,0.0000,0,0.8000,-0.5000,0
14.698,-0.0916,-0.8429,-0.0000,0.9553,0.1400,0.0538,0.0000,0,0.8000,-0.5000,0
14.718,-0.0916,-0.8429,-0.0000,0.9553,0.1400,0.0538,0.0000,0,0.8000,-0.5000,0
14.738,-0.0916,-0.8429,-0.0000,0.9553,0.1400,0.0538,0.0000,0,0.8000,-0.5000,0
14.758,-0.0916,-0.8429,-0.0000,0.9553,0.1400,0.0538,0.0000,0,0.8000,-0.5000,0
14.778,-0.0916,-0.8429,-0.0000,0.9553,0.1400,0.0538,0.0000,0,0.8000,-0.5000,0
14.798,-0.0916,-0.8429,-0.0000,0.9553,0.1400,0.0538,0.0000,0,0.8000,-0.5000,0
14.820,-0.0916,-0.8429,-0.0000,0.9553,0.1400,0.0538,0.0000,0,0.8000,-0.5000,0
14.839,-0.0916,-0.8429,-0.0000,0.9553,0.1400,0.0538,0.0000,0,0.8000,-0.5000,0
14.858,-0.0896,-0.8421,-0.0000,0.9531,0.1400,0.0538,0.0000,0,0.8000,-0.5000,0
14.878,-0.0885,-0.8418,-0.0000,0.9520,0.1400,0.0538,0.0000,0,0.8000,-0.5000,0
14.899,-0.0865,-0.8410,-0.0000,0.9498,0.1400,0.0538,0.0000,0,0.8000,-0.5000,0
14.918,-0.0854,-0.8406,-0.0000,0.9487,0.1400,0.0538,0.0000,0,0.8000,-0.5000,0
14.938,-0.0854,-0.8406,-0.0000,0.9487,0.1400,0.0538,0.0000,0,0.8000,-0.5000,0
14.958,-0.0854,-0.8406,-0.0000,0.9487,0.1400,0.0538,0.0000,0,0.8000,-0.5000,0
14.980,-0.0844,-0.8402,-0.0000,0.9476,0.1400,0.0538,0.0000,0,0.8000,-0.5000,0
14.998,-0.0844,-0.8402,-0.0000,0.9476,0.1400,0.0538,0.0000,0,0.8000,-0.5000,0
15.019,-0.0844,-0.8402,-0.0000,0.9476,0.1400,0.0538,0.0000,0,0.8000,-0.5000,0
15.039,-0.0834,-0.8398,-0.0000,0.9464,0.1400,0.0538,0.0000,0,0.8000,-0.5000,0
15.058,-0.0823,-0.8394,-0.0000,0.9453,0.1400,0.0538,0.0000,0,0.8000,-0.5000,0
15.078,-0.0813,-0.8390,-0.0000,0.9442,0.1400,0.0538,0.0000,0,0.8000,-0.5000,0
15.098,-0.0792,-0.8382,-0.0000,0.9420,0.1400,0.0538,0.0000,0,0.8000,-0.5000,0
15.118,-0.0792,-0.8382,-0.0000,0.9420,0.1400,0.0538,0.0000,0,0.8000,-0.5000,0
15.139,-0.0792,-0.8382,-0.0000,0.9420,0.1400,0.0538,0.0000,0,0.8000,-0.5000,0
15.158,-0.0772,-0.8374,-0.0000,0.9398,0.1400,0.0538,0.0000,0,0.8000,-0.5000,0
15.179,-0.0772,-0.8374,-0.0000,0.9398,0.1400,0.0538,0.0000,0,0.8000,-0.5000,0
15.198,-0.0761,-0.8370,-0.0000,0.9387,0.1400,0.0538,0.0000,0,0.8000,-0.5000,0
15.218,-0.0751,-0.8366,-0.0000,0.9376,0.1400,0.0538,0.0000,0,0.8000,-0.5000,0
15.238,-0.0751,-0.8366,-0.0000,0.9376,0.1400,0.0538,0.0000,0,0.8000,-0.5000,0
15.258,-0.0751,-0.8366,-0.0000,0.9376,0.1400,0.0538,0.0000,0,0.8000,-0.5000,0
15.278,-0.0751,-0.8366,-0.0000,0.9376,0.1400,0.0538,0.0000,0,0.8000,-0.5000,0
15.299,-0.0741,-0.8362,-0.0000,0.9365,0.1400,0.0538,0.0000,0,0.8000,-0.5000,0
15.318,-0.0730,-0.8358,-0.0000,0.9354,0.1400,0.0538,0.0000,0,0.8000,-0.5000,0
15.338,-0.0730,-0.8358,-0.0000,0.9354,0.1400,0.0538,0.0000,0,0.8000,-0.5000,0
15.358,-0.0720,-0.8354,-0.0000,0.9343,0.1400,0.0538,0.0000,0,0.8000,-0.5000,0
15.378,-0.0710,-0.8350,-0.0000,0.9332,0.1400,0.0538,0.0000,0,0.8000,-0.5000,0
15.398,-0.0699,-0.8346,-0.0000,0.9320,0.1400,0.0538,0.0000,0,0.8000,-0.5000,0
15.418,-0.0679,-0.8338,-0.0000,0.9298,0.1400,0.0538,0.0000,0,0.8000,-0.5000,0
15.439,-0.0679,-0.8338,-0.0000,0.9298,0.1400,0.0538,0.0000,0,0.8000,-0.5000,0
15.458,-0.0679,-0.8338,-0.0000,0.9298,0.1400,0.0538,0.0000,0,0.8000,-0.5000,0
15.478,-0.0668,-0.8334,-0.0000,0.9287,0.1400,0.0538,0.0000,0,0.8000,-0.5000,0
15.499,-0.0658,-0.8330,-0.0000,0.9276,0.1400,0.0538,0.0000,0,0.8000,-0.5000,0
15.518,-0.0658,-0.8330,-0.0000,0.9276,0.1400,0.0538,0.0000,0,0.8000,-0.5000,0
15.538,-0.0637,-0.8322,-0.0000,0.9254,0.1400,0.0538,0.0000,0,0.8000,-0.5000,0
15.558,-0.0637,-0.8322,-0.0000,0.9254,0.1400,0.0538,0.0000,0,0.8000,-0.5000,0
15.578,-0.0637,-0.8322,-0.0000,0.9254,0.1400,0.0538,0.0000,0,0.8000,-0.5000,0
15.598,-0.0637,-0.8322,-0.0000,0.9254,0.1400,0.0538,0.0000,0,0.8000,-0.5000,0
15.619,-0.0637,-0.8322,-0.0000,0.9254,0.1400,0.0538,0.0000,0,0.8000,-0.5000,0
15.638,-0.0627,-0.8318,-0.0000,0.9243,0.1400,0.0538,0.0000,0,0.8000,-0.5000,0
15.658,-0.0627,-0.8318,-0.0000,0.9243,0.1400,0.0538,0.0000,0,0.8000,-0.5000,0
15.678,-0.0627,-0.8318,-0.0000,0.9243,0.1400,0.0538,0.0000,0,0.8000,-0.5000,0
15.698,-0.0616,-0.8314,-0.0000,0.9232,0.1400,0.0538,0.0000,0,0.8000,-0.5000,0
15.718,-0.0606,-0.8310,-0.0000,0.9221,0.1400,0.0538,0.0000,0,0.8000,-0.5000,0
15.738,-0.0596,-0.8306,-0.0000,0.9210,0.1400,0.0538,0.0000,0,0.8000,-0.5000,0
15.758,-0.0585,-0.8302,-0.0000,0.9199,0.1400,0.0538,0.0000,0,0.8000,-0.5000,0
15.778,-0.0585,-0.8302,-0.0000,0.9199,0.1400,0.0538,0.0000,0,0.8000,-0.5000,0
15.798,-0.0575,-0.8298,-0.0000,0.9188,0.1400,0.0538,0.0000,0,0.8000,-0.5000,0
15.818,-0.0565,-0.8294,-0.0000,0.9176,0.1400,0.0538,0.0000,0,0.8000,-0.5000,0
15.838,-0.0565,-0.8294,-0.0000,0.9176,0.1400,0.0538,0.0000,0,0.8000,-0.5000,0
15.858,-0.0565,-0.8294,-0.0000,0.9176,0.1400,0.0538,0.0000,0,0.8000,-0.5000,0
15.880,-0.0565,-0.8294,-0.0000,0.9176,0.1400,0.0538,0.0000,0,0.8000,-0.5000,0
15.898,-0.0554,-0.8290,-0.0000,0.9165,0.1400,0.0538,0.0000,0,0.8000,-0.5000,0
15.918,-0.0544,-0.8286,-0.0000,0.9154,0.1400,0.0538,0.0000,0,0.8000,-0.5000,0
15.938,-0.0544,-0.8286,-0.0000,0.9154,0.1400,0.0538,0.0000,0,0.8000,-0.5000,0
15.959,-0.0544,-0.8286,-0.0000,0.9154,0.1400,0.0538,0.0000,0,0.8000,-0.5000,0
15.978,-0.0534,-0.8282,-0.0000,0.9143,0.1400,0.0538,0.0000,0,0.8000,-0.5000,0
15.998,-0.0534,-0.8282,-0.0000,0.9143,0.1400,0.0538,0.0000,0,0.8000,-0.5000,0
16.018,-0.0534,-0.8282,-0.0000,0.9143,0.1400,0.0538,0.0000,0,0.8000,-0.5000,0
16.038,-0.0534,-0.8282,-0.0000,0.9143,0.1400,0.0538,0.0000,0,0.8000,-0.5000,0
16.058,-0.0534,-0.8282,-0.0000,0.9143,0.1400,0.0538,0.0000,0,0.8000,-0.5000,0
16.078,-0.0534,-0.8282,-0.0000,0.9143,0.1400,0.0538,0.0000,0,0.8000,-0.5000,0
16.098,-0.0534,-0.8282,-0.0000,0.9143,0.1400,0.0538,0.0000,0,0.8000,-0.5000,0
16.120,-0.0534,-0.8282,-0.0000,0.9143,0.1400,0.0538,0.0000,0,0.8000,-0.5000,0
16.138,-0.0523,-0.8278,-0.0000,0.9132,0.1400,0.0538,0.0000,0,0.8000,-0.5000,0
16.158,-0.0503,-0.8270,-0.0000,0.9110,0.1400,0.0538,0.0000,0,0.8000,-0.5000,0
16.178,-0.0492,-0.8266,-0.0000,0.9099,0.1400,0.0538,0.0000,0,0.8000,-0.5000,0
16.199,-0.0472,-0.8258,-0.0000,0.9077,0.1400,0.0538,0.0000,0,0.8000,-0.5000,0
16.218,-0.0451,-0.8250,-0.0000,0.9055,0.1400,0.0538,0.0000,0,0.8000,-0.5000,0
16.238,-0.0441,-0.8247,-0.0000,0.9044,0.1400,0.0538,0.0000,0,0.8000,-0.5000,0
16.259,-0.0441,-0.8247,-0.0000,0.9044,0.1400,0.0538,0.0000,0,0.8000,-0.5000,0
16.278,-0.0441,-0.8247,-0.0000,0.9044,0.1400,0.0538,0.0000,0,0.8000,-0.5000,0
16.300,-0.0441,-0.8247,-0.0000,0.9044,0.1400,0.0538,0.0000,0,0.8000,-0.5000,0
16.319,-0.0430,-0.8243,-0.0000,0.9032,0.1400,0.0538,0.0000,0,0.8000,-0.5000,0
16.338,-0.0430,-0.8243,-0.0000,0.9032,0.1400,0.0538,0.0000,0,0.8000,-0.5000,0
16.358,-0.0430,-0.8243,-0.0000,0.9032,0.1400,0.0538,0.0000,0,0.8000,-0.5000,0
16.378,-0.0430,-0.8243,-0.0000,0.9032,0.1400,0.0538,0.0000,0,0.8000,-0.5000,0
16.398,-0.0430,-0.8243,-0.0000,0.9032,0.1400,0.0538,0.0000,0,0.8000,-0.5000,0
16.419,-0.0430,-0.8243,-0.0000,0.9032,0.1400,0.0538,0.0000,0,0.8000,-0.5000,0
16.438,-0.0430,-0.8243,-0.0000,0.9032,0.1400,0.0538,0.0000,0,0.8000,-0.5000,0
16.459,-0.0430,-0.8243,-0.0000,0.9032,0.1400,0.0538,0.0000,0,0.8000,-0.5000,0
16.480,-0.0430,-0.8243,-0.0000,0.9032,0.1400,0.0538,0.0000,0,0.8000,-0.5000,0
16.498,-0.0420,-0.8239,-0.0000,0.9021,0.1400,0.0538,0.0000,0,0.8000,-0.5000,0
16.518,-0.0410,-0.8235,-0.0000,0.9010,0.1400,0.0538,0.0000,0,0.8000,-0.5000,0
16.538,-0.0399,-0.8231,-0.0000,0.8999,0.1400,0.0538,0.0000,0,0.8000,-0.5000,0
16.559,-0.0379,-0.8223,-0.0000,0.8977,0.1400,0.0538,0.0000,0,0.8000,-0.5000,0
16.578,-0.0379,-0.8223,-0.0000,0.8977,0.1400,0.0538,0.0000,0,0.8000,-0.5000,0
16.599,-0.0379,-0.8223,-0.0000,0.8977,0.1400,0.0538,0.0000,0,0.8000,-0.5000,0
16.619,-0.0368,-0.8219,-0.0000,0.8966,0.1400,0.0538,0.0000,0,0.8000,-0.5000,0
16.638,-0.0368,-0.8219,-0.0000,0.8966,0.1400,0.0538,0.0000,0,0.8000,-0.5000,0
16.658,-0.0368,-0.8219,-0.0000,0.8966,0.1400,0.0538,0.0000,0,0.8000,-0.5000,0
16.678,-0.0358,-0.8215,-0.0000,0.8955,0.1400,0.0538,0.0000,0,0.8000,-0.5000,0
16.700,-0.0348,-0.8211,-0.0000,0.8944,0.1400,0.0538,0.0000,0,0.8000,-0.5000,0
16.718,-0.0337,-0.8207,-0.0000,0.8933,0.1400,0.0538,0.0000,0,0.8000,-0.5000,0
16.738,-0.0327,-0.8203,-0.0000,0.8922,0.1400,0.0538,0.0000,0,0.8000,-0.5000,0
16.759,-0.0306,-0.8195,-0.0000,0.8900,0.1400,0.0538,0.0000,0,0.8000,-0.5000,0
16.778,-0.0306,-0.8195,-0.0000,0.8900,0.1400,0.0538,0.0000,0,0.8000,-0.5000,0
16.799,-0.0306,-0.8195,-0.0000,0.8900,0.1400,0.0538,0.0000,0,0.8000,-0.5000,0
16.818,-0.0296,-0.8191,-0.0000,0.8888,0.1400,0.0538,0.0000,0,0.8000,-0.5000,0
16.840,-0.0286,-0.8187,-0.0000,0.8877,0.1400,0.0538,0.0000,0,0.8000,-0.5000,0
16.858,-0.0275,-0.8183,-0.0000,0.8866,0.1400,0.0538,0.0000,0,0.8000,-0.5000,0
16.879,-0.0265,-0.8179,-0.0000,0.8855,0.1400,0.0538,0.0000,0,0.8000,-0.5000,0
16.898,-0.0265,-0.8179,-0.0000,0.8855,0.1400,0.0538,0.0000,0,0.8000,-0.5000,0
16.920,-0.0265,-0.8179,-0.0000,0.8855,0.1400,0.0538,0.0000,0,0.8000,-0.5000,0
16.938,-0.0265,-0.8179,-0.0000,0.8855,0.1400,0.0538,0.0000,0,0.8000,-0.5000,0
16.961,-0.0265,-0.8179,-0.0000,0.8855,0.1400,0.0538,0.0000,0,0.8000,-0.5000,0
16.979,-0.0255,-0.8175,-0.0000,0.8844,0.1400,0.0538,0.0000,0,0.8000,-0.5000,0
16.999,-0.0255,-0.8175,-0.0000,0.8844,0.1400,0.0538,0.0000,0,0.8000,-0.5000,0
17.018,-0.0255,-0.8175,-0.0000,0.8844,0.1400,0.0538,0.0000,0,0.8000,-0.5000,0
17.038,-0.0255,-0.8175,-0.0000,0.8844,0.1400,0.0538,0.0000,0,0.8000,-0.5000,0
17.058,-0.0244,-0.8171,-0.0000,0.8833,0.1400,0.0538,0.0000,0,0.8000,-0.5000,0
17.079,-0.0234,-0.8167,-0.0000,0.8822,0.1400,0.0538,0.0000,0,0.8000,-0.5000,0
17.098,-0.0234,-0.8167,-0.0000,0.8822,0.1400,0.0538,0.0000,0,0.8000,-0.5000,0
17.118,-0.0213,-0.8159,-0.0000,0.8800,0.1400,0.0538,0.0000,0,0.8000,-0.5000,0
17.139,-0.0213,-0.8159,-0.0000,0.8800,0.1400,0.0538,0.0000,0,0.8000,-0.5000,0
17.158,-0.0213,-0.8159,-0.0000,0.8800,0.1400,0.0538,0.0000,0,0.8000,-0.5000,0
17.178,-0.0193,-0.8151,-0.0000,0.8778,0.1400,0.0538,0.0000,0,0.8000,-0.5000,0
17.198,-0.0182,-0.8147,-0.0000,0.8767,0.1400,0.0538,0.0000,0,0.8000,-0.5000,0
17.218,-0.0182,-0.8147,-0.0000,0.8767,0.1400,0.0538,0.0000,0,0.8000,-0.5000,0
17.238,-0.0172,-0.8143,-0.0000,0.8756,0.1400,0.0538,0.0000,0,0.8000,-0.5000,0
17.258,-0.0162,-0.8139,-0.0000,0.8744,0.1400,0.0538,0.0000,0,0.8000,-0.5000,0
17.278,-0.0162,-0.8139,-0.0000,0.8744,0.1400,0.0538,0.0000,0,0.8000,-0.5000,0
17.298,-0.0162,-0.8139,-0.0000,0.8744,0.1400,0.0538,0.0000,0,0.8000,-0.5000,0
17.318,-0.0162,-0.8139,-0.0000,0.8744,0.1400,0.0538,0.0000,0,0.8000,-0.5000,0
17.338,-0.0151,-0.8135,-0.0000,0.8733,0.1400,0.0538,0.0000,0,0.8000,-0.5000,0
17.359,-0.0151,-0.8135,-0.0000,0.8733,0.1400,0.0538,0.0000,0,0.8000,-0.5000,0
17.378,-0.0151,-0.8135,-0.0000,0.8733,0.1400,0.0538,0.0000,0,0.8000,-0.5000,0
17.399,-0.0151,-0.8135,-0.0000,0.8733,0.1400,0.0538,0.0000,0,0.8000,-0.5000,0
17.420,-0.0151,-0.8135,-0.0000,0.8733,0.1400,0.0538,0.0000,0,0.8000,-0.5000,0
17.438,-0.0151,-0.8135,-0.0000,0.8733,0.1400,0.0538,0.0000,0,0.8000,-0.5000,0
17.458,-0.0151,-0.8135,-0.0000,0.8733,0.1400,0.0538,0.0000,0,0.8000,-0.5000,0
17.480,-0.0151,-0.8135,-0.0000,0.8733,0.1400,0.0538,0.0000,0,0.8000,-0.5000,0
17.499,-0.0151,-0.8135,-0.0000,0.8733,0.1400,0.0538,0.0000,0,0.8000,-0.5000,0
17.518,-0.0141,-0.8131,-0.0000,0.8722,0.1400,0.0538,0.0000,0,0.8000,-0.5000,0
17.539,-0.0120,-0.8123,-0.0000,0.8700,0.1400,0.0538,0.0000,0,0.8000,-0.5000,0
17.558,-0.0110,-0.8119,-0.0000,0.8689,0.1400,0.0538,0.0000,0,0.8000,-0.5000,0
17.578,-0.0089,-0.8111,-0.0000,0.8667,0.1400,0.0538,0.0000,0,0.8000,-0.5000,0
17.598,-0.0089,-0.8111,-0.0000,0.8667,0.1400,0.0538,0.0000,0,0.8000,-0.5000,0
17.619,-0.0089,-0.8111,-0.0000,0.8667,0.1400,0.0538,0.0000,0,0.8000,-0.5000,0
17.638,-0.0069,-0.8103,-0.0000,0.8645,0.1400,0.0538,0.0000,0,0.8000,-0.5000,0
17.658,-0.0069,-0.8103,-0.0000,0.8645,0.1400,0.0538,0.0000,0,0.8000,-0.5000,0
17.678,-0.0069,-0.8103,-0.0000,0.8645,0.1400,0.0538,0.0000,0,0.8000,-0.5000,0
17.698,-0.0069,-0.8103,-0.0000,0.8645,0.1400,0.0538,0.0000,0,0.8000,-0.5000,0
17.719,-0.0058,-0.8099,-0.0000,0.8634,0.1400,0.0538,0.0000,0,0.8000,-0.5000,0
17.738,-0.0058,-0.8099,-0.0000,0.8634,0.1400,0.0538,0.0000,0,0.8000,-0.5000,0
17.762,-0.0058,-0.8099,-0.0000,0.8634,0.1400,0.0538,0.0000,0,0.8000,-0.5000,0
17.779,-0.0058,-0.8099,-0.0000,0.8634,0.1400,0.0538,0.0000,0,0.8000,-0.5000,0
17.799,-0.0058,-0.8099,-0.0000,0.8634,0.1400,0.0538,0.0000,0,0.8000,-0.5000,0
17.820,-0.0058,-0.8099,-0.0000,0.8634,0.1400,0.0538,0.0000,0,0.8000,-0.5000,0
17.838,-0.0058,-0.8099,-0.0000,0.8634,0.1400,0.0538,0.0000,0,0.8000,-0.5000,0
17.859,-0.0058,-0.8099,-0.0000,0.8634,0.1400,0.0538,0.0000,0,0.8000,-0.5000,0
17.880,-0.0058,-0.8099,-0.0000,0.8634,0.1400,0.0538,0.0000,0,0.8000,-0.5000,0
17.898,-0.0048,-0.8095,-0.0000,0.8623,0.1400,0.0538,0.0000,0,0.8000,-0.5000,0
17.918,-0.0027,-0.8087,-0.0000,0.8600,0.1400,0.0538,0.0000,0,0.8000,-0.5000,0
17.938,-0.0017,-0.8083,-0.0000,0.8589,0.1400,0.0538,0.0000,0,0.8000,-0.5000,0
17.958,-0.0017,-0.8083,-0.0000,0.8589,0.1400,0.0538,0.0000,0,0.8000,-0.5000,0
17.978,-0.0017,-0.8083,-0.0000,0.8589,0.1400,0.0538,0.0000,0,0.8000,-0.5000,0
17.998,-0.0017,-0.8083,-0.0000,0.8589,0.1400,0.0538,0.0000,0,0.8000,-0.5000,0
18.018,0.0014,-0.8072,-0.0000,0.8556,0.1400,0.0538,0.0000,0,0.8000,-0.5000,0
18.038,0.0014,-0.8072,-0.0000,0.8556,0.1400,0.0538,0.0000,0,0.8000,-0.5000,0
18.059,0.0014,-0.8072,-0.0000,0.8556,0.1400,0.0538,0.0000,0,0.8000,-0.5000,0
18.078,0.0025,-0.8068,-0.0000,0.8545,0.1400,0.0538,0.0000,0,0.8000,-0.5000,0
18.098,0.0035,-0.8064,-0.0000,0.8534,0.1400,0.0538,0.0000,0,0.8000,-0.5000,0
18.119,0.0035,-0.8064,-0.0000,0.8534,0.1400,0.0538,0.0000,0,0.8000,-0.5000,0
18.138,0.0045,-0.8060,-0.0000,0.8523,0.1400,0.0538,0.0000,0,0.8000,-0.5000,0
18.158,0.0056,-0.8056,-0.0000,0.8512,0.1400,0.0538,0.0000,0,0.8000,-0.5000,0
18.179,0.0056,-0.8056,-0.0000,0.8512,0.1400,0.0538,0.0000,0,0.8000,-0.5000,0
18.198,0.0076,-0.8048,-0.0000,0.8490,0.1400,0.0538,0.0000,0,0.8000,-0.5000,0
18.218,0.0076,-0.8048,-0.0000,0.8490,0.1400,0.0538,0.0000,0,0.8000,-0.5000,0
18.240,0.0076,-0.8048,-0.0000,0.8490,0.1400,0.0538,0.0000,0,0.8000,-0.5000,0
18.258,0.0076,-0.8048,-0.0000,0.8490,0.1400,0.0538,0.0000,0,0.8000,-0.5000,0
18.278,0.0076,-0.8048,-0.0000,0.8490,0.1400,0.0538,0.0000,0,0.8000,-0.5000,0
18.299,0.0087,-0.8044,-0.0000,0.8479,0.1400,0.0538,0.0000,0,0.8000,-0.5000,0
18.319,0.0087,-0.8044,-0.0000,0.8479,0.1400,0.0538,0.0000,0,0.8000,-0.5000,0
18.338,0.0087,-0.8044,-0.0000,0.8479,0.1400,0.0538,0.0000,0,0.8000,-0.5000,0
18.359,0.0087,-0.8044,-0.0000,0.8479,0.1400,0.0538,0.0000,0,0.8000,-0.5000,0
18.379,0.0087,-0.8044,-0.0000,0.8479,0.1400,0.0538,0.0000,0,0.8000,-0.5000,0
18.398,0.0087,-0.8044,-0.0000,0.8479,0.1400,0.0538,0.0000,0,0.8000,-0.5000,0
18.418,0.0087,-0.8044,-0.0000,0.8479,0.1400,0.0538,0.0000,0,0.8000,-0.5000,0
18.439,0.0087,-0.8044,-0.0000,0.8479,0.1400,0.0538,0.0000,0,0.8000,-0.5000,0
18.458,0.0087,-0.8044,-0.0000,0.8479,0.1400,0.0538,0.0000,0,0.8000,-0.5000,0
18.479,0.0107,-0.8036,-0.0000,0.8456,0.1400,0.0538,0.0000,0,0.8000,-0.5000,0
18.498,0.0118,-0.8032,-0.0000,0.8445,0.1400,0.0538,0.0000,0,0.8000,-0.5000,0
18.519,0.0138,-0.8024,-0.0000,0.8423,0.1400,0.0538,0.0000,0,0.8000,-0.5000,0
18.538,0.0149,-0.8020,-0.0000,0.8412,0.1400,0.0538,0.0000,0,0.8000,-0.5000,0
18.562,0.0149,-0.8020,-0.0000,0.8412,0.1400,0.0538,0.0000,0,0.8000,-0.5000,0
18.579,0.0159,-0.8016,-0.0000,0.8401,0.1400,0.0538,0.0000,0,0.8000,-0.5000,0
18.599,0.0169,-0.8012,-0.0000,0.8390,0.1400,0.0538,0.0000,0,0.8000,-0.5000,0
18.618,0.0169,-0.8012,-0.0000,0.8390,0.1400,0.0538,0.0000,0,0.8000,-0.5000,0
18.640,0.0169,-0.8012,-0.0000,0.8390,0.1400,0.0538,0.0000,0,0.8000,-0.5000,0
18.658,0.0180,-0.8008,-0.0000,0.8379,0.1400,0.0538,0.0000,0,0.8000,-0.5000,0
18.678,0.0180,-0.8008,-0.0000,0.8379,0.1400,0.0538,0.0000,0,0.8000,-0.5000,0
18.698,0.0180,-0.8008,-0.0000,0.8379,0.1400,0.0538,0.0000,0,0.8000,-0.5000,0
18.718,0.0180,-0.8008,-0.0000,0.8379,0.1400,0.0538,0.0000,0,0.8000,-0.5000,0
18.738,0.0180,-0.8008,-0.0000,0.8379,0.1400,0.0538,0.0000,0,0.8000,-0.5000,0
18.758,0.0180,-0.8008,-0.0000,0.8379,0.1400,0.0538,0.0000,0,0.8000,-0.5000,0
18.778,0.0180,-0.8008,-0.0000,0.8379,0.1400,0.0538,0.0000,0,0.8000,-0.5000,0
18.799,0.0180,-0.8008,-0.0000,0.8379,0.1400,0.0538,0.0000,0,0.8000,-0.5000,0
18.818,0.0190,-0.8004,-0.0000,0.8368,0.1400,0.0538,0.0000,0,0.8000,-0.5000,0
18.838,0.0211,-0.7996,-0.0000,0.8346,0.1400,0.0538,0.0000,0,0.8000,-0.5000,0
18.858,0.0221,-0.7992,-0.0000,0.8335,0.1400,0.0538,0.0000,0,0.8000,-0.5000,0
18.878,0.0252,-0.7980,-0.0000,0.8301,0.1400,0.0538,0.0000,0,0.8000,-0.5000,0
18.898,0.0252,-0.7980,-0.0000,0.8301,0.1400,0.0538,0.0000,0,0.8000,-0.5000,0
18.918,0.0262,-0.7976,-0.0000,0.8290,0.1400,0.0538,0.0000,0,0.8000,-0.5000,0
18.939,0.0273,-0.7972,-0.0000,0.8279,0.1400,0.0538,0.0000,0,0.8000,-0.5000,0
18.958,0.0273,-0.7972,-0.0000,0.8279,0.1400,0.0538,0.0000,0,0.8000,-0.5000,0
18.978,0.0273,-0.7972,-0.0000,0.8279,0.1400,0.0538,0.0000,0,0.8000,-0.5000,0
18.999,0.0283,-0.7968,-0.0000,0.8268,0.1400,0.0538,0.0000,0,0.8000,-0.5000,0
19.018,0.0283,-0.7968,-0.0000,0.8268,0.1400,0.0538,0.0000,0,0.8000,-0.5000,0
19.038,0.0283,-0.7968,-0.0000,0.8268,0.1400,0.0538,0.0000,0,0.8000,-0.5000,0
19.060,0.0283,-0.7968,-0.0000,0.8268,0.1400,0.0538,0.0000,0,0.8000,-0.5000,0
19.079,0.0283,-0.7968,-0.0000,0.8268,0.1400,0.0538,0.0000,0,0.8000,-0.5000,0
19.098,0.0283,-0.7968,-0.0000,0.8268,0.1400,0.0538,0.0000,0,0.8000,-0.5000,0
19.119,0.0283,-0.7968,-0.0000,0.8268,0.1400,0.0538,0.0000,0,0.8000,-0.5000,0
19.138,0.0283,-0.7968,-0.0000,0.8268,0.1400,0.0538,0.0000,0,0.8000,-0.5000,0
19.159,0.0283,-0.7968,-0.0000,0.8268,0.1400,0.0538,0.0000,0,0.8000,-0.5000,0
19.178,0.0304,-0.7960,-0.0000,0.8246,0.1400,0.0538,0.0000,0,0.8000,-0.5000,0
19.198,0.0314,-0.7956,-0.0000,0.8235,0.1400,0.0538,0.0000,0,0.8000,-0.5000,0
19.218,0.0335,-0.7948,-0.0000,0.8213,0.1400,0.0538,0.0000,0,0.8000,-0.5000,0
19.238,0.0355,-0.7940,-0.0000,0.8191,0.1400,0.0538,0.0000,0,0.8000,-0.5000,0
19.258,0.0355,-0.7940,-0.0000,0.8191,0.1400,0.0538,0.0000,0,0.8000,-0.5000,0
19.279,0.0366,-0.7936,-0.0000,0.8180,0.1400,0.0538,0.0000,0,0.8000,-0.5000,0
19.299,0.0376,-0.7932,-0.0000,0.8168,0.1400,0.0538,0.0000,0,0.8000,-0.5000,0
19.318,0.0376,-0.7932,-0.0000,0.8168,0.1400,0.0538,0.0000,0,0.8000,-0.5000,0
19.340,0.0376,-0.7932,-0.0000,0.8168,0.1400,0.0538,0.0000,0,0.8000,-0.5000,0
19.359,0.0386,-0.7928,-0.0000,0.8157,0.1400,0.0538,0.0000,0,0.8000,-0.5000,0
19.378,0.0386,-0.7928,-0.0000,0.8157,0.1400,0.0538,0.0000,0,0.8000,-0.5000,0
19.398,0.0386,-0.7928,-0.0000,0.8157,0.1400,0.0538,0.0000,0,0.8000,-0.5000,0
19.418,0.0386,-0.7928,-0.0000,0.8157,0.1400,0.0538,0.0000,0,0.8000,-0.5000,0
19.438,0.0386,-0.7928,-0.0000,0.8157,0.1400,0.0538,0.0000,0,0.8000,-0.5000,0
19.458,0.0386,-0.7928,-0.0000,0.8157,0.1400,0.0538,0.0000,0,0.8000,-0.5000,0
19.478,0.0386,-0.7928,-0.0000,0.8157,0.1400,0.0538,0.0000,0,0.8000,-0.5000,0
19.499,0.0407,-0.7920,-0.0000,0.8135,0.1400,0.0538,0.0000,0,0.8000,-0.5000,0
19.518,0.0417,-0.7916,-0.0000,0.8124,0.1400,0.0538,0.0000,0,0.8000,-0.5000,0
19.538,0.0438,-0.7909,-0.0000,0.8102,0.1400,0.0538,0.0000,0,0.8000,-0.5000,0
19.559,0.0448,-0.7905,-0.0000,0.8091,0.1400,0.0538,0.0000,0,0.8000,-0.5000,0
19.578,0.0459,-0.7901,-0.0000,0.8080,0.1400,0.0538,0.0000,0,0.8000,-0.5000,0
19.598,0.0469,-0.7897,-0.0000,0.8069,0.1400,0.0538,0.0000,0,0.8000,-0.5000,0
19.619,0.0469,-0.7897,-0.0000,0.8069,0.1400,0.0538,0.0000,0,0.8000,-0.5000,0
19.638,0.0469,-0.7897,-0.0000,0.8069,0.1400,0.0538,0.0000,0,0.8000,-0.5000,0
19.658,0.0469,-0.7897,-0.0000,0.8069,0.1400,0.0538,0.0000,0,0.8000,-0.5000,0
19.679,0.0469,-0.7897,-0.0000,0.8069,0.1400,0.0538,0.0000,0,0.8000,-0.5000,0
19.699,0.0479,-0.7893,-0.0000,0.8058,0.1400,0.0538,0.0000,0,0.8000,-0.5000,0
19.718,0.0479,-0.7893,-0.0000,0.8058,0.1400,0.0538,0.0000,0,0.8000,-0.5000,0
19.739,0.0479,-0.7893,-0.0000,0.8058,0.1400,0.0538,0.0000,0,0.8000,-0.5000,0
19.758,0.0490,-0.7889,-0.0000,0.8047,0.1400,0.0538,0.0000,0,0.8000,-0.5000,0
19.778,0.0500,-0.7885,-0.0000,0.8036,0.1400,0.0538,0.0000,0,0.8000,-0.5000,0
19.798,0.0510,-0.7881,-0.0000,0.8024,0.1400,0.0538,0.0000,0,0.8000,-0.5000,0
19.818,0.0521,-0.7877,-0.0000,0.8013,0.1400,0.0538,0.0000,0,0.8000,-0.5000,0
19.838,0.0521,-0.7877,-0.0000,0.8013,0.1400,0.0538,0.0000,0,0.8000,-0.5000,0
19.859,0.0521,-0.7877,-0.0000,0.8013,0.1400,0.0538,0.0000,0,0.8000,-0.5000,0
19.878,0.0541,-0.7869,-0.0000,0.7991,0.1400,0.0538,0.0000,0,0.8000,-0.5000,0
19.898,0.0541,-0.7869,-0.0000,0.7991,0.1400,0.0538,0.0000,0,0.8000,-0.5000,0
19.918,0.0541,-0.7869,-0.0000,0.7991,0.1400,0.0538,0.0000,0,0.8000,-0.5000,0
19.939,0.0541,-0.7869,-0.0000,0.7991,0.1400,0.0538,0.0000,0,0.8000,-0.5000,0
19.960,0.0552,-0.7865,-0.0000,0.7980,0.1400,0.0538,0.0000,0,0.8000,-0.5000,0
19.978,0.0562,-0.7861,-0.0000,0.7969,0.1400,0.0538,0.0000,0,0.8000,-0.5000,0
19.998,0.0562,-0.7861,-0.0000,0.7969,0.1400,0.0538,0.0000,0,0.8000,-0.5000,0
20.018,0.0572,-0.7857,-0.0000,0.7958,0.1400,0.0538,0.0000,0,0.8000,-0.5000,0
20.038,0.0572,-0.7857,-0.0000,0.7958,0.1400,0.0538,0.0000,0,0.8000,-0.5000,0
20.058,0.0572,-0.7857,-0.0000,0.7958,0.1400,0.0538,0.0000,0,0.8000,-0.5000,0
20.078,0.0572,-0.7857,-0.0000,0.7958,0.1400,0.0538,0.0000,0,0.8000,-0.5000,0
20.099,0.0572,-0.7857,-0.0000,0.7958,0.1400,0.0538,0.0000,0,0.8000,-0.5000,0
20.118,0.0572,-0.7857,-0.0000,0.7958,0.1400,0.0538,0.0000,0,0.8000,-0.5000,0
20.140,0.0572,-0.7857,-0.0000,0.7958,0.1400,0.0538,0.0000,0,0.8000,-0.5000,0
20.159,0.0572,-0.7857,-0.0000,0.7958,0.1400,0.0538,0.0000,0,0.8000,-0.5000,0
20.179,0.0572,-0.7857,-0.0000,0.7958,0.1400,0.0538,0.0000,0,0.8000,-0.5000,0
20.198,0.0593,-0.7849,-0.0000,0.7936,0.1400,0.0538,0.0000,0,0.8000,-0.5000,0
20.218,0.0614,-0.7841,-0.0000,0.7914,0.1400,0.0538,0.0000,0,0.8000,-0.5000,0
20.239,0.0634,-0.7833,-0.0000,0.7892,0.1400,0.0538,0.0000,0,0.8000,-0.5000,0
20.258,0.0655,-0.7825,-0.0000,0.7869,0.1400,0.0538,0.0000,0,0.8000,-0.5000,0
20.281,0.0655,-0.7825,-0.0000,0.7869,0.1400,0.0538,0.0000,0,0.8000,-0.5000,0
20.298,0.0666,-0.7821,-0.0000,0.7858,0.1400,0.0538,0.0000,0,0.8000,-0.5000,0
20.318,0.0676,-0.7817,-0.0000,0.7847,0.1400,0.0538,0.0000,0,0.8000,-0.5000,0
20.338,0.0676,-0.7817,-0.0000,0.7847,0.1400,0.0538,0.0000,0,0.8000,-0.5000,0
20.359,0.0676,-0.7817,-0.0000,0.7847,0.1400,0.0538,0.0000,0,0.8000,-0.5000,0
20.378,0.0686,-0.7813,-0.0000,0.7836,0.1400,0.0538,0.0000,0,0.8000,-0.5000,0
20.398,0.0686,-0.7813,-0.0000,0.7836,0.1400,0.0538,0.0000,0,0.8000,-0.5000,0
20.418,0.0686,-0.7813,-0.0000,0.7836,0.1400,0.0538,0.0000,0,0.8000,-0.5000,0
20.440,0.0686,-0.7813,-0.0000,0.7836,0.1400,0.0538,0.0000,0,0.8000,-0.5000,0
20.460,0.0697,-0.7809,-0.0000,0.7825,0.1400,0.0538,0.0000,0,0.8000,-0.5000,0
20.478,0.0707,-0.7805,-0.0000,0.7814,0.1400,0.0538,0.0000,0,0.8000,-0.5000,0
20.498,0.0717,-0.7801,-0.0000,0.7803,0.1400,0.0538,0.0000,0,0.8000,-0.5000,0
20.519,0.0738,-0.7793,-0.0000,0.7781,0.1400,0.0538,0.0000,0,0.8000,-0.5000,0
20.538,0.0738,-0.7793,-0.0000,0.7781,0.1400,0.0538,0.0000,0,0.8000,-0.5000,0
20.558,0.0738,-0.7793,-0.0000,0.7781,0.1400,0.0538,0.0000,0,0.8000,-0.5000,0
20.578,0.0759,-0.7785,-0.0000,0.7759,0.1400,0.0538,0.0000,0,0.8000,-0.5000,0
20.599,0.0759,-0.7785,-0.0000,0.7759,0.1400,0.0538,0.0000,0,0.8000,-0.5000,0
20.618,0.0769,-0.7781,-0.0000,0.7748,0.1400,0.0538,0.0000,0,0.8000,-0.5000,0
20.638,0.0779,-0.7777,-0.0000,0.7736,0.1400,0.0538,0.0000,0,0.8000,-0.5000,0
20.660,0.0779,-0.7777,-0.0000,0.7736,0.1400,0.0538,0.0000,0,0.8000,-0.5000,0
20.678,0.0779,-0.7777,-0.0000,0.7736,0.1400,0.0538,0.0000,0,0.8000,-0.5000,0
20.698,0.0779,-0.7777,-0.0000,0.7736,0.1400,0.0538,0.0000,0,0.8000,-0.5000,0
20.718,0.0790,-0.7773,-0.0000,0.7725,0.1400,0.0538,0.0000,0,0.8000,-0.5000,0
20.738,0.0790,-0.7773,-0.0000,0.7725,0.1400,0.0538,0.0000,0,0.8000,-0.5000,0
20.758,0.0790,-0.7773,-0.0000,0.7725,0.1400,0.0538,0.0000,0,0.8000,-0.5000,0
20.778,0.0790,-0.7773,-0.0000,0.7725,0.1400,0.0538,0.0000,0,0.8000,-0.5000,0
20.801,0.0810,-0.7765,-0.0000,0.7703,0.1400,0.0538,0.0000,0,0.8000,-0.5000,0
20.818,0.0810,-0.7765,-0.0000,0.7703,0.1400,0.0538,0.0000,0,0.8000,-0.5000,0
20.838,0.0821,-0.7761,-0.0000,0.7692,0.1400,0.0538,0.0000,0,0.8000,-0.5000,0
20.859,0.0831,-0.7757,-0.0000,0.7681,0.1400,0.0538,0.0000,0,0.8000,-0.5000,0
20.878,0.0831,-0.7757,-0.0000,0.7681,0.1400,0.0538,0.0000,0,0.8000,-0.5000,0
20.898,0.0841,-0.7753,-0.0000,0.7670,0.1400,0.0538,0.0000,0,0.8000,-0.5000,0
20.918,0.0862,-0.7745,-0.0000,0.7648,0.1400,0.0538,0.0000,0,0.8000,-0.5000,0
20.938,0.0872,-0.7742,-0.0000,0.7637,0.1400,0.0538,0.0000,0,0.8000,-0.5000,0
20.958,0.0883,-0.7738,-0.0000,0.7626,0.1400,0.0538,0.0000,0,0.8000,-0.5000,0
20.978,0.0883,-0.7738,-0.0000,0.7626,0.1400,0.0538,0.0000,0,0.8000,-0.5000,0
20.999,0.0883,-0.7738,-0.0000,0.7626,0.1400,0.0538,0.0000,0,0.8000,-0.5000,0
21.018,0.0883,-0.7738,-0.0000,0.7626,0.1400,0.0538,0.0000,0,0.8000,-0.5000,0
21.038,0.0883,-0.7738,-0.0000,0.7626,0.1400,0.0538,0.0000,0,0.8000,-0.5000,0
21.059,0.0893,-0.7734,-0.0000,0.7615,0.1400,0.0538,0.0000,0,0.8000,-0.5000,0
21.078,0.0893,-0.7734,-0.0000,0.7615,0.1400,0.0538,0.0000,0,0.8000,-0.5000,0
21.098,0.0893,-0.7734,-0.0000,0.7615,0.1400,0.0538,0.0000,0,0.8000,-0.5000,0
21.118,0.0893,-0.7734,-0.0000,0.7615,0.1400,0.0538,0.0000,0,0.8000,-0.5000,0
21.138,0.0893,-0.7734,-0.0000,0.7615,0.1400,0.0538,0.0000,0,0.8000,-0.5000,0
21.158,0.0893,-0.7734,-0.0000,0.7615,0.1400,0.0538,0.0000,0,0.8000,-0.5000,0
21.178,0.0893,-0.7734,-0.0000,0.7615,0.1400,0.0538,0.0000,0,0.8000,-0.5000,0
21.199,0.0893,-0.7734,-0.0000,0.7615,0.1400,0.0538,0.0000,0,0.8000,-0.5000,0
21.219,0.0893,-0.7734,-0.0000,0.7615,0.1400,0.0538,0.0000,0,0.8000,-0.5000,0
21.239,0.0914,-0.7726,-0.0000,0.7592,0.1400,0.0538,0.0000,0,0.8000,-0.5000,0
21.258,0.0924,-0.7722,-0.0000,0.7581,0.1400,0.0538,0.0000,0,0.8000,-0.5000,0
21.279,0.0945,-0.7714,-0.0000,0.7559,0.1400,0.0538,0.0000,0,0.8000,-0.5000,0
21.298,0.0965,-0.7706,-0.0000,0.7537,0.1400,0.0538,0.0000,0,0.8000,-0.5000,0
21.320,0.0965,-0.7706,-0.0000,0.7537,0.1400,0.0538,0.0000,0,0.8000,-0.5000,0
21.338,0.0976,-0.7702,-0.0000,0.7526,0.1400,0.0538,0.0000,0,0.8000,-0.5000,0
21.359,0.0986,-0.7698,-0.0000,0.7515,0.1400,0.0538,0.0000,0,0.8000,-0.5000,0
21.378,0.0986,-0.7698,-0.0000,0.7515,0.1400,0.0538,0.0000,0,0.8000,-0.5000,0
21.399,0.0986,-0.7698,-0.0000,0.7515,0.1400,0.0538,0.0000,0,0.8000,-0.5000,0
21.418,0.0996,-0.7694,-0.0000,0.7504,0.1400,0.0538,0.0000,0,0.8000,-0.5000,0
21.438,0.0996,-0.7694,-0.0000,0.7504,0.1400,0.0538,0.0000,0,0.8000,-0.5000,0
21.458,0.0996,-0.7694,-0.0000,0.7504,0.1400,0.0538,0.0000,0,0.8000,-0.5000,0
21.478,0.0996,-0.7694,-0.0000,0.7504,0.1400,0.0538,0.0000,0,0.8000,-0.5000,0
21.498,0.1017,-0.7686,-0.0000,0.7482,0.1400,0.0538,0.0000,0,0.8000,-0.5000,0
21.519,0.1017,-0.7686,-0.0000,0.7482,0.1400,0.0538,0.0000,0,0.8000,-0.5000,0
21.538,0.1038,-0.7678,-0.0000,0.7460,0.1400,0.0538,0.0000,0,0.8000,-0.5000,0
21.558,0.1038,-0.7678,-0.0000,0.7460,0.1400,0.0538,0.0000,0,0.8000,-0.5000,0
21.578,0.1038,-0.7678,-0.0000,0.7460,0.1400,0.0538,0.0000,0,0.8000,-0.5000,0
21.598,0.1048,-0.7674,-0.0000,0.7448,0.1400,0.0538,0.0000,0,0.8000,-0.5000,0
21.618,0.1058,-0.7670,-0.0000,0.7437,0.1400,0.0538,0.0000,0,0.8000,-0.5000,0
21.640,0.1058,-0.7670,-0.0000,0.7437,0.1400,0.0538,0.0000,0,0.8000,-0.5000,0
21.659,0.1069,-0.7666,-0.0000,0.7426,0.1400,0.0538,0.0000,0,0.8000,-0.5000,0
21.678,0.1069,-0.7666,-0.0000,0.7426,0.1400,0.0538,0.0000,0,0.8000,-0.5000,0
21.699,0.1069,-0.7666,-0.0000,0.7426,0.1400,0.0538,0.0000,0,0.8000,-0.5000,0
21.718,0.1069,-0.7666,-0.0000,0.7426,0.1400,0.0538,0.0000,0,0.8000,-0.5000,0
21.738,0.1069,-0.7666,-0.0000,0.7426,0.1400,0.0538,0.0000,0,0.8000,-0.5000,0
21.759,0.1079,-0.7662,-0.0000,0.7415,0.1400,0.0538,0.0000,0,0.8000,-0.5000,0
21.778,0.1079,-0.7662,-0.0000,0.7415,0.1400,0.0538,0.0000,0,0.8000,-0.5000,0
21.798,0.1079,-0.7662,-0.0000,0.7415,0.1400,0.0538,0.0000,0,0.8000,-0.5000,0
21.818,0.1089,-0.7658,-0.0000,0.7404,0.1400,0.0538,0.0000,0,0.8000,-0.5000,0
21.838,0.1100,-0.7654,-0.0000,0.7393,0.1400,0.0538,0.0000,0,0.8000,-0.5000,0
21.861,0.1100,-0.7654,-0.0000,0.7393,0.1400,0.0538,0.0000,0,0.8000,-0.5000,0
21.878,0.1120,-0.7646,-0.0000,0.7371,0.1400,0.0538,0.0000,0,0.8000,-0.5000,0
21.899,0.1120,-0.7646,-0.0000,0.7371,0.1400,0.0538,0.0000,0,0.8000,-0.5000,0
21.918,0.1120,-0.7646,-0.0000,0.7371,0.1400,0.0538,0.0000,0,0.8000,-0.5000,0
21.938,0.1131,-0.7642,-0.0000,0.7360,0.1400,0.0538,0.0000,0,0.8000,-0.5000,0
21.958,0.1141,-0.7638,-0.0000,0.7349,0.1400,0.0538,0.0000,0,0.8000,-0.5000,0
21.978,0.1141,-0.7638,-0.0000,0.7349,0.1400,0.0538,0.0000,0,0.8000,-0.5000,0
21.998,0.1162,-0.7630,-0.0000,0.7327,0.1400,0.0538,0.0000,0,0.8000,-0.5000,0
22.018,0.1162,-0.7630,-0.0000,0.7327,0.1400,0.0538,0.0000,0,0.8000,-0.5000,0
22.038,0.1162,-0.7630,-0.0000,0.7327,0.1400,0.0538,0.0000,0,0.8000,-0.5000,0
22.058,0.1162,-0.7630,-0.0000,0.7327,0.1400,0.0538,0.0000,0,0.8000,-0.5000,0
22.080,0.1162,-0.7630,-0.0000,0.7327,0.1400,0.0538,0.0000,0,0.8000,-0.5000,0
22.099,0.1172,-0.7626,-0.0000,0.7316,0.1400,0.0538,0.0000,0,0.8000,-0.5000,0
22.118,0.1172,-0.7626,-0.0000,0.7316,0.1400,0.0538,0.0000,0,0.8000,-0.5000,0
22.138,0.1172,-0.7626,-0.0000,0.7316,0.1400,0.0538,0.0000,0,0.8000,-0.5000,0
22.158,0.1172,-0.7626,-0.0000,0.7316,0.1400,0.0538,0.0000,0,0.8000,-0.5000,0
22.178,0.1172,-0.7626,-0.0000,0.7316,0.1400,0.0538,0.0000,0,0.8000,-0.5000,0
22.199,0.1172,-0.7626,-0.0000,0.7316,0.1400,0.0538,0.0000,0,0.8000,-0.5000,0
22.218,0.1172,-0.7626,-0.0000,0.7316,0.1400,0.0538,0.0000,0,0.8000,-0.5000,0
22.239,0.1172,-0.7626,-0.0000,0.7316,0.1400,0.0538,0.0000,0,0.8000,-0.5000,0
22.259,0.1172,-0.7626,-0.0000,0.7316,0.1400,0.0538,0.0000,0,0.8000,-0.5000,0
22.278,0.1182,-0.7622,-0.0000,0.7304,0.1400,0.0538,0.0000,0,0.8000,-0.5000,0
22.299,0.1203,-0.7614,-0.0000,0.7282,0.1400,0.0538,0.0000,0,0.8000,-0.5000,0
22.318,0.1213,-0.7610,-0.0000,0.7271,0.1400,0.0538,0.0000,0,0.8000,-0.5000,0
22.338,0.1213,-0.7610,-0.0000,0.7271,0.1400,0.0538,0.0000,0,0.8000,-0.5000,0
22.358,0.1234,-0.7602,-0.0000,0.7249,0.1400,0.0538,0.0000,0,0.8000,-0.5000,0
22.378,0.1244,-0.7598,-0.0000,0.7238,0.1400,0.0538,0.0000,0,0.8000,-0.5000,0
22.398,0.1255,-0.7594,-0.0000,0.7227,0.1400,0.0538,0.0000,0,0.8000,-0.5000,0
22.418,0.1255,-0.7594,-0.0000,0.7227,0.1400,0.0538,0.0000,0,0.8000,-0.5000,0
22.440,0.1255,-0.7594,-0.0000,0.7227,0.1400,0.0538,0.0000,0,0.8000,-0.5000,0
22.458,0.1265,-0.7590,-0.0000,0.7216,0.1400,0.0538,0.0000,0,0.8000,-0.5000,0
22.479,0.1265,-0.7590,-0.0000,0.7216,0.1400,0.0538,0.0000,0,0.8000,-0.5000,0
22.498,0.1265,-0.7590,-0.0000,0.7216,0.1400,0.0538,0.0000,0,0.8000,-0.5000,0
22.518,0.1265,-0.7590,-0.0000,0.7216,0.1400,0.0538,0.0000,0,0.8000,-0.5000,0
22.538,0.1265,-0.7590,-0.0000,0.7216,0.1400,0.0538,0.0000,0,0.8000,-0.5000,0
22.558,0.1265,-0.7590,-0.0000,0.7216,0.1400,0.0538,0.0000,0,0.8000,-0.5000,0
22.579,0.1265,-0.7590,-0.0000,0.7216,0.1400,0.0538,0.0000,0,0.8000,-0.5000,0
22.598,0.1265,-0.7590,-0.0000,0.7216,0.1400,0.0538,0.0000,0,0.8000,-0.5000,0
22.619,0.1265,-0.7590,-0.0000,0.7216,0.1400,0.0538,0.0000,0,0.8000,-0.5000,0
22.640,0.1265,-0.7590,-0.0000,0.7216,0.1400,0.0538,0.0000,0,0.8000,-0.5000,0
22.659,0.1275,-0.7586,-0.0000,0.7205,0.1400,0.0538,0.0000,0,0.8000,-0.5000,0
22.678,0.1286,-0.7582,-0.0000,0.7194,0.1400,0.0538,0.0000,0,0.8000,-0.5000,0
22.698,0.1296,-0.7578,-0.0000,0.7183,0.1400,0.0538,0.0000,0,0.8000,-0.5000,0
22.720,0.1296,-0.7578,-0.0000,0.7183,0.1400,0.0538,0.0000,0,0.8000,-0.5000,0
22.738,0.1296,-0.7578,-0.0000,0.7183,0.1400,0.0538,0.0000,0,0.8000,-0.5000,0
22.758,0.1296,-0.7578,-0.0000,0.7183,0.1400,0.0538,0.0000,0,0.8000,-0.5000,0
22.779,0.1296,-0.7578,-0.0000,0.7183,0.1400,0.0538,0.0000,0,0.8000,-0.5000,0
22.800,0.1296,-0.7578,-0.0000,0.7183,0.1400,0.0538,0.0000,0,0.8000,-0.5000,0
22.818,0.1306,-0.7574,-0.0000,0.7172,0.1400,0.0538,0.0000,0,0.8000,-0.5000,0
22.838,0.1317,-0.7571,-0.0000,0.7160,0.1400,0.0538,0.0000,0,0.8000,-0.5000,0
22.858,0.1338,-0.7563,-0.0000,0.7138,0.1400,0.0538,0.0000,0,0.8000,-0.5000,0
22.879,0.1358,-0.7555,-0.0000,0.7116,0.1400,0.0538,0.0000,0,0.8000,-0.5000,0
22.899,0.1358,-0.7555,-0.0000,0.7116,0.1400,0.0538,0.0000,0,0.8000,-0.5000,0
22.919,0.1358,-0.7555,-0.0000,0.7116,0.1400,0.0538,0.0000,0,0.8000,-0.5000,0
22.939,0.1379,-0.7547,-0.0000,0.7094,0.1400,0.0538,0.0000,0,0.8000,-0.5000,0
22.958,0.1389,-0.7543,-0.0000,0.7083,0.1400,0.0538,0.0000,0,0.8000,-0.5000,0
22.978,0.1389,-0.7543,-0.0000,0.7083,0.1400,0.0538,0.0000,0,0.8000,-0.5000,0
22.998,0.1389,-0.7543,-0.0000,0.7083,0.1400,0.0538,0.0000,0,0.8000,-0.5000,0
23.018,0.1389,-0.7543,-0.0000,0.7083,0.1400,0.0538,0.0000,0,0.8000,-0.5000,0
23.039,0.1400,-0.7539,-0.0000,0.7072,0.1400,0.0538,0.0000,0,0.8000,-0.5000,0
23.058,0.1400,-0.7539,-0.0000,0.7072,0.1400,0.0538,0.0000,0,0.8000,-0.5000,0
23.078,0.1400,-0.7539,-0.0000,0.7072,0.1400,0.0538,0.0000,0,0.8000,-0.5000,0
23.098,0.1400,-0.7539,-0.0000,0.7072,0.1400,0.0538,0.0000,0,0.8000,-0.5000,0
23.118,0.1400,-0.7539,-0.0000,0.7072,0.1400,0.0538,0.0000,0,0.8000,-0.5000,0
23.138,0.1400,-0.7539,-0.0000,0.7072,0.1400,0.0538,0.0000,0,0.8000,-0.5000,0
23.158,0.1400,-0.7539,-0.0000,0.7072,0.1400,0.0538,0.0000,0,0.8000,-0.5000,0
23.178,0.1400,-0.7539,-0.0000,0.7072,0.1400,0.0538,0.0000,0,0.8000,-0.5000,0
23.198,0.1410,-0.7535,-0.0000,0.7061,0.1400,0.0538,0.0000,0,0.8000,-0.5000,0
23.218,0.1431,-0.7527,-0.0000,0.7039,0.1400,0.0538,0.0000,0,0.8000,-0.5000,0
23.238,0.1441,-0.7523,-0.0000,0.7028,0.1400,0.0538,0.0000,0,0.8000,-0.5000,0
23.258,0.1462,-0.7515,-0.0000,0.7005,0.1400,0.0538,0.0000,0,0.8000,-0.5000,0
23.278,0.1462,-0.7515,-0.0000,0.7005,0.1400,0.0538,0.0000,0,0.8000,-0.5000,0
23.299,0.1462,-0.7515,-0.0000,0.7005,0.1400,0.0538,0.0000,0,0.8000,-0.5000,0
23.319,0.1482,-0.7507,-0.0000,0.6983,0.1400,0.0538,0.0000,0,0.8000,-0.5000,0
23.338,0.1493,-0.7503,-0.0000,0.6972,0.1400,0.0538,0.0000,0,0.8000,-0.5000,0
23.358,0.1493,-0.7503,-0.0000,0.6972,0.1400,0.0538,0.0000,0,0.8000,-0.5000,0
23.378,0.1493,-0.7503,-0.0000,0.6972,0.1400,0.0538,0.0000,0,0.8000,-0.5000,0
23.398,0.1493,-0.7503,-0.0000,0.6972,0.1400,0.0538,0.0000,0,0.8000,-0.5000,0
23.418,0.1493,-0.7503,-0.0000,0.6972,0.1400,0.0538,0.0000,0,0.8000,-0.5000,0
23.438,0.1493,-0.7503,-0.0000,0.6972,0.1400,0.0538,0.0000,0,0.8000,-0.5000,0
23.458,0.1493,-0.7503,-0.0000,0.6972,0.1400,0.0538,0.0000,0,0.8000,-0.5000,0
23.478,0.1493,-0.7503,-0.0000,0.6972,0.1400,0.0538,0.0000,0,0.8000,-0.5000,0
23.498,0.1493,-0.7503,-0.0000,0.6972,0.1400,0.0538,0.0000,0,0.8000,-0.5000,0
23.519,0.1493,-0.7503,-0.0000,0.6972,0.1400,0.0538,0.0000,0,0.8000,-0.5000,0
23.538,0.1503,-0.7499,-0.0000,0.6961,0.1400,0.0538,0.0000,0,0.8000,-0.5000,0
23.558,0.1513,-0.7495,-0.0000,0.6950,0.1400,0.0538,0.0000,0,0.8000,-0.5000,0
23.578,0.1534,-0.7487,-0.0000,0.6928,0.1400,0.0538,0.0000,0,0.8000,-0.5000,0
23.598,0.1544,-0.7483,-0.0000,0.6917,0.1400,0.0538,0.0000,0,0.8000,-0.5000,0
23.618,0.1544,-0.7483,-0.0000,0.6917,0.1400,0.0538,0.0000,0,0.8000,-0.5000,0
23.638,0.1544,-0.7483,-0.0000,0.6917,0.1400,0.0538,0.0000,0,0.8000,-0.5000,0
23.658,0.1565,-0.7475,-0.0000,0.6895,0.1400,0.0538,0.0000,0,0.8000,-0.5000,0
23.678,0.1565,-0.7475,-0.0000,0.6895,0.1400,0.0538,0.0000,0,0.8000,-0.5000,0
23.698,0.1565,-0.7475,-0.0000,0.6895,0.1400,0.0538,0.0000,0,0.8000,-0.5000,0
23.718,0.1565,-0.7475,-0.0000,0.6895,0.1400,0.0538,0.0000,0,0.8000,-0.5000,0
23.738,0.1565,-0.7475,-0.0000,0.6895,0.1400,0.0538,0.0000,0,0.8000,-0.5000,0
23.759,0.1565,-0.7475,-0.0000,0.6895,0.1400,0.0538,0.0000,0,0.8000,-0.5000,0
23.778,0.1575,-0.7471,-0.0000,0.6884,0.1400,0.0538,0.0000,0,0.8000,-0.5000,0
23.798,0.1596,-0.7463,-0.0000,0.6861,0.1400,0.0538,0.0000,0,0.8000,-0.5000,0
23.819,0.1617,-0.7455,-0.0000,0.6839,0.1400,0.0538,0.0000,0,0.8000,-0.5000,0
23.838,0.1637,-0.7447,-0.0000,0.6817,0.1400,0.0538,0.0000,0,0.8000,-0.5000,0
23.858,0.1648,-0.7443,-0.0000,0.6806,0.1400,0.0538,0.0000,0,0.8000,-0.5000,0
23.878,0.1648,-0.7443,-0.0000,0.6806,0.1400,0.0538,0.0000,0,0.8000,-0.5000,0
23.898,0.1648,-0.7443,-0.0000,0.6806,0.1400,0.0538,0.0000,0,0.8000,-0.5000,0
23.918,0.1658,-0.7439,-0.0000,0.6795,0.1400,0.0538,0.0000,0,0.8000,-0.5000,0
23.938,0.1668,-0.7435,-0.0000,0.6784,0.1400,0.0538,0.0000,0,0.8000,-0.5000,0
23.958,0.1668,-0.7435,-0.0000,0.6784,0.1400,0.0538,0.0000,0,0.8000,-0.5000,0
23.978,0.1679,-0.7431,-0.0000,0.6773,0.1400,0.0538,0.0000,0,0.8000,-0.5000,0
23.999,0.1679,-0.7431,-0.0000,0.6773,0.1400,0.0538,0.0000,0,0.8000,-0.5000,0
24.018,0.1679,-0.7431,-0.0000,0.6773,0.1400,0.0538,0.0000,0,0.8000,-0.5000,0
24.039,0.1679,-0.7431,-0.0000,0.6773,0.1400,0.0538,0.0000,0,0.8000,-0.5000,0
24.058,0.1679,-0.7431,-0.0000,0.6773,0.1400,0.0538,0.0000,0,0.8000,-0.5000,0
24.078,0.1679,-0.7431,-0.0000,0.6773,0.1400,0.0538,0.0000,0,0.8000,-0.5000,0
24.098,0.1679,-0.7431,-0.0000,0.6773,0.1400,0.0538,0.0000,0,0.8000,-0.5000,0
24.118,0.1679,-0.7431,-0.0000,0.6773,0.1400,0.0538,0.0000,0,0.8000,-0.5000,0
24.138,0.1679,-0.7431,-0.0000,0.6773,0.1400,0.0538,0.0000,0,0.8000,-0.5000,0
24.158,0.1689,-0.7427,-0.0000,0.6762,0.1400,0.0538,0.0000,0,0.8000,-0.5000,0
24.178,0.1710,-0.7419,-0.0000,0.6740,0.1400,0.0538,0.0000,0,0.8000,-0.5000,0
24.198,0.1720,-0.7415,-0.0000,0.6728,0.1400,0.0538,0.0000,0,0.8000,-0.5000,0
24.218,0.1741,-0.7407,-0.0000,0.6706,0.1400,0.0538,0.0000,0,0.8000,-0.5000,0
24.238,0.1741,-0.7407,-0.0000,0.6706,0.1400,0.0538,0.0000,0,0.8000,-0.5000,0
24.258,0.1751,-0.7404,-0.0000,0.6695,0.1400,0.0538,0.0000,0,0.8000,-0.5000,0
24.278,0.1761,-0.7400,-0.0000,0.6684,0.1400,0.0538,0.0000,0,0.8000,-0.5000,0
24.298,0.1761,-0.7400,-0.0000,0.6684,0.1400,0.0538,0.0000,0,0.8000,-0.5000,0
24.318,0.1761,-0.7400,-0.0000,0.6684,0.1400,0.0538,0.0000,0,0.8000,-0.5000,0
24.338,0.1772,-0.7396,-0.0000,0.6673,0.1400,0.0538,0.0000,0,0.8000,-0.5000,0
24.358,0.1782,-0.7392,-0.0000,0.6662,0.1400,0.0538,0.0000,0,0.8000,-0.5000,0
24.378,0.1782,-0.7392,-0.0000,0.6662,0.1400,0.0538,0.0000,0,0.8000,-0.5000,0
24.398,0.1803,-0.7384,-0.0000,0.6640,0.1400,0.0538,0.0000,0,0.8000,-0.5000,0
24.420,0.1803,-0.7384,-0.0000,0.6640,0.1400,0.0538,0.0000,0,0.8000,-0.5000,0
24.438,0.1803,-0.7384,-0.0000,0.6640,0.1400,0.0538,0.0000,0,0.8000,-0.5000,0
24.458,0.1813,-0.7380,-0.0000,0.6629,0.1400,0.0538,0.0000,0,0.8000,-0.5000,0
24.478,0.1823,-0.7376,-0.0000,0.6618,0.1400,0.0538,0.0000,0,0.8000,-0.5000,0
24.498,0.1823,-0.7376,-0.0000,0.6618,0.1400,0.0538,0.0000,0,0.8000,-0.5000,0
24.518,0.1823,-0.7376,-0.0000,0.6618,0.1400,0.0538,0.0000,0,0.8000,-0.5000,0
24.538,0.1834,-0.7372,-0.0000,0.6607,0.1400,0.0538,0.0000,0,0.8000,-0.5000,0
24.559,0.1844,-0.7368,-0.0000,0.6596,0.1400,0.0538,0.0000,0,0.8000,-0.5000,0
24.578,0.1844,-0.7368,-0.0000,0.6596,0.1400,0.0538,0.0000,0,0.8000,-0.5000,0
24.599,0.1844,-0.7368,-0.0000,0.6596,0.1400,0.0538,0.0000,0,0.8000,-0.5000,0
24.619,0.1854,-0.7364,-0.0000,0.6584,0.1400,0.0538,0.0000,0,0.8000,-0.5000,0
24.638,0.1854,-0.7364,-0.0000,0.6584,0.1400,0.0538,0.0000,0,0.8000,-0.5000,0
24.658,0.1854,-0.7364,-0.0000,0.6584,0.1400,0.0538,0.0000,0,0.8000,-0.5000,0
24.678,0.1854,-0.7364,-0.0000,0.6584,0.1400,0.0538,0.0000,0,0.8000,-0.5000,0
24.698,0.1854,-0.7364,-0.0000,0.6584,0.1400,0.0538,0.0000,0,0.8000,-0.5000,0
24.718,0.1854,-0.7364,-0.0000,0.6584,0.1400,0.0538,0.0000,0,0.8000,-0.5000,0
24.738,0.1854,-0.7364,-0.0000,0.6584,0.1400,0.0538,0.0000,0,0.8000,-0.5000,0
24.760,0.1854,-0.7364,-0.0000,0.6584,0.1400,0.0538,0.0000,0,0.8000,-0.5000,0
24.778,0.1865,-0.7360,-0.0000,0.6573,0.1400,0.0538,0.0000,0,0.8000,-0.5000,0
24.798,0.1885,-0.7352,-0.0000,0.6551,0.1400,0.0538,0.0000,0,0.8000,-0.5000,0
24.818,0.1896,-0.7348,-0.0000,0.6540,0.1400,0.0538,0.0000,0,0.8000,-0.5000,0
24.838,0.1916,-0.7340,-0.0000,0.6518,0.1400,0.0538,0.0000,0,0.8000,-0.5000,0
24.858,0.1927,-0.7336,-0.0000,0.6507,0.1400,0.0538,0.0000,0,0.8000,-0.5000,0
24.878,0.1927,-0.7336,-0.0000,0.6507,0.1400,0.0538,0.0000,0,0.8000,-0.5000,0
24.898,0.1937,-0.7332,-0.0000,0.6496,0.1400,0.0538,0.0000,0,0.8000,-0.5000,0
24.918,0.1947,-0.7328,-0.0000,0.6485,0.1400,0.0538,0.0000,0,0.8000,-0.5000,0
24.938,0.1947,-0.7328,-0.0000,0.6485,0.1400,0.0538,0.0000,0,0.8000,-0.5000,0
24.958,0.1958,-0.7324,-0.0000,0.6474,0.1400,0.0538,0.0000,0,0.8000,-0.5000,0
24.979,0.1958,-0.7324,-0.0000,0.6474,0.1400,0.0538,0.0000,0,0.8000,-0.5000,0
24.998,0.1958,-0.7324,-0.0000,0.6474,0.1400,0.0538,0.0000,0,0.8000,-0.5000,0
25.020,0.1958,-0.7324,-0.0000,0.6474,0.1400,0.0538,0.0000,0,0.8000,-0.5000,0
25.039,0.1958,-0.7324,-0.0000,0.6474,0.1400,0.0538,0.0000,0,0.8000,-0.5000,0
25.058,0.1958,-0.7324,-0.0000,0.6474,0.1400,0.0538,0.0000,0,0.8000,-0.5000,0
25.078,0.1958,-0.7324,-0.0000,0.6474,0.1400,0.0538,0.0000,0,0.8000,-0.5000,0
25.098,0.1958,-0.7324,-0.0000,0.6474,0.1400,0.0538,0.0000,0,0.8000,-0.5000,0
25.120,0.1958,-0.7324,-0.0000,0.6474,0.1400,0.0538,0.0000,0,0.8000,-0.5000,0
25.139,0.1968,-0.7320,-0.0000,0.6463,0.1400,0.0538,0.0000,0,0.8000,-0.5000,0
25.158,0.1989,-0.7312,-0.0000,0.6440,0.1400,0.0538,0.0000,0,0.8000,-0.5000,0
25.180,0.1999,-0.7308,-0.0000,0.6429,0.1400,0.0538,0.0000,0,0.8000,-0.5000,0
25.198,0.2020,-0.7300,-0.0000,0.6407,0.1400,0.0538,0.0000,0,0.8000,-0.5000,0
25.218,0.2030,-0.7296,-0.0000,0.6396,0.1400,0.0538,0.0000,0,0.8000,-0.5000,0
25.238,0.2030,-0.7296,-0.0000,0.6396,0.1400,0.0538,0.0000,0,0.8000,-0.5000,0
25.258,0.2030,-0.7296,-0.0000,0.6396,0.1400,0.0538,0.0000,0,0.8000,-0.5000,0
25.278,0.2030,-0.7296,-0.0000,0.6396,0.1400,0.0538,0.0000,0,0.8000,-0.5000,0
25.298,0.2030,-0.7296,-0.0000,0.6396,0.1400,0.0538,0.0000,0,0.8000,-0.5000,0
25.319,0.2041,-0.7292,-0.0000,0.6385,0.1400,0.0538,0.0000,0,0.8000,-0.5000,0
25.338,0.2041,-0.7292,-0.0000,0.6385,0.1400,0.0538,0.0000,0,0.8000,-0.5000,0
25.358,0.2041,-0.7292,-0.0000,0.6385,0.1400,0.0538,0.0000,0,0.8000,-0.5000,0
25.379,0.2041,-0.7292,-0.0000,0.6385,0.1400,0.0538,0.0000,0,0.8000,-0.5000,0
25.398,0.2041,-0.7292,-0.0000,0.6385,0.1400,0.0538,0.0000,0,0.8000,-0.5000,0
25.418,0.2051,-0.7288,-0.0000,0.6374,0.1400,0.0538,0.0000,0,0.8000,-0.5000,0
25.438,0.2061,-0.7284,-0.0000,0.6363,0.1400,0.0538,0.0000,0,0.8000,-0.5000,0
25.458,0.2072,-0.7280,-0.0000,0.6352,0.1400,0.0538,0.0000,0,0.8000,-0.5000,0
25.480,0.2082,-0.7276,-0.0000,0.6341,0.1400,0.0538,0.0000,0,0.8000,-0.5000,0
25.498,0.2113,-0.7264,-0.0000,0.6308,0.1400,0.0538,0.0000,0,0.8000,-0.5000,0
25.518,0.2113,-0.7264,-0.0000,0.6308,0.1400,0.0538,0.0000,0,0.8000,-0.5000,0
25.538,0.2113,-0.7264,-0.0000,0.6308,0.1400,0.0538,0.0000,0,0.8000,-0.5000,0
25.559,0.2113,-0.7264,-0.0000,0.6308,0.1400,0.0538,0.0000,0,0.8000,-0.5000,0
25.580,0.2123,-0.7260,-0.0000,0.6296,0.1400,0.0538,0.0000,0,0.8000,-0.5000,0
25.598,0.2134,-0.7256,-0.0000,0.6285,0.1400,0.0538,0.0000,0,0.8000,-0.5000,0
25.618,0.2134,-0.7256,-0.0000,0.6285,0.1400,0.0538,0.0000,0,0.8000,-0.5000,0
25.638,0.2144,-0.7252,-0.0000,0.6274,0.1400,0.0538,0.0000,0,0.8000,-0.5000,0
25.658,0.2144,-0.7252,-0.0000,0.6274,0.1400,0.0538,0.0000,0,0.8000,-0.5000,0
25.678,0.2144,-0.7252,-0.0000,0.6274,0.1400,0.0538,0.0000,0,0.8000,-0.5000,0
25.698,0.2144,-0.7252,-0.0000,0.6274,0.1400,0.0538,0.0000,0,0.8000,-0.5000,0
25.718,0.2144,-0.7252,-0.0000,0.6274,0.1400,0.0538,0.0000,0,0.8000,-0.5000,0
25.739,0.2144,-0.7252,-0.0000,0.6274,0.1400,0.0538,0.0000,0,0.8000,-0.5000,0
25.758,0.2144,-0.7252,-0.0000,0.6274,0.1400,0.0538,0.0000,0,0.8000,-0.5000,0
25.779,0.2144,-0.7252,-0.0000,0.6274,0.1400,0.0538,0.0000,0,0.8000,-0.5000,0
25.798,0.2144,-0.7252,-0.0000,0.6274,0.1400,0.0538,0.0000,0,0.8000,-0.5000,0
25.818,0.2165,-0.7244,-0.0000,0.6252,0.1400,0.0538,0.0000,0,0.8000,-0.5000,0
25.838,0.2175,-0.7240,-0.0000,0.6241,0.1400,0.0538,0.0000,0,0.8000,-0.5000,0
25.859,0.2196,-0.7233,-0.0000,0.6219,0.1400,0.0538,0.0000,0,0.8000,-0.5000,0
25.878,0.2206,-0.7229,-0.0000,0.6208,0.1400,0.0538,0.0000,0,0.8000,-0.5000,0
25.899,0.2206,-0.7229,-0.0000,0.6208,0.1400,0.0538,0.0000,0,0.8000,-0.5000,0
25.918,0.2227,-0.7221,-0.0000,0.6186,0.1400,0.0538,0.0000,0,0.8000,-0.5000,0
25.938,0.2227,-0.7221,-0.0000,0.6186,0.1400,0.0538,0.0000,0,0.8000,-0.5000,0
25.958,0.2227,-0.7221,-0.0000,0.6186,0.1400,0.0538,0.0000,0,0.8000,-0.5000,0
25.978,0.2227,-0.7221,-0.0000,0.6186,0.1400,0.0538,0.0000,0,0.8000,-0.5000,0
25.998,0.2227,-0.7221,-0.0000,0.6186,0.1400,0.0538,0.0000,0,0.8000,-0.5000,0
26.018,0.2227,-0.7221,-0.0000,0.6186,0.1400,0.0538,0.0000,0,0.8000,-0.5000,0
26.038,0.2227,-0.7221,-0.0000,0.6186,0.1400,0.0538,0.0000,0,0.8000,-0.5000,0
26.058,0.2227,-0.7221,-0.0000,0.6186,0.1400,0.0538,0.0000,0,0.8000,-0.5000,0
26.079,0.2227,-0.7221,-0.0000,0.6186,0.1400,0.0538,0.0000,0,0.8000,-0.5000,0
26.098,0.2237,-0.7217,-0.0000,0.6175,0.1400,0.0538,0.0000,0,0.8000,-0.5000,0
26.118,0.2258,-0.7209,-0.0000,0.6152,0.1400,0.0538,0.0000,0,0.8000,-0.5000,0
26.139,0.2268,-0.7205,-0.0000,0.6141,0.1400,0.0538,0.0000,0,0.8000,-0.5000,0
26.158,0.2289,-0.7197,-0.0000,0.6119,0.1400,0.0538,0.0000,0,0.8000,-0.5000,0
26.178,0.2289,-0.7197,-0.0000,0.6119,0.1400,0.0538,0.0000,0,0.8000,-0.5000,0
26.199,0.2289,-0.7197,-0.0000,0.6119,0.1400,0.0538,0.0000,0,0.8000,-0.5000,0
26.219,0.2309,-0.7189,-0.0000,0.6097,0.1400,0.0538,0.0000,0,0.8000,-0.5000,0
26.238,0.2320,-0.7185,-0.0000,0.6086,0.1400,0.0538,0.0000,0,0.8000,-0.5000,0
26.258,0.2320,-0.7185,-0.0000,0.6086,0.1400,0.0538,0.0000,0,0.8000,-0.5000,0
26.278,0.2320,-0.7185,-0.0000,0.6086,0.1400,0.0538,0.0000,0,0.8000,-0.5000,0
26.298,0.2320,-0.7185,-0.0000,0.6086,0.1400,0.0538,0.0000,0,0.8000,-0.5000,0
26.318,0.2320,-0.7185,-0.0000,0.6086,0.1400,0.0538,0.0000,0,0.8000,-0.5000,0
26.338,0.2320,-0.7185,-0.0000,0.6086,0.1400,0.0538,0.0000,0,0.8000,-0.5000,0
26.358,0.2320,-0.7185,-0.0000,0.6086,0.1400,0.0538,0.0000,0,0.8000,-0.5000,0
26.378,0.2320,-0.7185,-0.0000,0.6086,0.1400,0.0538,0.0000,0,0.8000,-0.5000,0
26.398,0.2320,-0.7185,-0.0000,0.6086,0.1400,0.0538,0.0000,0,0.8000,-0.5000,0
26.419,0.2320,-0.7185,-0.0000,0.6086,0.1400,0.0538,0.0000,0,0.8000,-0.5000,0
26.438,0.2340,-0.7177,-0.0000,0.6064,0.1400,0.0538,0.0000,0,0.8000,-0.5000,0
26.458,0.2351,-0.7173,-0.0000,0.6053,0.1400,0.0538,0.0000,0,0.8000,-0.5000,0
26.479,0.2371,-0.7165,-0.0000,0.6031,0.1400,0.0538,0.0000,0,0.8000,-0.5000,0
26.499,0.2382,-0.7161,-0.0000,0.6020,0.1400,0.0538,0.0000,0,0.8000,-0.5000,0
26.518,0.2402,-0.7153,-0.0000,0.5997,0.1400,0.0538,0.0000,0,0.8000,-0.5000,0
26.538,0.2402,-0.7153,-0.0000,0.5997,0.1400,0.0538,0.0000,0,0.8000,-0.5000,0
26.559,0.2402,-0.7153,-0.0000,0.5997,0.1400,0.0538,0.0000,0,0.8000,-0.5000,0
26.578,0.2413,-0.7149,-0.0000,0.5986,0.1400,0.0538,0.0000,0,0.8000,-0.5000,0
26.598,0.2413,-0.7149,-0.0000,0.5986,0.1400,0.0538,0.0000,0,0.8000,-0.5000,0
26.618,0.2413,-0.7149,-0.0000,0.5986,0.1400,0.0538,0.0000,0,0.8000,-0.5000,0
26.638,0.2413,-0.7149,-0.0000,0.5986,0.1400,0.0538,0.0000,0,0.8000,-0.5000,0
26.658,0.2413,-0.7149,-0.0000,0.5986,0.1400,0.0538,0.0000,0,0.8000,-0.5000,0
26.678,0.2413,-0.7149,-0.0000,0.5986,0.1400,0.0538,0.0000,0,0.8000,-0.5000,0
26.699,0.2423,-0.7145,-0.0000,0.5975,0.1400,0.0538,0.0000,0,0.8000,-0.5000,0
26.718,0.2433,-0.7141,-0.0000,0.5964,0.1400,0.0538,0.0000,0,0.8000,-0.5000,0
26.738,0.2444,-0.7137,-0.0000,0.5953,0.1400,0.0538,0.0000,0,0.8000,-0.5000,0
26.760,0.2454,-0.7133,-0.0000,0.5942,0.1400,0.0538,0.0000,0,0.8000,-0.5000,0
26.778,0.2454,-0.7133,-0.0000,0.5942,0.1400,0.0538,0.0000,0,0.8000,-0.5000,0
26.798,0.2464,-0.7129,-0.0000,0.5931,0.1400,0.0538,0.0000,0,0.8000,-0.5000,0
26.819,0.2475,-0.7125,-0.0000,0.5920,0.1400,0.0538,0.0000,0,0.8000,-0.5000,0
26.838,0.2485,-0.7121,-0.0000,0.5909,0.1400,0.0538,0.0000,0,0.8000,-0.5000,0
26.858,0.2495,-0.7117,-0.0000,0.5898,0.1400,0.0538,0.0000,0,0.8000,-0.5000,0
26.878,0.2495,-0.7117,-0.0000,0.5898,0.1400,0.0538,0.0000,0,0.8000,-0.5000,0
26.898,0.2495,-0.7117,-0.0000,0.5898,0.1400,0.0538,0.0000,0,0.8000,-0.5000,0
26.918,0.2495,-0.7117,-0.0000,0.5898,0.1400,0.0538,0.0000,0,0.8000,-0.5000,0
26.939,0.2495,-0.7117,-0.0000,0.5898,0.1400,0.0538,0.0000,0,0.8000,-0.5000,0
26.958,0.2506,-0.7113,-0.0000,0.5887,0.1400,0.0538,0.0000,0,0.8000,-0.5000,0
26.978,0.2506,-0.7113,-0.0000,0.5887,0.1400,0.0538,0.0000,0,0.8000,-0.5000,0
26.998,0.2506,-0.7113,-0.0000,0.5887,0.1400,0.0538,0.0000,0,0.8000,-0.5000,0
27.018,0.2506,-0.7113,-0.0000,0.5887,0.1400,0.0538,0.0000,0,0.8000,-0.5000,0
27.038,0.2506,-0.7113,-0.0000,0.5887,0.1400,0.0538,0.0000,0,0.8000,-0.5000,0
27.058,0.2506,-0.7113,-0.0000,0.5887,0.1400,0.0538,0.0000,0,0.8000,-0.5000,0
27.078,0.2506,-0.7113,-0.0000,0.5887,0.1400,0.0538,0.0000,0,0.8000,-0.5000,0
27.099,0.2506,-0.7113,-0.0000,0.5887,0.1400,0.0538,0.0000,0,0.8000,-0.5000,0
27.118,0.2516,-0.7109,-0.0000,0.5876,0.1400,0.0538,0.0000,0,0.8000,-0.5000,0
27.139,0.2526,-0.7105,-0.0000,0.5864,0.1400,0.0538,0.0000,0,0.8000,-0.5000,0
27.158,0.2537,-0.7101,-0.0000,0.5853,0.1400,0.0538,0.0000,0,0.8000,-0.5000,0
27.180,0.2557,-0.7093,-0.0000,0.5831,0.1400,0.0538,0.0000,0,0.8000,-0.5000,0
27.199,0.2557,-0.7093,-0.0000,0.5831,0.1400,0.0538,0.0000,0,0.8000,-0.5000,0
27.219,0.2557,-0.7093,-0.0000,0.5831,0.1400,0.0538,0.0000,0,0.8000,-0.5000,0
27.238,0.2578,-0.7085,-0.0000,0.5809,0.1400,0.0538,0.0000,0,0.8000,-0.5000,0
27.258,0.2588,-0.7081,-0.0000,0.5798,0.1400,0.0538,0.0000,0,0.8000,-0.5000,0
27.278,0.2588,-0.7081,-0.0000,0.5798,0.1400,0.0538,0.0000,0,0.8000,-0.5000,0
27.298,0.2599,-0.7077,-0.0000,0.5787,0.1400,0.0538,0.0000,0,0.8000,-0.5000,0
27.319,0.2599,-0.7077,-0.0000,0.5787,0.1400,0.0538,0.0000,0,0.8000,-0.5000,0
27.338,0.2599,-0.7077,-0.0000,0.5787,0.1400,0.0538,0.0000,0,0.8000,-0.5000,0
27.360,0.2599,-0.7077,-0.0000,0.5787,0.1400,0.0538,0.0000,0,0.8000,-0.5000,0
27.378,0.2599,-0.7077,-0.0000,0.5787,0.1400,0.0538,0.0000,0,0.8000,-0.5000,0
27.398,0.2599,-0.7077,-0.0000,0.5787,0.1400,0.0538,0.0000,0,0.8000,-0.5000,0
27.419,0.2599,-0.7077,-0.0000,0.5787,0.1400,0.0538,0.0000,0,0.8000,-0.5000,0
27.438,0.2599,-0.7077,-0.0000,0.5787,0.1400,0.0538,0.0000,0,0.8000,-0.5000,0
27.458,0.2599,-0.7077,-0.0000,0.5787,0.1400,0.0538,0.0000,0,0.8000,-0.5000,0
27.479,0.2599,-0.7077,-0.0000,0.5787,0.1400,0.0538,0.0000,0,0.8000,-0.5000,0
27.498,0.2619,-0.7069,-0.0000,0.5765,0.1400,0.0538,0.0000,0,0.8000,-0.5000,0
27.518,0.2630,-0.7066,-0.0000,0.5754,0.1400,0.0538,0.0000,0,0.8000,-0.5000,0
27.538,0.2651,-0.7058,-0.0000,0.5732,0.1400,0.0538,0.0000,0,0.8000,-0.5000,0
27.558,0.2661,-0.7054,-0.0000,0.5720,0.1400,0.0538,0.0000,0,0.8000,-0.5000,0
27.579,0.2661,-0.7054,-0.0000,0.5720,0.1400,0.0538,0.0000,0,0.8000,-0.5000,0
27.598,0.2671,-0.7050,-0.0000,0.5709,0.1400,0.0538,0.0000,0,0.8000,-0.5000,0
27.619,0.2671,-0.7050,-0.0000,0.5709,0.1400,0.0538,0.0000,0,0.8000,-0.5000,0
27.638,0.2671,-0.7050,-0.0000,0.5709,0.1400,0.0538,0.0000,0,0.8000,-0.5000,0
27.658,0.2682,-0.7046,-0.0000,0.5698,0.1400,0.0538,0.0000,0,0.8000,-0.5000,0
27.678,0.2692,-0.7042,-0.0000,0.5687,0.1400,0.0538,0.0000,0,0.8000,-0.5000,0
27.698,0.2692,-0.7042,-0.0000,0.5687,0.1400,0.0538,0.0000,0,0.8000,-0.5000,0
27.718,0.2702,-0.7038,-0.0000,0.5676,0.1400,0.0538,0.0000,0,0.8000,-0.5000,0
27.738,0.2713,-0.7034,-0.0000,0.5665,0.1400,0.0538,0.0000,0,0.8000,-0.5000,0
27.758,0.2713,-0.7034,-0.0000,0.5665,0.1400,0.0538,0.0000,0,0.8000,-0.5000,0
27.780,0.2713,-0.7034,-0.0000,0.5665,0.1400,0.0538,0.0000,0,0.8000,-0.5000,0
27.798,0.2733,-0.7026,-0.0000,0.5643,0.1400,0.0538,0.0000,0,0.8000,-0.5000,0
27.818,0.2733,-0.7026,-0.0000,0.5643,0.1400,0.0538,0.0000,0,0.8000,-0.5000,0
27.838,0.2744,-0.7022,-0.0000,0.5632,0.1400,0.0538,0.0000,0,0.8000,-0.5000,0
27.858,0.2754,-0.7018,-0.0000,0.5621,0.1400,0.0538,0.0000,0,0.8000,-0.5000,0
27.879,0.2754,-0.7018,-0.0000,0.5621,0.1400,0.0538,0.0000,0,0.8000,-0.5000,0
27.898,0.2754,-0.7018,-0.0000,0.5621,0.1400,0.0538,0.0000,0,0.8000,-0.5000,0
27.918,0.2754,-0.7018,-0.0000,0.5621,0.1400,0.0538,0.0000,0,0.8000,-0.5000,0
27.938,0.2764,-0.7014,-0.0000,0.5610,0.1400,0.0538,0.0000,0,0.8000,-0.5000,0
27.958,0.2764,-0.7014,-0.0000,0.5610,0.1400,0.0538,0.0000,0,0.8000,-0.5000,0
27.978,0.2764,-0.7014,-0.0000,0.5610,0.1400,0.0538,0.0000,0,0.8000,-0.5000,0
27.999,0.2764,-0.7014,-0.0000,0.5610,0.1400,0.0538,0.0000,0,0.8000,-0.5000,0
28.019,0.2764,-0.7014,-0.0000,0.5610,0.1400,0.0538,0.0000,0,0.8000,-0.5000,0
28.038,0.2764,-0.7014,-0.0000,0.5610,0.1400,0.0538,0.0000,0,0.8000,-0.5000,0
28.058,0.2764,-0.7014,-0.0000,0.5610,0.1400,0.0538,0.0000,0,0.8000,-0.5000,0
28.079,0.2764,-0.7014,-0.0000,0.5610,0.1400,0.0538,0.0000,0,0.8000,-0.5000,0
28.099,0.2764,-0.7014,-0.0000,0.5610,0.1400,0.0538,0.0000,0,0.8000,-0.5000,0
28.118,0.2775,-0.7010,-0.0000,0.5599,0.1400,0.0538,0.0000,0,0.8000,-0.5000,0
28.138,0.2785,-0.7006,-0.0000,0.5588,0.1400,0.0538,0.0000,0,0.8000,-0.5000,0
28.158,0.2806,-0.6998,-0.0000,0.5565,0.1400,0.0538,0.0000,0,0.8000,-0.5000,0
28.179,0.2826,-0.6990,-0.0000,0.5543,0.1400,0.0538,0.0000,0,0.8000,-0.5000,0
28.198,0.2826,-0.6990,-0.0000,0.5543,0.1400,0.0538,0.0000,0,0.8000,-0.5000,0
28.219,0.2837,-0.6986,-0.0000,0.5532,0.1400,0.0538,0.0000,0,0.8000,-0.5000,0
28.238,0.2837,-0.6986,-0.0000,0.5532,0.1400,0.0538,0.0000,0,0.8000,-0.5000,0
28.258,0.2837,-0.6986,-0.0000,0.5532,0.1400,0.0538,0.0000,0,0.8000,-0.5000,0
28.279,0.2837,-0.6986,-0.0000,0.5532,0.1400,0.0538,0.0000,0,0.8000,-0.5000,0
28.298,0.2847,-0.6982,-0.0000,0.5521,0.1400,0.0538,0.0000,0,0.8000,-0.5000,0
28.320,0.2868,-0.6974,-0.0000,0.5499,0.1400,0.0538,0.0000,0,0.8000,-0.5000,0
28.338,0.2868,-0.6974,-0.0000,0.5499,0.1400,0.0538,0.0000,0,0.8000,-0.5000,0
28.358,0.2878,-0.6970,-0.0000,0.5488,0.1400,0.0538,0.0000,0,0.8000,-0.5000,0
28.378,0.2899,-0.6962,-0.0000,0.5466,0.1400,0.0538,0.0000,0,0.8000,-0.5000,0
28.398,0.2899,-0.6962,-0.0000,0.5466,0.1400,0.0538,0.0000,0,0.8000,-0.5000,0
28.419,0.2899,-0.6962,-0.0000,0.5466,0.1400,0.0538,0.0000,0,0.8000,-0.5000,0
28.439,0.2919,-0.6954,-0.0000,0.5444,0.1400,0.0538,0.0000,0,0.8000,-0.5000,0
28.459,0.2919,-0.6954,-0.0000,0.5444,0.1400,0.0538,0.0000,0,0.8000,-0.5000,0
28.479,0.2930,-0.6950,-0.0000,0.5432,0.1400,0.0538,0.0000,0,0.8000,-0.5000,0
28.498,0.2940,-0.6946,-0.0000,0.5421,0.1400,0.0538,0.0000,0,0.8000,-0.5000,0
28.519,0.2940,-0.6946,-0.0000,0.5421,0.1400,0.0538,0.0000,0,0.8000,-0.5000,0
28.538,0.2940,-0.6946,-0.0000,0.5421,0.1400,0.0538,0.0000,0,0.8000,-0.5000,0
28.558,0.2940,-0.6946,-0.0000,0.5421,0.1400,0.0538,0.0000,0,0.8000,-0.5000,0
28.578,0.2950,-0.6942,-0.0000,0.5410,0.1400,0.0538,0.0000,0,0.8000,-0.5000,0
28.599,0.2950,-0.6942,-0.0000,0.5410,0.1400,0.0538,0.0000,0,0.8000,-0.5000,0
28.619,0.2950,-0.6942,-0.0000,0.5410,0.1400,0.0538,0.0000,0,0.8000,-0.5000,0
28.638,0.2950,-0.6942,-0.0000,0.5410,0.1400,0.0538,0.0000,0,0.8000,-0.5000,0
28.658,0.2950,-0.6942,-0.0000,0.5410,0.1400,0.0538,0.0000,0,0.8000,-0.5000,0
28.678,0.2950,-0.6942,-0.0000,0.5410,0.1400,0.0538,0.0000,0,0.8000,-0.5000,0
28.698,0.2950,-0.6942,-0.0000,0.5410,0.1400,0.0538,0.0000,0,0.8000,-0.5000,0
28.718,0.2950,-0.6942,-0.0000,0.5410,0.1400,0.0538,0.0000,0,0.8000,-0.5000,0
28.738,0.2950,-0.6942,-0.0000,0.5410,0.1400,0.0538,0.0000,0,0.8000,-0.5000,0
28.759,0.2950,-0.6942,-0.0000,0.5410,0.1400,0.0538,0.0000,0,0.8000,-0.5000,0
28.779,0.2950,-0.6942,-0.0000,0.5410,0.1400,0.0538,0.0000,0,0.8000,-0.5000,0
28.798,0.2961,-0.6938,-0.0000,0.5399,0.1400,0.0538,0.0000,0,0.8000,-0.5000,0
28.818,0.2981,-0.6930,-0.0000,0.5377,0.1400,0.0538,0.0000,0,0.8000,-0.5000,0
28.838,0.2992,-0.6926,-0.0000,0.5366,0.1400,0.0538,0.0000,0,0.8000,-0.5000,0
28.860,0.3012,-0.6918,-0.0000,0.5344,0.1400,0.0538,0.0000,0,0.8000,-0.5000,0
28.878,0.3023,-0.6914,-0.0000,0.5333,0.1400,0.0538,0.0000,0,0.8000,-0.5000,0
28.900,0.3023,-0.6914,-0.0000,0.5333,0.1400,0.0538,0.0000,0,0.8000,-0.5000,0
28.919,0.3033,-0.6910,-0.0000,0.5322,0.1400,0.0538,0.0000,0,0.8000,-0.5000,0
28.938,0.3033,-0.6910,-0.0000,0.5322,0.1400,0.0538,0.0000,0,0.8000,-0.5000,0
28.958,0.3033,-0.6910,-0.0000,0.5322,0.1400,0.0538,0.0000,0,0.8000,-0.5000,0
28.978,0.3033,-0.6910,-0.0000,0.5322,0.1400,0.0538,0.0000,0,0.8000,-0.5000,0
28.998,0.3033,-0.6910,-0.0000,0.5322,0.1400,0.0538,0.0000,0,0.8000,-0.5000,0
29.018,0.3033,-0.6910,-0.0000,0.5322,0.1400,0.0538,0.0000,0,0.8000,-0.5000,0
29.039,0.3033,-0.6910,-0.0000,0.5322,0.1400,0.0538,0.0000,0,0.8000,-0.5000,0
29.058,0.3033,-0.6910,-0.0000,0.5322,0.1400,0.0538,0.0000,0,0.8000,-0.5000,0
29.079,0.3033,-0.6910,-0.0000,0.5322,0.1400,0.0538,0.0000,0,0.8000,-0.5000,0
29.098,0.3033,-0.6910,-0.0000,0.5322,0.1400,0.0538,0.0000,0,0.8000,-0.5000,0
29.119,0.3043,-0.6906,-0.0000,0.5311,0.1400,0.0538,0.0000,0,0.8000,-0.5000,0
29.138,0.3064,-0.6898,-0.0000,0.5288,0.1400,0.0538,0.0000,0,0.8000,-0.5000,0
29.158,0.3074,-0.6895,-0.0000,0.5277,0.1400,0.0538,0.0000,0,0.8000,-0.5000,0
29.178,0.3095,-0.6887,-0.0000,0.5255,0.1400,0.0538,0.0000,0,0.8000,-0.5000,0
29.198,0.3105,-0.6883,-0.0000,0.5244,0.1400,0.0538,0.0000,0,0.8000,-0.5000,0
29.219,0.3105,-0.6883,-0.0000,0.5244,0.1400,0.0538,0.0000,0,0.8000,-0.5000,0
29.238,0.3116,-0.6879,-0.0000,0.5233,0.1400,0.0538,0.0000,0,0.8000,-0.5000,0
29.258,0.3116,-0.6879,-0.0000,0.5233,0.1400,0.0538,0.0000,0,0.8000,-0.5000,0
29.279,0.3116,-0.6879,-0.0000,0.5233,0.1400,0.0538,0.0000,0,0.8000,-0.5000,0
29.298,0.3116,-0.6879,-0.0000,0.5233,0.1400,0.0538,0.0000,0,0.8000,-0.5000,0
29.318,0.3116,-0.6879,-0.0000,0.5233,0.1400,0.0538,0.0000,0,0.8000,-0.5000,0
29.338,0.3116,-0.6879,-0.0000,0.5233,0.1400,0.0538,0.0000,0,0.8000,-0.5000,0
29.358,0.3116,-0.6879,-0.0000,0.5233,0.1400,0.0538,0.0000,0,0.8000,-0.5000,0
29.379,0.3116,-0.6879,-0.0000,0.5233,0.1400,0.0538,0.0000,0,0.8000,-0.5000,0
29.399,0.3116,-0.6879,-0.0000,0.5233,0.1400,0.0538,0.0000,0,0.8000,-0.5000,0
29.418,0.3136,-0.6871,-0.0000,0.5211,0.1400,0.0538,0.0000,0,0.8000,-0.5000,0
29.438,0.3147,-0.6867,-0.0000,0.5200,0.1400,0.0538,0.0000,0,0.8000,-0.5000,0
29.459,0.3167,-0.6859,-0.0000,0.5178,0.1400,0.0538,0.0000,0,0.8000,-0.5000,0
29.478,0.3188,-0.6851,-0.0000,0.5156,0.1400,0.0538,0.0000,0,0.8000,-0.5000,0
29.499,0.3188,-0.6851,-0.0000,0.5156,0.1400,0.0538,0.0000,0,0.8000,-0.5000,0
29.518,0.3198,-0.6847,-0.0000,0.5144,0.1400,0.0538,0.0000,0,0.8000,-0.5000,0
29.538,0.3209,-0.6843,-0.0000,0.5133,0.1400,0.0538,0.0000,0,0.8000,-0.5000,0
29.558,0.3209,-0.6843,-0.0000,0.5133,0.1400,0.0538,0.0000,0,0.8000,-0.5000,0
29.580,0.3209,-0.6843,-0.0000,0.5133,0.1400,0.0538,0.0000,0,0.8000,-0.5000,0
29.598,0.3219,-0.6839,-0.0000,0.5122,0.1400,0.0538,0.0000,0,0.8000,-0.5000,0
29.618,0.3219,-0.6839,-0.0000,0.5122,0.1400,0.0538,0.0000,0,0.8000,-0.5000,0
29.640,0.3219,-0.6839,-0.0000,0.5122,0.1400,0.0538,0.0000,0,0.8000,-0.5000,0
29.658,0.3219,-0.6839,-0.0000,0.5122,0.1400,0.0538,0.0000,0,0.8000,-0.5000,0
29.678,0.3219,-0.6839,-0.0000,0.5122,0.1400,0.0538,0.0000,0,0.8000,-0.5000,0
29.698,0.3219,-0.6839,-0.0000,0.5122,0.1400,0.0538,0.0000,0,0.8000,-0.5000,0
29.718,0.3219,-0.6839,-0.0000,0.5122,0.1400,0.0538,0.0000,0,0.8000,-0.5000,0
29.739,0.3219,-0.6839,-0.0000,0.5122,0.1400,0.0538,0.0000,0,0.8000,-0.5000,0
29.759,0.3229,-0.6835,-0.0000,0.5111,0.1400,0.0538,0.0000,0,0.8000,-0.5000,0
29.778,0.3240,-0.6831,-0.0000,0.5100,0.1400,0.0538,0.0000,0,0.8000,-0.5000,0
29.798,0.3260,-0.6823,-0.0000,0.5078,0.1400,0.0538,0.0000,0,0.8000,-0.5000,0
29.820,0.3271,-0.6819,-0.0000,0.5067,0.1400,0.0538,0.0000,0,0.8000,-0.5000,0
29.838,0.3271,-0.6819,-0.0000,0.5067,0.1400,0.0538,0.0000,0,0.8000,-0.5000,0
29.858,0.3271,-0.6819,-0.0000,0.5067,0.1400,0.0538,0.0000,0,0.8000,-0.5000,0
29.879,0.3271,-0.6819,-0.0000,0.5067,0.1400,0.0538,0.0000,0,0.8000,-0.5000,0
29.898,0.3271,-0.6819,-0.0000,0.5067,0.1400,0.0538,0.0000,0,0.8000,-0.5000,0
29.919,0.3271,-0.6819,-0.0000,0.5067,0.1400,0.0538,0.0000,0,0.8000,-0.5000,0
29.938,0.3271,-0.6819,-0.0000,0.5067,0.1400,0.0538,0.0000,0,0.8000,-0.5000,0
29.958,0.3271,-0.6819,-0.0000,0.5067,0.1400,0.0538,0.0000,0,0.8000,-0.5000,0
29.978,0.3271,-0.6819,-0.0000,0.5067,0.1400,0.0538,0.0000,0,0.8000,-0.5000,0
29.999,0.3271,-0.6819,-0.0000,0.5067,0.1400,0.0538,0.0000,0,0.8000,-0.5000,0
30.019,0.3271,-0.6819,-0.0000,0.5067,0.1400,0.0538,0.0000,0,0.8000,-0.5000,0
30.038,0.3302,-0.6807,-0.0000,0.5034,0.1400,0.0538,0.0000,0,0.8000,-0.5000,0
30.058,0.3312,-0.6803,-0.0000,0.5023,0.1400,0.0538,0.0000,0,0.8000,-0.5000,0
30.078,0.3343,-0.6791,-0.0000,0.4989,0.1400,0.0538,0.0000,0,0.8000,-0.5000,0
30.099,0.3354,-0.6787,-0.0000,0.4978,0.1400,0.0538,0.0000,0,0.8000,-0.5000,0
30.118,0.3374,-0.6779,-0.0000,0.4956,0.1400,0.0538,0.0000,0,0.8000,-0.5000,0
30.138,0.3385,-0.6775,-0.0000,0.4945,0.1400,0.0538,0.0000,0,0.8000,-0.5000,0
30.158,0.3385,-0.6775,-0.0000,0.4945,0.1400,0.0538,0.0000,0,0.8000,-0.5000,0
30.178,0.3385,-0.6775,-0.0000,0.4945,0.1400,0.0538,0.0000,0,0.8000,-0.5000,0
30.198,0.3385,-0.6775,-0.0000,0.4945,0.1400,0.0538,0.0000,0,0.8000,-0.5000,0
30.218,0.3395,-0.6771,-0.0000,0.4934,0.1400,0.0538,0.0000,0,0.8000,-0.5000,0
30.238,0.3405,-0.6767,-0.0000,0.4923,0.1400,0.0538,0.0000,0,0.8000,-0.5000,0
30.258,0.3405,-0.6767,-0.0000,0.4923,0.1400,0.0538,0.0000,0,0.8000,-0.5000,0
30.278,0.3416,-0.6763,-0.0000,0.4912,0.1400,0.0538,0.0000,0,0.8000,-0.5000,0
30.298,0.3426,-0.6759,-0.0000,0.4901,0.1400,0.0538,0.0000,0,0.8000,-0.5000,0
30.318,0.3426,-0.6759,-0.0000,0.4901,0.1400,0.0538,0.0000,0,0.8000,-0.5000,0
30.338,0.3426,-0.6759,-0.0000,0.4901,0.1400,0.0538,0.0000,0,0.8000,-0.5000,0
30.358,0.3447,-0.6751,-0.0000,0.4879,0.1400,0.0538,0.0000,0,0.8000,-0.5000,0
30.380,0.3447,-0.6751,-0.0000,0.4879,0.1400,0.0538,0.0000,0,0.8000,-0.5000,0
30.398,0.3457,-0.6747,-0.0000,0.4868,0.1400,0.0538,0.0000,0,0.8000,-0.5000,0
30.418,0.3467,-0.6743,-0.0000,0.4856,0.1400,0.0538,0.0000,0,0.8000,-0.5000,0
30.438,0.3467,-0.6743,-0.0000,0.4856,0.1400,0.0538,0.0000,0,0.8000,-0.5000,0
30.458,0.3467,-0.6743,-0.0000,0.4856,0.1400,0.0538,0.0000,0,0.8000,-0.5000,0
30.478,0.3467,-0.6743,-0.0000,0.4856,0.1400,0.0538,0.0000,0,0.8000,-0.5000,0
30.498,0.3478,-0.6739,-0.0000,0.4845,0.1400,0.0538,0.0000,0,0.8000,-0.5000,0
30.518,0.3478,-0.6739,-0.0000,0.4845,0.1400,0.0538,0.0000,0,0.8000,-0.5000,0
30.538,0.3478,-0.6739,-0.0000,0.4845,0.1400,0.0538,0.0000,0,0.8000,-0.5000,0
30.558,0.3478,-0.6739,-0.0000,0.4845,0.1400,0.0538,0.0000,0,0.8000,-0.5000,0
30.578,0.3478,-0.6739,-0.0000,0.4845,0.1400,0.0538,0.0000,0,0.8000,-0.5000,0
30.598,0.3478,-0.6739,-0.0000,0.4845,0.1400,0.0538,0.0000,0,0.8000,-0.5000,0
30.619,0.3488,-0.6735,-0.0000,0.4834,0.1400,0.0538,0.0000,0,0.8000,-0.5000,0
30.638,0.3498,-0.6731,-0.0000,0.4823,0.1400,0.0538,0.0000,0,0.8000,-0.5000,0
30.658,0.3509,-0.6728,-0.0000,0.4812,0.1400,0.0538,0.0000,0,0.8000,-0.5000,0
30.678,0.3519,-0.6724,-0.0000,0.4801,0.1400,0.0538,0.0000,0,0.8000,-0.5000,0
30.698,0.3529,-0.6720,-0.0000,0.4790,0.1400,0.0538,0.0000,0,0.8000,-0.5000,0
30.719,0.3529,-0.6720,-0.0000,0.4790,0.1400,0.0538,0.0000,0,0.8000,-0.5000,0
30.738,0.3540,-0.6716,-0.0000,0.4779,0.1400,0.0538,0.0000,0,0.8000,-0.5000,0
30.758,0.3550,-0.6712,-0.0000,0.4768,0.1400,0.0538,0.0000,0,0.8000,-0.5000,0
30.779,0.3550,-0.6712,-0.0000,0.4768,0.1400,0.0538,0.0000,0,0.8000,-0.5000,0
30.798,0.3560,-0.6708,-0.0000,0.4757,0.1400,0.0538,0.0000,0,0.8000,-0.5000,0
30.818,0.3560,-0.6708,-0.0000,0.4757,0.1400,0.0538,0.0000,0,0.8000,-0.5000,0
30.838,0.3560,-0.6708,-0.0000,0.4757,0.1400,0.0538,0.0000,0,0.8000,-0.5000,0
30.860,0.3560,-0.6708,-0.0000,0.4757,0.1400,0.0538,0.0000,0,0.8000,-0.5000,0
30.878,0.3560,-0.6708,-0.0000,0.4757,0.1400,0.0538,0.0000,0,0.8000,-0.5000,0
30.899,0.3560,-0.6708,-0.0000,0.4757,0.1400,0.0538,0.0000,0,0.8000,-0.5000,0
30.918,0.3571,-0.6704,-0.0000,0.4746,0.1400,0.0538,0.0000,0,0.8000,-0.5000,0
30.938,0.3581,-0.6700,-0.0000,0.4735,0.1400,0.0538,0.0000,0,0.8000,-0.5000,0
30.959,0.3581,-0.6700,-0.0000,0.4735,0.1400,0.0538,0.0000,0,0.8000,-0.5000,0
30.978,0.3602,-0.6692,-0.0000,0.4712,0.1400,0.0538,0.0000,0,0.8000,-0.5000,0
30.999,0.3602,-0.6692,-0.0000,0.4712,0.1400,0.0538,0.0000,0,0.8000,-0.5000,0
31.019,0.3602,-0.6692,-0.0000,0.4712,0.1400,0.0538,0.0000,0,0.8000,-0.5000,0
31.038,0.3612,-0.6688,-0.0000,0.4701,0.1400,0.0538,0.0000,0,0.8000,-0.5000,0
31.059,0.3622,-0.6684,-0.0000,0.4690,0.1400,0.0538,0.0000,0,0.8000,-0.5000,0
31.078,0.3622,-0.6684,-0.0000,0.4690,0.1400,0.0538,0.0000,0,0.8000,-0.5000,0
31.098,0.3643,-0.6676,-0.0000,0.4668,0.1400,0.0538,0.0000,0,0.8000,-0.5000,0
31.118,0.3643,-0.6676,-0.0000,0.4668,0.1400,0.0538,0.0000,0,0.8000,-0.5000,0
31.138,0.3643,-0.6676,-0.0000,0.4668,0.1400,0.0538,0.0000,0,0.8000,-0.5000,0
31.158,0.3643,-0.6676,-0.0000,0.4668,0.1400,0.0538,0.0000,0,0.8000,-0.5000,0
31.178,0.3643,-0.6676,-0.0000,0.4668,0.1400,0.0538,0.0000,0,0.8000,-0.5000,0
31.198,0.3653,-0.6672,-0.0000,0.4657,0.1400,0.0538,0.0000,0,0.8000,-0.5000,0
31.219,0.3653,-0.6672,-0.0000,0.4657,0.1400,0.0538,0.0000,0,0.8000,-0.5000,0
31.238,0.3664,-0.6668,-0.0000,0.4646,0.1400,0.0538,0.0000,0,0.8000,-0.5000,0
31.258,0.3664,-0.6668,-0.0000,0.4646,0.1400,0.0538,0.0000,0,0.8000,-0.5000,0
31.278,0.3664,-0.6668,-0.0000,0.4646,0.1400,0.0538,0.0000,0,0.8000,-0.5000,0
31.298,0.3664,-0.6668,-0.0000,0.4646,0.1400,0.0538,0.0000,0,0.8000,-0.5000,0
31.318,0.3684,-0.6660,-0.0000,0.4624,0.1400,0.0538,0.0000,0,0.8000,-0.5000,0
31.338,0.3684,-0.6660,-0.0000,0.4624,0.1400,0.0538,0.0000,0,0.8000,-0.5000,0
31.359,0.3684,-0.6660,-0.0000,0.4624,0.1400,0.0538,0.0000,0,0.8000,-0.5000,0
31.378,0.3705,-0.6652,-0.0000,0.4602,0.1400,0.0538,0.0000,0,0.8000,-0.5000,0
31.400,0.3705,-0.6652,-0.0000,0.4602,0.1400,0.0538,0.0000,0,0.8000,-0.5000,0
31.418,0.3705,-0.6652,-0.0000,0.4602,0.1400,0.0538,0.0000,0,0.8000,-0.5000,0
31.439,0.3705,-0.6652,-0.0000,0.4602,0.1400,0.0538,0.0000,0,0.8000,-0.5000,0
31.458,0.3715,-0.6648,-0.0000,0.4591,0.1400,0.0538,0.0000,0,0.8000,-0.5000,0
31.478,0.3715,-0.6648,-0.0000,0.4591,0.1400,0.0538,0.0000,0,0.8000,-0.5000,0
31.498,0.3715,-0.6648,-0.0000,0.4591,0.1400,0.0538,0.0000,0,0.8000,-0.5000,0
31.518,0.3715,-0.6648,-0.0000,0.4591,0.1400,0.0538,0.0000,0,0.8000,-0.5000,0
31.538,0.3715,-0.6648,-0.0000,0.4591,0.1400,0.0538,0.0000,0,0.8000,-0.5000,0
31.558,0.3715,-0.6648,-0.0000,0.4591,0.1400,0.0538,0.0000,0,0.8000,-0.5000,0
31.578,0.3715,-0.6648,-0.0000,0.4591,0.1400,0.0538,0.0000,0,0.8000,-0.5000,0
31.598,0.3715,-0.6648,-0.0000,0.4591,0.1400,0.0538,0.0000,0,0.8000,-0.5000,0
31.619,0.3715,-0.6648,-0.0000,0.4591,0.1400,0.0538,0.0000,0,0.8000,-0.5000,0
31.639,0.3736,-0.6640,-0.0000,0.4568,0.1400,0.0538,0.0000,0,0.8000,-0.5000,0
31.658,0.3757,-0.6632,-0.0000,0.4546,0.1400,0.0538,0.0000,0,0.8000,-0.5000,0
31.679,0.3777,-0.6624,-0.0000,0.4524,0.1400,0.0538,0.0000,0,0.8000,-0.5000,0
31.699,0.3777,-0.6624,-0.0000,0.4524,0.1400,0.0538,0.0000,0,0.8000,-0.5000,0
31.718,0.3808,-0.6612,-0.0000,0.4491,0.1400,0.0538,0.0000,0,0.8000,-0.5000,0
31.738,0.3808,-0.6612,-0.0000,0.4491,0.1400,0.0538,0.0000,0,0.8000,-0.5000,0
31.759,0.3808,-0.6612,-0.0000,0.4491,0.1400,0.0538,0.0000,0,0.8000,-0.5000,0
31.778,0.3808,-0.6612,-0.0000,0.4491,0.1400,0.0538,0.0000,0,0.8000,-0.5000,0
31.800,0.3808,-0.6612,-0.0000,0.4491,0.1400,0.0538,0.0000,0,0.8000,-0.5000,0
31.819,0.3819,-0.6608,-0.0000,0.4480,0.1400,0.0538,0.0000,0,0.8000,-0.5000,0
31.839,0.3819,-0.6608,-0.0000,0.4480,0.1400,0.0538,0.0000,0,0.8000,-0.5000,0
31.858,0.3819,-0.6608,-0.0000,0.4480,0.1400,0.0538,0.0000,0,0.8000,-0.5000,0
31.879,0.3819,-0.6608,-0.0000,0.4480,0.1400,0.0538,0.0000,0,0.8000,-0.5000,0
31.898,0.3819,-0.6608,-0.0000,0.4480,0.1400,0.0538,0.0000,0,0.8000,-0.5000,0
31.918,0.3819,-0.6608,-0.0000,0.4480,0.1400,0.0538,0.0000,0,0.8000,-0.5000,0
31.940,0.3819,-0.6608,-0.0000,0.4480,0.1400,0.0538,0.0000,0,0.8000,-0.5000,0
31.958,0.3819,-0.6608,-0.0000,0.4480,0.1400,0.0538,0.0000,0,0.8000,-0.5000,0
31.979,0.3819,-0.6608,-0.0000,0.4480,0.1400,0.0538,0.0000,0,0.8000,-0.5000,0
32.000,0.3819,-0.6608,-0.0000,0.4480,0.1400,0.0538,0.0000,0,0.8000,-0.5000,0
32.019,0.3829,-0.6604,-0.0000,0.4469,0.1400,0.0538,0.0000,0,0.8000,-0.5000,0
32.038,0.3850,-0.6596,-0.0000,0.4447,0.1400,0.0538,0.0000,0,0.8000,-0.5000,0
32.058,0.3870,-0.6588,-0.0000,0.4424,0.1400,0.0538,0.0000,0,0.8000,-0.5000,0
32.079,0.3891,-0.6580,-0.0000,0.4402,0.1400,0.0538,0.0000,0,0.8000,-0.5000,0
32.098,0.3891,-0.6580,-0.0000,0.4402,0.1400,0.0538,0.0000,0,0.8000,-0.5000,0
32.120,0.3891,-0.6580,-0.0000,0.4402,0.1400,0.0538,0.0000,0,0.8000,-0.5000,0
32.138,0.3912,-0.6572,-0.0000,0.4380,0.1400,0.0538,0.0000,0,0.8000,-0.5000,0
32.159,0.3912,-0.6572,-0.0000,0.4380,0.1400,0.0538,0.0000,0,0.8000,-0.5000,0
32.178,0.3912,-0.6572,-0.0000,0.4380,0.1400,0.0538,0.0000,0,0.8000,-0.5000,0
32.199,0.3912,-0.6572,-0.0000,0.4380,0.1400,0.0538,0.0000,0,0.8000,-0.5000,0
32.218,0.3932,-0.6564,-0.0000,0.4358,0.1400,0.0538,0.0000,0,0.8000,-0.5000,0
32.238,0.3932,-0.6564,-0.0000,0.4358,0.1400,0.0538,0.0000,0,0.8000,-0.5000,0
32.258,0.3932,-0.6564,-0.0000,0.4358,0.1400,0.0538,0.0000,0,0.8000,-0.5000,0
32.278,0.3953,-0.6557,-0.0000,0.4336,0.1400,0.0538,0.0000,0,0.8000,-0.5000,0
32.299,0.3953,-0.6557,-0.0000,0.4336,0.1400,0.0538,0.0000,0,0.8000,-0.5000,0
32.319,0.3953,-0.6557,-0.0000,0.4336,0.1400,0.0538,0.0000,0,0.8000,-0.5000,0
32.338,0.3984,-0.6545,-0.0000,0.4303,0.1400,0.0538,0.0000,0,0.8000,-0.5000,0
32.359,0.3984,-0.6545,-0.0000,0.4303,0.1400,0.0538,0.0000,0,0.8000,-0.5000,0
32.378,0.3984,-0.6545,-0.0000,0.4303,0.1400,0.0538,0.0000,0,0.8000,-0.5000,0
32.398,0.4005,-0.6537,-0.0000,0.4280,0.1400,0.0538,0.0000,0,0.8000,-0.5000,0
32.418,0.4005,-0.6537,-0.0000,0.4280,0.1400,0.0538,0.0000,0,0.8000,-0.5000,0
32.438,0.4005,-0.6537,-0.0000,0.4280,0.1400,0.0538,0.0000,0,0.8000,-0.5000,0
32.458,0.4005,-0.6537,-0.0000,0.4280,0.1400,0.0538,0.0000,0,0.8000,-0.5000,0
32.478,0.4005,-0.6537,-0.0000,0.4280,0.1400,0.0538,0.0000,0,0.8000,-0.5000,0
32.499,0.4015,-0.6533,-0.0000,0.4269,0.1400,0.0538,0.0000,0,0.8000,-0.5000,0
32.518,0.4015,-0.6533,-0.0000,0.4269,0.1400,0.0538,0.0000,0,0.8000,-0.5000,0
32.538,0.4015,-0.6533,-0.0000,0.4269,0.1400,0.0538,0.0000,0,0.8000,-0.5000,0
32.558,0.4015,-0.6533,-0.0000,0.4269,0.1400,0.0538,0.0000,0,0.8000,-0.5000,0
32.578,0.4015,-0.6533,-0.0000,0.4269,0.1400,0.0538,0.0000,0,0.8000,-0.5000,0
32.598,0.4015,-0.6533,-0.0000,0.4269,0.1400,0.0538,0.0000,0,0.8000,-0.5000,0
32.619,0.4026,-0.6529,-0.0000,0.4258,0.1400,0.0538,0.0000,0,0.8000,-0.5000,0
32.638,0.4036,-0.6525,-0.0000,0.4247,0.1400,0.0538,0.0000,0,0.8000,-0.5000,0
32.658,0.4057,-0.6517,-0.0000,0.4225,0.1400,0.0538,0.0000,0,0.8000,-0.5000,0
32.678,0.4077,-0.6509,-0.0000,0.4203,0.1400,0.0538,0.0000,0,0.8000,-0.5000,0
32.698,0.4098,-0.6501,-0.0000,0.4181,0.1400,0.0538,0.0000,0,0.8000,-0.5000,0
32.718,0.4098,-0.6501,-0.0000,0.4181,0.1400,0.0538,0.0000,0,0.8000,-0.5000,0
32.738,0.4129,-0.6489,-0.0000,0.4148,0.1400,0.0538,0.0000,0,0.8000,-0.5000,0
32.758,0.4129,-0.6489,-0.0000,0.4148,0.1400,0.0538,0.0000,0,0.8000,-0.5000,0
32.778,0.4129,-0.6489,-0.0000,0.4148,0.1400,0.0538,0.0000,0,0.8000,-0.5000,0
32.799,0.4139,-0.6485,-0.0000,0.4136,0.1400,0.0538,0.0000,0,0.8000,-0.5000,0
32.818,0.4139,-0.6485,-0.0000,0.4136,0.1400,0.0538,0.0000,0,0.8000,-0.5000,0
32.839,0.4139,-0.6485,-0.0000,0.4136,0.1400,0.0538,0.0000,0,0.8000,-0.5000,0
32.858,0.4139,-0.6485,-0.0000,0.4136,0.1400,0.0538,0.0000,0,0.8000,-0.5000,0
32.880,0.4139,-0.6485,-0.0000,0.4136,0.1400,0.0538,0.0000,0,0.8000,-0.5000,0
32.898,0.4139,-0.6485,-0.0000,0.4136,0.1400,0.0538,0.0000,0,0.8000,-0.5000,0
32.918,0.4139,-0.6485,-0.0000,0.4136,0.1400,0.0538,0.0000,0,0.8000,-0.5000,0
32.938,0.4139,-0.6485,-0.0000,0.4136,0.1400,0.0538,0.0000,0,0.8000,-0.5000,0
32.958,0.4139,-0.6485,-0.0000,0.4136,0.1400,0.0538,0.0000,0,0.8000,-0.5000,0
32.978,0.4139,-0.6485,-0.0000,0.4136,0.1400,0.0538,0.0000,0,0.8000,-0.5000,0
33.000,0.4139,-0.6485,-0.0000,0.4136,0.1400,0.0538,0.0000,0,0.8000,-0.5000,0
33.018,0.4150,-0.6481,-0.0000,0.4125,0.1400,0.0538,0.0000,0,0.8000,-0.5000,0
33.038,0.4160,-0.6477,-0.0000,0.4114,0.1400,0.0538,0.0000,0,0.8000,-0.5000,0
33.058,0.4170,-0.6473,-0.0000,0.4103,0.1400,0.0538,0.0000,0,0.8000,-0.5000,0
33.078,0.4191,-0.6465,-0.0000,0.4081,0.1400,0.0538,0.0000,0,0.8000,-0.5000,0
33.098,0.4191,-0.6465,-0.0000,0.4081,0.1400,0.0538,0.0000,0,0.8000,-0.5000,0
33.119,0.4191,-0.6465,-0.0000,0.4081,0.1400,0.0538,0.0000,0,0.8000,-0.5000,0
33.138,0.4201,-0.6461,-0.0000,0.4070,0.1400,0.0538,0.0000,0,0.8000,-0.5000,0
33.159,0.4201,-0.6461,-0.0000,0.4070,0.1400,0.0538,0.0000,0,0.8000,-0.5000,0
33.178,0.4201,-0.6461,-0.0000,0.4070,0.1400,0.0538,0.0000,0,0.8000,-0.5000,0
33.198,0.4201,-0.6461,-0.0000,0.4070,0.1400,0.0538,0.0000,0,0.8000,-0.5000,0
33.218,0.4212,-0.6457,-0.0000,0.4059,0.1400,0.0538,0.0000,0,0.8000,-0.5000,0
33.238,0.4222,-0.6453,-0.0000,0.4048,0.1400,0.0538,0.0000,0,0.8000,-0.5000,0
33.258,0.4243,-0.6445,-0.0000,0.4026,0.1400,0.0538,0.0000,0,0.8000,-0.5000,0
33.278,0.4243,-0.6445,-0.0000,0.4026,0.1400,0.0538,0.0000,0,0.8000,-0.5000,0
33.298,0.4243,-0.6445,-0.0000,0.4026,0.1400,0.0538,0.0000,0,0.8000,-0.5000,0
33.319,0.4243,-0.6445,-0.0000,0.4026,0.1400,0.0538,0.0000,0,0.8000,-0.5000,0
33.338,0.4263,-0.6437,-0.0000,0.4004,0.1400,0.0538,0.0000,0,0.8000,-0.5000,0
33.359,0.4263,-0.6437,-0.0000,0.4004,0.1400,0.0538,0.0000,0,0.8000,-0.5000,0
33.378,0.4274,-0.6433,-0.0000,0.3992,0.1400,0.0538,0.0000,0,0.8000,-0.5000,0
33.398,0.4284,-0.6429,-0.0000,0.3981,0.1400,0.0538,0.0000,0,0.8000,-0.5000,0
33.418,0.4284,-0.6429,-0.0000,0.3981,0.1400,0.0538,0.0000,0,0.8000,-0.5000,0
33.438,0.4284,-0.6429,-0.0000,0.3981,0.1400,0.0538,0.0000,0,0.8000,-0.5000,0
33.458,0.4284,-0.6429,-0.0000,0.3981,0.1400,0.0538,0.0000,0,0.8000,-0.5000,0
33.478,0.4294,-0.6425,-0.0000,0.3970,0.1400,0.0538,0.0000,0,0.8000,-0.5000,0
33.499,0.4294,-0.6425,-0.0000,0.3970,0.1400,0.0538,0.0000,0,0.8000,-0.5000,0
33.518,0.4294,-0.6425,-0.0000,0.3970,0.1400,0.0538,0.0000,0,0.8000,-0.5000,0
33.538,0.4294,-0.6425,-0.0000,0.3970,0.1400,0.0538,0.0000,0,0.8000,-0.5000,0
33.558,0.4294,-0.6425,-0.0000,0.3970,0.1400,0.0538,0.0000,0,0.8000,-0.5000,0
33.578,0.4294,-0.6425,-0.0000,0.3970,0.1400,0.0538,0.0000,0,0.8000,-0.5000,0
33.598,0.4294,-0.6425,-0.0000,0.3970,0.1400,0.0538,0.0000,0,0.8000,-0.5000,0
33.618,0.4294,-0.6425,-0.0000,0.3970,0.1400,0.0538,0.0000,0,0.8000,-0.5000,0
33.639,0.4294,-0.6425,-0.0000,0.3970,0.1400,0.0538,0.0000,0,0.8000,-0.5000,0
33.659,0.4305,-0.6421,-0.0000,0.3959,0.1400,0.0538,0.0000,0,0.8000,-0.5000,0
33.678,0.4325,-0.6413,-0.0000,0.3937,0.1400,0.0538,0.0000,0,0.8000,-0.5000,0
33.698,0.4346,-0.6405,-0.0000,0.3915,0.1400,0.0538,0.0000,0,0.8000,-0.5000,0
33.719,0.4377,-0.6393,-0.0000,0.3882,0.1400,0.0538,0.0000,0,0.8000,-0.5000,0
33.738,0.4398,-0.6386,-0.0000,0.3860,0.1400,0.0538,0.0000,0,0.8000,-0.5000,0
33.758,0.4408,-0.6382,-0.0000,0.3848,0.1400,0.0538,0.0000,0,0.8000,-0.5000,0
33.778,0.4408,-0.6382,-0.0000,0.3848,0.1400,0.0538,0.0000,0,0.8000,-0.5000,0
33.798,0.4408,-0.6382,-0.0000,0.3848,0.1400,0.0538,0.0000,0,0.8000,-0.5000,0
33.818,0.4408,-0.6382,-0.0000,0.3848,0.1400,0.0538,0.0000,0,0.8000,-0.5000,0
33.840,0.4408,-0.6382,-0.0000,0.3848,0.1400,0.0538,0.0000,0,0.8000,-0.5000,0
33.858,0.4429,-0.6374,-0.0000,0.3826,0.1400,0.0538,0.0000,0,0.8000,-0.5000,0
33.878,0.4429,-0.6374,-0.0000,0.3826,0.1400,0.0538,0.0000,0,0.8000,-0.5000,0
33.898,0.4429,-0.6374,-0.0000,0.3826,0.1400,0.0538,0.0000,0,0.8000,-0.5000,0
33.918,0.4429,-0.6374,-0.0000,0.3826,0.1400,0.0538,0.0000,0,0.8000,-0.5000,0
33.938,0.4429,-0.6374,-0.0000,0.3826,0.1400,0.0538,0.0000,0,0.8000,-0.5000,0
33.958,0.4429,-0.6374,-0.0000,0.3826,0.1400,0.0538,0.0000,0,0.8000,-0.5000,0
33.980,0.4429,-0.6374,-0.0000,0.3826,0.1400,0.0538,0.0000,0,0.8000,-0.5000,0
34.000,0.4429,-0.6374,-0.0000,0.3826,0.1400,0.0538,0.0000,0,0.8000,-0.5000,0
34.021,0.4429,-0.6374,-0.0000,0.3826,0.1400,0.0538,0.0000,0,0.8000,-0.5000,0
34.038,0.4439,-0.6370,-0.0000,0.3815,0.1400,0.0538,0.0000,0,0.8000,-0.5000,0
34.058,0.4460,-0.6362,-0.0000,0.3793,0.1400,0.0538,0.0000,0,0.8000,-0.5000,0
34.078,0.4470,-0.6358,-0.0000,0.3782,0.1400,0.0538,0.0000,0,0.8000,-0.5000,0
34.098,0.4491,-0.6350,-0.0000,0.3760,0.1400,0.0538,0.0000,0,0.8000,-0.5000,0
34.118,0.4501,-0.6346,-0.0000,0.3749,0.1400,0.0538,0.0000,0,0.8000,-0.5000,0
34.138,0.4511,-0.6342,-0.0000,0.3738,0.1400,0.0538,0.0000,0,0.8000,-0.5000,0
34.158,0.4511,-0.6342,-0.0000,0.3738,0.1400,0.0538,0.0000,0,0.8000,-0.5000,0
34.178,0.4511,-0.6342,-0.0000,0.3738,0.1400,0.0538,0.0000,0,0.8000,-0.5000,0
34.199,0.4511,-0.6342,-0.0000,0.3738,0.1400,0.0538,0.0000,0,0.8000,-0.5000,0
34.218,0.4522,-0.6338,-0.0000,0.3727,0.1400,0.0538,0.0000,0,0.8000,-0.5000,0
34.238,0.4522,-0.6338,-0.0000,0.3727,0.1400,0.0538,0.0000,0,0.8000,-0.5000,0
34.258,0.4522,-0.6338,-0.0000,0.3727,0.1400,0.0538,0.0000,0,0.8000,-0.5000,0
34.278,0.4522,-0.6338,-0.0000,0.3727,0.1400,0.0538,0.0000,0,0.8000,-0.5000,0
34.299,0.4542,-0.6330,-0.0000,0.3704,0.1400,0.0538,0.0000,0,0.8000,-0.5000,0
34.318,0.4542,-0.6330,-0.0000,0.3704,0.1400,0.0538,0.0000,0,0.8000,-0.5000,0
34.338,0.4542,-0.6330,-0.0000,0.3704,0.1400,0.0538,0.0000,0,0.8000,-0.5000,0
34.358,0.4563,-0.6322,-0.0000,0.3682,0.1400,0.0538,0.0000,0,0.8000,-0.5000,0
34.378,0.4563,-0.6322,-0.0000,0.3682,0.1400,0.0538,0.0000,0,0.8000,-0.5000,0
34.398,0.4573,-0.6318,-0.0000,0.3671,0.1400,0.0538,0.0000,0,0.8000,-0.5000,0
34.418,0.4584,-0.6314,-0.0000,0.3660,0.1400,0.0538,0.0000,0,0.8000,-0.5000,0
34.440,0.4584,-0.6314,-0.0000,0.3660,0.1400,0.0538,0.0000,0,0.8000,-0.5000,0
34.458,0.4584,-0.6314,-0.0000,0.3660,0.1400,0.0538,0.0000,0,0.8000,-0.5000,0
34.478,0.4584,-0.6314,-0.0000,0.3660,0.1400,0.0538,0.0000,0,0.8000,-0.5000,0
34.498,0.4594,-0.6310,-0.0000,0.3649,0.1400,0.0538,0.0000,0,0.8000,-0.5000,0
34.518,0.4594,-0.6310,-0.0000,0.3649,0.1400,0.0538,0.0000,0,0.8000,-0.5000,0
34.538,0.4594,-0.6310,-0.0000,0.3649,0.1400,0.0538,0.0000,0,0.8000,-0.5000,0
34.559,0.4594,-0.6310,-0.0000,0.3649,0.1400,0.0538,0.0000,0,0.8000,-0.5000,0
34.578,0.4604,-0.6306,-0.0000,0.3638,0.1400,0.0538,0.0000,0,0.8000,-0.5000,0
34.600,0.4615,-0.6302,-0.0000,0.3627,0.1400,0.0538,0.0000,0,0.8000,-0.5000,0
34.618,0.4615,-0.6302,-0.0000,0.3627,0.1400,0.0538,0.0000,0,0.8000,-0.5000,0
34.638,0.4625,-0.6298,-0.0000,0.3616,0.1400,0.0538,0.0000,0,0.8000,-0.5000,0
34.658,0.4646,-0.6290,-0.0000,0.3594,0.1400,0.0538,0.0000,0,0.8000,-0.5000,0
34.679,0.4646,-0.6290,-0.0000,0.3594,0.1400,0.0538,0.0000,0,0.8000,-0.5000,0
34.699,0.4646,-0.6290,-0.0000,0.3594,0.1400,0.0538,0.0000,0,0.8000,-0.5000,0
34.718,0.4667,-0.6282,-0.0000,0.3572,0.1400,0.0538,0.0000,0,0.8000,-0.5000,0
34.739,0.4667,-0.6282,-0.0000,0.3572,0.1400,0.0538,0.0000,0,0.8000,-0.5000,0
34.759,0.4667,-0.6282,-0.0000,0.3572,0.1400,0.0538,0.0000,0,0.8000,-0.5000,0
34.778,0.4687,-0.6274,-0.0000,0.3549,0.1400,0.0538,0.0000,0,0.8000,-0.5000,0
34.798,0.4687,-0.6274,-0.0000,0.3549,0.1400,0.0538,0.0000,0,0.8000,-0.5000,0
34.820,0.4687,-0.6274,-0.0000,0.3549,0.1400,0.0538,0.0000,0,0.8000,-0.5000,0
34.838,0.4687,-0.6274,-0.0000,0.3549,0.1400,0.0538,0.0000,0,0.8000,-0.5000,0
34.860,0.4687,-0.6274,-0.0000,0.3549,0.1400,0.0538,0.0000,0,0.8000,-0.5000,0
34.878,0.4698,-0.6270,-0.0000,0.3538,0.1400,0.0538,0.0000,0,0.8000,-0.5000,0
34.900,0.4698,-0.6270,-0.0000,0.3538,0.1400,0.0538,0.0000,0,0.8000,-0.5000,0
34.918,0.4698,-0.6270,-0.0000,0.3538,0.1400,0.0538,0.0000,0,0.8000,-0.5000,0
34.938,0.4698,-0.6270,-0.0000,0.3538,0.1400,0.0538,0.0000,0,0.8000,-0.5000,0
34.958,0.4698,-0.6270,-0.0000,0.3538,0.1400,0.0538,0.0000,0,0.8000,-0.5000,0
34.978,0.4698,-0.6270,-0.0000,0.3538,0.1400,0.0538,0.0000,0,0.8000,-0.5000,0
34.999,0.4698,-0.6270,-0.0000,0.3538,0.1400,0.0538,0.0000,0,0.8000,-0.5000,0
35.018,0.4698,-0.6270,-0.0000,0.3538,0.1400,0.0538,0.0000,0,0.8000,-0.5000,0
35.038,0.4698,-0.6270,-0.0000,0.3538,0.1400,0.0538,0.0000,0,0.8000,-0.5000,0
35.060,0.4698,-0.6270,-0.0000,0.3538,0.1400,0.0538,0.0000,0,0.8000,-0.5000,0
35.078,0.4718,-0.6262,-0.0000,0.3516,0.1400,0.0538,0.0000,0,0.8000,-0.5000,0
35.098,0.4729,-0.6258,-0.0000,0.3505,0.1400,0.0538,0.0000,0,0.8000,-0.5000,0
35.119,0.4749,-0.6250,-0.0000,0.3483,0.1400,0.0538,0.0000,0,0.8000,-0.5000,0
35.138,0.4770,-0.6242,-0.0000,0.3461,0.1400,0.0538,0.0000,0,0.8000,-0.5000,0
35.158,0.4770,-0.6242,-0.0000,0.3461,0.1400,0.0538,0.0000,0,0.8000,-0.5000,0
35.178,0.4780,-0.6238,-0.0000,0.3450,0.1400,0.0538,0.0000,0,0.8000,-0.5000,0
35.199,0.4780,-0.6238,-0.0000,0.3450,0.1400,0.0538,0.0000,0,0.8000,-0.5000,0
35.218,0.4780,-0.6238,-0.0000,0.3450,0.1400,0.0538,0.0000,0,0.8000,-0.5000,0
35.238,0.4780,-0.6238,-0.0000,0.3450,0.1400,0.0538,0.0000,0,0.8000,-0.5000,0
35.258,0.4780,-0.6238,-0.0000,0.3450,0.1400,0.0538,0.0000,0,0.8000,-0.5000,0
35.278,0.4780,-0.6238,-0.0000,0.3450,0.1400,0.0538,0.0000,0,0.8000,-0.5000,0
35.298,0.4780,-0.6238,-0.0000,0.3450,0.1400,0.0538,0.0000,0,0.8000,-0.5000,0
35.318,0.4780,-0.6238,-0.0000,0.3450,0.1400,0.0538,0.0000,0,0.8000,-0.5000,0
35.340,0.4780,-0.6238,-0.0000,0.3450,0.1400,0.0538,0.0000,0,0.8000,-0.5000,0
35.358,0.4791,-0.6234,-0.0000,0.3439,0.1400,0.0538,0.0000,0,0.8000,-0.5000,0
35.378,0.4811,-0.6226,-0.0000,0.3416,0.1400,0.0538,0.0000,0,0.8000,-0.5000,0
35.398,0.4832,-0.6219,-0.0000,0.3394,0.1400,0.0538,0.0000,0,0.8000,-0.5000,0
35.418,0.4853,-0.6211,-0.0000,0.3372,0.1400,0.0538,0.0000,0,0.8000,-0.5000,0
35.438,0.4853,-0.6211,-0.0000,0.3372,0.1400,0.0538,0.0000,0,0.8000,-0.5000,0
35.459,0.4863,-0.6207,-0.0000,0.3361,0.1400,0.0538,0.0000,0,0.8000,-0.5000,0
35.478,0.4863,-0.6207,-0.0000,0.3361,0.1400,0.0538,0.0000,0,0.8000,-0.5000,0
35.498,0.4863,-0.6207,-0.0000,0.3361,0.1400,0.0538,0.0000,0,0.8000,-0.5000,0
35.520,0.4863,-0.6207,-0.0000,0.3361,0.1400,0.0538,0.0000,0,0.8000,-0.5000,0
35.538,0.4873,-0.6203,-0.0000,0.3350,0.1400,0.0538,0.0000,0,0.8000,-0.5000,0
35.559,0.4873,-0.6203,-0.0000,0.3350,0.1400,0.0538,0.0000,0,0.8000,-0.5000,0
35.579,0.4873,-0.6203,-0.0000,0.3350,0.1400,0.0538,0.0000,0,0.8000,-0.5000,0
35.598,0.4873,-0.6203,-0.0000,0.3350,0.1400,0.0538,0.0000,0,0.8000,-0.5000,0
35.618,0.4873,-0.6203,-0.0000,0.3350,0.1400,0.0538,0.0000,0,0.8000,-0.5000,0
35.638,0.4873,-0.6203,-0.0000,0.3350,0.1400,0.0538,0.0000,0,0.8000,-0.5000,0
35.658,0.4873,-0.6203,-0.0000,0.3350,0.1400,0.0538,0.0000,0,0.8000,-0.5000,0
35.678,0.4873,-0.6203,-0.0000,0.3350,0.1400,0.0538,0.0000,0,0.8000,-0.5000,0
35.700,0.4873,-0.6203,-0.0000,0.3350,0.1400,0.0538,0.0000,0,0.8000,-0.5000,0
35.718,0.4884,-0.6199,-0.0000,0.3339,0.1400,0.0538,0.0000,0,0.8000,-0.5000,0
35.738,0.4904,-0.6191,-0.0000,0.3317,0.1400,0.0538,0.0000,0,0.8000,-0.5000,0
35.758,0.4915,-0.6187,-0.0000,0.3306,0.1400,0.0538,0.0000,0,0.8000,-0.5000,0
35.780,0.4946,-0.6175,-0.0000,0.3272,0.1400,0.0538,0.0000,0,0.8000,-0.5000,0
35.798,0.4946,-0.6175,-0.0000,0.3272,0.1400,0.0538,0.0000,0,0.8000,-0.5000,0
35.818,0.4946,-0.6175,-0.0000,0.3272,0.1400,0.0538,0.0000,0,0.8000,-0.5000,0
35.838,0.4946,-0.6175,-0.0000,0.3272,0.1400,0.0538,0.0000,0,0.8000,-0.5000,0
35.858,0.4946,-0.6175,-0.0000,0.3272,0.1400,0.0538,0.0000,0,0.8000,-0.5000,0
35.878,0.4946,-0.6175,-0.0000,0.3272,0.1400,0.0538,0.0000,0,0.8000,-0.5000,0
35.898,0.4946,-0.6175,-0.0000,0.3272,0.1400,0.0538,0.0000,0,0.8000,-0.5000,0
35.919,0.4946,-0.6175,-0.0000,0.3272,0.1400,0.0538,0.0000,0,0.8000,-0.5000,0
35.938,0.4956,-0.6171,-0.0000,0.3261,0.1400,0.0538,0.0000,0,0.8000,-0.5000,0
35.958,0.4977,-0.6163,-0.0000,0.3239,0.1400,0.0538,0.0000,0,0.8000,-0.5000,0
35.978,0.4997,-0.6155,-0.0000,0.3217,0.1400,0.0538,0.0000,0,0.8000,-0.5000,0
35.998,0.5028,-0.6143,-0.0000,0.3184,0.1400,0.0538,0.0000,0,0.8000,-0.5000,0
36.018,0.5028,-0.6143,-0.0000,0.3184,0.1400,0.0538,0.0000,0,0.8000,-0.5000,0
36.038,0.5039,-0.6139,-0.0000,0.3173,0.1400,0.0538,0.0000,0,0.8000,-0.5000,0
36.058,0.5049,-0.6135,-0.0000,0.3162,0.1400,0.0538,0.0000,0,0.8000,-0.5000,0
36.078,0.5049,-0.6135,-0.0000,0.3162,0.1400,0.0538,0.0000,0,0.8000,-0.5000,0
36.098,0.5049,-0.6135,-0.0000,0.3162,0.1400,0.0538,0.0000,0,0.8000,-0.5000,0
36.119,0.5049,-0.6135,-0.0000,0.3162,0.1400,0.0538,0.0000,0,0.8000,-0.5000,0
36.138,0.5059,-0.6131,-0.0000,0.3151,0.1400,0.0538,0.0000,0,0.8000,-0.5000,0
36.158,0.5059,-0.6131,-0.0000,0.3151,0.1400,0.0538,0.0000,0,0.8000,-0.5000,0
36.179,0.5059,-0.6131,-0.0000,0.3151,0.1400,0.0538,0.0000,0,0.8000,-0.5000,0
36.198,0.5059,-0.6131,-0.0000,0.3151,0.1400,0.0538,0.0000,0,0.8000,-0.5000,0
36.218,0.5059,-0.6131,-0.0000,0.3151,0.1400,0.0538,0.0000,0,0.8000,-0.5000,0
36.239,0.5059,-0.6131,-0.0000,0.3151,0.1400,0.0538,0.0000,0,0.8000,-0.5000,0
36.258,0.5059,-0.6131,-0.0000,0.3151,0.1400,0.0538,0.0000,0,0.8000,-0.5000,0
36.280,0.5059,-0.6131,-0.0000,0.3151,0.1400,0.0538,0.0000,0,0.8000,-0.5000,0
36.300,0.5059,-0.6131,-0.0000,0.3151,0.1400,0.0538,0.0000,0,0.8000,-0.5000,0
36.319,0.5059,-0.6131,-0.0000,0.3151,0.1400,0.0538,0.0000,0,0.8000,-0.5000,0
36.339,0.5080,-0.6123,-0.0000,0.3128,0.1400,0.0538,0.0000,0,0.8000,-0.5000,0
36.359,0.5090,-0.6119,-0.0000,0.3117,0.1400,0.0538,0.0000,0,0.8000,-0.5000,0
36.378,0.5101,-0.6115,-0.0000,0.3106,0.1400,0.0538,0.0000,0,0.8000,-0.5000,0
36.398,0.5121,-0.6107,-0.0000,0.3084,0.1400,0.0538,0.0000,0,0.8000,-0.5000,0
36.418,0.5132,-0.6103,-0.0000,0.3073,0.1400,0.0538,0.0000,0,0.8000,-0.5000,0
36.438,0.5142,-0.6099,-0.0000,0.3062,0.1400,0.0538,0.0000,0,0.8000,-0.5000,0
36.458,0.5142,-0.6099,-0.0000,0.3062,0.1400,0.0538,0.0000,0,0.8000,-0.5000,0
36.478,0.5142,-0.6099,-0.0000,0.3062,0.1400,0.0538,0.0000,0,0.8000,-0.5000,0
36.498,0.5142,-0.6099,-0.0000,0.3062,0.1400,0.0538,0.0000,0,0.8000,-0.5000,0
36.518,0.5163,-0.6091,-0.0000,0.3040,0.1400,0.0538,0.0000,0,0.8000,-0.5000,0
36.538,0.5163,-0.6091,-0.0000,0.3040,0.1400,0.0538,0.0000,0,0.8000,-0.5000,0
36.559,0.5163,-0.6091,-0.0000,0.3040,0.1400,0.0538,0.0000,0,0.8000,-0.5000,0
36.578,0.5183,-0.6083,-0.0000,0.3018,0.1400,0.0538,0.0000,0,0.8000,-0.5000,0
36.598,0.5183,-0.6083,-0.0000,0.3018,0.1400,0.0538,0.0000,0,0.8000,-0.5000,0
36.620,0.5183,-0.6083,-0.0000,0.3018,0.1400,0.0538,0.0000,0,0.8000,-0.5000,0
36.638,0.5194,-0.6079,-0.0000,0.3007,0.1400,0.0538,0.0000,0,0.8000,-0.5000,0
36.659,0.5214,-0.6071,-0.0000,0.2984,0.1400,0.0538,0.0000,0,0.8000,-0.5000,0
36.679,0.5214,-0.6071,-0.0000,0.2984,0.1400,0.0538,0.0000,0,0.8000,-0.5000,0
36.698,0.5235,-0.6063,-0.0000,0.2962,0.1400,0.0538,0.0000,0,0.8000,-0.5000,0
36.718,0.5235,-0.6063,-0.0000,0.2962,0.1400,0.0538,0.0000,0,0.8000,-0.5000,0
36.740,0.5235,-0.6063,-0.0000,0.2962,0.1400,0.0538,0.0000,0,0.8000,-0.5000,0
36.758,0.5235,-0.6063,-0.0000,0.2962,0.1400,0.0538,0.0000,0,0.8000,-0.5000,0
36.779,0.5235,-0.6063,-0.0000,0.2962,0.1400,0.0538,0.0000,0,0.8000,-0.5000,0
36.798,0.5245,-0.6059,-0.0000,0.2951,0.1400,0.0538,0.0000,0,0.8000,-0.5000,0
36.818,0.5245,-0.6059,-0.0000,0.2951,0.1400,0.0538,0.0000,0,0.8000,-0.5000,0
36.838,0.5245,-0.6059,-0.0000,0.2951,0.1400,0.0538,0.0000,0,0.8000,-0.5000,0
36.858,0.5245,-0.6059,-0.0000,0.2951,0.1400,0.0538,0.0000,0,0.8000,-0.5000,0
36.878,0.5245,-0.6059,-0.0000,0.2951,0.1400,0.0538,0.0000,0,0.8000,-0.5000,0
36.901,0.5256,-0.6055,-0.0000,0.2940,0.1400,0.0538,0.0000,0,0.8000,-0.5000,0
36.918,0.5266,-0.6051,-0.0000,0.2929,0.1400,0.0538,0.0000,0,0.8000,-0.5000,0
36.939,0.5276,-0.6048,-0.0000,0.2918,0.1400,0.0538,0.0000,0,0.8000,-0.5000,0
36.958,0.5276,-0.6048,-0.0000,0.2918,0.1400,0.0538,0.0000,0,0.8000,-0.5000,0
36.978,0.5287,-0.6044,-0.0000,0.2907,0.1400,0.0538,0.0000,0,0.8000,-0.5000,0
36.998,0.5297,-0.6040,-0.0000,0.2896,0.1400,0.0538,0.0000,0,0.8000,-0.5000,0
37.019,0.5308,-0.6036,-0.0000,0.2885,0.1400,0.0538,0.0000,0,0.8000,-0.5000,0
37.038,0.5328,-0.6028,-0.0000,0.2863,0.1400,0.0538,0.0000,0,0.8000,-0.5000,0
37.058,0.5328,-0.6028,-0.0000,0.2863,0.1400,0.0538,0.0000,0,0.8000,-0.5000,0
37.078,0.5328,-0.6028,-0.0000,0.2863,0.1400,0.0538,0.0000,0,0.8000,-0.5000,0
37.098,0.5328,-0.6028,-0.0000,0.2863,0.1400,0.0538,0.0000,0,0.8000,-0.5000,0
37.118,0.5339,-0.6024,-0.0000,0.2852,0.1400,0.0538,0.0000,0,0.8000,-0.5000,0
37.138,0.5339,-0.6024,-0.0000,0.2852,0.1400,0.0538,0.0000,0,0.8000,-0.5000,0
37.159,0.5339,-0.6024,-0.0000,0.2852,0.1400,0.0538,0.0000,0,0.8000,-0.5000,0
37.178,0.5339,-0.6024,-0.0000,0.2852,0.1400,0.0538,0.0000,0,0.8000,-0.5000,0
37.198,0.5339,-0.6024,-0.0000,0.2852,0.1400,0.0538,0.0000,0,0.8000,-0.5000,0
37.219,0.5339,-0.6024,-0.0000,0.2852,0.1400,0.0538,0.0000,0,0.8000,-0.5000,0
37.238,0.5339,-0.6024,-0.0000,0.2852,0.1400,0.0538,0.0000,0,0.8000,-0.5000,0
37.258,0.5339,-0.6024,-0.0000,0.2852,0.1400,0.0538,0.0000,0,0.8000,-0.5000,0
37.278,0.5339,-0.6024,-0.0000,0.2852,0.1400,0.0538,0.0000,0,0.8000,-0.5000,0
37.299,0.5339,-0.6024,-0.0000,0.2852,0.1400,0.0538,0.0000,0,0.8000,-0.5000,0
37.319,0.5339,-0.6024,-0.0000,0.2852,0.1400,0.0538,0.0000,0,0.8000,-0.5000,0
37.338,0.5349,-0.6020,-0.0000,0.2840,0.1400,0.0538,0.0000,0,0.8000,-0.5000,0
37.358,0.5370,-0.6012,-0.0000,0.2818,0.1400,0.0538,0.0000,0,0.8000,-0.5000,0
37.379,0.5380,-0.6008,-0.0000,0.2807,0.1400,0.0538,0.0000,0,0.8000,-0.5000,0
37.398,0.5401,-0.6000,-0.0000,0.2785,0.1400,0.0538,0.0000,0,0.8000,-0.5000,0
37.420,0.5401,-0.6000,-0.0000,0.2785,0.1400,0.0538,0.0000,0,0.8000,-0.5000,0
37.438,0.5411,-0.5996,-0.0000,0.2774,0.1400,0.0538,0.0000,0,0.8000,-0.5000,0
37.459,0.5411,-0.5996,-0.0000,0.2774,0.1400,0.0538,0.0000,0,0.8000,-0.5000,0
37.478,0.5411,-0.5996,-0.0000,0.2774,0.1400,0.0538,0.0000,0,0.8000,-0.5000,0
37.500,0.5411,-0.5996,-0.0000,0.2774,0.1400,0.0538,0.0000,0,0.8000,-0.5000,0
37.519,0.5411,-0.5996,-0.0000,0.2774,0.1400,0.0538,0.0000,0,0.8000,-0.5000,0
37.538,0.5411,-0.5996,-0.0000,0.2774,0.1400,0.0538,0.0000,0,0.8000,-0.5000,0
37.558,0.5411,-0.5996,-0.0000,0.2774,0.1400,0.0538,0.0000,0,0.8000,-0.5000,0
37.579,0.5411,-0.5996,-0.0000,0.2774,0.1400,0.0538,0.0000,0,0.8000,-0.5000,0
37.600,0.5411,-0.5996,-0.0000,0.2774,0.1400,0.0538,0.0000,0,0.8000,-0.5000,0
37.618,0.5421,-0.5992,-0.0000,0.2763,0.1400,0.0538,0.0000,0,0.8000,-0.5000,0
37.638,0.5442,-0.5984,-0.0000,0.2741,0.1400,0.0538,0.0000,0,0.8000,-0.5000,0
37.658,0.5452,-0.5980,-0.0000,0.2730,0.1400,0.0538,0.0000,0,0.8000,-0.5000,0
37.678,0.5473,-0.5972,-0.0000,0.2708,0.1400,0.0538,0.0000,0,0.8000,-0.5000,0
37.699,0.5483,-0.5968,-0.0000,0.2696,0.1400,0.0538,0.0000,0,0.8000,-0.5000,0
37.718,0.5494,-0.5964,-0.0000,0.2685,0.1400,0.0538,0.0000,0,0.8000,-0.5000,0
37.740,0.5504,-0.5960,-0.0000,0.2674,0.1400,0.0538,0.0000,0,0.8000,-0.5000,0
37.758,0.5504,-0.5960,-0.0000,0.2674,0.1400,0.0538,0.0000,0,0.8000,-0.5000,0
37.778,0.5504,-0.5960,-0.0000,0.2674,0.1400,0.0538,0.0000,0,0.8000,-0.5000,0
37.798,0.5504,-0.5960,-0.0000,0.2674,0.1400,0.0538,0.0000,0,0.8000,-0.5000,0
37.818,0.5514,-0.5956,-0.0000,0.2663,0.1400,0.0538,0.0000,0,0.8000,-0.5000,0
37.838,0.5514,-0.5956,-0.0000,0.2663,0.1400,0.0538,0.0000,0,0.8000,-0.5000,0
37.858,0.5514,-0.5956,-0.0000,0.2663,0.1400,0.0538,0.0000,0,0.8000,-0.5000,0
37.879,0.5514,-0.5956,-0.0000,0.2663,0.1400,0.0538,0.0000,0,0.8000,-0.5000,0
37.901,0.5514,-0.5956,-0.0000,0.2663,0.1400,0.0538,0.0000,0,0.8000,-0.5000,0
37.918,0.5514,-0.5956,-0.0000,0.2663,0.1400,0.0538,0.0000,0,0.8000,-0.5000,0
37.939,0.5514,-0.5956,-0.0000,0.2663,0.1400,0.0538,0.0000,0,0.8000,-0.5000,0
37.960,0.5514,-0.5956,-0.0000,0.2663,0.1400,0.0538,0.0000,0,0.8000,-0.5000,0
37.979,0.5535,-0.5948,-0.0000,0.2641,0.1400,0.0538,0.0000,0,0.8000,-0.5000,0
37.998,0.5545,-0.5944,-0.0000,0.2630,0.1400,0.0538,0.0000,0,0.8000,-0.5000,0
38.020,0.5556,-0.5940,-0.0000,0.2619,0.1400,0.0538,0.0000,0,0.8000,-0.5000,0
38.038,0.5576,-0.5932,-0.0000,0.2597,0.1400,0.0538,0.0000,0,0.8000,-0.5000,0
38.060,0.5576,-0.5932,-0.0000,0.2597,0.1400,0.0538,0.0000,0,0.8000,-0.5000,0
38.079,0.5587,-0.5928,-0.0000,0.2586,0.1400,0.0538,0.0000,0,0.8000,-0.5000,0
38.098,0.5587,-0.5928,-0.0000,0.2586,0.1400,0.0538,0.0000,0,0.8000,-0.5000,0
38.118,0.5587,-0.5928,-0.0000,0.2586,0.1400,0.0538,0.0000,0,0.8000,-0.5000,0
38.138,0.5587,-0.5928,-0.0000,0.2586,0.1400,0.0538,0.0000,0,0.8000,-0.5000,0
38.159,0.5587,-0.5928,-0.0000,0.2586,0.1400,0.0538,0.0000,0,0.8000,-0.5000,0
38.178,0.5587,-0.5928,-0.0000,0.2586,0.1400,0.0538,0.0000,0,0.8000,-0.5000,0
38.199,0.5587,-0.5928,-0.0000,0.2586,0.1400,0.0538,0.0000,0,0.8000,-0.5000,0
38.218,0.5587,-0.5928,-0.0000,0.2586,0.1400,0.0538,0.0000,0,0.8000,-0.5000,0
38.239,0.5587,-0.5928,-0.0000,0.2586,0.1400,0.0538,0.0000,0,0.8000,-0.5000,0
38.258,0.5597,-0.5924,-0.0000,0.2575,0.1400,0.0538,0.0000,0,0.8000,-0.5000,0
38.279,0.5607,-0.5920,-0.0000,0.2564,0.1400,0.0538,0.0000,0,0.8000,-0.5000,0
38.298,0.5628,-0.5912,-0.0000,0.2541,0.1400,0.0538,0.0000,0,0.8000,-0.5000,0
38.320,0.5638,-0.5908,-0.0000,0.2530,0.1400,0.0538,0.0000,0,0.8000,-0.5000,0
38.338,0.5638,-0.5908,-0.0000,0.2530,0.1400,0.0538,0.0000,0,0.8000,-0.5000,0
38.360,0.5638,-0.5908,-0.0000,0.2530,0.1400,0.0538,0.0000,0,0.8000,-0.5000,0
38.378,0.5659,-0.5900,-0.0000,0.2508,0.1400,0.0538,0.0000,0,0.8000,-0.5000,0
38.399,0.5659,-0.5900,-0.0000,0.2508,0.1400,0.0538,0.0000,0,0.8000,-0.5000,0
38.418,0.5659,-0.5900,-0.0000,0.2508,0.1400,0.0538,0.0000,0,0.8000,-0.5000,0
38.439,0.5659,-0.5900,-0.0000,0.2508,0.1400,0.0538,0.0000,0,0.8000,-0.5000,0
38.460,0.5659,-0.5900,-0.0000,0.2508,0.1400,0.0538,0.0000,0,0.8000,-0.5000,0
38.478,0.5659,-0.5900,-0.0000,0.2508,0.1400,0.0538,0.0000,0,0.8000,-0.5000,0
38.498,0.5659,-0.5900,-0.0000,0.2508,0.1400,0.0538,0.0000,0,0.8000,-0.5000,0
38.519,0.5659,-0.5900,-0.0000,0.2508,0.1400,0.0538,0.0000,0,0.8000,-0.5000,0
38.540,0.5659,-0.5900,-0.0000,0.2508,0.1400,0.0538,0.0000,0,0.8000,-0.5000,0
38.558,0.5680,-0.5892,-0.0000,0.2486,0.1400,0.0538,0.0000,0,0.8000,-0.5000,0
38.578,0.5690,-0.5888,-0.0000,0.2475,0.1400,0.0538,0.0000,0,0.8000,-0.5000,0
38.598,0.5711,-0.5881,-0.0000,0.2453,0.1400,0.0538,0.0000,0,0.8000,-0.5000,0
38.618,0.5731,-0.5873,-0.0000,0.2431,0.1400,0.0538,0.0000,0,0.8000,-0.5000,0
38.640,0.5731,-0.5873,-0.0000,0.2431,0.1400,0.0538,0.0000,0,0.8000,-0.5000,0
38.658,0.5742,-0.5869,-0.0000,0.2420,0.1400,0.0538,0.0000,0,0.8000,-0.5000,0
38.680,0.5752,-0.5865,-0.0000,0.2408,0.1400,0.0538,0.0000,0,0.8000,-0.5000,0
38.698,0.5752,-0.5865,-0.0000,0.2408,0.1400,0.0538,0.0000,0,0.8000,-0.5000,0
38.718,0.5752,-0.5865,-0.0000,0.2408,0.1400,0.0538,0.0000,0,0.8000,-0.5000,0
38.738,0.5762,-0.5861,-0.0000,0.2397,0.1400,0.0538,0.0000,0,0.8000,-0.5000,0
38.758,0.5762,-0.5861,-0.0000,0.2397,0.1400,0.0538,0.0000,0,0.8000,-0.5000,0
38.778,0.5762,-0.5861,-0.0000,0.2397,0.1400,0.0538,0.0000,0,0.8000,-0.5000,0
38.798,0.5762,-0.5861,-0.0000,0.2397,0.1400,0.0538,0.0000,0,0.8000,-0.5000,0
38.818,0.5762,-0.5861,-0.0000,0.2397,0.1400,0.0538,0.0000,0,0.8000,-0.5000,0
38.838,0.5762,-0.5861,-0.0000,0.2397,0.1400,0.0538,0.0000,0,0.8000,-0.5000,0
38.858,0.5762,-0.5861,-0.0000,0.2397,0.1400,0.0538,0.0000,0,0.8000,-0.5000,0
38.879,0.5762,-0.5861,-0.0000,0.2397,0.1400,0.0538,0.0000,0,0.8000,-0.5000,0
38.900,0.5762,-0.5861,-0.0000,0.2397,0.1400,0.0538,0.0000,0,0.8000,-0.5000,0
38.918,0.5783,-0.5853,-0.0000,0.2375,0.1400,0.0538,0.0000,0,0.8000,-0.5000,0
38.938,0.5793,-0.5849,-0.0000,0.2364,0.1400,0.0538,0.0000,0,0.8000,-0.5000,0
38.958,0.5814,-0.5841,-0.0000,0.2342,0.1400,0.0538,0.0000,0,0.8000,-0.5000,0
38.978,0.5824,-0.5837,-0.0000,0.2331,0.1400,0.0538,0.0000,0,0.8000,-0.5000,0
39.000,0.5824,-0.5837,-0.0000,0.2331,0.1400,0.0538,0.0000,0,0.8000,-0.5000,0
39.019,0.5835,-0.5833,-0.0000,0.2320,0.1400,0.0538,0.0000,0,0.8000,-0.5000,0
39.040,0.5845,-0.5829,-0.0000,0.2309,0.1400,0.0538,0.0000,0,0.8000,-0.5000,0
39.058,0.5845,-0.5829,-0.0000,0.2309,0.1400,0.0538,0.0000,0,0.8000,-0.5000,0
39.079,0.5845,-0.5829,-0.0000,0.2309,0.1400,0.0538,0.0000,0,0.8000,-0.5000,0
39.098,0.5855,-0.5825,-0.0000,0.2298,0.1400,0.0538,0.0000,0,0.8000,-0.5000,0
39.118,0.5855,-0.5825,-0.0000,0.2298,0.1400,0.0538,0.0000,0,0.8000,-0.5000,0
39.138,0.5855,-0.5825,-0.0000,0.2298,0.1400,0.0538,0.0000,0,0.8000,-0.5000,0
39.158,0.5866,-0.5821,-0.0000,0.2287,0.1400,0.0538,0.0000,0,0.8000,-0.5000,0
39.180,0.5876,-0.5817,-0.0000,0.2276,0.1400,0.0538,0.0000,0,0.8000,-0.5000,0
39.198,0.5876,-0.5817,-0.0000,0.2276,0.1400,0.0538,0.0000,0,0.8000,-0.5000,0
39.218,0.5886,-0.5813,-0.0000,0.2264,0.1400,0.0538,0.0000,0,0.8000,-0.5000,0
39.238,0.5897,-0.5809,-0.0000,0.2253,0.1400,0.0538,0.0000,0,0.8000,-0.5000,0
39.258,0.5897,-0.5809,-0.0000,0.2253,0.1400,0.0538,0.0000,0,0.8000,-0.5000,0
39.279,0.5897,-0.5809,-0.0000,0.2253,0.1400,0.0538,0.0000,0,0.8000,-0.5000,0
39.298,0.5917,-0.5801,-0.0000,0.2231,0.1400,0.0538,0.0000,0,0.8000,-0.5000,0
39.318,0.5928,-0.5797,-0.0000,0.2220,0.1400,0.0538,0.0000,0,0.8000,-0.5000,0
39.338,0.5938,-0.5793,-0.0000,0.2209,0.1400,0.0538,0.0000,0,0.8000,-0.5000,0
39.358,0.5938,-0.5793,-0.0000,0.2209,0.1400,0.0538,0.0000,0,0.8000,-0.5000,0
39.378,0.5938,-0.5793,-0.0000,0.2209,0.1400,0.0538,0.0000,0,0.8000,-0.5000,0
39.398,0.5938,-0.5793,-0.0000,0.2209,0.1400,0.0538,0.0000,0,0.8000,-0.5000,0
39.418,0.5938,-0.5793,-0.0000,0.2209,0.1400,0.0538,0.0000,0,0.8000,-0.5000,0
39.438,0.5938,-0.5793,-0.0000,0.2209,0.1400,0.0538,0.0000,0,0.8000,-0.5000,0
39.459,0.5959,-0.5785,-0.0000,0.2187,0.1400,0.0538,0.0000,0,0.8000,-0.5000,0
39.478,0.5980,-0.5777,-0.0000,0.2165,0.1400,0.0538,0.0000,0,0.8000,-0.5000,0
39.498,0.5990,-0.5773,-0.0000,0.2154,0.1400,0.0538,0.0000,0,0.8000,-0.5000,0
39.519,0.5990,-0.5773,-0.0000,0.2154,0.1400,0.0538,0.0000,0,0.8000,-0.5000,0
39.538,0.5990,-0.5773,-0.0000,0.2154,0.1400,0.0538,0.0000,0,0.8000,-0.5000,0
39.559,0.5990,-0.5773,-0.0000,0.2154,0.1400,0.0538,0.0000,0,0.8000,-0.5000,0
39.578,0.6021,-0.5761,-0.0000,0.2120,0.1400,0.0538,0.0000,0,0.8000,-0.5000,0
39.599,0.6021,-0.5761,-0.0000,0.2120,0.1400,0.0538,0.0000,0,0.8000,-0.5000,0
39.618,0.6031,-0.5757,-0.0000,0.2109,0.1400,0.0538,0.0000,0,0.8000,-0.5000,0
39.638,0.6042,-0.5753,-0.0000,0.2098,0.1400,0.0538,0.0000,0,0.8000,-0.5000,0
39.658,0.6042,-0.5753,-0.0000,0.2098,0.1400,0.0538,0.0000,0,0.8000,-0.5000,0
39.678,0.6042,-0.5753,-0.0000,0.2098,0.1400,0.0538,0.0000,0,0.8000,-0.5000,0
39.698,0.6042,-0.5753,-0.0000,0.2098,0.1400,0.0538,0.0000,0,0.8000,-0.5000,0
39.718,0.6042,-0.5753,-0.0000,0.2098,0.1400,0.0538,0.0000,0,0.8000,-0.5000,0
39.739,0.6052,-0.5749,-0.0000,0.2087,0.1400,0.0538,0.0000,0,0.8000,-0.5000,0
39.758,0.6052,-0.5749,-0.0000,0.2087,0.1400,0.0538,0.0000,0,0.8000,-0.5000,0
39.779,0.6052,-0.5749,-0.0000,0.2087,0.1400,0.0538,0.0000,0,0.8000,-0.5000,0
39.799,0.6062,-0.5745,-0.0000,0.2076,0.1400,0.0538,0.0000,0,0.8000,-0.5000,0
39.818,0.6073,-0.5741,-0.0000,0.2065,0.1400,0.0538,0.0000,0,0.8000,-0.5000,0
39.838,0.6083,-0.5737,-0.0000,0.2054,0.1400,0.0538,0.0000,0,0.8000,-0.5000,0
39.858,0.6104,-0.5729,-0.0000,0.2032,0.1400,0.0538,0.0000,0,0.8000,-0.5000,0
39.879,0.6104,-0.5729,-0.0000,0.2032,0.1400,0.0538,0.0000,0,0.8000,-0.5000,0
39.898,0.6104,-0.5729,-0.0000,0.2032,0.1400,0.0538,0.0000,0,0.8000,-0.5000,0
39.918,0.6124,-0.5721,-0.0000,0.2010,0.1400,0.0538,0.0000,0,0.8000,-0.5000,0
39.940,0.6124,-0.5721,-0.0000,0.2010,0.1400,0.0538,0.0000,0,0.8000,-0.5000,0
39.958,0.6135,-0.5717,-0.0000,0.1999,0.1400,0.0538,0.0000,0,0.8000,-0.5000,0
39.978,0.6145,-0.5713,-0.0000,0.1988,0.1400,0.0538,0.0000,0,0.8000,-0.5000,0
39.999,0.6145,-0.5713,-0.0000,0.1988,0.1400,0.0538,0.0000,0,0.8000,-0.5000,0
40.019,0.6145,-0.5713,-0.0000,0.1988,0.1400,0.0538,0.0000,0,0.8000,-0.5000,0
40.038,0.6155,-0.5710,-0.0000,0.1976,0.1400,0.0538,0.0000,0,0.8000,-0.5000,0
40.058,0.6155,-0.5710,-0.0000,0.1976,0.1400,0.0538,0.0000,0,0.8000,-0.5000,0
40.079,0.6155,-0.5710,-0.0000,0.1976,0.1400,0.0538,0.0000,0,0.8000,-0.5000,0
40.098,0.6155,-0.5710,-0.0000,0.1976,0.1400,0.0538,0.0000,0,0.8000,-0.5000,0
40.118,0.6155,-0.5710,-0.0000,0.1976,0.1400,0.0538,0.0000,0,0.8000,-0.5000,0
40.139,0.6155,-0.5710,-0.0000,0.1976,0.1400,0.0538,0.0000,0,0.8000,-0.5000,0
40.158,0.6155,-0.5710,-0.0000,0.1976,0.1400,0.0538,0.0000,0,0.8000,-0.5000,0
40.178,0.6155,-0.5710,-0.0000,0.1976,0.1400,0.0538,0.0000,0,0.8000,-0.5000,0
40.198,0.6155,-0.5710,-0.0000,0.1976,0.1400,0.0538,0.0000,0,0.8000,-0.5000,0
40.218,0.6155,-0.5710,-0.0000,0.1976,0.1400,0.0538,0.0000,0,0.8000,-0.5000,0
40.240,0.6155,-0.5710,-0.0000,0.1976,0.1400,0.0538,0.0000,0,0.8000,-0.5000,0
40.259,0.6155,-0.5710,-0.0000,0.1976,0.1400,0.0538,0.0000,0,0.8000,-0.5000,0
40.279,0.6166,-0.5706,-0.0000,0.1965,0.1400,0.0538,0.0000,0,0.8000,-0.5000,0
40.298,0.6176,-0.5702,-0.0000,0.1954,0.1400,0.0538,0.0000,0,0.8000,-0.5000,0
40.318,0.6197,-0.5694,-0.0000,0.1932,0.1400,0.0538,0.0000,0,0.8000,-0.5000,0
40.338,0.6207,-0.5690,-0.0000,0.1921,0.1400,0.0538,0.0000,0,0.8000,-0.5000,0
40.358,0.6207,-0.5690,-0.0000,0.1921,0.1400,0.0538,0.0000,0,0.8000,-0.5000,0
40.378,0.6217,-0.5686,-0.0000,0.1910,0.1400,0.0538,0.0000,0,0.8000,-0.5000,0
40.398,0.6217,-0.5686,-0.0000,0.1910,0.1400,0.0538,0.0000,0,0.8000,-0.5000,0
40.418,0.6217,-0.5686,-0.0000,0.1910,0.1400,0.0538,0.0000,0,0.8000,-0.5000,0
40.438,0.6217,-0.5686,-0.0000,0.1910,0.1400,0.0538,0.0000,0,0.8000,-0.5000,0
40.458,0.6238,-0.5678,-0.0000,0.1888,0.1400,0.0538,0.0000,0,0.8000,-0.5000,0
40.478,0.6238,-0.5678,-0.0000,0.1888,0.1400,0.0538,0.0000,0,0.8000,-0.5000,0
40.498,0.6238,-0.5678,-0.0000,0.1888,0.1400,0.0538,0.0000,0,0.8000,-0.5000,0
40.518,0.6259,-0.5670,-0.0000,0.1866,0.1400,0.0538,0.0000,0,0.8000,-0.5000,0
40.539,0.6259,-0.5670,-0.0000,0.1866,0.1400,0.0538,0.0000,0,0.8000,-0.5000,0
40.558,0.6259,-0.5670,-0.0000,0.1866,0.1400,0.0538,0.0000,0,0.8000,-0.5000,0
40.578,0.6279,-0.5662,-0.0000,0.1844,0.1400,0.0538,0.0000,0,0.8000,-0.5000,0
40.598,0.6300,-0.5654,-0.0000,0.1821,0.1400,0.0538,0.0000,0,0.8000,-0.5000,0
40.618,0.6300,-0.5654,-0.0000,0.1821,0.1400,0.0538,0.0000,0,0.8000,-0.5000,0
40.638,0.6321,-0.5646,-0.0000,0.1799,0.1400,0.0538,0.0000,0,0.8000,-0.5000,0
40.658,0.6321,-0.5646,-0.0000,0.1799,0.1400,0.0538,0.0000,0,0.8000,-0.5000,0
40.681,0.6321,-0.5646,-0.0000,0.1799,0.1400,0.0538,0.0000,0,0.8000,-0.5000,0
40.698,0.6321,-0.5646,-0.0000,0.1799,0.1400,0.0538,0.0000,0,0.8000,-0.5000,0
40.718,0.6321,-0.5646,-0.0000,0.1799,0.1400,0.0538,0.0000,0,0.8000,-0.5000,0
40.740,0.6321,-0.5646,-0.0000,0.1799,0.1400,0.0538,0.0000,0,0.8000,-0.5000,0
40.759,0.6331,-0.5642,-0.0000,0.1788,0.1400,0.0538,0.0000,0,0.8000,-0.5000,0
40.778,0.6341,-0.5638,-0.0000,0.1777,0.1400,0.0538,0.0000,0,0.8000,-0.5000,0
40.798,0.6352,-0.5634,-0.0000,0.1766,0.1400,0.0538,0.0000,0,0.8000,-0.5000,0
40.818,0.6362,-0.5630,-0.0000,0.1755,0.1400,0.0538,0.0000,0,0.8000,-0.5000,0
40.838,0.6362,-0.5630,-0.0000,0.1755,0.1400,0.0538,0.0000,0,0.8000,-0.5000,0
40.860,0.6362,-0.5630,-0.0000,0.1755,0.1400,0.0538,0.0000,0,0.8000,-0.5000,0
40.878,0.6372,-0.5626,-0.0000,0.1744,0.1400,0.0538,0.0000,0,0.8000,-0.5000,0
40.898,0.6383,-0.5622,-0.0000,0.1733,0.1400,0.0538,0.0000,0,0.8000,-0.5000,0
40.919,0.6393,-0.5618,-0.0000,0.1722,0.1400,0.0538,0.0000,0,0.8000,-0.5000,0
40.938,0.6403,-0.5614,-0.0000,0.1711,0.1400,0.0538,0.0000,0,0.8000,-0.5000,0
40.958,0.6403,-0.5614,-0.0000,0.1711,0.1400,0.0538,0.0000,0,0.8000,-0.5000,0
40.980,0.6403,-0.5614,-0.0000,0.1711,0.1400,0.0538,0.0000,0,0.8000,-0.5000,0
40.998,0.6403,-0.5614,-0.0000,0.1711,0.1400,0.0538,0.0000,0,0.8000,-0.5000,0
41.018,0.6403,-0.5614,-0.0000,0.1711,0.1400,0.0538,0.0000,0,0.8000,-0.5000,0
41.038,0.6414,-0.5610,-0.0000,0.1700,0.1400,0.0538,0.0000,0,0.8000,-0.5000,0
41.058,0.6414,-0.5610,-0.0000,0.1700,0.1400,0.0538,0.0000,0,0.8000,-0.5000,0
41.078,0.6414,-0.5610,-0.0000,0.1700,0.1400,0.0538,0.0000,0,0.8000,-0.5000,0
41.100,0.6414,-0.5610,-0.0000,0.1700,0.1400,0.0538,0.0000,0,0.8000,-0.5000,0
41.118,0.6414,-0.5610,-0.0000,0.1700,0.1400,0.0538,0.0000,0,0.8000,-0.5000,0
41.138,0.6414,-0.5610,-0.0000,0.1700,0.1400,0.0538,0.0000,0,0.8000,-0.5000,0
41.158,0.6414,-0.5610,-0.0000,0.1700,0.1400,0.0538,0.0000,0,0.8000,-0.5000,0
41.179,0.6414,-0.5610,-0.0000,0.1700,0.1400,0.0538,0.0000,0,0.8000,-0.5000,0
41.199,0.6414,-0.5610,-0.0000,0.1700,0.1400,0.0538,0.0000,0,0.8000,-0.5000,0
41.218,0.6424,-0.5606,-0.0000,0.1688,0.1400,0.0538,0.0000,0,0.8000,-0.5000,0
41.238,0.6445,-0.5598,-0.0000,0.1666,0.1400,0.0538,0.0000,0,0.8000,-0.5000,0
41.258,0.6445,-0.5598,-0.0000,0.1666,0.1400,0.0538,0.0000,0,0.8000,-0.5000,0
41.279,0.6445,-0.5598,-0.0000,0.1666,0.1400,0.0538,0.0000,0,0.8000,-0.5000,0
41.299,0.6445,-0.5598,-0.0000,0.1666,0.1400,0.0538,0.0000,0,0.8000,-0.5000,0
41.318,0.6455,-0.5594,-0.0000,0.1655,0.1400,0.0538,0.0000,0,0.8000,-0.5000,0
41.338,0.6476,-0.5586,-0.0000,0.1633,0.1400,0.0538,0.0000,0,0.8000,-0.5000,0
41.358,0.6486,-0.5582,-0.0000,0.1622,0.1400,0.0538,0.0000,0,0.8000,-0.5000,0
41.380,0.6486,-0.5582,-0.0000,0.1622,0.1400,0.0538,0.0000,0,0.8000,-0.5000,0
41.399,0.6507,-0.5574,-0.0000,0.1600,0.1400,0.0538,0.0000,0,0.8000,-0.5000,0
41.419,0.6507,-0.5574,-0.0000,0.1600,0.1400,0.0538,0.0000,0,0.8000,-0.5000,0
41.438,0.6517,-0.5570,-0.0000,0.1589,0.1400,0.0538,0.0000,0,0.8000,-0.5000,0
41.458,0.6527,-0.5566,-0.0000,0.1578,0.1400,0.0538,0.0000,0,0.8000,-0.5000,0
41.478,0.6527,-0.5566,-0.0000,0.1578,0.1400,0.0538,0.0000,0,0.8000,-0.5000,0
41.499,0.6527,-0.5566,-0.0000,0.1578,0.1400,0.0538,0.0000,0,0.8000,-0.5000,0
41.518,0.6538,-0.5562,-0.0000,0.1567,0.1400,0.0538,0.0000,0,0.8000,-0.5000,0
41.538,0.6548,-0.5558,-0.0000,0.1556,0.1400,0.0538,0.0000,0,0.8000,-0.5000,0
41.559,0.6548,-0.5558,-0.0000,0.1556,0.1400,0.0538,0.0000,0,0.8000,-0.5000,0
41.578,0.6548,-0.5558,-0.0000,0.1556,0.1400,0.0538,0.0000,0,0.8000,-0.5000,0
41.598,0.6558,-0.5554,-0.0000,0.1544,0.1400,0.0538,0.0000,0,0.8000,-0.5000,0
41.618,0.6558,-0.5554,-0.0000,0.1544,0.1400,0.0538,0.0000,0,0.8000,-0.5000,0
41.639,0.6558,-0.5554,-0.0000,0.1544,0.1400,0.0538,0.0000,0,0.8000,-0.5000,0
41.659,0.6558,-0.5554,-0.0000,0.1544,0.1400,0.0538,0.0000,0,0.8000,-0.5000,0
41.679,0.6558,-0.5554,-0.0000,0.1544,0.1400,0.0538,0.0000,0,0.8000,-0.5000,0
41.699,0.6558,-0.5554,-0.0000,0.1544,0.1400,0.0538,0.0000,0,0.8000,-0.5000,0
41.718,0.6558,-0.5554,-0.0000,0.1544,0.1400,0.0538,0.0000,0,0.8000,-0.5000,0
41.739,0.6558,-0.5554,-0.0000,0.1544,0.1400,0.0538,0.0000,0,0.8000,-0.5000,0
41.759,0.6558,-0.5554,-0.0000,0.1544,0.1400,0.0538,0.0000,0,0.8000,-0.5000,0
41.778,0.6558,-0.5554,-0.0000,0.1544,0.1400,0.0538,0.0000,0,0.8000,-0.5000,0
41.799,0.6558,-0.5554,-0.0000,0.1544,0.1400,0.0538,0.0000,0,0.8000,-0.5000,0
41.819,0.6569,-0.5550,-0.0000,0.1533,0.1400,0.0538,0.0000,0,0.8000,-0.5000,0
41.838,0.6579,-0.5546,-0.0000,0.1522,0.1400,0.0538,0.0000,0,0.8000,-0.5000,0
41.858,0.6589,-0.5543,-0.0000,0.1511,0.1400,0.0538,0.0000,0,0.8000,-0.5000,0
41.879,0.6600,-0.5539,-0.0000,0.1500,0.1400,0.0538,0.0000,0,0.8000,-0.5000,0
41.899,0.6610,-0.5535,-0.0000,0.1922,0.1025,0.1095,0.0000,1,0.7924,-0.4132,0
41.918,0.6621,-0.5531,-0.0000,0.1912,0.1023,0.1097,0.0000,1,0.7924,-0.4132,0
41.938,0.6621,-0.5531,-0.0000,0.1912,0.1023,0.1097,0.0000,1,0.7924,-0.4132,0
41.958,0.6621,-0.5531,-0.0000,0.1912,0.1023,0.1097,0.0000,1,0.7924,-0.4132,0
41.978,0.6621,-0.5531,-0.0000,0.1912,0.1023,0.1097,0.0000,1,0.7924,-0.4132,0
41.998,0.6621,-0.5531,-0.0000,0.1912,0.1023,0.1097,0.0000,1,0.7924,-0.4132,0
42.018,0.6621,-0.5531,-0.0000,0.1912,0.1023,0.1097,0.0000,1,0.7924,-0.4132,0
42.038,0.6621,-0.5531,-0.0000,0.1912,0.1023,0.1097,0.0000,1,0.7924,-0.4132,0
42.058,0.6621,-0.5531,-0.0000,0.1912,0.1023,0.1097,0.0000,1,0.7924,-0.4132,0
42.078,0.6621,-0.5531,-0.0000,0.1912,0.1023,0.1097,0.0000,1,0.7924,-0.4132,0
42.101,0.6621,-0.5531,-0.0000,0.1912,0.1023,0.1097,0.0000,1,0.7924,-0.4132,0
42.119,0.6621,-0.5531,-0.0000,0.1912,0.1023,0.1097,0.0000,1,0.7924,-0.4132,0
42.138,0.6636,-0.5514,-0.0000,0.1890,0.1023,0.1097,0.0000,1,0.7924,-0.4132,0
42.159,0.6643,-0.5506,-0.0000,0.1879,0.1023,0.1097,0.0000,1,0.7924,-0.4132,0
42.179,0.6658,-0.5490,-0.0000,0.1857,0.1023,0.1097,0.0000,1,0.7924,-0.4132,0
42.198,0.6666,-0.5482,-0.0000,0.1846,0.1023,0.1097,0.0000,1,0.7924,-0.4132,0
42.218,0.6666,-0.5482,-0.0000,0.1846,0.1023,0.1097,0.0000,1,0.7924,-0.4132,0
42.238,0.6673,-0.5474,-0.0000,0.1835,0.1023,0.1097,0.0000,1,0.7924,-0.4132,0
42.259,0.6673,-0.5474,-0.0000,0.1835,0.1023,0.1097,0.0000,1,0.7924,-0.4132,0
42.278,0.6673,-0.5474,-0.0000,0.1835,0.1023,0.1097,0.0000,1,0.7924,-0.4132,0
42.298,0.6673,-0.5474,-0.0000,0.1835,0.1023,0.1097,0.0000,1,0.7924,-0.4132,0
42.318,0.6673,-0.5474,-0.0000,0.1835,0.1023,0.1097,0.0000,1,0.7924,-0.4132,0
42.338,0.6673,-0.5474,-0.0000,0.1835,0.1023,0.1097,0.0000,1,0.7924,-0.4132,0
42.358,0.6673,-0.5474,-0.0000,0.1835,0.1023,0.1097,0.0000,1,0.7924,-0.4132,0
42.378,0.6673,-0.5474,-0.0000,0.1835,0.1023,0.1097,0.0000,1,0.7924,-0.4132,0
42.398,0.6673,-0.5474,-0.0000,0.1835,0.1023,0.1097,0.0000,1,0.7924,-0.4132,0
42.419,0.6673,-0.5474,-0.0000,0.1835,0.1023,0.1097,0.0000,1,0.7924,-0.4132,0
42.438,0.6689,-0.5458,-0.0000,0.1812,0.1023,0.1097,0.0000,1,0.7924,-0.4132,0
42.458,0.6696,-0.5450,-0.0000,0.1801,0.1023,0.1097,0.0000,1,0.7924,-0.4132,0
42.479,0.6711,-0.5433,-0.0000,0.1779,0.1023,0.1097,0.0000,1,0.7924,-0.4132,0
42.498,0.6719,-0.5425,-0.0000,0.1768,0.1023,0.1097,0.0000,1,0.7924,-0.4132,0
42.518,0.6719,-0.5425,-0.0000,0.1768,0.1023,0.1097,0.0000,1,0.7924,-0.4132,0
42.538,0.6719,-0.5425,-0.0000,0.1768,0.1023,0.1097,0.0000,1,0.7924,-0.4132,0
42.558,0.6719,-0.5425,-0.0000,0.1768,0.1023,0.1097,0.0000,1,0.7924,-0.4132,0
42.578,0.6719,-0.5425,-0.0000,0.1768,0.1023,0.1097,0.0000,1,0.7924,-0.4132,0
42.598,0.6719,-0.5425,-0.0000,0.1768,0.1023,0.1097,0.0000,1,0.7924,-0.4132,0
42.618,0.6719,-0.5425,-0.0000,0.1768,0.1023,0.1097,0.0000,1,0.7924,-0.4132,0
42.639,0.6719,-0.5425,-0.0000,0.1768,0.1023,0.1097,0.0000,1,0.7924,-0.4132,0
42.658,0.6726,-0.5417,-0.0000,0.1757,0.1023,0.1097,0.0000,1,0.7924,-0.4132,0
42.678,0.6741,-0.5401,-0.0000,0.1735,0.1023,0.1097,0.0000,1,0.7924,-0.4132,0
42.698,0.6749,-0.5393,-0.0000,0.1724,0.1023,0.1097,0.0000,1,0.7924,-0.4132,0
42.719,0.6772,-0.5369,-0.0000,0.1691,0.1023,0.1097,0.0000,1,0.7924,-0.4132,0
42.738,0.6772,-0.5369,-0.0000,0.1691,0.1023,0.1097,0.0000,1,0.7924,-0.4132,0
42.758,0.6779,-0.5360,-0.0000,0.1679,0.1023,0.1097,0.0000,1,0.7924,-0.4132,0
42.778,0.6787,-0.5352,-0.0000,0.1668,0.1023,0.1097,0.0000,1,0.7924,-0.4132,0
42.798,0.6787,-0.5352,-0.0000,0.1668,0.1023,0.1097,0.0000,1,0.7924,-0.4132,0
42.819,0.6787,-0.5352,-0.0000,0.1668,0.1023,0.1097,0.0000,1,0.7924,-0.4132,0
42.838,0.6794,-0.5344,-0.0000,0.1657,0.1023,0.1097,0.0000,1,0.7924,-0.4132,0
42.859,0.6794,-0.5344,-0.0000,0.1657,0.1023,0.1097,0.0000,1,0.7924,-0.4132,0
42.878,0.6794,-0.5344,-0.0000,0.1657,0.1023,0.1097,0.0000,1,0.7924,-0.4132,0
42.899,0.6794,-0.5344,-0.0000,0.1657,0.1023,0.1097,0.0000,1,0.7924,-0.4132,0
42.918,0.6802,-0.5336,-0.0000,0.1646,0.1023,0.1097,0.0000,1,0.7924,-0.4132,0
42.938,0.6809,-0.5328,-0.0000,0.1635,0.1023,0.1097,0.0000,1,0.7924,-0.4132,0
42.958,0.6817,-0.5320,-0.0000,0.1624,0.1023,0.1097,0.0000,1,0.7924,-0.4132,0
42.978,0.6824,-0.5312,-0.0000,0.1613,0.1023,0.1097,0.0000,1,0.7924,-0.4132,0
42.998,0.6824,-0.5312,-0.0000,0.1613,0.1023,0.1097,0.0000,1,0.7924,-0.4132,0
43.018,0.6824,-0.5312,-0.0000,0.1613,0.1023,0.1097,0.0000,1,0.7924,-0.4132,0
43.038,0.6840,-0.5296,-0.0000,0.1591,0.1023,0.1097,0.0000,1,0.7924,-0.4132,0
43.060,0.6840,-0.5296,-0.0000,0.1591,0.1023,0.1097,0.0000,1,0.7924,-0.4132,0
43.078,0.6847,-0.5287,-0.0000,0.1580,0.1023,0.1097,0.0000,1,0.7924,-0.4132,0
43.098,0.6855,-0.5279,-0.0000,0.1569,0.1023,0.1097,0.0000,1,0.7924,-0.4132,0
43.120,0.6855,-0.5279,-0.0000,0.1569,0.1023,0.1097,0.0000,1,0.7924,-0.4132,0
43.138,0.6855,-0.5279,-0.0000,0.1569,0.1023,0.1097,0.0000,1,0.7924,-0.4132,0
43.158,0.6855,-0.5279,-0.0000,0.1569,0.1023,0.1097,0.0000,1,0.7924,-0.4132,0
43.179,0.6855,-0.5279,-0.0000,0.1569,0.1023,0.1097,0.0000,1,0.7924,-0.4132,0
43.199,0.6862,-0.5271,-0.0000,0.1558,0.1023,0.1097,0.0000,1,0.7924,-0.4132,0
43.218,0.6862,-0.5271,-0.0000,0.1558,0.1023,0.1097,0.0000,1,0.7924,-0.4132,0
43.238,0.6862,-0.5271,-0.0000,0.1558,0.1023,0.1097,0.0000,1,0.7924,-0.4132,0
43.260,0.6862,-0.5271,-0.0000,0.1558,0.1023,0.1097,0.0000,1,0.7924,-0.4132,0
43.279,0.6862,-0.5271,-0.0000,0.1558,0.1023,0.1097,0.0000,1,0.7924,-0.4132,0
43.298,0.6862,-0.5271,-0.0000,0.1558,0.1023,0.1097,0.0000,1,0.7924,-0.4132,0
43.318,0.6862,-0.5271,-0.0000,0.1558,0.1023,0.1097,0.0000,1,0.7924,-0.4132,0
43.339,0.6862,-0.5271,-0.0000,0.1558,0.1023,0.1097,0.0000,1,0.7924,-0.4132,0
43.358,0.6870,-0.5263,-0.0000,0.1546,0.1023,0.1097,0.0000,1,0.7924,-0.4132,0
43.378,0.6885,-0.5247,-0.0000,0.1524,0.1023,0.1097,0.0000,1,0.7924,-0.4132,0
43.398,0.6892,-0.5239,-0.0000,0.1513,0.1023,0.1097,0.0000,1,0.7924,-0.4132,0
43.419,0.6907,-0.5223,-0.0000,0.2088,0.0568,0.1388,0.0000,2,0.7698,-0.3290,0
43.438,0.6919,-0.5204,-0.0000,0.2067,0.0565,0.1389,0.0000,2,0.7698,-0.3290,0
43.458,0.6919,-0.5204,-0.0000,0.2067,0.0565,0.1389,0.0000,2,0.7698,-0.3290,0
43.478,0.6919,-0.5204,-0.0000,0.2067,0.0565,0.1389,0.0000,2,0.7698,-0.3290,0
43.498,0.6919,-0.5204,-0.0000,0.2067,0.0565,0.1389,0.0000,2,0.7698,-0.3290,0
43.518,0.6919,-0.5204,-0.0000,0.2067,0.0565,0.1389,0.0000,2,0.7698,-0.3290,0
43.539,0.6923,-0.5194,-0.0000,0.2056,0.0565,0.1389,0.0000,2,0.7698,-0.3290,0
43.559,0.6923,-0.5194,-0.0000,0.2056,0.0565,0.1389,0.0000,2,0.7698,-0.3290,0
43.578,0.6923,-0.5194,-0.0000,0.2056,0.0565,0.1389,0.0000,2,0.7698,-0.3290,0
43.598,0.6923,-0.5194,-0.0000,0.2056,0.0565,0.1389,0.0000,2,0.7698,-0.3290,0
43.619,0.6923,-0.5194,-0.0000,0.2056,0.0565,0.1389,0.0000,2,0.7698,-0.3290,0
43.638,0.6923,-0.5194,-0.0000,0.2056,0.0565,0.1389,0.0000,2,0.7698,-0.3290,0
43.658,0.6923,-0.5194,-0.0000,0.2056,0.0565,0.1389,0.0000,2,0.7698,-0.3290,0
43.679,0.6923,-0.5194,-0.0000,0.2056,0.0565,0.1389,0.0000,2,0.7698,-0.3290,0
43.699,0.6923,-0.5194,-0.0000,0.2056,0.0565,0.1389,0.0000,2,0.7698,-0.3290,0
43.719,0.6932,-0.5174,-0.0000,0.2034,0.0565,0.1389,0.0000,2,0.7698,-0.3290,0
43.738,0.6936,-0.5163,-0.0000,0.2023,0.0565,0.1389,0.0000,2,0.7698,-0.3290,0
43.758,0.6944,-0.5143,-0.0000,0.2000,0.0565,0.1389,0.0000,2,0.7698,-0.3290,0
43.778,0.6953,-0.5122,-0.0000,0.1978,0.0565,0.1389,0.0000,2,0.7698,-0.3290,0
43.801,0.6953,-0.5122,-0.0000,0.1978,0.0565,0.1389,0.0000,2,0.7698,-0.3290,0
43.818,0.6957,-0.5112,-0.0000,0.1967,0.0565,0.1389,0.0000,2,0.7698,-0.3290,0
43.838,0.6961,-0.5102,-0.0000,0.1956,0.0565,0.1389,0.0000,2,0.7698,-0.3290,0
43.858,0.6961,-0.5102,-0.0000,0.1956,0.0565,0.1389,0.0000,2,0.7698,-0.3290,0
43.880,0.6961,-0.5102,-0.0000,0.1956,0.0565,0.1389,0.0000,2,0.7698,-0.3290,0
43.898,0.6965,-0.5091,-0.0000,0.1945,0.0565,0.1389,0.0000,2,0.7698,-0.3290,0
43.918,0.6965,-0.5091,-0.0000,0.1945,0.0565,0.1389,0.0000,2,0.7698,-0.3290,0
43.938,0.6965,-0.5091,-0.0000,0.1945,0.0565,0.1389,0.0000,2,0.7698,-0.3290,0
43.958,0.6965,-0.5091,-0.0000,0.1945,0.0565,0.1389,0.0000,2,0.7698,-0.3290,0
43.978,0.6965,-0.5091,-0.0000,0.1945,0.0565,0.1389,0.0000,2,0.7698,-0.3290,0
43.998,0.6965,-0.5091,-0.0000,0.1945,0.0565,0.1389,0.0000,2,0.7698,-0.3290,0
44.018,0.6965,-0.5091,-0.0000,0.1945,0.0565,0.1389,0.0000,2,0.7698,-0.3290,0
44.038,0.6965,-0.5091,-0.0000,0.1945,0.0565,0.1389,0.0000,2,0.7698,-0.3290,0
44.059,0.6965,-0.5091,-0.0000,0.1945,0.0565,0.1389,0.0000,2,0.7698,-0.3290,0
44.079,0.6965,-0.5091,-0.0000,0.1945,0.0565,0.1389,0.0000,2,0.7698,-0.3290,0
44.098,0.6969,-0.5081,-0.0000,0.1934,0.0565,0.1389,0.0000,2,0.7698,-0.3290,0
44.118,0.6978,-0.5061,-0.0000,0.1912,0.0565,0.1389,0.0000,2,0.7698,-0.3290,0
44.139,0.6982,-0.5050,-0.0000,0.1901,0.0565,0.1389,0.0000,2,0.7698,-0.3290,0
44.158,0.6982,-0.5050,-0.0000,0.1901,0.0565,0.1389,0.0000,2,0.7698,-0.3290,0
44.178,0.6982,-0.5050,-0.0000,0.1901,0.0565,0.1389,0.0000,2,0.7698,-0.3290,0
44.200,0.6982,-0.5050,-0.0000,0.1901,0.0565,0.1389,0.0000,2,0.7698,-0.3290,0
44.218,0.6990,-0.5030,-0.0000,0.1879,0.0565,0.1389,0.0000,2,0.7698,-0.3290,0
44.238,0.6990,-0.5030,-0.0000,0.1879,0.0565,0.1389,0.0000,2,0.7698,-0.3290,0
44.258,0.6999,-0.5009,-0.0000,0.1856,0.0565,0.1389,0.0000,2,0.7698,-0.3290,0
44.278,0.6999,-0.5009,-0.0000,0.1856,0.0565,0.1389,0.0000,2,0.7698,-0.3290,0
44.298,0.6999,-0.5009,-0.0000,0.1856,0.0565,0.1389,0.0000,2,0.7698,-0.3290,0
44.318,0.6999,-0.5009,-0.0000,0.1856,0.0565,0.1389,0.0000,2,0.7698,-0.3290,0
44.338,0.7007,-0.4989,-0.0000,0.1834,0.0565,0.1389,0.0000,2,0.7698,-0.3290,0
44.358,0.7007,-0.4989,-0.0000,0.1834,0.0565,0.1389,0.0000,2,0.7698,-0.3290,0
44.378,0.7007,-0.4989,-0.0000,0.1834,0.0565,0.1389,0.0000,2,0.7698,-0.3290,0
44.398,0.7011,-0.4979,-0.0000,0.1823,0.0565,0.1389,0.0000,2,0.7698,-0.3290,0
44.418,0.7015,-0.4968,-0.0000,0.1812,0.0565,0.1389,0.0000,2,0.7698,-0.3290,0
44.438,0.7015,-0.4968,-0.0000,0.1812,0.0565,0.1389,0.0000,2,0.7698,-0.3290,0
44.458,0.7015,-0.4968,-0.0000,0.1812,0.0565,0.1389,0.0000,2,0.7698,-0.3290,0
44.478,0.7019,-0.4958,-0.0000,0.1801,0.0565,0.1389,0.0000,2,0.7698,-0.3290,0
44.498,0.7028,-0.4938,-0.0000,0.1779,0.0565,0.1389,0.0000,2,0.7698,-0.3290,0
44.518,0.7028,-0.4938,-0.0000,0.1779,0.0565,0.1389,0.0000,2,0.7698,-0.3290,0
44.540,0.7028,-0.4938,-0.0000,0.1779,0.0565,0.1389,0.0000,2,0.7698,-0.3290,0
44.558,0.7032,-0.4927,-0.0000,0.1768,0.0565,0.1389,0.0000,2,0.7698,-0.3290,0
44.578,0.7032,-0.4927,-0.0000,0.1768,0.0565,0.1389,0.0000,2,0.7698,-0.3290,0
44.598,0.7032,-0.4927,-0.0000,0.1768,0.0565,0.1389,0.0000,2,0.7698,-0.3290,0
44.618,0.7032,-0.4927,-0.0000,0.1768,0.0565,0.1389,0.0000,2,0.7698,-0.3290,0
44.638,0.7032,-0.4927,-0.0000,0.1768,0.0565,0.1389,0.0000,2,0.7698,-0.3290,0
44.658,0.7032,-0.4927,-0.0000,0.1768,0.0565,0.1389,0.0000,2,0.7698,-0.3290,0
44.679,0.7032,-0.4927,-0.0000,0.1768,0.0565,0.1389,0.0000,2,0.7698,-0.3290,0
44.700,0.7032,-0.4927,-0.0000,0.1768,0.0565,0.1389,0.0000,2,0.7698,-0.3290,0
44.718,0.7036,-0.4917,-0.0000,0.1757,0.0565,0.1389,0.0000,2,0.7698,-0.3290,0
44.738,0.7045,-0.4897,-0.0000,0.1735,0.0565,0.1389,0.0000,2,0.7698,-0.3290,0
44.758,0.7061,-0.4855,-0.0000,0.1690,0.0565,0.1389,0.0000,2,0.7698,-0.3290,0
44.778,0.7065,-0.4845,-0.0000,0.1679,0.0565,0.1389,0.0000,2,0.7698,-0.3290,0
44.798,0.7065,-0.4845,-0.0000,0.1679,0.0565,0.1389,0.0000,2,0.7698,-0.3290,0
44.818,0.7065,-0.4845,-0.0000,0.1679,0.0565,0.1389,0.0000,2,0.7698,-0.3290,0
44.839,0.7074,-0.4825,-0.0000,0.1657,0.0565,0.1389,0.0000,2,0.7698,-0.3290,0
44.858,0.7078,-0.4814,-0.0000,0.1646,0.0565,0.1389,0.0000,2,0.7698,-0.3290,0
44.878,0.7082,-0.4804,-0.0000,0.1635,0.0565,0.1389,0.0000,2,0.7698,-0.3290,0
44.898,0.7082,-0.4804,-0.0000,0.1635,0.0565,0.1389,0.0000,2,0.7698,-0.3290,0
44.918,0.7082,-0.4804,-0.0000,0.1635,0.0565,0.1389,0.0000,2,0.7698,-0.3290,0
44.938,0.7082,-0.4804,-0.0000,0.1635,0.0565,0.1389,0.0000,2,0.7698,-0.3290,0
44.959,0.7082,-0.4804,-0.0000,0.1635,0.0565,0.1389,0.0000,2,0.7698,-0.3290,0
44.979,0.7082,-0.4804,-0.0000,0.1635,0.0565,0.1389,0.0000,2,0.7698,-0.3290,0
44.998,0.7082,-0.4804,-0.0000,0.1635,0.0565,0.1389,0.0000,2,0.7698,-0.3290,0
45.018,0.7082,-0.4804,-0.0000,0.1635,0.0565,0.1389,0.0000,2,0.7698,-0.3290,0
45.038,0.7082,-0.4804,-0.0000,0.1635,0.0565,0.1389,0.0000,2,0.7698,-0.3290,0
45.059,0.7082,-0.4804,-0.0000,0.1635,0.0565,0.1389,0.0000,2,0.7698,-0.3290,0
45.078,0.7090,-0.4784,-0.0000,0.1613,0.0565,0.1389,0.0000,2,0.7698,-0.3290,0
45.098,0.7095,-0.4773,-0.0000,0.1602,0.0565,0.1389,0.0000,2,0.7698,-0.3290,0
45.119,0.7103,-0.4753,-0.0000,0.1580,0.0565,0.1389,0.0000,2,0.7698,-0.3290,0
45.138,0.7111,-0.4732,-0.0000,0.1557,0.0565,0.1389,0.0000,2,0.7698,-0.3290,0
45.158,0.7116,-0.4722,-0.0000,0.1546,0.0565,0.1389,0.0000,2,0.7698,-0.3290,0
45.178,0.7116,-0.4722,-0.0000,0.1546,0.0565,0.1389,0.0000,2,0.7698,-0.3290,0
45.198,0.7116,-0.4722,-0.0000,0.1546,0.0565,0.1389,0.0000,2,0.7698,-0.3290,0
45.218,0.7116,-0.4722,-0.0000,0.1546,0.0565,0.1389,0.0000,2,0.7698,-0.3290,0
45.239,0.7116,-0.4722,-0.0000,0.1546,0.0565,0.1389,0.0000,2,0.7698,-0.3290,0
45.260,0.7120,-0.4712,-0.0000,0.1535,0.0565,0.1389,0.0000,2,0.7698,-0.3290,0
45.278,0.7124,-0.4702,-0.0000,0.1524,0.0565,0.1389,0.0000,2,0.7698,-0.3290,0
45.298,0.7128,-0.4691,-0.0000,0.1513,0.0565,0.1389,0.0000,2,0.7698,-0.3290,0
45.320,0.7136,-0.4671,-0.0000,0.2179,0.0133,0.1494,0.0000,3,0.7330,-0.2500,0
45.338,0.7136,-0.4671,-0.0000,0.2179,0.0133,0.1494,0.0000,3,0.7330,-0.2500,0
45.358,0.7141,-0.4661,-0.0000,0.2169,0.0131,0.1494,0.0000,3,0.7330,-0.2500,0
45.378,0.7142,-0.4650,-0.0000,0.2158,0.0131,0.1494,0.0000,3,0.7330,-0.2500,0
45.398,0.7143,-0.4638,-0.0000,0.2147,0.0131,0.1494,0.0000,3,0.7330,-0.2500,0
45.418,0.7144,-0.4616,-0.0000,0.2125,0.0131,0.1494,0.0000,3,0.7330,-0.2500,0
45.438,0.7144,-0.4616,-0.0000,0.2125,0.0131,0.1494,0.0000,3,0.7330,-0.2500,0
45.459,0.7144,-0.4616,-0.0000,0.2125,0.0131,0.1494,0.0000,3,0.7330,-0.2500,0
45.478,0.7144,-0.4616,-0.0000,0.2125,0.0131,0.1494,0.0000,3,0.7330,-0.2500,0
45.498,0.7144,-0.4616,-0.0000,0.2125,0.0131,0.1494,0.0000,3,0.7330,-0.2500,0
45.519,0.7144,-0.4616,-0.0000,0.2125,0.0131,0.1494,0.0000,3,0.7330,-0.2500,0
45.539,0.7145,-0.4605,-0.0000,0.2113,0.0131,0.1494,0.0000,3,0.7330,-0.2500,0
45.558,0.7145,-0.4605,-0.0000,0.2113,0.0131,0.1494,0.0000,3,0.7330,-0.2500,0
45.578,0.7145,-0.4605,-0.0000,0.2113,0.0131,0.1494,0.0000,3,0.7330,-0.2500,0
45.598,0.7145,-0.4605,-0.0000,0.2113,0.0131,0.1494,0.0000,3,0.7330,-0.2500,0
45.618,0.7145,-0.4605,-0.0000,0.2113,0.0131,0.1494,0.0000,3,0.7330,-0.2500,0
45.639,0.7145,-0.4605,-0.0000,0.2113,0.0131,0.1494,0.0000,3,0.7330,-0.2500,0
45.659,0.7145,-0.4605,-0.0000,0.2113,0.0131,0.1494,0.0000,3,0.7330,-0.2500,0
45.679,0.7145,-0.4605,-0.0000,0.2113,0.0131,0.1494,0.0000,3,0.7330,-0.2500,0
45.699,0.7145,-0.4605,-0.0000,0.2113,0.0131,0.1494,0.0000,3,0.7330,-0.2500,0
45.718,0.7146,-0.4594,-0.0000,0.2102,0.0131,0.1494,0.0000,3,0.7330,-0.2500,0
45.738,0.7148,-0.4572,-0.0000,0.2080,0.0131,0.1494,0.0000,3,0.7330,-0.2500,0
45.758,0.7149,-0.4561,-0.0000,0.2069,0.0131,0.1494,0.0000,3,0.7330,-0.2500,0
45.779,0.7151,-0.4539,-0.0000,0.2047,0.0131,0.1494,0.0000,3,0.7330,-0.2500,0
45.798,0.7152,-0.4528,-0.0000,0.2036,0.0131,0.1494,0.0000,3,0.7330,-0.2500,0
45.818,0.7154,-0.4506,-0.0000,0.2014,0.0131,0.1494,0.0000,3,0.7330,-0.2500,0
45.838,0.7154,-0.4506,-0.0000,0.2014,0.0131,0.1494,0.0000,3,0.7330,-0.2500,0
45.858,0.7154,-0.4506,-0.0000,0.2014,0.0131,0.1494,0.0000,3,0.7330,-0.2500,0
45.878,0.7154,-0.4506,-0.0000,0.2014,0.0131,0.1494,0.0000,3,0.7330,-0.2500,0
45.898,0.7154,-0.4506,-0.0000,0.2014,0.0131,0.1494,0.0000,3,0.7330,-0.2500,0
45.918,0.7155,-0.4495,-0.0000,0.2003,0.0131,0.1494,0.0000,3,0.7330,-0.2500,0
45.938,0.7155,-0.4495,-0.0000,0.2003,0.0131,0.1494,0.0000,3,0.7330,-0.2500,0
45.958,0.7155,-0.4495,-0.0000,0.2003,0.0131,0.1494,0.0000,3,0.7330,-0.2500,0
45.979,0.7155,-0.4495,-0.0000,0.2003,0.0131,0.1494,0.0000,3,0.7330,-0.2500,0
45.998,0.7155,-0.4495,-0.0000,0.2003,0.0131,0.1494,0.0000,3,0.7330,-0.2500,0
46.018,0.7155,-0.4495,-0.0000,0.2003,0.0131,0.1494,0.0000,3,0.7330,-0.2500,0
46.039,0.7155,-0.4495,-0.0000,0.2003,0.0131,0.1494,0.0000,3,0.7330,-0.2500,0
46.061,0.7155,-0.4495,-0.0000,0.2003,0.0131,0.1494,0.0000,3,0.7330,-0.2500,0
46.078,0.7156,-0.4484,-0.0000,0.1992,0.0131,0.1494,0.0000,3,0.7330,-0.2500,0
46.098,0.7157,-0.4473,-0.0000,0.1981,0.0131,0.1494,0.0000,3,0.7330,-0.2500,0
46.118,0.7159,-0.4451,-0.0000,0.1958,0.0131,0.1494,0.0000,3,0.7330,-0.2500,0
46.139,0.7160,-0.4440,-0.0000,0.1947,0.0131,0.1494,0.0000,3,0.7330,-0.2500,0
46.158,0.7162,-0.4418,-0.0000,0.1925,0.0131,0.1494,0.0000,3,0.7330,-0.2500,0
46.178,0.7162,-0.4418,-0.0000,0.1925,0.0131,0.1494,0.0000,3,0.7330,-0.2500,0
46.200,0.7162,-0.4418,-0.0000,0.1925,0.0131,0.1494,0.0000,3,0.7330,-0.2500,0
46.218,0.7162,-0.4418,-0.0000,0.1925,0.0131,0.1494,0.0000,3,0.7330,-0.2500,0
46.239,0.7162,-0.4418,-0.0000,0.1925,0.0131,0.1494,0.0000,3,0.7330,-0.2500,0
46.258,0.7163,-0.4407,-0.0000,0.1914,0.0131,0.1494,0.0000,3,0.7330,-0.2500,0
46.278,0.7163,-0.4407,-0.0000,0.1914,0.0131,0.1494,0.0000,3,0.7330,-0.2500,0
46.298,0.7163,-0.4407,-0.0000,0.1914,0.0131,0.1494,0.0000,3,0.7330,-0.2500,0
46.318,0.7163,-0.4407,-0.0000,0.1914,0.0131,0.1494,0.0000,3,0.7330,-0.2500,0
46.339,0.7163,-0.4407,-0.0000,0.1914,0.0131,0.1494,0.0000,3,0.7330,-0.2500,0
46.358,0.7163,-0.4407,-0.0000,0.1914,0.0131,0.1494,0.0000,3,0.7330,-0.2500,0
46.378,0.7163,-0.4407,-0.0000,0.1914,0.0131,0.1494,0.0000,3,0.7330,-0.2500,0
46.398,0.7163,-0.4407,-0.0000,0.1914,0.0131,0.1494,0.0000,3,0.7330,-0.2500,0
46.421,0.7163,-0.4407,-0.0000,0.1914,0.0131,0.1494,0.0000,3,0.7330,-0.2500,0
46.439,0.7164,-0.4396,-0.0000,0.1903,0.0131,0.1494,0.0000,3,0.7330,-0.2500,0
46.458,0.7165,-0.4385,-0.0000,0.1892,0.0131,0.1494,0.0000,3,0.7330,-0.2500,0
46.478,0.7167,-0.4363,-0.0000,0.1870,0.0131,0.1494,0.0000,3,0.7330,-0.2500,0
46.499,0.7168,-0.4352,-0.0000,0.1859,0.0131,0.1494,0.0000,3,0.7330,-0.2500,0
46.518,0.7168,-0.4352,-0.0000,0.1859,0.0131,0.1494,0.0000,3,0.7330,-0.2500,0
46.540,0.7168,-0.4352,-0.0000,0.1859,0.0131,0.1494,0.0000,3,0.7330,-0.2500,0
46.558,0.7169,-0.4341,-0.0000,0.1848,0.0131,0.1494,0.0000,3,0.7330,-0.2500,0
46.579,0.7169,-0.4341,-0.0000,0.1848,0.0131,0.1494,0.0000,3,0.7330,-0.2500,0
46.598,0.7169,-0.4341,-0.0000,0.1848,0.0131,0.1494,0.0000,3,0.7330,-0.2500,0
46.618,0.7169,-0.4341,-0.0000,0.1848,0.0131,0.1494,0.0000,3,0.7330,-0.2500,0
46.638,0.7169,-0.4341,-0.0000,0.1848,0.0131,0.1494,0.0000,3,0.7330,-0.2500,0
46.658,0.7169,-0.4341,-0.0000,0.1848,0.0131,0.1494,0.0000,3,0.7330,-0.2500,0
46.678,0.7169,-0.4341,-0.0000,0.1848,0.0131,0.1494,0.0000,3,0.7330,-0.2500,0
46.698,0.7169,-0.4341,-0.0000,0.1848,0.0131,0.1494,0.0000,3,0.7330,-0.2500,0
46.719,0.7169,-0.4341,-0.0000,0.1848,0.0131,0.1494,0.0000,3,0.7330,-0.2500,0
46.739,0.7169,-0.4341,-0.0000,0.1848,0.0131,0.1494,0.0000,3,0.7330,-0.2500,0
46.758,0.7170,-0.4330,-0.0000,0.1837,0.0131,0.1494,0.0000,3,0.7330,-0.2500,0
46.778,0.7172,-0.4307,-0.0000,0.1814,0.0131,0.1494,0.0000,3,0.7330,-0.2500,0
46.798,0.7173,-0.4296,-0.0000,0.1803,0.0131,0.1494,0.0000,3,0.7330,-0.2500,0
46.818,0.7174,-0.4274,-0.0000,0.1781,0.0131,0.1494,0.0000,3,0.7330,-0.2500,0
46.838,0.7174,-0.4274,-0.0000,0.1781,0.0131,0.1494,0.0000,3,0.7330,-0.2500,0
46.860,0.7174,-0.4274,-0.0000,0.1781,0.0131,0.1494,0.0000,3,0.7330,-0.2500,0
46.878,0.7175,-0.4263,-0.0000,0.1770,0.0131,0.1494,0.0000,3,0.7330,-0.2500,0
46.899,0.7175,-0.4263,-0.0000,0.1770,0.0131,0.1494,0.0000,3,0.7330,-0.2500,0
46.918,0.7175,-0.4263,-0.0000,0.1770,0.0131,0.1494,0.0000,3,0.7330,-0.2500,0
46.939,0.7175,-0.4263,-0.0000,0.1770,0.0131,0.1494,0.0000,3,0.7330,-0.2500,0
46.958,0.7176,-0.4252,-0.0000,0.1759,0.0131,0.1494,0.0000,3,0.7330,-0.2500,0
46.978,0.7177,-0.4241,-0.0000,0.1748,0.0131,0.1494,0.0000,3,0.7330,-0.2500,0
46.998,0.7178,-0.4230,-0.0000,0.1737,0.0131,0.1494,0.0000,3,0.7330,-0.2500,0
47.019,0.7180,-0.4208,-0.0000,0.1715,0.0131,0.1494,0.0000,3,0.7330,-0.2500,0
47.038,0.7180,-0.4208,-0.0000,0.1715,0.0131,0.1494,0.0000,3,0.7330,-0.2500,0
47.058,0.7180,-0.4208,-0.0000,0.1715,0.0131,0.1494,0.0000,3,0.7330,-0.2500,0
47.078,0.7181,-0.4197,-0.0000,0.1704,0.0131,0.1494,0.0000,3,0.7330,-0.2500,0
47.098,0.7182,-0.4186,-0.0000,0.1693,0.0131,0.1494,0.0000,3,0.7330,-0.2500,0
47.118,0.7184,-0.4164,-0.0000,0.1670,0.0131,0.1494,0.0000,3,0.7330,-0.2500,0
47.138,0.7184,-0.4164,-0.0000,0.1670,0.0131,0.1494,0.0000,3,0.7330,-0.2500,0
47.159,0.7184,-0.4164,-0.0000,0.1670,0.0131,0.1494,0.0000,3,0.7330,-0.2500,0
47.178,0.7184,-0.4164,-0.0000,0.1670,0.0131,0.1494,0.0000,3,0.7330,-0.2500,0
47.198,0.7184,-0.4164,-0.0000,0.1670,0.0131,0.1494,0.0000,3,0.7330,-0.2500,0
47.219,0.7185,-0.4153,-0.0000,0.1659,0.0131,0.1494,0.0000,3,0.7330,-0.2500,0
47.238,0.7186,-0.4142,-0.0000,0.1648,0.0131,0.1494,0.0000,3,0.7330,-0.2500,0
47.258,0.7186,-0.4142,-0.0000,0.1648,0.0131,0.1494,0.0000,3,0.7330,-0.2500,0
47.278,0.7187,-0.4131,-0.0000,0.1637,0.0131,0.1494,0.0000,3,0.7330,-0.2500,0
47.298,0.7188,-0.4120,-0.0000,0.1626,0.0131,0.1494,0.0000,3,0.7330,-0.2500,0
47.318,0.7189,-0.4109,-0.0000,0.1615,0.0131,0.1494,0.0000,3,0.7330,-0.2500,0
47.338,0.7191,-0.4087,-0.0000,0.1593,0.0131,0.1494,0.0000,3,0.7330,-0.2500,0
47.359,0.7191,-0.4087,-0.0000,0.1593,0.0131,0.1494,0.0000,3,0.7330,-0.2500,0
47.378,0.7191,-0.4087,-0.0000,0.1593,0.0131,0.1494,0.0000,3,0.7330,-0.2500,0
47.398,0.7192,-0.4076,-0.0000,0.1582,0.0131,0.1494,0.0000,3,0.7330,-0.2500,0
47.418,0.7193,-0.4065,-0.0000,0.1571,0.0131,0.1494,0.0000,3,0.7330,-0.2500,0
47.439,0.7193,-0.4065,-0.0000,0.1571,0.0131,0.1494,0.0000,3,0.7330,-0.2500,0
47.458,0.7194,-0.4054,-0.0000,0.1560,0.0131,0.1494,0.0000,3,0.7330,-0.2500,0
47.478,0.7195,-0.4043,-0.0000,0.1549,0.0131,0.1494,0.0000,3,0.7330,-0.2500,0
47.498,0.7195,-0.4043,-0.0000,0.1549,0.0131,0.1494,0.0000,3,0.7330,-0.2500,0
47.518,0.7195,-0.4043,-0.0000,0.1549,0.0131,0.1494,0.0000,3,0.7330,-0.2500,0
47.538,0.7195,-0.4043,-0.0000,0.1549,0.0131,0.1494,0.0000,3,0.7330,-0.2500,0
47.558,0.7196,-0.4032,-0.0000,0.1537,0.0131,0.1494,0.0000,3,0.7330,-0.2500,0
47.579,0.7196,-0.4032,-0.0000,0.1537,0.0131,0.1494,0.0000,3,0.7330,-0.2500,0
47.598,0.7196,-0.4032,-0.0000,0.1537,0.0131,0.1494,0.0000,3,0.7330,-0.2500,0
47.618,0.7196,-0.4032,-0.0000,0.1537,0.0131,0.1494,0.0000,3,0.7330,-0.2500,0
47.639,0.7196,-0.4032,-0.0000,0.1537,0.0131,0.1494,0.0000,3,0.7330,-0.2500,0
47.658,0.7196,-0.4032,-0.0000,0.1537,0.0131,0.1494,0.0000,3,0.7330,-0.2500,0
47.678,0.7196,-0.4032,-0.0000,0.1537,0.0131,0.1494,0.0000,3,0.7330,-0.2500,0
47.698,0.7196,-0.4032,-0.0000,0.1537,0.0131,0.1494,0.0000,3,0.7330,-0.2500,0
47.718,0.7196,-0.4032,-0.0000,0.1537,0.0131,0.1494,0.0000,3,0.7330,-0.2500,0
47.738,0.7198,-0.4010,-0.0000,0.1515,0.0131,0.1494,0.0000,3,0.7330,-0.2500,0
47.758,0.7199,-0.3998,-0.0000,0.1504,0.0131,0.1494,0.0000,3,0.7330,-0.2500,0
47.781,0.7200,-0.3987,-0.0000,0.2232,-0.0248,0.1479,0.0000,4,0.6830,-0.1786,0
47.798,0.7201,-0.3976,-0.0000,0.2221,-0.0250,0.1479,0.0000,4,0.6830,-0.1786,0
47.820,0.7201,-0.3976,-0.0000,0.2221,-0.0250,0.1479,0.0000,4,0.6830,-0.1786,0
47.838,0.7199,-0.3965,-0.0000,0.2210,-0.0250,0.1479,0.0000,4,0.6830,-0.1786,0
47.858,0.7197,-0.3955,-0.0000,0.2199,-0.0250,0.1479,0.0000,4,0.6830,-0.1786,0
47.878,0.7197,-0.3955,-0.0000,0.2199,-0.0250,0.1479,0.0000,4,0.6830,-0.1786,0
47.899,0.7197,-0.3955,-0.0000,0.2199,-0.0250,0.1479,0.0000,4,0.6830,-0.1786,0
47.918,0.7195,-0.3944,-0.0000,0.2188,-0.0250,0.1479,0.0000,4,0.6830,-0.1786,0
47.938,0.7195,-0.3944,-0.0000,0.2188,-0.0250,0.1479,0.0000,4,0.6830,-0.1786,0
47.958,0.7195,-0.3944,-0.0000,0.2188,-0.0250,0.1479,0.0000,4,0.6830,-0.1786,0
47.978,0.7195,-0.3944,-0.0000,0.2188,-0.0250,0.1479,0.0000,4,0.6830,-0.1786,0
47.998,0.7195,-0.3944,-0.0000,0.2188,-0.0250,0.1479,0.0000,4,0.6830,-0.1786,0
48.018,0.7195,-0.3944,-0.0000,0.2188,-0.0250,0.1479,0.0000,4,0.6830,-0.1786,0
48.038,0.7195,-0.3944,-0.0000,0.2188,-0.0250,0.1479,0.0000,4,0.6830,-0.1786,0
48.058,0.7191,-0.3922,-0.0000,0.2166,-0.0250,0.1479,0.0000,4,0.6830,-0.1786,0
48.079,0.7190,-0.3911,-0.0000,0.2155,-0.0250,0.1479,0.0000,4,0.6830,-0.1786,0
48.098,0.7186,-0.3889,-0.0000,0.2133,-0.0250,0.1479,0.0000,4,0.6830,-0.1786,0
48.118,0.7182,-0.3867,-0.0000,0.2111,-0.0250,0.1479,0.0000,4,0.6830,-0.1786,0
48.138,0.7180,-0.3856,-0.0000,0.2100,-0.0250,0.1479,0.0000,4,0.6830,-0.1786,0
48.158,0.7178,-0.3845,-0.0000,0.2089,-0.0250,0.1479,0.0000,4,0.6830,-0.1786,0
48.178,0.7178,-0.3845,-0.0000,0.2089,-0.0250,0.1479,0.0000,4,0.6830,-0.1786,0
48.198,0.7178,-0.3845,-0.0000,0.2089,-0.0250,0.1479,0.0000,4,0.6830,-0.1786,0
48.218,0.7178,-0.3845,-0.0000,0.2089,-0.0250,0.1479,0.0000,4,0.6830,-0.1786,0
48.239,0.7177,-0.3834,-0.0000,0.2077,-0.0250,0.1479,0.0000,4,0.6830,-0.1786,0
48.258,0.7177,-0.3834,-0.0000,0.2077,-0.0250,0.1479,0.0000,4,0.6830,-0.1786,0
48.278,0.7177,-0.3834,-0.0000,0.2077,-0.0250,0.1479,0.0000,4,0.6830,-0.1786,0
48.298,0.7177,-0.3834,-0.0000,0.2077,-0.0250,0.1479,0.0000,4,0.6830,-0.1786,0
48.318,0.7177,-0.3834,-0.0000,0.2077,-0.0250,0.1479,0.0000,4,0.6830,-0.1786,0
48.338,0.7173,-0.3813,-0.0000,0.2055,-0.0250,0.1479,0.0000,4,0.6830,-0.1786,0
48.359,0.7173,-0.3813,-0.0000,0.2055,-0.0250,0.1479,0.0000,4,0.6830,-0.1786,0
48.378,0.7169,-0.3791,-0.0000,0.2033,-0.0250,0.1479,0.0000,4,0.6830,-0.1786,0
48.398,0.7169,-0.3791,-0.0000,0.2033,-0.0250,0.1479,0.0000,4,0.6830,-0.1786,0
48.418,0.7169,-0.3791,-0.0000,0.2033,-0.0250,0.1479,0.0000,4,0.6830,-0.1786,0
48.438,0.7167,-0.3780,-0.0000,0.2022,-0.0250,0.1479,0.0000,4,0.6830,-0.1786,0
48.459,0.7164,-0.3758,-0.0000,0.2000,-0.0250,0.1479,0.0000,4,0.6830,-0.1786,0
48.478,0.7162,-0.3747,-0.0000,0.1989,-0.0250,0.1479,0.0000,4,0.6830,-0.1786,0
48.498,0.7160,-0.3736,-0.0000,0.1978,-0.0250,0.1479,0.0000,4,0.6830,-0.1786,0
48.518,0.7160,-0.3736,-0.0000,0.1978,-0.0250,0.1479,0.0000,4,0.6830,-0.1786,0
48.538,0.7160,-0.3736,-0.0000,0.1978,-0.0250,0.1479,0.0000,4,0.6830,-0.1786,0
48.558,0.7160,-0.3736,-0.0000,0.1978,-0.0250,0.1479,0.0000,4,0.6830,-0.1786,0
48.579,0.7160,-0.3736,-0.0000,0.1978,-0.0250,0.1479,0.0000,4,0.6830,-0.1786,0
48.599,0.7156,-0.3714,-0.0000,0.1956,-0.0250,0.1479,0.0000,4,0.6830,-0.1786,0
48.618,0.7154,-0.3703,-0.0000,0.1945,-0.0250,0.1479,0.0000,4,0.6830,-0.1786,0
48.638,0.7153,-0.3692,-0.0000,0.1933,-0.0250,0.1479,0.0000,4,0.6830,-0.1786,0
48.658,0.7153,-0.3692,-0.0000,0.1933,-0.0250,0.1479,0.0000,4,0.6830,-0.1786,0
48.678,0.7153,-0.3692,-0.0000,0.1933,-0.0250,0.1479,0.0000,4,0.6830,-0.1786,0
48.698,0.7149,-0.3671,-0.0000,0.1911,-0.0250,0.1479,0.0000,4,0.6830,-0.1786,0
48.718,0.7147,-0.3660,-0.0000,0.1900,-0.0250,0.1479,0.0000,4,0.6830,-0.1786,0
48.738,0.7145,-0.3649,-0.0000,0.1889,-0.0250,0.1479,0.0000,4,0.6830,-0.1786,0
48.760,0.7145,-0.3649,-0.0000,0.1889,-0.0250,0.1479,0.0000,4,0.6830,-0.1786,0
48.778,0.7143,-0.3638,-0.0000,0.1878,-0.0250,0.1479,0.0000,4,0.6830,-0.1786,0
48.798,0.7142,-0.3627,-0.0000,0.1867,-0.0250,0.1479,0.0000,4,0.6830,-0.1786,0
48.819,0.7140,-0.3616,-0.0000,0.1856,-0.0250,0.1479,0.0000,4,0.6830,-0.1786,0
48.838,0.7138,-0.3605,-0.0000,0.1845,-0.0250,0.1479,0.0000,4,0.6830,-0.1786,0
48.858,0.7138,-0.3605,-0.0000,0.1845,-0.0250,0.1479,0.0000,4,0.6830,-0.1786,0
48.878,0.7138,-0.3605,-0.0000,0.1845,-0.0250,0.1479,0.0000,4,0.6830,-0.1786,0
48.898,0.7136,-0.3594,-0.0000,0.1834,-0.0250,0.1479,0.0000,4,0.6830,-0.1786,0
48.918,0.7136,-0.3594,-0.0000,0.1834,-0.0250,0.1479,0.0000,4,0.6830,-0.1786,0
48.938,0.7136,-0.3594,-0.0000,0.1834,-0.0250,0.1479,0.0000,4,0.6830,-0.1786,0
48.958,0.7136,-0.3594,-0.0000,0.1834,-0.0250,0.1479,0.0000,4,0.6830,-0.1786,0
48.978,0.7136,-0.3594,-0.0000,0.1834,-0.0250,0.1479,0.0000,4,0.6830,-0.1786,0
48.998,0.7136,-0.3594,-0.0000,0.1834,-0.0250,0.1479,0.0000,4,0.6830,-0.1786,0
49.018,0.7136,-0.3594,-0.0000,0.1834,-0.0250,0.1479,0.0000,4,0.6830,-0.1786,0
49.038,0.7136,-0.3594,-0.0000,0.1834,-0.0250,0.1479,0.0000,4,0.6830,-0.1786,0
49.058,0.7136,-0.3594,-0.0000,0.1834,-0.0250,0.1479,0.0000,4,0.6830,-0.1786,0
49.078,0.7136,-0.3594,-0.0000,0.1834,-0.0250,0.1479,0.0000,4,0.6830,-0.1786,0
49.099,0.7136,-0.3594,-0.0000,0.1834,-0.0250,0.1479,0.0000,4,0.6830,-0.1786,0
49.118,0.7132,-0.3572,-0.0000,0.1812,-0.0250,0.1479,0.0000,4,0.6830,-0.1786,0
49.138,0.7130,-0.3561,-0.0000,0.1801,-0.0250,0.1479,0.0000,4,0.6830,-0.1786,0
49.158,0.7129,-0.3550,-0.0000,0.1789,-0.0250,0.1479,0.0000,4,0.6830,-0.1786,0
49.178,0.7127,-0.3540,-0.0000,0.1778,-0.0250,0.1479,0.0000,4,0.6830,-0.1786,0
49.200,0.7127,-0.3540,-0.0000,0.1778,-0.0250,0.1479,0.0000,4,0.6830,-0.1786,0
49.218,0.7125,-0.3529,-0.0000,0.1767,-0.0250,0.1479,0.0000,4,0.6830,-0.1786,0
49.239,0.7125,-0.3529,-0.0000,0.1767,-0.0250,0.1479,0.0000,4,0.6830,-0.1786,0
49.258,0.7125,-0.3529,-0.0000,0.1767,-0.0250,0.1479,0.0000,4,0.6830,-0.1786,0
49.279,0.7125,-0.3529,-0.0000,0.1767,-0.0250,0.1479,0.0000,4,0.6830,-0.1786,0
49.300,0.7125,-0.3529,-0.0000,0.1767,-0.0250,0.1479,0.0000,4,0.6830,-0.1786,0
49.318,0.7125,-0.3529,-0.0000,0.1767,-0.0250,0.1479,0.0000,4,0.6830,-0.1786,0
49.338,0.7123,-0.3518,-0.0000,0.1756,-0.0250,0.1479,0.0000,4,0.6830,-0.1786,0
49.358,0.7121,-0.3507,-0.0000,0.1745,-0.0250,0.1479,0.0000,4,0.6830,-0.1786,0
49.378,0.7119,-0.3496,-0.0000,0.1734,-0.0250,0.1479,0.0000,4,0.6830,-0.1786,0
49.398,0.7118,-0.3485,-0.0000,0.1723,-0.0250,0.1479,0.0000,4,0.6830,-0.1786,0
49.418,0.7116,-0.3474,-0.0000,0.1712,-0.0250,0.1479,0.0000,4,0.6830,-0.1786,0
49.439,0.7116,-0.3474,-0.0000,0.1712,-0.0250,0.1479,0.0000,4,0.6830,-0.1786,0
49.458,0.7114,-0.3463,-0.0000,0.1701,-0.0250,0.1479,0.0000,4,0.6830,-0.1786,0
49.478,0.7112,-0.3452,-0.0000,0.1690,-0.0250,0.1479,0.0000,4,0.6830,-0.1786,0
49.499,0.7112,-0.3452,-0.0000,0.1690,-0.0250,0.1479,0.0000,4,0.6830,-0.1786,0
49.518,0.7112,-0.3452,-0.0000,0.1690,-0.0250,0.1479,0.0000,4,0.6830,-0.1786,0
49.538,0.7112,-0.3452,-0.0000,0.1690,-0.0250,0.1479,0.0000,4,0.6830,-0.1786,0
49.558,0.7110,-0.3441,-0.0000,0.1679,-0.0250,0.1479,0.0000,4,0.6830,-0.1786,0
49.578,0.7110,-0.3441,-0.0000,0.1679,-0.0250,0.1479,0.0000,4,0.6830,-0.1786,0
49.598,0.7110,-0.3441,-0.0000,0.1679,-0.0250,0.1479,0.0000,4,0.6830,-0.1786,0
49.618,0.7110,-0.3441,-0.0000,0.1679,-0.0250,0.1479,0.0000,4,0.6830,-0.1786,0
49.638,0.7110,-0.3441,-0.0000,0.1679,-0.0250,0.1479,0.0000,4,0.6830,-0.1786,0
49.659,0.7106,-0.3419,-0.0000,0.1657,-0.0250,0.1479,0.0000,4,0.6830,-0.1786,0
49.678,0.7105,-0.3408,-0.0000,0.1645,-0.0250,0.1479,0.0000,4,0.6830,-0.1786,0
49.698,0.7105,-0.3408,-0.0000,0.1645,-0.0250,0.1479,0.0000,4,0.6830,-0.1786,0
49.719,0.7105,-0.3408,-0.0000,0.1645,-0.0250,0.1479,0.0000,4,0.6830,-0.1786,0
49.739,0.7105,-0.3408,-0.0000,0.1645,-0.0250,0.1479,0.0000,4,0.6830,-0.1786,0
49.758,0.7101,-0.3387,-0.0000,0.1623,-0.0250,0.1479,0.0000,4,0.6830,-0.1786,0
49.778,0.7099,-0.3376,-0.0000,0.1612,-0.0250,0.1479,0.0000,4,0.6830,-0.1786,0
49.798,0.7097,-0.3365,-0.0000,0.1601,-0.0250,0.1479,0.0000,4,0.6830,-0.1786,0
49.818,0.7095,-0.3354,-0.0000,0.1590,-0.0250,0.1479,0.0000,4,0.6830,-0.1786,0
49.838,0.7095,-0.3354,-0.0000,0.1590,-0.0250,0.1479,0.0000,4,0.6830,-0.1786,0
49.860,0.7095,-0.3354,-0.0000,0.1590,-0.0250,0.1479,0.0000,4,0.6830,-0.1786,0
49.878,0.7095,-0.3354,-0.0000,0.1590,-0.0250,0.1479,0.0000,4,0.6830,-0.1786,0
49.899,0.7095,-0.3354,-0.0000,0.1590,-0.0250,0.1479,0.0000,4,0.6830,-0.1786,0
49.919,0.7093,-0.3343,-0.0000,0.1579,-0.0250,0.1479,0.0000,4,0.6830,-0.1786,0
49.939,0.7093,-0.3343,-0.0000,0.1579,-0.0250,0.1479,0.0000,4,0.6830,-0.1786,0
49.958,0.7093,-0.3343,-0.0000,0.1579,-0.0250,0.1479,0.0000,4,0.6830,-0.1786,0
49.978,0.7093,-0.3343,-0.0000,0.1579,-0.0250,0.1479,0.0000,4,0.6830,-0.1786,0
49.998,0.7093,-0.3343,-0.0000,0.1579,-0.0250,0.1479,0.0000,4,0.6830,-0.1786,0
50.020,0.7093,-0.3343,-0.0000,0.1579,-0.0250,0.1479,0.0000,4,0.6830,-0.1786,0
50.038,0.7093,-0.3343,-0.0000,0.1579,-0.0250,0.1479,0.0000,4,0.6830,-0.1786,0
50.058,0.7093,-0.3343,-0.0000,0.1579,-0.0250,0.1479,0.0000,4,0.6830,-0.1786,0
50.078,0.7093,-0.3343,-0.0000,0.1579,-0.0250,0.1479,0.0000,4,0.6830,-0.1786,0
50.098,0.7092,-0.3332,-0.0000,0.1568,-0.0250,0.1479,0.0000,4,0.6830,-0.1786,0
50.119,0.7088,-0.3310,-0.0000,0.1546,-0.0250,0.1479,0.0000,4,0.6830,-0.1786,0
50.138,0.7086,-0.3299,-0.0000,0.1535,-0.0250,0.1479,0.0000,4,0.6830,-0.1786,0
50.158,0.7086,-0.3299,-0.0000,0.1535,-0.0250,0.1479,0.0000,4,0.6830,-0.1786,0
50.178,0.7086,-0.3299,-0.0000,0.1535,-0.0250,0.1479,0.0000,4,0.6830,-0.1786,0
50.198,0.7084,-0.3288,-0.0000,0.1524,-0.0250,0.1479,0.0000,4,0.6830,-0.1786,0
50.218,0.7082,-0.3277,-0.0000,0.1513,-0.0250,0.1479,0.0000,4,0.6830,-0.1786,0
50.238,0.7082,-0.3277,-0.0000,0.1513,-0.0250,0.1479,0.0000,4,0.6830,-0.1786,0
50.258,0.7082,-0.3277,-0.0000,0.1513,-0.0250,0.1479,0.0000,4,0.6830,-0.1786,0
50.278,0.7081,-0.3266,-0.0000,0.1501,-0.0250,0.1479,0.0000,4,0.6830,-0.1786,0
50.298,0.7081,-0.3266,-0.0000,0.1501,-0.0250,0.1479,0.0000,4,0.6830,-0.1786,0
50.319,0.7081,-0.3266,-0.0000,0.1501,-0.0250,0.1479,0.0000,4,0.6830,-0.1786,0
50.339,0.7079,-0.3256,-0.0000,0.2258,-0.0574,0.1386,0.0000,5,0.6214,-0.1170,0
50.358,0.7077,-0.3245,-0.0000,0.2247,-0.0576,0.1385,0.0000,5,0.6214,-0.1170,0
50.378,0.7068,-0.3224,-0.0000,0.2225,-0.0576,0.1385,0.0000,5,0.6214,-0.1170,0
50.398,0.7068,-0.3224,-0.0000,0.2225,-0.0576,0.1385,0.0000,5,0.6214,-0.1170,0
50.418,0.7068,-0.3224,-0.0000,0.2225,-0.0576,0.1385,0.0000,5,0.6214,-0.1170,0
50.440,0.7068,-0.3224,-0.0000,0.2225,-0.0576,0.1385,0.0000,5,0.6214,-0.1170,0
50.458,0.7064,-0.3214,-0.0000,0.2214,-0.0576,0.1385,0.0000,5,0.6214,-0.1170,0
50.478,0.7060,-0.3204,-0.0000,0.2203,-0.0576,0.1385,0.0000,5,0.6214,-0.1170,0
50.498,0.7056,-0.3193,-0.0000,0.2192,-0.0576,0.1385,0.0000,5,0.6214,-0.1170,0
50.518,0.7051,-0.3183,-0.0000,0.2181,-0.0576,0.1385,0.0000,5,0.6214,-0.1170,0
50.538,0.7051,-0.3183,-0.0000,0.2181,-0.0576,0.1385,0.0000,5,0.6214,-0.1170,0
50.558,0.7051,-0.3183,-0.0000,0.2181,-0.0576,0.1385,0.0000,5,0.6214,-0.1170,0
50.578,0.7051,-0.3183,-0.0000,0.2181,-0.0576,0.1385,0.0000,5,0.6214,-0.1170,0
50.599,0.7051,-0.3183,-0.0000,0.2181,-0.0576,0.1385,0.0000,5,0.6214,-0.1170,0
50.620,0.7047,-0.3173,-0.0000,0.2170,-0.0576,0.1385,0.0000,5,0.6214,-0.1170,0
50.638,0.7047,-0.3173,-0.0000,0.2170,-0.0576,0.1385,0.0000,5,0.6214,-0.1170,0
50.658,0.7047,-0.3173,-0.0000,0.2170,-0.0576,0.1385,0.0000,5,0.6214,-0.1170,0
50.679,0.7047,-0.3173,-0.0000,0.2170,-0.0576,0.1385,0.0000,5,0.6214,-0.1170,0
50.698,0.7047,-0.3173,-0.0000,0.2170,-0.0576,0.1385,0.0000,5,0.6214,-0.1170,0
50.718,0.7047,-0.3173,-0.0000,0.2170,-0.0576,0.1385,0.0000,5,0.6214,-0.1170,0
50.738,0.7047,-0.3173,-0.0000,0.2170,-0.0576,0.1385,0.0000,5,0.6214,-0.1170,0
50.760,0.7047,-0.3173,-0.0000,0.2170,-0.0576,0.1385,0.0000,5,0.6214,-0.1170,0
50.778,0.7043,-0.3163,-0.0000,0.2159,-0.0576,0.1385,0.0000,5,0.6214,-0.1170,0
50.798,0.7034,-0.3142,-0.0000,0.2136,-0.0576,0.1385,0.0000,5,0.6214,-0.1170,0
50.818,0.7030,-0.3132,-0.0000,0.2125,-0.0576,0.1385,0.0000,5,0.6214,-0.1170,0
50.838,0.7017,-0.3101,-0.0000,0.2092,-0.0576,0.1385,0.0000,5,0.6214,-0.1170,0
50.858,0.7017,-0.3101,-0.0000,0.2092,-0.0576,0.1385,0.0000,5,0.6214,-0.1170,0
50.879,0.7017,-0.3101,-0.0000,0.2092,-0.0576,0.1385,0.0000,5,0.6214,-0.1170,0
50.898,0.7005,-0.3071,-0.0000,0.2059,-0.0576,0.1385,0.0000,5,0.6214,-0.1170,0
50.919,0.7005,-0.3071,-0.0000,0.2059,-0.0576,0.1385,0.0000,5,0.6214,-0.1170,0
50.938,0.7005,-0.3071,-0.0000,0.2059,-0.0576,0.1385,0.0000,5,0.6214,-0.1170,0
50.958,0.7000,-0.3061,-0.0000,0.2048,-0.0576,0.1385,0.0000,5,0.6214,-0.1170,0
50.978,0.7000,-0.3061,-0.0000,0.2048,-0.0576,0.1385,0.0000,5,0.6214,-0.1170,0
50.998,0.7000,-0.3061,-0.0000,0.2048,-0.0576,0.1385,0.0000,5,0.6214,-0.1170,0
51.018,0.7000,-0.3061,-0.0000,0.2048,-0.0576,0.1385,0.0000,5,0.6214,-0.1170,0
51.038,0.7000,-0.3061,-0.0000,0.2048,-0.0576,0.1385,0.0000,5,0.6214,-0.1170,0
51.058,0.7000,-0.3061,-0.0000,0.2048,-0.0576,0.1385,0.0000,5,0.6214,-0.1170,0
51.079,0.7000,-0.3061,-0.0000,0.2048,-0.0576,0.1385,0.0000,5,0.6214,-0.1170,0
51.098,0.7000,-0.3061,-0.0000,0.2048,-0.0576,0.1385,0.0000,5,0.6214,-0.1170,0
51.118,0.6996,-0.3050,-0.0000,0.2037,-0.0576,0.1385,0.0000,5,0.6214,-0.1170,0
51.138,0.6992,-0.3040,-0.0000,0.2026,-0.0576,0.1385,0.0000,5,0.6214,-0.1170,0
51.158,0.6983,-0.3020,-0.0000,0.2003,-0.0576,0.1385,0.0000,5,0.6214,-0.1170,0
51.179,0.6975,-0.2999,-0.0000,0.1981,-0.0576,0.1385,0.0000,5,0.6214,-0.1170,0
51.198,0.6971,-0.2989,-0.0000,0.1970,-0.0576,0.1385,0.0000,5,0.6214,-0.1170,0
51.219,0.6971,-0.2989,-0.0000,0.1970,-0.0576,0.1385,0.0000,5,0.6214,-0.1170,0
51.238,0.6966,-0.2979,-0.0000,0.1959,-0.0576,0.1385,0.0000,5,0.6214,-0.1170,0
51.259,0.6962,-0.2968,-0.0000,0.1948,-0.0576,0.1385,0.0000,5,0.6214,-0.1170,0
51.278,0.6962,-0.2968,-0.0000,0.1948,-0.0576,0.1385,0.0000,5,0.6214,-0.1170,0
51.298,0.6962,-0.2968,-0.0000,0.1948,-0.0576,0.1385,0.0000,5,0.6214,-0.1170,0
51.319,0.6958,-0.2958,-0.0000,0.1937,-0.0576,0.1385,0.0000,5,0.6214,-0.1170,0
51.338,0.6958,-0.2958,-0.0000,0.1937,-0.0576,0.1385,0.0000,5,0.6214,-0.1170,0
51.358,0.6958,-0.2958,-0.0000,0.1937,-0.0576,0.1385,0.0000,5,0.6214,-0.1170,0
51.378,0.6958,-0.2958,-0.0000,0.1937,-0.0576,0.1385,0.0000,5,0.6214,-0.1170,0
51.398,0.6958,-0.2958,-0.0000,0.1937,-0.0576,0.1385,0.0000,5,0.6214,-0.1170,0
51.418,0.6958,-0.2958,-0.0000,0.1937,-0.0576,0.1385,0.0000,5,0.6214,-0.1170,0
51.438,0.6958,-0.2958,-0.0000,0.1937,-0.0576,0.1385,0.0000,5,0.6214,-0.1170,0
51.458,0.6958,-0.2958,-0.0000,0.1937,-0.0576,0.1385,0.0000,5,0.6214,-0.1170,0
51.478,0.6954,-0.2948,-0.0000,0.1926,-0.0576,0.1385,0.0000,5,0.6214,-0.1170,0
51.499,0.6949,-0.2938,-0.0000,0.1915,-0.0576,0.1385,0.0000,5,0.6214,-0.1170,0
51.518,0.6941,-0.2917,-0.0000,0.1893,-0.0576,0.1385,0.0000,5,0.6214,-0.1170,0
51.539,0.6937,-0.2907,-0.0000,0.1882,-0.0576,0.1385,0.0000,5,0.6214,-0.1170,0
51.558,0.6937,-0.2907,-0.0000,0.1882,-0.0576,0.1385,0.0000,5,0.6214,-0.1170,0
51.579,0.6937,-0.2907,-0.0000,0.1882,-0.0576,0.1385,0.0000,5,0.6214,-0.1170,0
51.598,0.6924,-0.2876,-0.0000,0.1848,-0.0576,0.1385,0.0000,5,0.6214,-0.1170,0
51.618,0.6924,-0.2876,-0.0000,0.1848,-0.0576,0.1385,0.0000,5,0.6214,-0.1170,0
51.638,0.6924,-0.2876,-0.0000,0.1848,-0.0576,0.1385,0.0000,5,0.6214,-0.1170,0
51.659,0.6924,-0.2876,-0.0000,0.1848,-0.0576,0.1385,0.0000,5,0.6214,-0.1170,0
51.680,0.6920,-0.2866,-0.0000,0.1837,-0.0576,0.1385,0.0000,5,0.6214,-0.1170,0
51.698,0.6920,-0.2866,-0.0000,0.1837,-0.0576,0.1385,0.0000,5,0.6214,-0.1170,0
51.718,0.6920,-0.2866,-0.0000,0.1837,-0.0576,0.1385,0.0000,5,0.6214,-0.1170,0
51.739,0.6920,-0.2866,-0.0000,0.1837,-0.0576,0.1385,0.0000,5,0.6214,-0.1170,0
51.758,0.6920,-0.2866,-0.0000,0.1837,-0.0576,0.1385,0.0000,5,0.6214,-0.1170,0
51.778,0.6920,-0.2866,-0.0000,0.1837,-0.0576,0.1385,0.0000,5,0.6214,-0.1170,0
51.798,0.6920,-0.2866,-0.0000,0.1837,-0.0576,0.1385,0.0000,5,0.6214,-0.1170,0
51.819,0.6920,-0.2866,-0.0000,0.1837,-0.0576,0.1385,0.0000,5,0.6214,-0.1170,0
51.838,0.6915,-0.2856,-0.0000,0.1826,-0.0576,0.1385,0.0000,5,0.6214,-0.1170,0
51.858,0.6907,-0.2836,-0.0000,0.1804,-0.0576,0.1385,0.0000,5,0.6214,-0.1170,0
51.878,0.6902,-0.2825,-0.0000,0.1793,-0.0576,0.1385,0.0000,5,0.6214,-0.1170,0
51.899,0.6894,-0.2805,-0.0000,0.1771,-0.0576,0.1385,0.0000,5,0.6214,-0.1170,0
51.918,0.6885,-0.2784,-0.0000,0.1749,-0.0576,0.1385,0.0000,5,0.6214,-0.1170,0
51.938,0.6881,-0.2774,-0.0000,0.1738,-0.0576,0.1385,0.0000,5,0.6214,-0.1170,0
51.959,0.6881,-0.2774,-0.0000,0.1738,-0.0576,0.1385,0.0000,5,0.6214,-0.1170,0
51.978,0.6881,-0.2774,-0.0000,0.1738,-0.0576,0.1385,0.0000,5,0.6214,-0.1170,0
51.999,0.6881,-0.2774,-0.0000,0.1738,-0.0576,0.1385,0.0000,5,0.6214,-0.1170,0
52.019,0.6877,-0.2764,-0.0000,0.1727,-0.0576,0.1385,0.0000,5,0.6214,-0.1170,0
52.039,0.6877,-0.2764,-0.0000,0.1727,-0.0576,0.1385,0.0000,5,0.6214,-0.1170,0
52.058,0.6877,-0.2764,-0.0000,0.1727,-0.0576,0.1385,0.0000,5,0.6214,-0.1170,0
52.078,0.6877,-0.2764,-0.0000,0.1727,-0.0576,0.1385,0.0000,5,0.6214,-0.1170,0
52.098,0.6877,-0.2764,-0.0000,0.1727,-0.0576,0.1385,0.0000,5,0.6214,-0.1170,0
52.118,0.6877,-0.2764,-0.0000,0.1727,-0.0576,0.1385,0.0000,5,0.6214,-0.1170,0
52.139,0.6877,-0.2764,-0.0000,0.1727,-0.0576,0.1385,0.0000,5,0.6214,-0.1170,0
52.158,0.6877,-0.2764,-0.0000,0.1727,-0.0576,0.1385,0.0000,5,0.6214,-0.1170,0
52.179,0.6877,-0.2764,-0.0000,0.1727,-0.0576,0.1385,0.0000,5,0.6214,-0.1170,0
52.199,0.6877,-0.2764,-0.0000,0.1727,-0.0576,0.1385,0.0000,5,0.6214,-0.1170,0
52.218,0.6873,-0.2754,-0.0000,0.1715,-0.0576,0.1385,0.0000,5,0.6214,-0.1170,0
52.238,0.6864,-0.2733,-0.0000,0.1693,-0.0576,0.1385,0.0000,5,0.6214,-0.1170,0
52.258,0.6860,-0.2723,-0.0000,0.1682,-0.0576,0.1385,0.0000,5,0.6214,-0.1170,0
52.279,0.6851,-0.2703,-0.0000,0.1660,-0.0576,0.1385,0.0000,5,0.6214,-0.1170,0
52.298,0.6847,-0.2692,-0.0000,0.1649,-0.0576,0.1385,0.0000,5,0.6214,-0.1170,0
52.318,0.6843,-0.2682,-0.0000,0.1638,-0.0576,0.1385,0.0000,5,0.6214,-0.1170,0
52.339,0.6843,-0.2682,-0.0000,0.1638,-0.0576,0.1385,0.0000,5,0.6214,-0.1170,0
52.358,0.6843,-0.2682,-0.0000,0.1638,-0.0576,0.1385,0.0000,5,0.6214,-0.1170,0
52.378,0.6843,-0.2682,-0.0000,0.1638,-0.0576,0.1385,0.0000,5,0.6214,-0.1170,0
52.398,0.6839,-0.2672,-0.0000,0.1627,-0.0576,0.1385,0.0000,5,0.6214,-0.1170,0
52.418,0.6839,-0.2672,-0.0000,0.1627,-0.0576,0.1385,0.0000,5,0.6214,-0.1170,0
52.438,0.6839,-0.2672,-0.0000,0.1627,-0.0576,0.1385,0.0000,5,0.6214,-0.1170,0
52.458,0.6839,-0.2672,-0.0000,0.1627,-0.0576,0.1385,0.0000,5,0.6214,-0.1170,0
52.479,0.6834,-0.2662,-0.0000,0.1616,-0.0576,0.1385,0.0000,5,0.6214,-0.1170,0
52.499,0.6830,-0.2651,-0.0000,0.1605,-0.0576,0.1385,0.0000,5,0.6214,-0.1170,0
52.518,0.6830,-0.2651,-0.0000,0.1605,-0.0576,0.1385,0.0000,5,0.6214,-0.1170,0
52.538,0.6826,-0.2641,-0.0000,0.1594,-0.0576,0.1385,0.0000,5,0.6214,-0.1170,0
52.558,0.6822,-0.2631,-0.0000,0.1583,-0.0576,0.1385,0.0000,5,0.6214,-0.1170,0
52.578,0.6822,-0.2631,-0.0000,0.1583,-0.0576,0.1385,0.0000,5,0.6214,-0.1170,0
52.598,0.6822,-0.2631,-0.0000,0.1583,-0.0576,0.1385,0.0000,5,0.6214,-0.1170,0
52.618,0.6813,-0.2611,-0.0000,0.1560,-0.0576,0.1385,0.0000,5,0.6214,-0.1170,0
52.639,0.6813,-0.2611,-0.0000,0.1560,-0.0576,0.1385,0.0000,5,0.6214,-0.1170,0
52.658,0.6809,-0.2600,-0.0000,0.1549,-0.0576,0.1385,0.0000,5,0.6214,-0.1170,0
52.678,0.6805,-0.2590,-0.0000,0.1538,-0.0576,0.1385,0.0000,5,0.6214,-0.1170,0
52.698,0.6805,-0.2590,-0.0000,0.1538,-0.0576,0.1385,0.0000,5,0.6214,-0.1170,0
52.718,0.6805,-0.2590,-0.0000,0.1538,-0.0576,0.1385,0.0000,5,0.6214,-0.1170,0
52.738,0.6805,-0.2590,-0.0000,0.1538,-0.0576,0.1385,0.0000,5,0.6214,-0.1170,0
52.758,0.6800,-0.2580,-0.0000,0.1527,-0.0576,0.1385,0.0000,5,0.6214,-0.1170,0
52.778,0.6800,-0.2580,-0.0000,0.1527,-0.0576,0.1385,0.0000,5,0.6214,-0.1170,0
52.798,0.6800,-0.2580,-0.0000,0.1527,-0.0576,0.1385,0.0000,5,0.6214,-0.1170,0
52.818,0.6800,-0.2580,-0.0000,0.1527,-0.0576,0.1385,0.0000,5,0.6214,-0.1170,0
52.838,0.6800,-0.2580,-0.0000,0.1527,-0.0576,0.1385,0.0000,5,0.6214,-0.1170,0
52.859,0.6800,-0.2580,-0.0000,0.1527,-0.0576,0.1385,0.0000,5,0.6214,-0.1170,0
52.878,0.6800,-0.2580,-0.0000,0.1527,-0.0576,0.1385,0.0000,5,0.6214,-0.1170,0
52.898,0.6800,-0.2580,-0.0000,0.1527,-0.0576,0.1385,0.0000,5,0.6214,-0.1170,0
52.920,0.6800,-0.2580,-0.0000,0.1527,-0.0576,0.1385,0.0000,5,0.6214,-0.1170,0
52.939,0.6800,-0.2580,-0.0000,0.1527,-0.0576,0.1385,0.0000,5,0.6214,-0.1170,0
52.958,0.6796,-0.2570,-0.0000,0.1516,-0.0576,0.1385,0.0000,5,0.6214,-0.1170,0
52.979,0.6788,-0.2549,-0.0000,0.2278,-0.0848,0.1237,0.0000,6,0.5500,-0.0670,0
52.998,0.6777,-0.2530,-0.0000,0.2256,-0.0849,0.1237,0.0000,6,0.5500,-0.0670,0
53.018,0.6765,-0.2512,-0.0000,0.2234,-0.0849,0.1237,0.0000,6,0.5500,-0.0670,0
53.039,0.6765,-0.2512,-0.0000,0.2234,-0.0849,0.1237,0.0000,6,0.5500,-0.0670,0
53.058,0.6758,-0.2502,-0.0000,0.2223,-0.0849,0.1237,0.0000,6,0.5500,-0.0670,0
53.080,0.6758,-0.2502,-0.0000,0.2223,-0.0849,0.1237,0.0000,6,0.5500,-0.0670,0
53.098,0.6758,-0.2502,-0.0000,0.2223,-0.0849,0.1237,0.0000,6,0.5500,-0.0670,0
53.120,0.6758,-0.2502,-0.0000,0.2223,-0.0849,0.1237,0.0000,6,0.5500,-0.0670,0
53.138,0.6752,-0.2493,-0.0000,0.2212,-0.0849,0.1237,0.0000,6,0.5500,-0.0670,0
53.159,0.6740,-0.2475,-0.0000,0.2190,-0.0849,0.1237,0.0000,6,0.5500,-0.0670,0
53.178,0.6740,-0.2475,-0.0000,0.2190,-0.0849,0.1237,0.0000,6,0.5500,-0.0670,0
53.198,0.6727,-0.2457,-0.0000,0.2168,-0.0849,0.1237,0.0000,6,0.5500,-0.0670,0
53.219,0.6721,-0.2448,-0.0000,0.2156,-0.0849,0.1237,0.0000,6,0.5500,-0.0670,0
53.238,0.6721,-0.2448,-0.0000,0.2156,-0.0849,0.1237,0.0000,6,0.5500,-0.0670,0
53.258,0.6721,-0.2448,-0.0000,0.2156,-0.0849,0.1237,0.0000,6,0.5500,-0.0670,0
53.278,0.6708,-0.2429,-0.0000,0.2134,-0.0849,0.1237,0.0000,6,0.5500,-0.0670,0
53.298,0.6702,-0.2420,-0.0000,0.2123,-0.0849,0.1237,0.0000,6,0.5500,-0.0670,0
53.318,0.6696,-0.2411,-0.0000,0.2112,-0.0849,0.1237,0.0000,6,0.5500,-0.0670,0
53.338,0.6696,-0.2411,-0.0000,0.2112,-0.0849,0.1237,0.0000,6,0.5500,-0.0670,0
53.360,0.6696,-0.2411,-0.0000,0.2112,-0.0849,0.1237,0.0000,6,0.5500,-0.0670,0
53.378,0.6689,-0.2402,-0.0000,0.2101,-0.0849,0.1237,0.0000,6,0.5500,-0.0670,0
53.398,0.6689,-0.2402,-0.0000,0.2101,-0.0849,0.1237,0.0000,6,0.5500,-0.0670,0
53.420,0.6689,-0.2402,-0.0000,0.2101,-0.0849,0.1237,0.0000,6,0.5500,-0.0670,0
53.438,0.6689,-0.2402,-0.0000,0.2101,-0.0849,0.1237,0.0000,6,0.5500,-0.0670,0
53.458,0.6689,-0.2402,-0.0000,0.2101,-0.0849,0.1237,0.0000,6,0.5500,-0.0670,0
53.478,0.6689,-0.2402,-0.0000,0.2101,-0.0849,0.1237,0.0000,6,0.5500,-0.0670,0
53.498,0.6689,-0.2402,-0.0000,0.2101,-0.0849,0.1237,0.0000,6,0.5500,-0.0670,0
53.519,0.6689,-0.2402,-0.0000,0.2101,-0.0849,0.1237,0.0000,6,0.5500,-0.0670,0
53.538,0.6683,-0.2393,-0.0000,0.2090,-0.0849,0.1237,0.0000,6,0.5500,-0.0670,0
53.559,0.6677,-0.2384,-0.0000,0.2079,-0.0849,0.1237,0.0000,6,0.5500,-0.0670,0
53.578,0.6664,-0.2365,-0.0000,0.2057,-0.0849,0.1237,0.0000,6,0.5500,-0.0670,0
53.598,0.6658,-0.2356,-0.0000,0.2046,-0.0849,0.1237,0.0000,6,0.5500,-0.0670,0
53.619,0.6658,-0.2356,-0.0000,0.2046,-0.0849,0.1237,0.0000,6,0.5500,-0.0670,0
53.638,0.6645,-0.2338,-0.0000,0.2024,-0.0849,0.1237,0.0000,6,0.5500,-0.0670,0
53.658,0.6639,-0.2329,-0.0000,0.2012,-0.0849,0.1237,0.0000,6,0.5500,-0.0670,0
53.678,0.6639,-0.2329,-0.0000,0.2012,-0.0849,0.1237,0.0000,6,0.5500,-0.0670,0
53.698,0.6639,-0.2329,-0.0000,0.2012,-0.0849,0.1237,0.0000,6,0.5500,-0.0670,0
53.718,0.6639,-0.2329,-0.0000,0.2012,-0.0849,0.1237,0.0000,6,0.5500,-0.0670,0
53.739,0.6639,-0.2329,-0.0000,0.2012,-0.0849,0.1237,0.0000,6,0.5500,-0.0670,0
53.759,0.6633,-0.2320,-0.0000,0.2001,-0.0849,0.1237,0.0000,6,0.5500,-0.0670,0
53.778,0.6633,-0.2320,-0.0000,0.2001,-0.0849,0.1237,0.0000,6,0.5500,-0.0670,0
53.799,0.6633,-0.2320,-0.0000,0.2001,-0.0849,0.1237,0.0000,6,0.5500,-0.0670,0
53.818,0.6633,-0.2320,-0.0000,0.2001,-0.0849,0.1237,0.0000,6,0.5500,-0.0670,0
53.838,0.6633,-0.2320,-0.0000,0.2001,-0.0849,0.1237,0.0000,6,0.5500,-0.0670,0
53.859,0.6633,-0.2320,-0.0000,0.2001,-0.0849,0.1237,0.0000,6,0.5500,-0.0670,0
53.878,0.6633,-0.2320,-0.0000,0.2001,-0.0849,0.1237,0.0000,6,0.5500,-0.0670,0
53.899,0.6633,-0.2320,-0.0000,0.2001,-0.0849,0.1237,0.0000,6,0.5500,-0.0670,0
53.920,0.6633,-0.2320,-0.0000,0.2001,-0.0849,0.1237,0.0000,6,0.5500,-0.0670,0
53.939,0.6620,-0.2302,-0.0000,0.1979,-0.0849,0.1237,0.0000,6,0.5500,-0.0670,0
53.958,0.6614,-0.2292,-0.0000,0.1968,-0.0849,0.1237,0.0000,6,0.5500,-0.0670,0
53.978,0.6608,-0.2283,-0.0000,0.1957,-0.0849,0.1237,0.0000,6,0.5500,-0.0670,0
53.998,0.6595,-0.2265,-0.0000,0.1935,-0.0849,0.1237,0.0000,6,0.5500,-0.0670,0
54.018,0.6595,-0.2265,-0.0000,0.1935,-0.0849,0.1237,0.0000,6,0.5500,-0.0670,0
54.038,0.6589,-0.2256,-0.0000,0.1924,-0.0849,0.1237,0.0000,6,0.5500,-0.0670,0
54.058,0.6583,-0.2247,-0.0000,0.1913,-0.0849,0.1237,0.0000,6,0.5500,-0.0670,0
54.078,0.6583,-0.2247,-0.0000,0.1913,-0.0849,0.1237,0.0000,6,0.5500,-0.0670,0
54.100,0.6583,-0.2247,-0.0000,0.1913,-0.0849,0.1237,0.0000,6,0.5500,-0.0670,0
54.119,0.6576,-0.2238,-0.0000,0.1902,-0.0849,0.1237,0.0000,6,0.5500,-0.0670,0
54.138,0.6570,-0.2228,-0.0000,0.1891,-0.0849,0.1237,0.0000,6,0.5500,-0.0670,0
54.158,0.6570,-0.2228,-0.0000,0.1891,-0.0849,0.1237,0.0000,6,0.5500,-0.0670,0
54.178,0.6570,-0.2228,-0.0000,0.1891,-0.0849,0.1237,0.0000,6,0.5500,-0.0670,0
54.199,0.6564,-0.2219,-0.0000,0.1880,-0.0849,0.1237,0.0000,6,0.5500,-0.0670,0
54.218,0.6558,-0.2210,-0.0000,0.1868,-0.0849,0.1237,0.0000,6,0.5500,-0.0670,0
54.238,0.6551,-0.2201,-0.0000,0.1857,-0.0849,0.1237,0.0000,6,0.5500,-0.0670,0
54.258,0.6545,-0.2192,-0.0000,0.1846,-0.0849,0.1237,0.0000,6,0.5500,-0.0670,0
54.278,0.6545,-0.2192,-0.0000,0.1846,-0.0849,0.1237,0.0000,6,0.5500,-0.0670,0
54.299,0.6545,-0.2192,-0.0000,0.1846,-0.0849,0.1237,0.0000,6,0.5500,-0.0670,0
54.318,0.6539,-0.2183,-0.0000,0.1835,-0.0849,0.1237,0.0000,6,0.5500,-0.0670,0
54.338,0.6533,-0.2174,-0.0000,0.1824,-0.0849,0.1237,0.0000,6,0.5500,-0.0670,0
54.358,0.6526,-0.2165,-0.0000,0.1813,-0.0849,0.1237,0.0000,6,0.5500,-0.0670,0
54.378,0.6526,-0.2165,-0.0000,0.1813,-0.0849,0.1237,0.0000,6,0.5500,-0.0670,0
54.399,0.6526,-0.2165,-0.0000,0.1813,-0.0849,0.1237,0.0000,6,0.5500,-0.0670,0
54.418,0.6526,-0.2165,-0.0000,0.1813,-0.0849,0.1237,0.0000,6,0.5500,-0.0670,0
54.438,0.6526,-0.2165,-0.0000,0.1813,-0.0849,0.1237,0.0000,6,0.5500,-0.0670,0
54.459,0.6526,-0.2165,-0.0000,0.1813,-0.0849,0.1237,0.0000,6,0.5500,-0.0670,0
54.480,0.6526,-0.2165,-0.0000,0.1813,-0.0849,0.1237,0.0000,6,0.5500,-0.0670,0
54.498,0.6526,-0.2165,-0.0000,0.1813,-0.0849,0.1237,0.0000,6,0.5500,-0.0670,0
54.518,0.6526,-0.2165,-0.0000,0.1813,-0.0849,0.1237,0.0000,6,0.5500,-0.0670,0
54.539,0.6526,-0.2165,-0.0000,0.1813,-0.0849,0.1237,0.0000,6,0.5500,-0.0670,0
54.558,0.6514,-0.2146,-0.0000,0.1791,-0.0849,0.1237,0.0000,6,0.5500,-0.0670,0
54.578,0.6508,-0.2137,-0.0000,0.1780,-0.0849,0.1237,0.0000,6,0.5500,-0.0670,0
54.599,0.6501,-0.2128,-0.0000,0.1769,-0.0849,0.1237,0.0000,6,0.5500,-0.0670,0
54.619,0.6501,-0.2128,-0.0000,0.1769,-0.0849,0.1237,0.0000,6,0.5500,-0.0670,0
54.638,0.6482,-0.2101,-0.0000,0.1736,-0.0849,0.1237,0.0000,6,0.5500,-0.0670,0
54.658,0.6482,-0.2101,-0.0000,0.1736,-0.0849,0.1237,0.0000,6,0.5500,-0.0670,0
54.680,0.6482,-0.2101,-0.0000,0.1736,-0.0849,0.1237,0.0000,6,0.5500,-0.0670,0
54.698,0.6476,-0.2091,-0.0000,0.1724,-0.0849,0.1237,0.0000,6,0.5500,-0.0670,0
54.718,0.6476,-0.2091,-0.0000,0.1724,-0.0849,0.1237,0.0000,6,0.5500,-0.0670,0
54.738,0.6476,-0.2091,-0.0000,0.1724,-0.0849,0.1237,0.0000,6,0.5500,-0.0670,0
54.758,0.6476,-0.2091,-0.0000,0.1724,-0.0849,0.1237,0.0000,6,0.5500,-0.0670,0
54.778,0.6476,-0.2091,-0.0000,0.1724,-0.0849,0.1237,0.0000,6,0.5500,-0.0670,0
54.798,0.6476,-0.2091,-0.0000,0.1724,-0.0849,0.1237,0.0000,6,0.5500,-0.0670,0
54.818,0.6476,-0.2091,-0.0000,0.1724,-0.0849,0.1237,0.0000,6,0.5500,-0.0670,0
54.838,0.6476,-0.2091,-0.0000,0.1724,-0.0849,0.1237,0.0000,6,0.5500,-0.0670,0
54.858,0.6476,-0.2091,-0.0000,0.1724,-0.0849,0.1237,0.0000,6,0.5500,-0.0670,0
54.878,0.6476,-0.2091,-0.0000,0.1724,-0.0849,0.1237,0.0000,6,0.5500,-0.0670,0
54.899,0.6476,-0.2091,-0.0000,0.1724,-0.0849,0.1237,0.0000,6,0.5500,-0.0670,0
54.918,0.6464,-0.2073,-0.0000,0.1702,-0.0849,0.1237,0.0000,6,0.5500,-0.0670,0
54.938,0.6457,-0.2064,-0.0000,0.1691,-0.0849,0.1237,0.0000,6,0.5500,-0.0670,0
54.958,0.6451,-0.2055,-0.0000,0.1680,-0.0849,0.1237,0.0000,6,0.5500,-0.0670,0
54.978,0.6439,-0.2037,-0.0000,0.1658,-0.0849,0.1237,0.0000,6,0.5500,-0.0670,0
54.999,0.6432,-0.2028,-0.0000,0.1647,-0.0849,0.1237,0.0000,6,0.5500,-0.0670,0
55.018,0.6432,-0.2028,-0.0000,0.1647,-0.0849,0.1237,0.0000,6,0.5500,-0.0670,0
55.039,0.6432,-0.2028,-0.0000,0.1647,-0.0849,0.1237,0.0000,6,0.5500,-0.0670,0
55.058,0.6432,-0.2028,-0.0000,0.1647,-0.0849,0.1237,0.0000,6,0.5500,-0.0670,0
55.078,0.6432,-0.2028,-0.0000,0.1647,-0.0849,0.1237,0.0000,6,0.5500,-0.0670,0
55.098,0.6432,-0.2028,-0.0000,0.1647,-0.0849,0.1237,0.0000,6,0.5500,-0.0670,0
55.118,0.6432,-0.2028,-0.0000,0.1647,-0.0849,0.1237,0.0000,6,0.5500,-0.0670,0
55.138,0.6426,-0.2018,-0.0000,0.1636,-0.0849,0.1237,0.0000,6,0.5500,-0.0670,0
55.158,0.6420,-0.2009,-0.0000,0.1625,-0.0849,0.1237,0.0000,6,0.5500,-0.0670,0
55.178,0.6407,-0.1991,-0.0000,0.1603,-0.0849,0.1237,0.0000,6,0.5500,-0.0670,0
55.200,0.6407,-0.1991,-0.0000,0.1603,-0.0849,0.1237,0.0000,6,0.5500,-0.0670,0
55.218,0.6395,-0.1973,-0.0000,0.1580,-0.0849,0.1237,0.0000,6,0.5500,-0.0670,0
55.239,0.6395,-0.1973,-0.0000,0.1580,-0.0849,0.1237,0.0000,6,0.5500,-0.0670,0
55.258,0.6388,-0.1964,-0.0000,0.1569,-0.0849,0.1237,0.0000,6,0.5500,-0.0670,0
55.278,0.6382,-0.1955,-0.0000,0.1558,-0.0849,0.1237,0.0000,6,0.5500,-0.0670,0
55.298,0.6382,-0.1955,-0.0000,0.1558,-0.0849,0.1237,0.0000,6,0.5500,-0.0670,0
55.318,0.6382,-0.1955,-0.0000,0.1558,-0.0849,0.1237,0.0000,6,0.5500,-0.0670,0
55.338,0.6382,-0.1955,-0.0000,0.1558,-0.0849,0.1237,0.0000,6,0.5500,-0.0670,0
55.358,0.6376,-0.1945,-0.0000,0.1547,-0.0849,0.1237,0.0000,6,0.5500,-0.0670,0
55.379,0.6376,-0.1945,-0.0000,0.1547,-0.0849,0.1237,0.0000,6,0.5500,-0.0670,0
55.398,0.6376,-0.1945,-0.0000,0.1547,-0.0849,0.1237,0.0000,6,0.5500,-0.0670,0
55.418,0.6376,-0.1945,-0.0000,0.1547,-0.0849,0.1237,0.0000,6,0.5500,-0.0670,0
55.439,0.6376,-0.1945,-0.0000,0.1547,-0.0849,0.1237,0.0000,6,0.5500,-0.0670,0
55.458,0.6370,-0.1936,-0.0000,0.1536,-0.0849,0.1237,0.0000,6,0.5500,-0.0670,0
55.478,0.6363,-0.1927,-0.0000,0.1525,-0.0849,0.1237,0.0000,6,0.5500,-0.0670,0
55.499,0.6357,-0.1918,-0.0000,0.1514,-0.0849,0.1237,0.0000,6,0.5500,-0.0670,0
55.518,0.6351,-0.1909,-0.0000,0.1503,-0.0849,0.1237,0.0000,6,0.5500,-0.0670,0
55.539,0.6338,-0.1891,-0.0000,0.2275,-0.1073,0.1048,0.0000,7,0.4710,-0.0302,0
55.558,0.6338,-0.1891,-0.0000,0.2275,-0.1073,0.1048,0.0000,7,0.4710,-0.0302,0
55.578,0.6338,-0.1891,-0.0000,0.2275,-0.1073,0.1048,0.0000,7,0.4710,-0.0302,0
55.598,0.6330,-0.1883,-0.0000,0.2264,-0.1073,0.1048,0.0000,7,0.4710,-0.0302,0
55.618,0.6322,-0.1875,-0.0000,0.2253,-0.1073,0.1048,0.0000,7,0.4710,-0.0302,0
55.639,0.6322,-0.1875,-0.0000,0.2253,-0.1073,0.1048,0.0000,7,0.4710,-0.0302,0
55.658,0.6314,-0.1867,-0.0000,0.2242,-0.1073,0.1048,0.0000,7,0.4710,-0.0302,0
55.678,0.6307,-0.1860,-0.0000,0.2231,-0.1073,0.1048,0.0000,7,0.4710,-0.0302,0
55.699,0.6307,-0.1860,-0.0000,0.2231,-0.1073,0.1048,0.0000,7,0.4710,-0.0302,0
55.718,0.6307,-0.1860,-0.0000,0.2231,-0.1073,0.1048,0.0000,7,0.4710,-0.0302,0
55.738,0.6307,-0.1860,-0.0000,0.2231,-0.1073,0.1048,0.0000,7,0.4710,-0.0302,0
55.758,0.6307,-0.1860,-0.0000,0.2231,-0.1073,0.1048,0.0000,7,0.4710,-0.0302,0
55.778,0.6307,-0.1860,-0.0000,0.2231,-0.1073,0.1048,0.0000,7,0.4710,-0.0302,0
55.798,0.6307,-0.1860,-0.0000,0.2231,-0.1073,0.1048,0.0000,7,0.4710,-0.0302,0
55.818,0.6307,-0.1860,-0.0000,0.2231,-0.1073,0.1048,0.0000,7,0.4710,-0.0302,0
55.840,0.6307,-0.1860,-0.0000,0.2231,-0.1073,0.1048,0.0000,7,0.4710,-0.0302,0
55.858,0.6299,-0.1852,-0.0000,0.2220,-0.1073,0.1048,0.0000,7,0.4710,-0.0302,0
55.878,0.6291,-0.1844,-0.0000,0.2209,-0.1073,0.1048,0.0000,7,0.4710,-0.0302,0
55.899,0.6267,-0.1821,-0.0000,0.2175,-0.1073,0.1048,0.0000,7,0.4710,-0.0302,0
55.919,0.6259,-0.1813,-0.0000,0.2164,-0.1073,0.1048,0.0000,7,0.4710,-0.0302,0
55.938,0.6259,-0.1813,-0.0000,0.2164,-0.1073,0.1048,0.0000,7,0.4710,-0.0302,0
55.958,0.6259,-0.1813,-0.0000,0.2164,-0.1073,0.1048,0.0000,7,0.4710,-0.0302,0
55.978,0.6243,-0.1798,-0.0000,0.2142,-0.1073,0.1048,0.0000,7,0.4710,-0.0302,0
55.998,0.6243,-0.1798,-0.0000,0.2142,-0.1073,0.1048,0.0000,7,0.4710,-0.0302,0
56.018,0.6243,-0.1798,-0.0000,0.2142,-0.1073,0.1048,0.0000,7,0.4710,-0.0302,0
56.040,0.6243,-0.1798,-0.0000,0.2142,-0.1073,0.1048,0.0000,7,0.4710,-0.0302,0
56.059,0.6235,-0.1790,-0.0000,0.2131,-0.1073,0.1048,0.0000,7,0.4710,-0.0302,0
56.078,0.6227,-0.1782,-0.0000,0.2120,-0.1073,0.1048,0.0000,7,0.4710,-0.0302,0
56.098,0.6219,-0.1775,-0.0000,0.2109,-0.1073,0.1048,0.0000,7,0.4710,-0.0302,0
56.118,0.6203,-0.1759,-0.0000,0.2087,-0.1073,0.1048,0.0000,7,0.4710,-0.0302,0
56.138,0.6203,-0.1759,-0.0000,0.2087,-0.1073,0.1048,0.0000,7,0.4710,-0.0302,0
56.158,0.6203,-0.1759,-0.0000,0.2087,-0.1073,0.1048,0.0000,7,0.4710,-0.0302,0
56.178,0.6188,-0.1744,-0.0000,0.2065,-0.1073,0.1048,0.0000,7,0.4710,-0.0302,0
56.199,0.6188,-0.1744,-0.0000,0.2065,-0.1073,0.1048,0.0000,7,0.4710,-0.0302,0
56.218,0.6180,-0.1736,-0.0000,0.2054,-0.1073,0.1048,0.0000,7,0.4710,-0.0302,0
56.238,0.6172,-0.1728,-0.0000,0.2042,-0.1073,0.1048,0.0000,7,0.4710,-0.0302,0
56.258,0.6172,-0.1728,-0.0000,0.2042,-0.1073,0.1048,0.0000,7,0.4710,-0.0302,0
56.278,0.6172,-0.1728,-0.0000,0.2042,-0.1073,0.1048,0.0000,7,0.4710,-0.0302,0
56.298,0.6172,-0.1728,-0.0000,0.2042,-0.1073,0.1048,0.0000,7,0.4710,-0.0302,0
56.318,0.6164,-0.1720,-0.0000,0.2031,-0.1073,0.1048,0.0000,7,0.4710,-0.0302,0
56.339,0.6164,-0.1720,-0.0000,0.2031,-0.1073,0.1048,0.0000,7,0.4710,-0.0302,0
56.358,0.6164,-0.1720,-0.0000,0.2031,-0.1073,0.1048,0.0000,7,0.4710,-0.0302,0
56.380,0.6164,-0.1720,-0.0000,0.2031,-0.1073,0.1048,0.0000,7,0.4710,-0.0302,0
56.398,0.6156,-0.1713,-0.0000,0.2020,-0.1073,0.1048,0.0000,7,0.4710,-0.0302,0
56.418,0.6148,-0.1705,-0.0000,0.2009,-0.1073,0.1048,0.0000,7,0.4710,-0.0302,0
56.438,0.6140,-0.1697,-0.0000,0.1998,-0.1073,0.1048,0.0000,7,0.4710,-0.0302,0
56.458,0.6124,-0.1682,-0.0000,0.1976,-0.1073,0.1048,0.0000,7,0.4710,-0.0302,0
56.478,0.6124,-0.1682,-0.0000,0.1976,-0.1073,0.1048,0.0000,7,0.4710,-0.0302,0
56.498,0.6116,-0.1674,-0.0000,0.1965,-0.1073,0.1048,0.0000,7,0.4710,-0.0302,0
56.518,0.6108,-0.1666,-0.0000,0.1954,-0.1073,0.1048,0.0000,7,0.4710,-0.0302,0
56.540,0.6100,-0.1658,-0.0000,0.1943,-0.1073,0.1048,0.0000,7,0.4710,-0.0302,0
56.558,0.6092,-0.1651,-0.0000,0.1932,-0.1073,0.1048,0.0000,7,0.4710,-0.0302,0
56.578,0.6085,-0.1643,-0.0000,0.1921,-0.1073,0.1048,0.0000,7,0.4710,-0.0302,0
56.599,0.6085,-0.1643,-0.0000,0.1921,-0.1073,0.1048,0.0000,7,0.4710,-0.0302,0
56.618,0.6085,-0.1643,-0.0000,0.1921,-0.1073,0.1048,0.0000,7,0.4710,-0.0302,0
56.638,0.6085,-0.1643,-0.0000,0.1921,-0.1073,0.1048,0.0000,7,0.4710,-0.0302,0
56.658,0.6077,-0.1635,-0.0000,0.1910,-0.1073,0.1048,0.0000,7,0.4710,-0.0302,0
56.678,0.6077,-0.1635,-0.0000,0.1910,-0.1073,0.1048,0.0000,7,0.4710,-0.0302,0
56.698,0.6077,-0.1635,-0.0000,0.1910,-0.1073,0.1048,0.0000,7,0.4710,-0.0302,0
56.719,0.6077,-0.1635,-0.0000,0.1910,-0.1073,0.1048,0.0000,7,0.4710,-0.0302,0
56.739,0.6069,-0.1628,-0.0000,0.1898,-0.1073,0.1048,0.0000,7,0.4710,-0.0302,0
56.758,0.6061,-0.1620,-0.0000,0.1887,-0.1073,0.1048,0.0000,7,0.4710,-0.0302,0
56.778,0.6053,-0.1612,-0.0000,0.1876,-0.1073,0.1048,0.0000,7,0.4710,-0.0302,0
56.798,0.6037,-0.1597,-0.0000,0.1854,-0.1073,0.1048,0.0000,7,0.4710,-0.0302,0
56.818,0.6037,-0.1597,-0.0000,0.1854,-0.1073,0.1048,0.0000,7,0.4710,-0.0302,0
56.838,0.6029,-0.1589,-0.0000,0.1843,-0.1073,0.1048,0.0000,7,0.4710,-0.0302,0
56.858,0.6021,-0.1581,-0.0000,0.1832,-0.1073,0.1048,0.0000,7,0.4710,-0.0302,0
56.878,0.6013,-0.1573,-0.0000,0.1821,-0.1073,0.1048,0.0000,7,0.4710,-0.0302,0
56.898,0.6005,-0.1566,-0.0000,0.1810,-0.1073,0.1048,0.0000,7,0.4710,-0.0302,0
56.918,0.6005,-0.1566,-0.0000,0.1810,-0.1073,0.1048,0.0000,7,0.4710,-0.0302,0
56.939,0.6005,-0.1566,-0.0000,0.1810,-0.1073,0.1048,0.0000,7,0.4710,-0.0302,0
56.958,0.5997,-0.1558,-0.0000,0.1799,-0.1073,0.1048,0.0000,7,0.4710,-0.0302,0
56.978,0.5997,-0.1558,-0.0000,0.1799,-0.1073,0.1048,0.0000,7,0.4710,-0.0302,0
56.998,0.5997,-0.1558,-0.0000,0.1799,-0.1073,0.1048,0.0000,7,0.4710,-0.0302,0
57.018,0.5997,-0.1558,-0.0000,0.1799,-0.1073,0.1048,0.0000,7,0.4710,-0.0302,0
57.038,0.5997,-0.1558,-0.0000,0.1799,-0.1073,0.1048,0.0000,7,0.4710,-0.0302,0
57.058,0.5997,-0.1558,-0.0000,0.1799,-0.1073,0.1048,0.0000,7,0.4710,-0.0302,0
57.079,0.5997,-0.1558,-0.0000,0.1799,-0.1073,0.1048,0.0000,7,0.4710,-0.0302,0
57.098,0.5997,-0.1558,-0.0000,0.1799,-0.1073,0.1048,0.0000,7,0.4710,-0.0302,0
57.118,0.5997,-0.1558,-0.0000,0.1799,-0.1073,0.1048,0.0000,7,0.4710,-0.0302,0
57.138,0.5997,-0.1558,-0.0000,0.1799,-0.1073,0.1048,0.0000,7,0.4710,-0.0302,0
57.160,0.5997,-0.1558,-0.0000,0.1799,-0.1073,0.1048,0.0000,7,0.4710,-0.0302,0
57.179,0.5989,-0.1550,-0.0000,0.1788,-0.1073,0.1048,0.0000,7,0.4710,-0.0302,0
57.198,0.5982,-0.1542,-0.0000,0.1777,-0.1073,0.1048,0.0000,7,0.4710,-0.0302,0
57.218,0.5974,-0.1535,-0.0000,0.1766,-0.1073,0.1048,0.0000,7,0.4710,-0.0302,0
57.240,0.5966,-0.1527,-0.0000,0.1754,-0.1073,0.1048,0.0000,7,0.4710,-0.0302,0
57.258,0.5950,-0.1511,-0.0000,0.1732,-0.1073,0.1048,0.0000,7,0.4710,-0.0302,0
57.278,0.5950,-0.1511,-0.0000,0.1732,-0.1073,0.1048,0.0000,7,0.4710,-0.0302,0
57.298,0.5950,-0.1511,-0.0000,0.1732,-0.1073,0.1048,0.0000,7,0.4710,-0.0302,0
57.318,0.5950,-0.1511,-0.0000,0.1732,-0.1073,0.1048,0.0000,7,0.4710,-0.0302,0
57.338,0.5950,-0.1511,-0.0000,0.1732,-0.1073,0.1048,0.0000,7,0.4710,-0.0302,0
57.359,0.5942,-0.1504,-0.0000,0.1721,-0.1073,0.1048,0.0000,7,0.4710,-0.0302,0
57.378,0.5934,-0.1496,-0.0000,0.1710,-0.1073,0.1048,0.0000,7,0.4710,-0.0302,0
57.398,0.5934,-0.1496,-0.0000,0.1710,-0.1073,0.1048,0.0000,7,0.4710,-0.0302,0
57.418,0.5918,-0.1481,-0.0000,0.1688,-0.1073,0.1048,0.0000,7,0.4710,-0.0302,0
57.439,0.5918,-0.1481,-0.0000,0.1688,-0.1073,0.1048,0.0000,7,0.4710,-0.0302,0
57.458,0.5910,-0.1473,-0.0000,0.1677,-0.1073,0.1048,0.0000,7,0.4710,-0.0302,0
57.478,0.5902,-0.1465,-0.0000,0.1666,-0.1073,0.1048,0.0000,7,0.4710,-0.0302,0
57.499,0.5902,-0.1465,-0.0000,0.1666,-0.1073,0.1048,0.0000,7,0.4710,-0.0302,0
57.518,0.5902,-0.1465,-0.0000,0.1666,-0.1073,0.1048,0.0000,7,0.4710,-0.0302,0
57.538,0.5902,-0.1465,-0.0000,0.1666,-0.1073,0.1048,0.0000,7,0.4710,-0.0302,0
57.558,0.5894,-0.1457,-0.0000,0.1655,-0.1073,0.1048,0.0000,7,0.4710,-0.0302,0
57.579,0.5894,-0.1457,-0.0000,0.1655,-0.1073,0.1048,0.0000,7,0.4710,-0.0302,0
57.598,0.5894,-0.1457,-0.0000,0.1655,-0.1073,0.1048,0.0000,7,0.4710,-0.0302,0
57.618,0.5886,-0.1450,-0.0000,0.1644,-0.1073,0.1048,0.0000,7,0.4710,-0.0302,0
57.639,0.5878,-0.1442,-0.0000,0.1633,-0.1073,0.1048,0.0000,7,0.4710,-0.0302,0
57.658,0.5878,-0.1442,-0.0000,0.1633,-0.1073,0.1048,0.0000,7,0.4710,-0.0302,0
57.679,0.5871,-0.1434,-0.0000,0.1622,-0.1073,0.1048,0.0000,7,0.4710,-0.0302,0
57.698,0.5855,-0.1419,-0.0000,0.1599,-0.1073,0.1048,0.0000,7,0.4710,-0.0302,0
57.718,0.5855,-0.1419,-0.0000,0.1599,-0.1073,0.1048,0.0000,7,0.4710,-0.0302,0
57.740,0.5855,-0.1419,-0.0000,0.1599,-0.1073,0.1048,0.0000,7,0.4710,-0.0302,0
57.758,0.5839,-0.1403,-0.0000,0.1577,-0.1073,0.1048,0.0000,7,0.4710,-0.0302,0
57.779,0.5839,-0.1403,-0.0000,0.1577,-0.1073,0.1048,0.0000,7,0.4710,-0.0302,0
57.798,0.5831,-0.1395,-0.0000,0.1566,-0.1073,0.1048,0.0000,7,0.4710,-0.0302,0
57.818,0.5823,-0.1388,-0.0000,0.1555,-0.1073,0.1048,0.0000,7,0.4710,-0.0302,0
57.838,0.5823,-0.1388,-0.0000,0.1555,-0.1073,0.1048,0.0000,7,0.4710,-0.0302,0
57.858,0.5823,-0.1388,-0.0000,0.1555,-0.1073,0.1048,0.0000,7,0.4710,-0.0302,0
57.880,0.5823,-0.1388,-0.0000,0.1555,-0.1073,0.1048,0.0000,7,0.4710,-0.0302,0
57.898,0.5815,-0.1380,-0.0000,0.1544,-0.1073,0.1048,0.0000,7,0.4710,-0.0302,0
57.920,0.5815,-0.1380,-0.0000,0.1544,-0.1073,0.1048,0.0000,7,0.4710,-0.0302,0
57.938,0.5815,-0.1380,-0.0000,0.1544,-0.1073,0.1048,0.0000,7,0.4710,-0.0302,0
57.958,0.5815,-0.1380,-0.0000,0.1544,-0.1073,0.1048,0.0000,7,0.4710,-0.0302,0
57.979,0.5815,-0.1380,-0.0000,0.1544,-0.1073,0.1048,0.0000,7,0.4710,-0.0302,0
57.998,0.5815,-0.1380,-0.0000,0.1544,-0.1073,0.1048,0.0000,7,0.4710,-0.0302,0
58.019,0.5815,-0.1380,-0.0000,0.1544,-0.1073,0.1048,0.0000,7,0.4710,-0.0302,0
58.038,0.5815,-0.1380,-0.0000,0.1544,-0.1073,0.1048,0.0000,7,0.4710,-0.0302,0
58.059,0.5815,-0.1380,-0.0000,0.1544,-0.1073,0.1048,0.0000,7,0.4710,-0.0302,0
58.079,0.5815,-0.1380,-0.0000,0.1544,-0.1073,0.1048,0.0000,7,0.4710,-0.0302,0
58.098,0.5799,-0.1364,-0.0000,0.1522,-0.1073,0.1048,0.0000,7,0.4710,-0.0302,0
58.119,0.5791,-0.1357,-0.0000,0.1511,-0.1073,0.1048,0.0000,7,0.4710,-0.0302,0
58.139,0.5775,-0.1341,-0.0000,0.2289,-0.1250,0.0829,0.0000,8,0.3868,-0.0076,0
58.158,0.5766,-0.1335,-0.0000,0.2278,-0.1250,0.0829,0.0000,8,0.3868,-0.0076,0
58.178,0.5766,-0.1335,-0.0000,0.2278,-0.1250,0.0829,0.0000,8,0.3868,-0.0076,0
58.199,0.5766,-0.1335,-0.0000,0.2278,-0.1250,0.0829,0.0000,8,0.3868,-0.0076,0
58.218,0.5757,-0.1329,-0.0000,0.2267,-0.1250,0.0829,0.0000,8,0.3868,-0.0076,0
58.240,0.5757,-0.1329,-0.0000,0.2267,-0.1250,0.0829,0.0000,8,0.3868,-0.0076,0
58.258,0.5757,-0.1329,-0.0000,0.2267,-0.1250,0.0829,0.0000,8,0.3868,-0.0076,0
58.278,0.5757,-0.1329,-0.0000,0.2267,-0.1250,0.0829,0.0000,8,0.3868,-0.0076,0
58.298,0.5748,-0.1323,-0.0000,0.2255,-0.1250,0.0829,0.0000,8,0.3868,-0.0076,0
58.318,0.5738,-0.1317,-0.0000,0.2244,-0.1250,0.0829,0.0000,8,0.3868,-0.0076,0
58.340,0.5738,-0.1317,-0.0000,0.2244,-0.1250,0.0829,0.0000,8,0.3868,-0.0076,0
58.358,0.5720,-0.1305,-0.0000,0.2222,-0.1250,0.0829,0.0000,8,0.3868,-0.0076,0
58.379,0.5720,-0.1305,-0.0000,0.2222,-0.1250,0.0829,0.0000,8,0.3868,-0.0076,0
58.398,0.5720,-0.1305,-0.0000,0.2222,-0.1250,0.0829,0.0000,8,0.3868,-0.0076,0
58.418,0.5711,-0.1298,-0.0000,0.2211,-0.1250,0.0829,0.0000,8,0.3868,-0.0076,0
58.438,0.5702,-0.1292,-0.0000,0.2200,-0.1250,0.0829,0.0000,8,0.3868,-0.0076,0
58.458,0.5702,-0.1292,-0.0000,0.2200,-0.1250,0.0829,0.0000,8,0.3868,-0.0076,0
58.479,0.5692,-0.1286,-0.0000,0.2189,-0.1250,0.0829,0.0000,8,0.3868,-0.0076,0
58.498,0.5683,-0.1280,-0.0000,0.2178,-0.1250,0.0829,0.0000,8,0.3868,-0.0076,0
58.519,0.5683,-0.1280,-0.0000,0.2178,-0.1250,0.0829,0.0000,8,0.3868,-0.0076,0
58.538,0.5683,-0.1280,-0.0000,0.2178,-0.1250,0.0829,0.0000,8,0.3868,-0.0076,0
58.560,0.5683,-0.1280,-0.0000,0.2178,-0.1250,0.0829,0.0000,8,0.3868,-0.0076,0
58.579,0.5674,-0.1274,-0.0000,0.2167,-0.1250,0.0829,0.0000,8,0.3868,-0.0076,0
58.600,0.5674,-0.1274,-0.0000,0.2167,-0.1250,0.0829,0.0000,8,0.3868,-0.0076,0
58.619,0.5674,-0.1274,-0.0000,0.2167,-0.1250,0.0829,0.0000,8,0.3868,-0.0076,0
58.639,0.5674,-0.1274,-0.0000,0.2167,-0.1250,0.0829,0.0000,8,0.3868,-0.0076,0
58.658,0.5665,-0.1268,-0.0000,0.2156,-0.1250,0.0829,0.0000,8,0.3868,-0.0076,0
58.678,0.5655,-0.1262,-0.0000,0.2145,-0.1250,0.0829,0.0000,8,0.3868,-0.0076,0
58.700,0.5655,-0.1262,-0.0000,0.2145,-0.1250,0.0829,0.0000,8,0.3868,-0.0076,0
58.718,0.5637,-0.1249,-0.0000,0.2123,-0.1250,0.0829,0.0000,8,0.3868,-0.0076,0
58.740,0.5637,-0.1249,-0.0000,0.2123,-0.1250,0.0829,0.0000,8,0.3868,-0.0076,0
58.758,0.5628,-0.1243,-0.0000,0.2111,-0.1250,0.0829,0.0000,8,0.3868,-0.0076,0
58.779,0.5609,-0.1231,-0.0000,0.2089,-0.1250,0.0829,0.0000,8,0.3868,-0.0076,0
58.798,0.5609,-0.1231,-0.0000,0.2089,-0.1250,0.0829,0.0000,8,0.3868,-0.0076,0
58.820,0.5609,-0.1231,-0.0000,0.2089,-0.1250,0.0829,0.0000,8,0.3868,-0.0076,0
58.838,0.5609,-0.1231,-0.0000,0.2089,-0.1250,0.0829,0.0000,8,0.3868,-0.0076,0
58.860,0.5609,-0.1231,-0.0000,0.2089,-0.1250,0.0829,0.0000,8,0.3868,-0.0076,0
58.878,0.5591,-0.1219,-0.0000,0.2067,-0.1250,0.0829,0.0000,8,0.3868,-0.0076,0
58.898,0.5591,-0.1219,-0.0000,0.2067,-0.1250,0.0829,0.0000,8,0.3868,-0.0076,0
58.918,0.5591,-0.1219,-0.0000,0.2067,-0.1250,0.0829,0.0000,8,0.3868,-0.0076,0
58.940,0.5591,-0.1219,-0.0000,0.2067,-0.1250,0.0829,0.0000,8,0.3868,-0.0076,0
58.960,0.5591,-0.1219,-0.0000,0.2067,-0.1250,0.0829,0.0000,8,0.3868,-0.0076,0
58.978,0.5591,-0.1219,-0.0000,0.2067,-0.1250,0.0829,0.0000,8,0.3868,-0.0076,0
58.998,0.5591,-0.1219,-0.0000,0.2067,-0.1250,0.0829,0.0000,8,0.3868,-0.0076,0
59.019,0.5591,-0.1219,-0.0000,0.2067,-0.1250,0.0829,0.0000,8,0.3868,-0.0076,0
59.038,0.5591,-0.1219,-0.0000,0.2067,-0.1250,0.0829,0.0000,8,0.3868,-0.0076,0
59.058,0.5582,-0.1213,-0.0000,0.2056,-0.1250,0.0829,0.0000,8,0.3868,-0.0076,0
59.079,0.5563,-0.1200,-0.0000,0.2034,-0.1250,0.0829,0.0000,8,0.3868,-0.0076,0
59.098,0.5545,-0.1188,-0.0000,0.2012,-0.1250,0.0829,0.0000,8,0.3868,-0.0076,0
59.118,0.5526,-0.1176,-0.0000,0.1990,-0.1250,0.0829,0.0000,8,0.3868,-0.0076,0
59.138,0.5526,-0.1176,-0.0000,0.1990,-0.1250,0.0829,0.0000,8,0.3868,-0.0076,0
59.158,0.5508,-0.1164,-0.0000,0.1967,-0.1250,0.0829,0.0000,8,0.3868,-0.0076,0
59.178,0.5498,-0.1158,-0.0000,0.1956,-0.1250,0.0829,0.0000,8,0.3868,-0.0076,0
59.198,0.5498,-0.1158,-0.0000,0.1956,-0.1250,0.0829,0.0000,8,0.3868,-0.0076,0
59.219,0.5498,-0.1158,-0.0000,0.1956,-0.1250,0.0829,0.0000,8,0.3868,-0.0076,0
59.238,0.5489,-0.1151,-0.0000,0.1945,-0.1250,0.0829,0.0000,8,0.3868,-0.0076,0
59.258,0.5489,-0.1151,-0.0000,0.1945,-0.1250,0.0829,0.0000,8,0.3868,-0.0076,0
59.278,0.5489,-0.1151,-0.0000,0.1945,-0.1250,0.0829,0.0000,8,0.3868,-0.0076,0
59.298,0.5480,-0.1145,-0.0000,0.1934,-0.1250,0.0829,0.0000,8,0.3868,-0.0076,0
59.318,0.5471,-0.1139,-0.0000,0.1923,-0.1250,0.0829,0.0000,8,0.3868,-0.0076,0
59.338,0.5471,-0.1139,-0.0000,0.1923,-0.1250,0.0829,0.0000,8,0.3868,-0.0076,0
59.358,0.5462,-0.1133,-0.0000,0.1912,-0.1250,0.0829,0.0000,8,0.3868,-0.0076,0
59.378,0.5452,-0.1127,-0.0000,0.1901,-0.1250,0.0829,0.0000,8,0.3868,-0.0076,0
59.399,0.5452,-0.1127,-0.0000,0.1901,-0.1250,0.0829,0.0000,8,0.3868,-0.0076,0
59.418,0.5434,-0.1115,-0.0000,0.1879,-0.1250,0.0829,0.0000,8,0.3868,-0.0076,0
59.438,0.5434,-0.1115,-0.0000,0.1879,-0.1250,0.0829,0.0000,8,0.3868,-0.0076,0
59.458,0.5434,-0.1115,-0.0000,0.1879,-0.1250,0.0829,0.0000,8,0.3868,-0.0076,0
59.478,0.5425,-0.1109,-0.0000,0.1868,-0.1250,0.0829,0.0000,8,0.3868,-0.0076,0
59.498,0.5415,-0.1102,-0.0000,0.1857,-0.1250,0.0829,0.0000,8,0.3868,-0.0076,0
59.519,0.5415,-0.1102,-0.0000,0.1857,-0.1250,0.0829,0.0000,8,0.3868,-0.0076,0
59.538,0.5415,-0.1102,-0.0000,0.1857,-0.1250,0.0829,0.0000,8,0.3868,-0.0076,0
59.558,0.5415,-0.1102,-0.0000,0.1857,-0.1250,0.0829,0.0000,8,0.3868,-0.0076,0
59.578,0.5406,-0.1096,-0.0000,0.1846,-0.1250,0.0829,0.0000,8,0.3868,-0.0076,0
59.598,0.5406,-0.1096,-0.0000,0.1846,-0.1250,0.0829,0.0000,8,0.3868,-0.0076,0
59.618,0.5397,-0.1090,-0.0000,0.1835,-0.1250,0.0829,0.0000,8,0.3868,-0.0076,0
59.638,0.5388,-0.1084,-0.0000,0.1823,-0.1250,0.0829,0.0000,8,0.3868,-0.0076,0
59.660,0.5388,-0.1084,-0.0000,0.1823,-0.1250,0.0829,0.0000,8,0.3868,-0.0076,0
59.678,0.5388,-0.1084,-0.0000,0.1823,-0.1250,0.0829,0.0000,8,0.3868,-0.0076,0
59.698,0.5378,-0.1078,-0.0000,0.1812,-0.1250,0.0829,0.0000,8,0.3868,-0.0076,0
59.718,0.5360,-0.1066,-0.0000,0.1790,-0.1250,0.0829,0.0000,8,0.3868,-0.0076,0
59.738,0.5360,-0.1066,-0.0000,0.1790,-0.1250,0.0829,0.0000,8,0.3868,-0.0076,0
59.759,0.5360,-0.1066,-0.0000,0.1790,-0.1250,0.0829,0.0000,8,0.3868,-0.0076,0
59.778,0.5342,-0.1053,-0.0000,0.1768,-0.1250,0.0829,0.0000,8,0.3868,-0.0076,0
59.799,0.5342,-0.1053,-0.0000,0.1768,-0.1250,0.0829,0.0000,8,0.3868,-0.0076,0
59.818,0.5332,-0.1047,-0.0000,0.1757,-0.1250,0.0829,0.0000,8,0.3868,-0.0076,0
59.838,0.5314,-0.1035,-0.0000,0.1735,-0.1250,0.0829,0.0000,8,0.3868,-0.0076,0
59.859,0.5314,-0.1035,-0.0000,0.1735,-0.1250,0.0829,0.0000,8,0.3868,-0.0076,0
59.878,0.5314,-0.1035,-0.0000,0.1735,-0.1250,0.0829,0.0000,8,0.3868,-0.0076,0
59.898,0.5314,-0.1035,-0.0000,0.1735,-0.1250,0.0829,0.0000,8,0.3868,-0.0076,0
59.918,0.5314,-0.1035,-0.0000,0.1735,-0.1250,0.0829,0.0000,8,0.3868,-0.0076,0
59.938,0.5305,-0.1029,-0.0000,0.1724,-0.1250,0.0829,0.0000,8,0.3868,-0.0076,0
59.958,0.5305,-0.1029,-0.0000,0.1724,-0.1250,0.0829,0.0000,8,0.3868,-0.0076,0
59.980,0.5305,-0.1029,-0.0000,0.1724,-0.1250,0.0829,0.0000,8,0.3868,-0.0076,0
59.998,0.5305,-0.1029,-0.0000,0.1724,-0.1250,0.0829,0.0000,8,0.3868,-0.0076,0
60.018,0.5305,-0.1029,-0.0000,0.1724,-0.1250,0.0829,0.0000,8,0.3868,-0.0076,0
60.038,0.5305,-0.1029,-0.0000,0.1724,-0.1250,0.0829,0.0000,8,0.3868,-0.0076,0
60.060,0.5305,-0.1029,-0.0000,0.1724,-0.1250,0.0829,0.0000,8,0.3868,-0.0076,0
60.079,0.5305,-0.1029,-0.0000,0.1724,-0.1250,0.0829,0.0000,8,0.3868,-0.0076,0
60.098,0.5295,-0.1023,-0.0000,0.1713,-0.1250,0.0829,0.0000,8,0.3868,-0.0076,0
60.118,0.5277,-0.1011,-0.0000,0.1691,-0.1250,0.0829,0.0000,8,0.3868,-0.0076,0
60.138,0.5268,-0.1004,-0.0000,0.1679,-0.1250,0.0829,0.0000,8,0.3868,-0.0076,0
60.158,0.5240,-0.0986,-0.0000,0.1646,-0.1250,0.0829,0.0000,8,0.3868,-0.0076,0
60.178,0.5240,-0.0986,-0.0000,0.1646,-0.1250,0.0829,0.0000,8,0.3868,-0.0076,0
60.198,0.5240,-0.0986,-0.0000,0.1646,-0.1250,0.0829,0.0000,8,0.3868,-0.0076,0
60.218,0.5222,-0.0974,-0.0000,0.1624,-0.1250,0.0829,0.0000,8,0.3868,-0.0076,0
60.238,0.5222,-0.0974,-0.0000,0.1624,-0.1250,0.0829,0.0000,8,0.3868,-0.0076,0
60.258,0.5222,-0.0974,-0.0000,0.1624,-0.1250,0.0829,0.0000,8,0.3868,-0.0076,0
60.278,0.5222,-0.0974,-0.0000,0.1624,-0.1250,0.0829,0.0000,8,0.3868,-0.0076,0
60.298,0.5212,-0.0968,-0.0000,0.1613,-0.1250,0.0829,0.0000,8,0.3868,-0.0076,0
60.318,0.5212,-0.0968,-0.0000,0.1613,-0.1250,0.0829,0.0000,8,0.3868,-0.0076,0
60.339,0.5212,-0.0968,-0.0000,0.1613,-0.1250,0.0829,0.0000,8,0.3868,-0.0076,0
60.359,0.5203,-0.0962,-0.0000,0.1602,-0.1250,0.0829,0.0000,8,0.3868,-0.0076,0
60.378,0.5194,-0.0955,-0.0000,0.1591,-0.1250,0.0829,0.0000,8,0.3868,-0.0076,0
60.398,0.5185,-0.0949,-0.0000,0.1580,-0.1250,0.0829,0.0000,8,0.3868,-0.0076,0
60.418,0.5166,-0.0937,-0.0000,0.1558,-0.1250,0.0829,0.0000,8,0.3868,-0.0076,0
60.438,0.5166,-0.0937,-0.0000,0.1558,-0.1250,0.0829,0.0000,8,0.3868,-0.0076,0
60.460,0.5166,-0.0937,-0.0000,0.1558,-0.1250,0.0829,0.0000,8,0.3868,-0.0076,0
60.478,0.5148,-0.0925,-0.0000,0.1535,-0.1250,0.0829,0.0000,8,0.3868,-0.0076,0
60.498,0.5148,-0.0925,-0.0000,0.1535,-0.1250,0.0829,0.0000,8,0.3868,-0.0076,0
60.518,0.5139,-0.0919,-0.0000,0.1524,-0.1250,0.0829,0.0000,8,0.3868,-0.0076,0
60.538,0.5129,-0.0913,-0.0000,0.1513,-0.1250,0.0829,0.0000,8,0.3868,-0.0076,0
60.558,0.5129,-0.0913,-0.0000,0.1513,-0.1250,0.0829,0.0000,8,0.3868,-0.0076,0
60.578,0.5129,-0.0913,-0.0000,0.1513,-0.1250,0.0829,0.0000,8,0.3868,-0.0076,0
60.598,0.5129,-0.0913,-0.0000,0.1513,-0.1250,0.0829,0.0000,8,0.3868,-0.0076,0
60.618,0.5120,-0.0906,-0.0000,0.1502,-0.1250,0.0829,0.0000,8,0.3868,-0.0076,0
60.639,0.5120,-0.0906,-0.0000,0.1502,-0.1250,0.0829,0.0000,8,0.3868,-0.0076,0
60.659,0.5120,-0.0906,-0.0000,0.1502,-0.1250,0.0829,0.0000,8,0.3868,-0.0076,0
60.678,0.5120,-0.0906,-0.0000,0.1502,-0.1250,0.0829,0.0000,8,0.3868,-0.0076,0
60.698,0.5120,-0.0906,-0.0000,0.1502,-0.1250,0.0829,0.0000,8,0.3868,-0.0076,0
60.718,0.5120,-0.0906,-0.0000,0.1502,-0.1250,0.0829,0.0000,8,0.3868,-0.0076,0
60.738,0.5120,-0.0906,-0.0000,0.1502,-0.1250,0.0829,0.0000,8,0.3868,-0.0076,0
60.758,0.5120,-0.0906,-0.0000,0.1502,-0.1250,0.0829,0.0000,8,0.3868,-0.0076,0
60.779,0.5120,-0.0906,-0.0000,0.1502,-0.1250,0.0829,0.0000,8,0.3868,-0.0076,0
60.799,0.5111,-0.0900,-0.0000,0.2295,-0.1380,0.0589,0.0000,9,0.3000,0.0000,0
60.818,0.5091,-0.0890,-0.0000,0.2273,-0.1380,0.0587,0.0000,9,0.3000,0.0000,0
60.838,0.5081,-0.0886,-0.0000,0.2262,-0.1380,0.0587,0.0000,9,0.3000,0.0000,0
60.858,0.5061,-0.0877,-0.0000,0.2240,-0.1380,0.0587,0.0000,9,0.3000,0.0000,0
60.878,0.5061,-0.0877,-0.0000,0.2240,-0.1380,0.0587,0.0000,9,0.3000,0.0000,0
60.899,0.5061,-0.0877,-0.0000,0.2240,-0.1380,0.0587,0.0000,9,0.3000,0.0000,0
60.918,0.5040,-0.0868,-0.0000,0.2217,-0.1380,0.0587,0.0000,9,0.3000,0.0000,0
60.938,0.5040,-0.0868,-0.0000,0.2217,-0.1380,0.0587,0.0000,9,0.3000,0.0000,0
60.958,0.5040,-0.0868,-0.0000,0.2217,-0.1380,0.0587,0.0000,9,0.3000,0.0000,0
60.978,0.5040,-0.0868,-0.0000,0.2217,-0.1380,0.0587,0.0000,9,0.3000,0.0000,0
60.999,0.5030,-0.0864,-0.0000,0.2206,-0.1380,0.0587,0.0000,9,0.3000,0.0000,0
61.018,0.5030,-0.0864,-0.0000,0.2206,-0.1380,0.0587,0.0000,9,0.3000,0.0000,0
61.039,0.5030,-0.0864,-0.0000,0.2206,-0.1380,0.0587,0.0000,9,0.3000,0.0000,0
61.058,0.5030,-0.0864,-0.0000,0.2206,-0.1380,0.0587,0.0000,9,0.3000,0.0000,0
61.078,0.5030,-0.0864,-0.0000,0.2206,-0.1380,0.0587,0.0000,9,0.3000,0.0000,0
61.098,0.5030,-0.0864,-0.0000,0.2206,-0.1380,0.0587,0.0000,9,0.3000,0.0000,0
61.118,0.5030,-0.0864,-0.0000,0.2206,-0.1380,0.0587,0.0000,9,0.3000,0.0000,0
61.139,0.5030,-0.0864,-0.0000,0.2206,-0.1380,0.0587,0.0000,9,0.3000,0.0000,0
61.159,0.5010,-0.0855,-0.0000,0.2184,-0.1380,0.0587,0.0000,9,0.3000,0.0000,0
61.178,0.5000,-0.0851,-0.0000,0.2173,-0.1380,0.0587,0.0000,9,0.3000,0.0000,0
61.199,0.4979,-0.0842,-0.0000,0.2151,-0.1380,0.0587,0.0000,9,0.3000,0.0000,0
61.218,0.4959,-0.0833,-0.0000,0.2129,-0.1380,0.0587,0.0000,9,0.3000,0.0000,0
61.238,0.4949,-0.0829,-0.0000,0.2118,-0.1380,0.0587,0.0000,9,0.3000,0.0000,0
61.258,0.4949,-0.0829,-0.0000,0.2118,-0.1380,0.0587,0.0000,9,0.3000,0.0000,0
61.278,0.4949,-0.0829,-0.0000,0.2118,-0.1380,0.0587,0.0000,9,0.3000,0.0000,0
61.298,0.4949,-0.0829,-0.0000,0.2118,-0.1380,0.0587,0.0000,9,0.3000,0.0000,0
61.319,0.4939,-0.0825,-0.0000,0.2107,-0.1380,0.0587,0.0000,9,0.3000,0.0000,0
61.338,0.4939,-0.0825,-0.0000,0.2107,-0.1380,0.0587,0.0000,9,0.3000,0.0000,0
61.358,0.4939,-0.0825,-0.0000,0.2107,-0.1380,0.0587,0.0000,9,0.3000,0.0000,0
61.378,0.4928,-0.0820,-0.0000,0.2096,-0.1380,0.0587,0.0000,9,0.3000,0.0000,0
61.399,0.4918,-0.0816,-0.0000,0.2085,-0.1380,0.0587,0.0000,9,0.3000,0.0000,0
61.418,0.4918,-0.0816,-0.0000,0.2085,-0.1380,0.0587,0.0000,9,0.3000,0.0000,0
61.438,0.4908,-0.0812,-0.0000,0.2073,-0.1380,0.0587,0.0000,9,0.3000,0.0000,0
61.458,0.4898,-0.0807,-0.0000,0.2062,-0.1380,0.0587,0.0000,9,0.3000,0.0000,0
61.478,0.4898,-0.0807,-0.0000,0.2062,-0.1380,0.0587,0.0000,9,0.3000,0.0000,0
61.498,0.4888,-0.0803,-0.0000,0.2051,-0.1380,0.0587,0.0000,9,0.3000,0.0000,0
61.518,0.4877,-0.0799,-0.0000,0.2040,-0.1380,0.0587,0.0000,9,0.3000,0.0000,0
61.539,0.4877,-0.0799,-0.0000,0.2040,-0.1380,0.0587,0.0000,9,0.3000,0.0000,0
61.558,0.4857,-0.0790,-0.0000,0.2018,-0.1380,0.0587,0.0000,9,0.3000,0.0000,0
61.578,0.4857,-0.0790,-0.0000,0.2018,-0.1380,0.0587,0.0000,9,0.3000,0.0000,0
61.599,0.4857,-0.0790,-0.0000,0.2018,-0.1380,0.0587,0.0000,9,0.3000,0.0000,0
61.618,0.4857,-0.0790,-0.0000,0.2018,-0.1380,0.0587,0.0000,9,0.3000,0.0000,0
61.638,0.4857,-0.0790,-0.0000,0.2018,-0.1380,0.0587,0.0000,9,0.3000,0.0000,0
61.659,0.4847,-0.0786,-0.0000,0.2007,-0.1380,0.0587,0.0000,9,0.3000,0.0000,0
61.678,0.4847,-0.0786,-0.0000,0.2007,-0.1380,0.0587,0.0000,9,0.3000,0.0000,0
61.698,0.4847,-0.0786,-0.0000,0.2007,-0.1380,0.0587,0.0000,9,0.3000,0.0000,0
61.719,0.4847,-0.0786,-0.0000,0.2007,-0.1380,0.0587,0.0000,9,0.3000,0.0000,0
61.738,0.4837,-0.0781,-0.0000,0.1996,-0.1380,0.0587,0.0000,9,0.3000,0.0000,0
61.758,0.4826,-0.0777,-0.0000,0.1985,-0.1380,0.0587,0.0000,9,0.3000,0.0000,0
61.778,0.4816,-0.0773,-0.0000,0.1974,-0.1380,0.0587,0.0000,9,0.3000,0.0000,0
61.798,0.4796,-0.0764,-0.0000,0.1952,-0.1380,0.0587,0.0000,9,0.3000,0.0000,0
61.818,0.4796,-0.0764,-0.0000,0.1952,-0.1380,0.0587,0.0000,9,0.3000,0.0000,0
61.839,0.4796,-0.0764,-0.0000,0.1952,-0.1380,0.0587,0.0000,9,0.3000,0.0000,0
61.858,0.4775,-0.0755,-0.0000,0.1929,-0.1380,0.0587,0.0000,9,0.3000,0.0000,0
61.879,0.4775,-0.0755,-0.0000,0.1929,-0.1380,0.0587,0.0000,9,0.3000,0.0000,0
61.898,0.4765,-0.0751,-0.0000,0.1918,-0.1380,0.0587,0.0000,9,0.3000,0.0000,0
61.918,0.4755,-0.0747,-0.0000,0.1907,-0.1380,0.0587,0.0000,9,0.3000,0.0000,0
61.939,0.4755,-0.0747,-0.0000,0.1907,-0.1380,0.0587,0.0000,9,0.3000,0.0000,0
61.958,0.4755,-0.0747,-0.0000,0.1907,-0.1380,0.0587,0.0000,9,0.3000,0.0000,0
61.978,0.4755,-0.0747,-0.0000,0.1907,-0.1380,0.0587,0.0000,9,0.3000,0.0000,0
61.998,0.4745,-0.0742,-0.0000,0.1896,-0.1380,0.0587,0.0000,9,0.3000,0.0000,0
62.019,0.4745,-0.0742,-0.0000,0.1896,-0.1380,0.0587,0.0000,9,0.3000,0.0000,0
62.038,0.4745,-0.0742,-0.0000,0.1896,-0.1380,0.0587,0.0000,9,0.3000,0.0000,0
62.060,0.4745,-0.0742,-0.0000,0.1896,-0.1380,0.0587,0.0000,9,0.3000,0.0000,0
62.078,0.4745,-0.0742,-0.0000,0.1896,-0.1380,0.0587,0.0000,9,0.3000,0.0000,0
62.098,0.4745,-0.0742,-0.0000,0.1896,-0.1380,0.0587,0.0000,9,0.3000,0.0000,0
62.118,0.4745,-0.0742,-0.0000,0.1896,-0.1380,0.0587,0.0000,9,0.3000,0.0000,0
62.139,0.4745,-0.0742,-0.0000,0.1896,-0.1380,0.0587,0.0000,9,0.3000,0.0000,0
62.160,0.4745,-0.0742,-0.0000,0.1896,-0.1380,0.0587,0.0000,9,0.3000,0.0000,0
62.178,0.4735,-0.0738,-0.0000,0.1885,-0.1380,0.0587,0.0000,9,0.3000,0.0000,0
62.198,0.4724,-0.0734,-0.0000,0.1874,-0.1380,0.0587,0.0000,9,0.3000,0.0000,0
62.219,0.4704,-0.0725,-0.0000,0.1852,-0.1380,0.0587,0.0000,9,0.3000,0.0000,0
62.238,0.4694,-0.0721,-0.0000,0.1841,-0.1380,0.0587,0.0000,9,0.3000,0.0000,0
62.260,0.4694,-0.0721,-0.0000,0.1841,-0.1380,0.0587,0.0000,9,0.3000,0.0000,0
62.278,0.4684,-0.0716,-0.0000,0.1830,-0.1380,0.0587,0.0000,9,0.3000,0.0000,0
62.298,0.4674,-0.0712,-0.0000,0.1819,-0.1380,0.0587,0.0000,9,0.3000,0.0000,0
62.318,0.4674,-0.0712,-0.0000,0.1819,-0.1380,0.0587,0.0000,9,0.3000,0.0000,0
62.339,0.4674,-0.0712,-0.0000,0.1819,-0.1380,0.0587,0.0000,9,0.3000,0.0000,0
62.358,0.4663,-0.0708,-0.0000,0.1808,-0.1380,0.0587,0.0000,9,0.3000,0.0000,0
62.378,0.4663,-0.0708,-0.0000,0.1808,-0.1380,0.0587,0.0000,9,0.3000,0.0000,0
62.398,0.4663,-0.0708,-0.0000,0.1808,-0.1380,0.0587,0.0000,9,0.3000,0.0000,0
62.418,0.4663,-0.0708,-0.0000,0.1808,-0.1380,0.0587,0.0000,9,0.3000,0.0000,0
62.439,0.4663,-0.0708,-0.0000,0.1808,-0.1380,0.0587,0.0000,9,0.3000,0.0000,0
62.458,0.4663,-0.0708,-0.0000,0.1808,-0.1380,0.0587,0.0000,9,0.3000,0.0000,0
62.478,0.4653,-0.0703,-0.0000,0.1797,-0.1380,0.0587,0.0000,9,0.3000,0.0000,0
62.498,0.4643,-0.0699,-0.0000,0.1785,-0.1380,0.0587,0.0000,9,0.3000,0.0000,0
62.518,0.4623,-0.0690,-0.0000,0.1763,-0.1380,0.0587,0.0000,9,0.3000,0.0000,0
62.540,0.4623,-0.0690,-0.0000,0.1763,-0.1380,0.0587,0.0000,9,0.3000,0.0000,0
62.558,0.4612,-0.0686,-0.0000,0.1752,-0.1380,0.0587,0.0000,9,0.3000,0.0000,0
62.578,0.4602,-0.0682,-0.0000,0.1741,-0.1380,0.0587,0.0000,9,0.3000,0.0000,0
62.598,0.4592,-0.0677,-0.0000,0.1730,-0.1380,0.0587,0.0000,9,0.3000,0.0000,0
62.618,0.4582,-0.0673,-0.0000,0.1719,-0.1380,0.0587,0.0000,9,0.3000,0.0000,0
62.638,0.4582,-0.0673,-0.0000,0.1719,-0.1380,0.0587,0.0000,9,0.3000,0.0000,0
62.659,0.4582,-0.0673,-0.0000,0.1719,-0.1380,0.0587,0.0000,9,0.3000,0.0000,0
62.678,0.4572,-0.0669,-0.0000,0.1708,-0.1380,0.0587,0.0000,9,0.3000,0.0000,0
62.698,0.4572,-0.0669,-0.0000,0.1708,-0.1380,0.0587,0.0000,9,0.3000,0.0000,0
62.718,0.4572,-0.0669,-0.0000,0.1708,-0.1380,0.0587,0.0000,9,0.3000,0.0000,0
62.738,0.4572,-0.0669,-0.0000,0.1708,-0.1380,0.0587,0.0000,9,0.3000,0.0000,0
62.758,0.4572,-0.0669,-0.0000,0.1708,-0.1380,0.0587,0.0000,9,0.3000,0.0000,0
62.778,0.4572,-0.0669,-0.0000,0.1708,-0.1380,0.0587,0.0000,9,0.3000,0.0000,0
62.798,0.4572,-0.0669,-0.0000,0.1708,-0.1380,0.0587,0.0000,9,0.3000,0.0000,0
62.818,0.4572,-0.0669,-0.0000,0.1708,-0.1380,0.0587,0.0000,9,0.3000,0.0000,0
62.838,0.4572,-0.0669,-0.0000,0.1708,-0.1380,0.0587,0.0000,9,0.3000,0.0000,0
62.858,0.4572,-0.0669,-0.0000,0.1708,-0.1380,0.0587,0.0000,9,0.3000,0.0000,0
62.878,0.4572,-0.0669,-0.0000,0.1708,-0.1380,0.0587,0.0000,9,0.3000,0.0000,0
62.898,0.4561,-0.0664,-0.0000,0.1697,-0.1380,0.0587,0.0000,9,0.3000,0.0000,0
62.918,0.4551,-0.0660,-0.0000,0.1686,-0.1380,0.0587,0.0000,9,0.3000,0.0000,0
62.938,0.4531,-0.0651,-0.0000,0.1664,-0.1380,0.0587,0.0000,9,0.3000,0.0000,0
62.958,0.4521,-0.0647,-0.0000,0.1653,-0.1380,0.0587,0.0000,9,0.3000,0.0000,0
62.978,0.4510,-0.0643,-0.0000,0.1641,-0.1380,0.0587,0.0000,9,0.3000,0.0000,0
62.999,0.4510,-0.0643,-0.0000,0.1641,-0.1380,0.0587,0.0000,9,0.3000,0.0000,0
63.018,0.4510,-0.0643,-0.0000,0.1641,-0.1380,0.0587,0.0000,9,0.3000,0.0000,0
63.038,0.4510,-0.0643,-0.0000,0.1641,-0.1380,0.0587,0.0000,9,0.3000,0.0000,0
63.059,0.4510,-0.0643,-0.0000,0.1641,-0.1380,0.0587,0.0000,9,0.3000,0.0000,0
63.079,0.4500,-0.0638,-0.0000,0.1630,-0.1380,0.0587,0.0000,9,0.3000,0.0000,0
63.098,0.4500,-0.0638,-0.0000,0.1630,-0.1380,0.0587,0.0000,9,0.3000,0.0000,0
63.119,0.4500,-0.0638,-0.0000,0.1630,-0.1380,0.0587,0.0000,9,0.3000,0.0000,0
63.138,0.4500,-0.0638,-0.0000,0.1630,-0.1380,0.0587,0.0000,9,0.3000,0.0000,0
63.158,0.4500,-0.0638,-0.0000,0.1630,-0.1380,0.0587,0.0000,9,0.3000,0.0000,0
63.178,0.4500,-0.0638,-0.0000,0.1630,-0.1380,0.0587,0.0000,9,0.3000,0.0000,0
63.198,0.4500,-0.0638,-0.0000,0.1630,-0.1380,0.0587,0.0000,9,0.3000,0.0000,0
63.220,0.4500,-0.0638,-0.0000,0.1630,-0.1380,0.0587,0.0000,9,0.3000,0.0000,0
63.238,0.4490,-0.0634,-0.0000,0.1619,-0.1380,0.0587,0.0000,9,0.3000,0.0000,0
63.258,0.4480,-0.0630,-0.0000,0.1608,-0.1380,0.0587,0.0000,9,0.3000,0.0000,0
63.278,0.4459,-0.0621,-0.0000,0.1586,-0.1380,0.0587,0.0000,9,0.3000,0.0000,0
63.298,0.4459,-0.0621,-0.0000,0.1586,-0.1380,0.0587,0.0000,9,0.3000,0.0000,0
63.318,0.4459,-0.0621,-0.0000,0.1586,-0.1380,0.0587,0.0000,9,0.3000,0.0000,0
63.340,0.4459,-0.0621,-0.0000,0.1586,-0.1380,0.0587,0.0000,9,0.3000,0.0000,0
63.359,0.4449,-0.0617,-0.0000,0.1575,-0.1380,0.0587,0.0000,9,0.3000,0.0000,0
63.378,0.4439,-0.0612,-0.0000,0.1564,-0.1380,0.0587,0.0000,9,0.3000,0.0000,0
63.398,0.4419,-0.0604,-0.0000,0.1542,-0.1380,0.0587,0.0000,9,0.3000,0.0000,0
63.418,0.4419,-0.0604,-0.0000,0.1542,-0.1380,0.0587,0.0000,9,0.3000,0.0000,0
63.438,0.4419,-0.0604,-0.0000,0.1542,-0.1380,0.0587,0.0000,9,0.3000,0.0000,0
63.458,0.4408,-0.0599,-0.0000,0.1531,-0.1380,0.0587,0.0000,9,0.3000,0.0000,0
63.478,0.4398,-0.0595,-0.0000,0.1520,-0.1380,0.0587,0.0000,9,0.3000,0.0000,0
63.499,0.4398,-0.0595,-0.0000,0.1520,-0.1380,0.0587,0.0000,9,0.3000,0.0000,0
63.518,0.4388,-0.0591,-0.0000,0.1509,-0.1380,0.0587,0.0000,9,0.3000,0.0000,0
63.539,0.4378,-0.0586,-0.0000,0.2303,-0.1463,0.0332,0.0000,10,0.2132,-0.0076,0
63.558,0.4378,-0.0586,-0.0000,0.2303,-0.1463,0.0332,0.0000,10,0.2132,-0.0076,0
63.578,0.4378,-0.0586,-0.0000,0.2303,-0.1463,0.0332,0.0000,10,0.2132,-0.0076,0
63.600,0.4378,-0.0586,-0.0000,0.2303,-0.1463,0.0332,0.0000,10,0.2132,-0.0076,0
63.618,0.4368,-0.0582,-0.0000,0.2293,-0.1463,0.0331,0.0000,10,0.2132,-0.0076,0
63.640,0.4368,-0.0582,-0.0000,0.2293,-0.1463,0.0331,0.0000,10,0.2132,-0.0076,0
63.658,0.4368,-0.0582,-0.0000,0.2293,-0.1463,0.0331,0.0000,10,0.2132,-0.0076,0
63.678,0.4368,-0.0582,-0.0000,0.2293,-0.1463,0.0331,0.0000,10,0.2132,-0.0076,0
63.698,0.4368,-0.0582,-0.0000,0.2293,-0.1463,0.0331,0.0000,10,0.2132,-0.0076,0
63.718,0.4368,-0.0582,-0.0000,0.2293,-0.1463,0.0331,0.0000,10,0.2132,-0.0076,0
63.738,0.4357,-0.0579,-0.0000,0.2281,-0.1463,0.0331,0.0000,10,0.2132,-0.0076,0
63.758,0.4346,-0.0577,-0.0000,0.2270,-0.1463,0.0331,0.0000,10,0.2132,-0.0076,0
63.778,0.4325,-0.0572,-0.0000,0.2248,-0.1463,0.0331,0.0000,10,0.2132,-0.0076,0
63.798,0.4325,-0.0572,-0.0000,0.2248,-0.1463,0.0331,0.0000,10,0.2132,-0.0076,0
63.818,0.4292,-0.0565,-0.0000,0.2215,-0.1463,0.0331,0.0000,10,0.2132,-0.0076,0
63.840,0.4292,-0.0565,-0.0000,0.2215,-0.1463,0.0331,0.0000,10,0.2132,-0.0076,0
63.858,0.4281,-0.0562,-0.0000,0.2204,-0.1463,0.0331,0.0000,10,0.2132,-0.0076,0
63.878,0.4270,-0.0560,-0.0000,0.2193,-0.1463,0.0331,0.0000,10,0.2132,-0.0076,0
63.898,0.4270,-0.0560,-0.0000,0.2193,-0.1463,0.0331,0.0000,10,0.2132,-0.0076,0
63.918,0.4270,-0.0560,-0.0000,0.2193,-0.1463,0.0331,0.0000,10,0.2132,-0.0076,0
63.938,0.4270,-0.0560,-0.0000,0.2193,-0.1463,0.0331,0.0000,10,0.2132,-0.0076,0
63.959,0.4270,-0.0560,-0.0000,0.2193,-0.1463,0.0331,0.0000,10,0.2132,-0.0076,0
63.980,0.4260,-0.0557,-0.0000,0.2182,-0.1463,0.0331,0.0000,10,0.2132,-0.0076,0
63.998,0.4260,-0.0557,-0.0000,0.2182,-0.1463,0.0331,0.0000,10,0.2132,-0.0076,0
64.020,0.4260,-0.0557,-0.0000,0.2182,-0.1463,0.0331,0.0000,10,0.2132,-0.0076,0
64.038,0.4260,-0.0557,-0.0000,0.2182,-0.1463,0.0331,0.0000,10,0.2132,-0.0076,0
64.059,0.4260,-0.0557,-0.0000,0.2182,-0.1463,0.0331,0.0000,10,0.2132,-0.0076,0
64.078,0.4260,-0.0557,-0.0000,0.2182,-0.1463,0.0331,0.0000,10,0.2132,-0.0076,0
64.099,0.4260,-0.0557,-0.0000,0.2182,-0.1463,0.0331,0.0000,10,0.2132,-0.0076,0
64.118,0.4260,-0.0557,-0.0000,0.2182,-0.1463,0.0331,0.0000,10,0.2132,-0.0076,0
64.139,0.4260,-0.0557,-0.0000,0.2182,-0.1463,0.0331,0.0000,10,0.2132,-0.0076,0
64.159,0.4249,-0.0555,-0.0000,0.2171,-0.1463,0.0331,0.0000,10,0.2132,-0.0076,0
64.178,0.4227,-0.0550,-0.0000,0.2149,-0.1463,0.0331,0.0000,10,0.2132,-0.0076,0
64.198,0.4216,-0.0548,-0.0000,0.2137,-0.1463,0.0331,0.0000,10,0.2132,-0.0076,0
64.219,0.4195,-0.0543,-0.0000,0.2115,-0.1463,0.0331,0.0000,10,0.2132,-0.0076,0
64.238,0.4184,-0.0540,-0.0000,0.2104,-0.1463,0.0331,0.0000,10,0.2132,-0.0076,0
64.259,0.4184,-0.0540,-0.0000,0.2104,-0.1463,0.0331,0.0000,10,0.2132,-0.0076,0
64.278,0.4173,-0.0538,-0.0000,0.2093,-0.1463,0.0331,0.0000,10,0.2132,-0.0076,0
64.298,0.4173,-0.0538,-0.0000,0.2093,-0.1463,0.0331,0.0000,10,0.2132,-0.0076,0
64.318,0.4173,-0.0538,-0.0000,0.2093,-0.1463,0.0331,0.0000,10,0.2132,-0.0076,0
64.338,0.4173,-0.0538,-0.0000,0.2093,-0.1463,0.0331,0.0000,10,0.2132,-0.0076,0
64.359,0.4152,-0.0533,-0.0000,0.2071,-0.1463,0.0331,0.0000,10,0.2132,-0.0076,0
64.378,0.4152,-0.0533,-0.0000,0.2071,-0.1463,0.0331,0.0000,10,0.2132,-0.0076,0
64.399,0.4152,-0.0533,-0.0000,0.2071,-0.1463,0.0331,0.0000,10,0.2132,-0.0076,0
64.418,0.4130,-0.0528,-0.0000,0.2049,-0.1463,0.0331,0.0000,10,0.2132,-0.0076,0
64.439,0.4130,-0.0528,-0.0000,0.2049,-0.1463,0.0331,0.0000,10,0.2132,-0.0076,0
64.458,0.4130,-0.0528,-0.0000,0.2049,-0.1463,0.0331,0.0000,10,0.2132,-0.0076,0
64.478,0.4108,-0.0523,-0.0000,0.2027,-0.1463,0.0331,0.0000,10,0.2132,-0.0076,0
64.498,0.4098,-0.0521,-0.0000,0.2016,-0.1463,0.0331,0.0000,10,0.2132,-0.0076,0
64.519,0.4098,-0.0521,-0.0000,0.2016,-0.1463,0.0331,0.0000,10,0.2132,-0.0076,0
64.538,0.4076,-0.0516,-0.0000,0.1993,-0.1463,0.0331,0.0000,10,0.2132,-0.0076,0
64.558,0.4076,-0.0516,-0.0000,0.1993,-0.1463,0.0331,0.0000,10,0.2132,-0.0076,0
64.581,0.4076,-0.0516,-0.0000,0.1993,-0.1463,0.0331,0.0000,10,0.2132,-0.0076,0
64.598,0.4065,-0.0513,-0.0000,0.1982,-0.1463,0.0331,0.0000,10,0.2132,-0.0076,0
64.618,0.4065,-0.0513,-0.0000,0.1982,-0.1463,0.0331,0.0000,10,0.2132,-0.0076,0
64.638,0.4065,-0.0513,-0.0000,0.1982,-0.1463,0.0331,0.0000,10,0.2132,-0.0076,0
64.660,0.4065,-0.0513,-0.0000,0.1982,-0.1463,0.0331,0.0000,10,0.2132,-0.0076,0
64.678,0.4065,-0.0513,-0.0000,0.1982,-0.1463,0.0331,0.0000,10,0.2132,-0.0076,0
64.699,0.4065,-0.0513,-0.0000,0.1982,-0.1463,0.0331,0.0000,10,0.2132,-0.0076,0
64.718,0.4054,-0.0511,-0.0000,0.1971,-0.1463,0.0331,0.0000,10,0.2132,-0.0076,0
64.739,0.4054,-0.0511,-0.0000,0.1971,-0.1463,0.0331,0.0000,10,0.2132,-0.0076,0
64.758,0.4054,-0.0511,-0.0000,0.1971,-0.1463,0.0331,0.0000,10,0.2132,-0.0076,0
64.778,0.4044,-0.0509,-0.0000,0.1960,-0.1463,0.0331,0.0000,10,0.2132,-0.0076,0
64.798,0.4033,-0.0506,-0.0000,0.1949,-0.1463,0.0331,0.0000,10,0.2132,-0.0076,0
64.818,0.4033,-0.0506,-0.0000,0.1949,-0.1463,0.0331,0.0000,10,0.2132,-0.0076,0
64.840,0.4033,-0.0506,-0.0000,0.1949,-0.1463,0.0331,0.0000,10,0.2132,-0.0076,0
64.859,0.4011,-0.0501,-0.0000,0.1927,-0.1463,0.0331,0.0000,10,0.2132,-0.0076,0
64.879,0.4011,-0.0501,-0.0000,0.1927,-0.1463,0.0331,0.0000,10,0.2132,-0.0076,0
64.898,0.4000,-0.0499,-0.0000,0.1916,-0.1463,0.0331,0.0000,10,0.2132,-0.0076,0
64.918,0.4000,-0.0499,-0.0000,0.1916,-0.1463,0.0331,0.0000,10,0.2132,-0.0076,0
64.938,0.4000,-0.0499,-0.0000,0.1916,-0.1463,0.0331,0.0000,10,0.2132,-0.0076,0
64.958,0.4000,-0.0499,-0.0000,0.1916,-0.1463,0.0331,0.0000,10,0.2132,-0.0076,0
64.979,0.3979,-0.0494,-0.0000,0.1894,-0.1463,0.0331,0.0000,10,0.2132,-0.0076,0
64.999,0.3968,-0.0491,-0.0000,0.1883,-0.1463,0.0331,0.0000,10,0.2132,-0.0076,0
65.019,0.3968,-0.0491,-0.0000,0.1883,-0.1463,0.0331,0.0000,10,0.2132,-0.0076,0
65.038,0.3968,-0.0491,-0.0000,0.1883,-0.1463,0.0331,0.0000,10,0.2132,-0.0076,0
65.060,0.3968,-0.0491,-0.0000,0.1883,-0.1463,0.0331,0.0000,10,0.2132,-0.0076,0
65.078,0.3946,-0.0487,-0.0000,0.1861,-0.1463,0.0331,0.0000,10,0.2132,-0.0076,0
65.098,0.3936,-0.0484,-0.0000,0.1849,-0.1463,0.0331,0.0000,10,0.2132,-0.0076,0
65.118,0.3936,-0.0484,-0.0000,0.1849,-0.1463,0.0331,0.0000,10,0.2132,-0.0076,0
65.138,0.3925,-0.0482,-0.0000,0.1838,-0.1463,0.0331,0.0000,10,0.2132,-0.0076,0
65.158,0.3903,-0.0477,-0.0000,0.1816,-0.1463,0.0331,0.0000,10,0.2132,-0.0076,0
65.179,0.3903,-0.0477,-0.0000,0.1816,-0.1463,0.0331,0.0000,10,0.2132,-0.0076,0
65.198,0.3882,-0.0472,-0.0000,0.1794,-0.1463,0.0331,0.0000,10,0.2132,-0.0076,0
65.218,0.3882,-0.0472,-0.0000,0.1794,-0.1463,0.0331,0.0000,10,0.2132,-0.0076,0
65.238,0.3882,-0.0472,-0.0000,0.1794,-0.1463,0.0331,0.0000,10,0.2132,-0.0076,0
65.258,0.3882,-0.0472,-0.0000,0.1794,-0.1463,0.0331,0.0000,10,0.2132,-0.0076,0
65.279,0.3882,-0.0472,-0.0000,0.1794,-0.1463,0.0331,0.0000,10,0.2132,-0.0076,0
65.300,0.3871,-0.0469,-0.0000,0.1783,-0.1463,0.0331,0.0000,10,0.2132,-0.0076,0
65.318,0.3871,-0.0469,-0.0000,0.1783,-0.1463,0.0331,0.0000,10,0.2132,-0.0076,0
65.338,0.3871,-0.0469,-0.0000,0.1783,-0.1463,0.0331,0.0000,10,0.2132,-0.0076,0
65.358,0.3871,-0.0469,-0.0000,0.1783,-0.1463,0.0331,0.0000,10,0.2132,-0.0076,0
65.378,0.3871,-0.0469,-0.0000,0.1783,-0.1463,0.0331,0.0000,10,0.2132,-0.0076,0
65.399,0.3871,-0.0469,-0.0000,0.1783,-0.1463,0.0331,0.0000,10,0.2132,-0.0076,0
65.418,0.3871,-0.0469,-0.0000,0.1783,-0.1463,0.0331,0.0000,10,0.2132,-0.0076,0
65.439,0.3871,-0.0469,-0.0000,0.1783,-0.1463,0.0331,0.0000,10,0.2132,-0.0076,0
65.459,0.3871,-0.0469,-0.0000,0.1783,-0.1463,0.0331,0.0000,10,0.2132,-0.0076,0
65.478,0.3849,-0.0465,-0.0000,0.1761,-0.1463,0.0331,0.0000,10,0.2132,-0.0076,0
65.498,0.3817,-0.0457,-0.0000,0.1728,-0.1463,0.0331,0.0000,10,0.2132,-0.0076,0
65.520,0.3817,-0.0457,-0.0000,0.1728,-0.1463,0.0331,0.0000,10,0.2132,-0.0076,0
65.538,0.3817,-0.0457,-0.0000,0.1728,-0.1463,0.0331,0.0000,10,0.2132,-0.0076,0
65.559,0.3817,-0.0457,-0.0000,0.1728,-0.1463,0.0331,0.0000,10,0.2132,-0.0076,0
65.579,0.3795,-0.0452,-0.0000,0.1705,-0.1463,0.0331,0.0000,10,0.2132,-0.0076,0
65.599,0.3774,-0.0447,-0.0000,0.1683,-0.1463,0.0331,0.0000,10,0.2132,-0.0076,0
65.618,0.3774,-0.0447,-0.0000,0.1683,-0.1463,0.0331,0.0000,10,0.2132,-0.0076,0
65.639,0.3763,-0.0445,-0.0000,0.1672,-0.1463,0.0331,0.0000,10,0.2132,-0.0076,0
65.658,0.3752,-0.0443,-0.0000,0.1661,-0.1463,0.0331,0.0000,10,0.2132,-0.0076,0
65.678,0.3752,-0.0443,-0.0000,0.1661,-0.1463,0.0331,0.0000,10,0.2132,-0.0076,0
65.698,0.3741,-0.0440,-0.0000,0.1650,-0.1463,0.0331,0.0000,10,0.2132,-0.0076,0
65.718,0.3730,-0.0438,-0.0000,0.1639,-0.1463,0.0331,0.0000,10,0.2132,-0.0076,0
65.739,0.3730,-0.0438,-0.0000,0.1639,-0.1463,0.0331,0.0000,10,0.2132,-0.0076,0
65.758,0.3720,-0.0435,-0.0000,0.1628,-0.1463,0.0331,0.0000,10,0.2132,-0.0076,0
65.778,0.3709,-0.0433,-0.0000,0.1617,-0.1463,0.0331,0.0000,10,0.2132,-0.0076,0
65.799,0.3709,-0.0433,-0.0000,0.1617,-0.1463,0.0331,0.0000,10,0.2132,-0.0076,0
65.818,0.3709,-0.0433,-0.0000,0.1617,-0.1463,0.0331,0.0000,10,0.2132,-0.0076,0
65.840,0.3709,-0.0433,-0.0000,0.1617,-0.1463,0.0331,0.0000,10,0.2132,-0.0076,0
65.859,0.3698,-0.0430,-0.0000,0.1606,-0.1463,0.0331,0.0000,10,0.2132,-0.0076,0
65.878,0.3698,-0.0430,-0.0000,0.1606,-0.1463,0.0331,0.0000,10,0.2132,-0.0076,0
65.898,0.3698,-0.0430,-0.0000,0.1606,-0.1463,0.0331,0.0000,10,0.2132,-0.0076,0
65.918,0.3698,-0.0430,-0.0000,0.1606,-0.1463,0.0331,0.0000,10,0.2132,-0.0076,0
65.938,0.3698,-0.0430,-0.0000,0.1606,-0.1463,0.0331,0.0000,10,0.2132,-0.0076,0
65.959,0.3698,-0.0430,-0.0000,0.1606,-0.1463,0.0331,0.0000,10,0.2132,-0.0076,0
65.978,0.3698,-0.0430,-0.0000,0.1606,-0.1463,0.0331,0.0000,10,0.2132,-0.0076,0
65.999,0.3698,-0.0430,-0.0000,0.1606,-0.1463,0.0331,0.0000,10,0.2132,-0.0076,0
66.018,0.3698,-0.0430,-0.0000,0.1606,-0.1463,0.0331,0.0000,10,0.2132,-0.0076,0
66.038,0.3676,-0.0425,-0.0000,0.1584,-0.1463,0.0331,0.0000,10,0.2132,-0.0076,0
66.058,0.3665,-0.0423,-0.0000,0.1573,-0.1463,0.0331,0.0000,10,0.2132,-0.0076,0
66.080,0.3655,-0.0421,-0.0000,0.1561,-0.1463,0.0331,0.0000,10,0.2132,-0.0076,0
66.098,0.3633,-0.0416,-0.0000,0.1539,-0.1463,0.0331,0.0000,10,0.2132,-0.0076,0
66.118,0.3633,-0.0416,-0.0000,0.1539,-0.1463,0.0331,0.0000,10,0.2132,-0.0076,0
66.139,0.3633,-0.0416,-0.0000,0.1539,-0.1463,0.0331,0.0000,10,0.2132,-0.0076,0
66.158,0.3633,-0.0416,-0.0000,0.1539,-0.1463,0.0331,0.0000,10,0.2132,-0.0076,0
66.179,0.3633,-0.0416,-0.0000,0.1539,-0.1463,0.0331,0.0000,10,0.2132,-0.0076,0
66.199,0.3622,-0.0413,-0.0000,0.1528,-0.1463,0.0331,0.0000,10,0.2132,-0.0076,0
66.218,0.3622,-0.0413,-0.0000,0.1528,-0.1463,0.0331,0.0000,10,0.2132,-0.0076,0
66.238,0.3622,-0.0413,-0.0000,0.1528,-0.1463,0.0331,0.0000,10,0.2132,-0.0076,0
66.258,0.3622,-0.0413,-0.0000,0.1528,-0.1463,0.0331,0.0000,10,0.2132,-0.0076,0
66.279,0.3611,-0.0411,-0.0000,0.1517,-0.1463,0.0331,0.0000,10,0.2132,-0.0076,0
66.298,0.3601,-0.0408,-0.0000,0.1506,-0.1463,0.0331,0.0000,10,0.2132,-0.0076,0
66.319,0.3590,-0.0406,-0.0000,0.2302,-0.1498,0.0068,0.0000,11,0.1290,-0.0302,0
66.338,0.3568,-0.0403,-0.0000,0.2280,-0.1499,0.0067,0.0000,11,0.1290,-0.0302,0
66.358,0.3568,-0.0403,-0.0000,0.2280,-0.1499,0.0067,0.0000,11,0.1290,-0.0302,0
66.379,0.3557,-0.0402,-0.0000,0.2269,-0.1499,0.0067,0.0000,11,0.1290,-0.0302,0
66.398,0.3546,-0.0402,-0.0000,0.2258,-0.1499,0.0067,0.0000,11,0.1290,-0.0302,0
66.418,0.3546,-0.0402,-0.0000,0.2258,-0.1499,0.0067,0.0000,11,0.1290,-0.0302,0
66.438,0.3546,-0.0402,-0.0000,0.2258,-0.1499,0.0067,0.0000,11,0.1290,-0.0302,0
66.458,0.3546,-0.0402,-0.0000,0.2258,-0.1499,0.0067,0.0000,11,0.1290,-0.0302,0
66.479,0.3524,-0.0401,-0.0000,0.2236,-0.1499,0.0067,0.0000,11,0.1290,-0.0302,0
66.498,0.3524,-0.0401,-0.0000,0.2236,-0.1499,0.0067,0.0000,11,0.1290,-0.0302,0
66.521,0.3524,-0.0401,-0.0000,0.2236,-0.1499,0.0067,0.0000,11,0.1290,-0.0302,0
66.540,0.3513,-0.0401,-0.0000,0.2225,-0.1499,0.0067,0.0000,11,0.1290,-0.0302,0
66.558,0.3513,-0.0401,-0.0000,0.2225,-0.1499,0.0067,0.0000,11,0.1290,-0.0302,0
66.580,0.3513,-0.0401,-0.0000,0.2225,-0.1499,0.0067,0.0000,11,0.1290,-0.0302,0
66.598,0.3513,-0.0401,-0.0000,0.2225,-0.1499,0.0067,0.0000,11,0.1290,-0.0302,0
66.619,0.3513,-0.0401,-0.0000,0.2225,-0.1499,0.0067,0.0000,11,0.1290,-0.0302,0
66.638,0.3513,-0.0401,-0.0000,0.2225,-0.1499,0.0067,0.0000,11,0.1290,-0.0302,0
66.658,0.3513,-0.0401,-0.0000,0.2225,-0.1499,0.0067,0.0000,11,0.1290,-0.0302,0
66.680,0.3513,-0.0401,-0.0000,0.2225,-0.1499,0.0067,0.0000,11,0.1290,-0.0302,0
66.699,0.3513,-0.0401,-0.0000,0.2225,-0.1499,0.0067,0.0000,11,0.1290,-0.0302,0
66.718,0.3502,-0.0400,-0.0000,0.2214,-0.1499,0.0067,0.0000,11,0.1290,-0.0302,0
66.738,0.3479,-0.0399,-0.0000,0.2192,-0.1499,0.0067,0.0000,11,0.1290,-0.0302,0
66.758,0.3468,-0.0399,-0.0000,0.2181,-0.1499,0.0067,0.0000,11,0.1290,-0.0302,0
66.779,0.3435,-0.0397,-0.0000,0.2147,-0.1499,0.0067,0.0000,11,0.1290,-0.0302,0
66.798,0.3413,-0.0396,-0.0000,0.2125,-0.1499,0.0067,0.0000,11,0.1290,-0.0302,0
66.820,0.3413,-0.0396,-0.0000,0.2125,-0.1499,0.0067,0.0000,11,0.1290,-0.0302,0
66.839,0.3402,-0.0396,-0.0000,0.2114,-0.1499,0.0067,0.0000,11,0.1290,-0.0302,0
66.859,0.3402,-0.0396,-0.0000,0.2114,-0.1499,0.0067,0.0000,11,0.1290,-0.0302,0
66.878,0.3402,-0.0396,-0.0000,0.2114,-0.1499,0.0067,0.0000,11,0.1290,-0.0302,0
66.899,0.3402,-0.0396,-0.0000,0.2114,-0.1499,0.0067,0.0000,11,0.1290,-0.0302,0
66.919,0.3402,-0.0396,-0.0000,0.2114,-0.1499,0.0067,0.0000,11,0.1290,-0.0302,0
66.938,0.3402,-0.0396,-0.0000,0.2114,-0.1499,0.0067,0.0000,11,0.1290,-0.0302,0
66.958,0.3402,-0.0396,-0.0000,0.2114,-0.1499,0.0067,0.0000,11,0.1290,-0.0302,0
66.978,0.3402,-0.0396,-0.0000,0.2114,-0.1499,0.0067,0.0000,11,0.1290,-0.0302,0
66.999,0.3402,-0.0396,-0.0000,0.2114,-0.1499,0.0067,0.0000,11,0.1290,-0.0302,0
67.018,0.3391,-0.0395,-0.0000,0.2103,-0.1499,0.0067,0.0000,11,0.1290,-0.0302,0
67.038,0.3369,-0.0394,-0.0000,0.2081,-0.1499,0.0067,0.0000,11,0.1290,-0.0302,0
67.058,0.3347,-0.0393,-0.0000,0.2059,-0.1499,0.0067,0.0000,11,0.1290,-0.0302,0
67.078,0.3325,-0.0392,-0.0000,0.2037,-0.1499,0.0067,0.0000,11,0.1290,-0.0302,0
67.098,0.3302,-0.0391,-0.0000,0.2015,-0.1499,0.0067,0.0000,11,0.1290,-0.0302,0
67.118,0.3302,-0.0391,-0.0000,0.2015,-0.1499,0.0067,0.0000,11,0.1290,-0.0302,0
67.138,0.3302,-0.0391,-0.0000,0.2015,-0.1499,0.0067,0.0000,11,0.1290,-0.0302,0
67.158,0.3302,-0.0391,-0.0000,0.2015,-0.1499,0.0067,0.0000,11,0.1290,-0.0302,0
67.178,0.3302,-0.0391,-0.0000,0.2015,-0.1499,0.0067,0.0000,11,0.1290,-0.0302,0
67.199,0.3291,-0.0391,-0.0000,0.2003,-0.1499,0.0067,0.0000,11,0.1290,-0.0302,0
67.218,0.3291,-0.0391,-0.0000,0.2003,-0.1499,0.0067,0.0000,11,0.1290,-0.0302,0
67.238,0.3291,-0.0391,-0.0000,0.2003,-0.1499,0.0067,0.0000,11,0.1290,-0.0302,0
67.258,0.3280,-0.0390,-0.0000,0.1992,-0.1499,0.0067,0.0000,11,0.1290,-0.0302,0
67.278,0.3269,-0.0390,-0.0000,0.1981,-0.1499,0.0067,0.0000,11,0.1290,-0.0302,0
67.298,0.3258,-0.0389,-0.0000,0.1970,-0.1499,0.0067,0.0000,11,0.1290,-0.0302,0
67.318,0.3247,-0.0389,-0.0000,0.1959,-0.1499,0.0067,0.0000,11,0.1290,-0.0302,0
67.338,0.3236,-0.0388,-0.0000,0.1948,-0.1499,0.0067,0.0000,11,0.1290,-0.0302,0
67.358,0.3225,-0.0388,-0.0000,0.1937,-0.1499,0.0067,0.0000,11,0.1290,-0.0302,0
67.378,0.3214,-0.0387,-0.0000,0.1926,-0.1499,0.0067,0.0000,11,0.1290,-0.0302,0
67.400,0.3214,-0.0387,-0.0000,0.1926,-0.1499,0.0067,0.0000,11,0.1290,-0.0302,0
67.418,0.3203,-0.0387,-0.0000,0.1915,-0.1499,0.0067,0.0000,11,0.1290,-0.0302,0
67.438,0.3192,-0.0386,-0.0000,0.1904,-0.1499,0.0067,0.0000,11,0.1290,-0.0302,0
67.458,0.3192,-0.0386,-0.0000,0.1904,-0.1499,0.0067,0.0000,11,0.1290,-0.0302,0
67.478,0.3192,-0.0386,-0.0000,0.1904,-0.1499,0.0067,0.0000,11,0.1290,-0.0302,0
67.498,0.3181,-0.0386,-0.0000,0.1893,-0.1499,0.0067,0.0000,11,0.1290,-0.0302,0
67.518,0.3181,-0.0386,-0.0000,0.1893,-0.1499,0.0067,0.0000,11,0.1290,-0.0302,0
67.538,0.3181,-0.0386,-0.0000,0.1893,-0.1499,0.0067,0.0000,11,0.1290,-0.0302,0
67.558,0.3181,-0.0386,-0.0000,0.1893,-0.1499,0.0067,0.0000,11,0.1290,-0.0302,0
67.579,0.3170,-0.0385,-0.0000,0.1882,-0.1499,0.0067,0.0000,11,0.1290,-0.0302,0
67.599,0.3159,-0.0385,-0.0000,0.1871,-0.1499,0.0067,0.0000,11,0.1290,-0.0302,0
67.618,0.3136,-0.0384,-0.0000,0.1848,-0.1499,0.0067,0.0000,11,0.1290,-0.0302,0
67.638,0.3125,-0.0383,-0.0000,0.1837,-0.1499,0.0067,0.0000,11,0.1290,-0.0302,0
67.659,0.3125,-0.0383,-0.0000,0.1837,-0.1499,0.0067,0.0000,11,0.1290,-0.0302,0
67.678,0.3125,-0.0383,-0.0000,0.1837,-0.1499,0.0067,0.0000,11,0.1290,-0.0302,0
67.698,0.3114,-0.0383,-0.0000,0.1826,-0.1499,0.0067,0.0000,11,0.1290,-0.0302,0
67.718,0.3103,-0.0382,-0.0000,0.1815,-0.1499,0.0067,0.0000,11,0.1290,-0.0302,0
67.740,0.3103,-0.0382,-0.0000,0.1815,-0.1499,0.0067,0.0000,11,0.1290,-0.0302,0
67.758,0.3092,-0.0382,-0.0000,0.1804,-0.1499,0.0067,0.0000,11,0.1290,-0.0302,0
67.778,0.3081,-0.0381,-0.0000,0.1793,-0.1499,0.0067,0.0000,11,0.1290,-0.0302,0
67.798,0.3081,-0.0381,-0.0000,0.1793,-0.1499,0.0067,0.0000,11,0.1290,-0.0302,0
67.818,0.3081,-0.0381,-0.0000,0.1793,-0.1499,0.0067,0.0000,11,0.1290,-0.0302,0
67.838,0.3081,-0.0381,-0.0000,0.1793,-0.1499,0.0067,0.0000,11,0.1290,-0.0302,0
67.859,0.3081,-0.0381,-0.0000,0.1793,-0.1499,0.0067,0.0000,11,0.1290,-0.0302,0
67.879,0.3070,-0.0381,-0.0000,0.1782,-0.1499,0.0067,0.0000,11,0.1290,-0.0302,0
67.898,0.3070,-0.0381,-0.0000,0.1782,-0.1499,0.0067,0.0000,11,0.1290,-0.0302,0
67.919,0.3070,-0.0381,-0.0000,0.1782,-0.1499,0.0067,0.0000,11,0.1290,-0.0302,0
67.939,0.3070,-0.0381,-0.0000,0.1782,-0.1499,0.0067,0.0000,11,0.1290,-0.0302,0
67.958,0.3070,-0.0381,-0.0000,0.1782,-0.1499,0.0067,0.0000,11,0.1290,-0.0302,0
67.978,0.3070,-0.0381,-0.0000,0.1782,-0.1499,0.0067,0.0000,11,0.1290,-0.0302,0
67.999,0.3070,-0.0381,-0.0000,0.1782,-0.1499,0.0067,0.0000,11,0.1290,-0.0302,0
68.018,0.3070,-0.0381,-0.0000,0.1782,-0.1499,0.0067,0.0000,11,0.1290,-0.0302,0
68.038,0.3059,-0.0380,-0.0000,0.1771,-0.1499,0.0067,0.0000,11,0.1290,-0.0302,0
68.058,0.3037,-0.0379,-0.0000,0.1749,-0.1499,0.0067,0.0000,11,0.1290,-0.0302,0
68.078,0.3015,-0.0378,-0.0000,0.1727,-0.1499,0.0067,0.0000,11,0.1290,-0.0302,0
68.098,0.2993,-0.0377,-0.0000,0.1704,-0.1499,0.0067,0.0000,11,0.1290,-0.0302,0
68.118,0.2993,-0.0377,-0.0000,0.1704,-0.1499,0.0067,0.0000,11,0.1290,-0.0302,0
68.138,0.2970,-0.0376,-0.0000,0.1682,-0.1499,0.0067,0.0000,11,0.1290,-0.0302,0
68.159,0.2959,-0.0376,-0.0000,0.1671,-0.1499,0.0067,0.0000,11,0.1290,-0.0302,0
68.178,0.2959,-0.0376,-0.0000,0.1671,-0.1499,0.0067,0.0000,11,0.1290,-0.0302,0
68.198,0.2948,-0.0375,-0.0000,0.1660,-0.1499,0.0067,0.0000,11,0.1290,-0.0302,0
68.218,0.2948,-0.0375,-0.0000,0.1660,-0.1499,0.0067,0.0000,11,0.1290,-0.0302,0
68.239,0.2948,-0.0375,-0.0000,0.1660,-0.1499,0.0067,0.0000,11,0.1290,-0.0302,0
68.258,0.2948,-0.0375,-0.0000,0.1660,-0.1499,0.0067,0.0000,11,0.1290,-0.0302,0
68.278,0.2948,-0.0375,-0.0000,0.1660,-0.1499,0.0067,0.0000,11,0.1290,-0.0302,0
68.299,0.2948,-0.0375,-0.0000,0.1660,-0.1499,0.0067,0.0000,11,0.1290,-0.0302,0
68.318,0.2948,-0.0375,-0.0000,0.1660,-0.1499,0.0067,0.0000,11,0.1290,-0.0302,0
68.338,0.2948,-0.0375,-0.0000,0.1660,-0.1499,0.0067,0.0000,11,0.1290,-0.0302,0
68.358,0.2948,-0.0375,-0.0000,0.1660,-0.1499,0.0067,0.0000,11,0.1290,-0.0302,0
68.379,0.2948,-0.0375,-0.0000,0.1660,-0.1499,0.0067,0.0000,11,0.1290,-0.0302,0
68.398,0.2937,-0.0375,-0.0000,0.1649,-0.1499,0.0067,0.0000,11,0.1290,-0.0302,0
68.418,0.2915,-0.0374,-0.0000,0.1627,-0.1499,0.0067,0.0000,11,0.1290,-0.0302,0
68.439,0.2904,-0.0373,-0.0000,0.1616,-0.1499,0.0067,0.0000,11,0.1290,-0.0302,0
68.458,0.2882,-0.0372,-0.0000,0.1594,-0.1499,0.0067,0.0000,11,0.1290,-0.0302,0
68.480,0.2882,-0.0372,-0.0000,0.1594,-0.1499,0.0067,0.0000,11,0.1290,-0.0302,0
68.498,0.2871,-0.0372,-0.0000,0.1583,-0.1499,0.0067,0.0000,11,0.1290,-0.0302,0
68.518,0.2871,-0.0372,-0.0000,0.1583,-0.1499,0.0067,0.0000,11,0.1290,-0.0302,0
68.538,0.2871,-0.0372,-0.0000,0.1583,-0.1499,0.0067,0.0000,11,0.1290,-0.0302,0
68.558,0.2871,-0.0372,-0.0000,0.1583,-0.1499,0.0067,0.0000,11,0.1290,-0.0302,0
68.579,0.2871,-0.0372,-0.0000,0.1583,-0.1499,0.0067,0.0000,11,0.1290,-0.0302,0
68.598,0.2871,-0.0372,-0.0000,0.1583,-0.1499,0.0067,0.0000,11,0.1290,-0.0302,0
68.618,0.2871,-0.0372,-0.0000,0.1583,-0.1499,0.0067,0.0000,11,0.1290,-0.0302,0
68.638,0.2849,-0.0371,-0.0000,0.1560,-0.1499,0.0067,0.0000,11,0.1290,-0.0302,0
68.658,0.2838,-0.0370,-0.0000,0.1549,-0.1499,0.0067,0.0000,11,0.1290,-0.0302,0
68.678,0.2838,-0.0370,-0.0000,0.1549,-0.1499,0.0067,0.0000,11,0.1290,-0.0302,0
68.698,0.2804,-0.0369,-0.0000,0.1516,-0.1499,0.0067,0.0000,11,0.1290,-0.0302,0
68.719,0.2804,-0.0369,-0.0000,0.1516,-0.1499,0.0067,0.0000,11,0.1290,-0.0302,0
68.739,0.2782,-0.0368,-0.0000,0.2302,-0.1487,-0.0197,0.0000,12,0.0500,-0.0670,0
68.758,0.2782,-0.0368,-0.0000,0.2302,-0.1487,-0.0197,0.0000,12,0.0500,-0.0670,0
68.779,0.2782,-0.0368,-0.0000,0.2302,-0.1487,-0.0197,0.0000,12,0.0500,-0.0670,0
68.798,0.2771,-0.0369,-0.0000,0.2291,-0.1487,-0.0197,0.0000,12,0.0500,-0.0670,0
68.818,0.2771,-0.0369,-0.0000,0.2291,-0.1487,-0.0197,0.0000,12,0.0500,-0.0670,0
68.839,0.2771,-0.0369,-0.0000,0.2291,-0.1487,-0.0197,0.0000,12,0.0500,-0.0670,0
68.859,0.2771,-0.0369,-0.0000,0.2291,-0.1487,-0.0197,0.0000,12,0.0500,-0.0670,0
68.878,0.2771,-0.0369,-0.0000,0.2291,-0.1487,-0.0197,0.0000,12,0.0500,-0.0670,0
68.898,0.2771,-0.0369,-0.0000,0.2291,-0.1487,-0.0197,0.0000,12,0.0500,-0.0670,0
68.918,0.2771,-0.0369,-0.0000,0.2291,-0.1487,-0.0197,0.0000,12,0.0500,-0.0670,0
68.938,0.2771,-0.0369,-0.0000,0.2291,-0.1487,-0.0197,0.0000,12,0.0500,-0.0670,0
68.958,0.2771,-0.0369,-0.0000,0.2291,-0.1487,-0.0197,0.0000,12,0.0500,-0.0670,0
68.979,0.2771,-0.0369,-0.0000,0.2291,-0.1487,-0.0197,0.0000,12,0.0500,-0.0670,0
68.999,0.2771,-0.0369,-0.0000,0.2291,-0.1487,-0.0197,0.0000,12,0.0500,-0.0670,0
69.018,0.2760,-0.0371,-0.0000,0.2280,-0.1487,-0.0197,0.0000,12,0.0500,-0.0670,0
69.038,0.2749,-0.0372,-0.0000,0.2269,-0.1487,-0.0197,0.0000,12,0.0500,-0.0670,0
69.058,0.2727,-0.0375,-0.0000,0.2247,-0.1487,-0.0197,0.0000,12,0.0500,-0.0670,0
69.078,0.2716,-0.0377,-0.0000,0.2236,-0.1487,-0.0197,0.0000,12,0.0500,-0.0670,0
69.098,0.2716,-0.0377,-0.0000,0.2236,-0.1487,-0.0197,0.0000,12,0.0500,-0.0670,0
69.119,0.2716,-0.0377,-0.0000,0.2236,-0.1487,-0.0197,0.0000,12,0.0500,-0.0670,0
69.138,0.2694,-0.0380,-0.0000,0.2214,-0.1487,-0.0197,0.0000,12,0.0500,-0.0670,0
69.158,0.2694,-0.0380,-0.0000,0.2214,-0.1487,-0.0197,0.0000,12,0.0500,-0.0670,0
69.178,0.2694,-0.0380,-0.0000,0.2214,-0.1487,-0.0197,0.0000,12,0.0500,-0.0670,0
69.198,0.2694,-0.0380,-0.0000,0.2214,-0.1487,-0.0197,0.0000,12,0.0500,-0.0670,0
69.219,0.2694,-0.0380,-0.0000,0.2214,-0.1487,-0.0197,0.0000,12,0.0500,-0.0670,0
69.239,0.2694,-0.0380,-0.0000,0.2214,-0.1487,-0.0197,0.0000,12,0.0500,-0.0670,0
69.259,0.2694,-0.0380,-0.0000,0.2214,-0.1487,-0.0197,0.0000,12,0.0500,-0.0670,0
69.279,0.2672,-0.0383,-0.0000,0.2191,-0.1487,-0.0197,0.0000,12,0.0500,-0.0670,0
69.298,0.2662,-0.0384,-0.0000,0.2180,-0.1487,-0.0197,0.0000,12,0.0500,-0.0670,0
69.318,0.2662,-0.0384,-0.0000,0.2180,-0.1487,-0.0197,0.0000,12,0.0500,-0.0670,0
69.338,0.2629,-0.0388,-0.0000,0.2147,-0.1487,-0.0197,0.0000,12,0.0500,-0.0670,0
69.360,0.2629,-0.0388,-0.0000,0.2147,-0.1487,-0.0197,0.0000,12,0.0500,-0.0670,0
69.378,0.2607,-0.0391,-0.0000,0.2125,-0.1487,-0.0197,0.0000,12,0.0500,-0.0670,0
69.398,0.2596,-0.0393,-0.0000,0.2114,-0.1487,-0.0197,0.0000,12,0.0500,-0.0670,0
69.422,0.2596,-0.0393,-0.0000,0.2114,-0.1487,-0.0197,0.0000,12,0.0500,-0.0670,0
69.438,0.2596,-0.0393,-0.0000,0.2114,-0.1487,-0.0197,0.0000,12,0.0500,-0.0670,0
69.458,0.2596,-0.0393,-0.0000,0.2114,-0.1487,-0.0197,0.0000,12,0.0500,-0.0670,0
69.480,0.2596,-0.0393,-0.0000,0.2114,-0.1487,-0.0197,0.0000,12,0.0500,-0.0670,0
69.499,0.2585,-0.0394,-0.0000,0.2103,-0.1487,-0.0197,0.0000,12,0.0500,-0.0670,0
69.518,0.2585,-0.0394,-0.0000,0.2103,-0.1487,-0.0197,0.0000,12,0.0500,-0.0670,0
69.538,0.2585,-0.0394,-0.0000,0.2103,-0.1487,-0.0197,0.0000,12,0.0500,-0.0670,0
69.558,0.2585,-0.0394,-0.0000,0.2103,-0.1487,-0.0197,0.0000,12,0.0500,-0.0670,0
69.578,0.2585,-0.0394,-0.0000,0.2103,-0.1487,-0.0197,0.0000,12,0.0500,-0.0670,0
69.598,0.2585,-0.0394,-0.0000,0.2103,-0.1487,-0.0197,0.0000,12,0.0500,-0.0670,0
69.618,0.2563,-0.0397,-0.0000,0.2081,-0.1487,-0.0197,0.0000,12,0.0500,-0.0670,0
69.638,0.2552,-0.0398,-0.0000,0.2070,-0.1487,-0.0197,0.0000,12,0.0500,-0.0670,0
69.659,0.2552,-0.0398,-0.0000,0.2070,-0.1487,-0.0197,0.0000,12,0.0500,-0.0670,0
69.678,0.2519,-0.0403,-0.0000,0.2036,-0.1487,-0.0197,0.0000,12,0.0500,-0.0670,0
69.699,0.2519,-0.0403,-0.0000,0.2036,-0.1487,-0.0197,0.0000,12,0.0500,-0.0670,0
69.718,0.2519,-0.0403,-0.0000,0.2036,-0.1487,-0.0197,0.0000,12,0.0500,-0.0670,0
69.738,0.2519,-0.0403,-0.0000,0.2036,-0.1487,-0.0197,0.0000,12,0.0500,-0.0670,0
69.760,0.2508,-0.0404,-0.0000,0.2025,-0.1487,-0.0197,0.0000,12,0.0500,-0.0670,0
69.778,0.2497,-0.0406,-0.0000,0.2014,-0.1487,-0.0197,0.0000,12,0.0500,-0.0670,0
69.798,0.2497,-0.0406,-0.0000,0.2014,-0.1487,-0.0197,0.0000,12,0.0500,-0.0670,0
69.818,0.2486,-0.0407,-0.0000,0.2003,-0.1487,-0.0197,0.0000,12,0.0500,-0.0670,0
69.838,0.2486,-0.0407,-0.0000,0.2003,-0.1487,-0.0197,0.0000,12,0.0500,-0.0670,0
69.858,0.2486,-0.0407,-0.0000,0.2003,-0.1487,-0.0197,0.0000,12,0.0500,-0.0670,0
69.878,0.2486,-0.0407,-0.0000,0.2003,-0.1487,-0.0197,0.0000,12,0.0500,-0.0670,0
69.898,0.2486,-0.0407,-0.0000,0.2003,-0.1487,-0.0197,0.0000,12,0.0500,-0.0670,0
69.919,0.2486,-0.0407,-0.0000,0.2003,-0.1487,-0.0197,0.0000,12,0.0500,-0.0670,0
69.938,0.2486,-0.0407,-0.0000,0.2003,-0.1487,-0.0197,0.0000,12,0.0500,-0.0670,0
69.959,0.2486,-0.0407,-0.0000,0.2003,-0.1487,-0.0197,0.0000,12,0.0500,-0.0670,0
69.978,0.2486,-0.0407,-0.0000,0.2003,-0.1487,-0.0197,0.0000,12,0.0500,-0.0670,0
69.998,0.2475,-0.0409,-0.0000,0.1992,-0.1487,-0.0197,0.0000,12,0.0500,-0.0670,0
70.018,0.2464,-0.0410,-0.0000,0.1981,-0.1487,-0.0197,0.0000,12,0.0500,-0.0670,0
70.038,0.2442,-0.0413,-0.0000,0.1959,-0.1487,-0.0197,0.0000,12,0.0500,-0.0670,0
70.058,0.2420,-0.0416,-0.0000,0.1937,-0.1487,-0.0197,0.0000,12,0.0500,-0.0670,0
70.078,0.2420,-0.0416,-0.0000,0.1937,-0.1487,-0.0197,0.0000,12,0.0500,-0.0670,0
70.100,0.2420,-0.0416,-0.0000,0.1937,-0.1487,-0.0197,0.0000,12,0.0500,-0.0670,0
70.119,0.2398,-0.0419,-0.0000,0.1914,-0.1487,-0.0197,0.0000,12,0.0500,-0.0670,0
70.139,0.2398,-0.0419,-0.0000,0.1914,-0.1487,-0.0197,0.0000,12,0.0500,-0.0670,0
70.158,0.2398,-0.0419,-0.0000,0.1914,-0.1487,-0.0197,0.0000,12,0.0500,-0.0670,0
70.180,0.2398,-0.0419,-0.0000,0.1914,-0.1487,-0.0197,0.0000,12,0.0500,-0.0670,0
70.198,0.2398,-0.0419,-0.0000,0.1914,-0.1487,-0.0197,0.0000,12,0.0500,-0.0670,0
70.218,0.2398,-0.0419,-0.0000,0.1914,-0.1487,-0.0197,0.0000,12,0.0500,-0.0670,0
70.240,0.2398,-0.0419,-0.0000,0.1914,-0.1487,-0.0197,0.0000,12,0.0500,-0.0670,0
70.258,0.2387,-0.0420,-0.0000,0.1903,-0.1487,-0.0197,0.0000,12,0.0500,-0.0670,0
70.278,0.2365,-0.0423,-0.0000,0.1881,-0.1487,-0.0197,0.0000,12,0.0500,-0.0670,0
70.298,0.2354,-0.0425,-0.0000,0.1870,-0.1487,-0.0197,0.0000,12,0.0500,-0.0670,0
70.319,0.2343,-0.0426,-0.0000,0.1859,-0.1487,-0.0197,0.0000,12,0.0500,-0.0670,0
70.338,0.2332,-0.0428,-0.0000,0.1848,-0.1487,-0.0197,0.0000,12,0.0500,-0.0670,0
70.359,0.2332,-0.0428,-0.0000,0.1848,-0.1487,-0.0197,0.0000,12,0.0500,-0.0670,0
70.378,0.2332,-0.0428,-0.0000,0.1848,-0.1487,-0.0197,0.0000,12,0.0500,-0.0670,0
70.398,0.2310,-0.0430,-0.0000,0.1826,-0.1487,-0.0197,0.0000,12,0.0500,-0.0670,0
70.419,0.2299,-0.0432,-0.0000,0.1815,-0.1487,-0.0197,0.0000,12,0.0500,-0.0670,0
70.438,0.2299,-0.0432,-0.0000,0.1815,-0.1487,-0.0197,0.0000,12,0.0500,-0.0670,0
70.459,0.2299,-0.0432,-0.0000,0.1815,-0.1487,-0.0197,0.0000,12,0.0500,-0.0670,0
70.479,0.2288,-0.0433,-0.0000,0.1804,-0.1487,-0.0197,0.0000,12,0.0500,-0.0670,0
70.498,0.2288,-0.0433,-0.0000,0.1804,-0.1487,-0.0197,0.0000,12,0.0500,-0.0670,0
70.518,0.2288,-0.0433,-0.0000,0.1804,-0.1487,-0.0197,0.0000,12,0.0500,-0.0670,0
70.540,0.2288,-0.0433,-0.0000,0.1804,-0.1487,-0.0197,0.0000,12,0.0500,-0.0670,0
70.558,0.2266,-0.0436,-0.0000,0.1782,-0.1487,-0.0197,0.0000,12,0.0500,-0.0670,0
70.578,0.2266,-0.0436,-0.0000,0.1782,-0.1487,-0.0197,0.0000,12,0.0500,-0.0670,0
70.599,0.2266,-0.0436,-0.0000,0.1782,-0.1487,-0.0197,0.0000,12,0.0500,-0.0670,0
70.618,0.2244,-0.0439,-0.0000,0.1759,-0.1487,-0.0197,0.0000,12,0.0500,-0.0670,0
70.639,0.2244,-0.0439,-0.0000,0.1759,-0.1487,-0.0197,0.0000,12,0.0500,-0.0670,0
70.658,0.2244,-0.0439,-0.0000,0.1759,-0.1487,-0.0197,0.0000,12,0.0500,-0.0670,0
70.678,0.2233,-0.0441,-0.0000,0.1748,-0.1487,-0.0197,0.0000,12,0.0500,-0.0670,0
70.698,0.2222,-0.0442,-0.0000,0.1737,-0.1487,-0.0197,0.0000,12,0.0500,-0.0670,0
70.718,0.2222,-0.0442,-0.0000,0.1737,-0.1487,-0.0197,0.0000,12,0.0500,-0.0670,0
70.739,0.2211,-0.0444,-0.0000,0.1726,-0.1487,-0.0197,0.0000,12,0.0500,-0.0670,0
70.758,0.2200,-0.0445,-0.0000,0.1715,-0.1487,-0.0197,0.0000,12,0.0500,-0.0670,0
70.778,0.2200,-0.0445,-0.0000,0.1715,-0.1487,-0.0197,0.0000,12,0.0500,-0.0670,0
70.800,0.2200,-0.0445,-0.0000,0.1715,-0.1487,-0.0197,0.0000,12,0.0500,-0.0670,0
70.818,0.2200,-0.0445,-0.0000,0.1715,-0.1487,-0.0197,0.0000,12,0.0500,-0.0670,0
70.839,0.2200,-0.0445,-0.0000,0.1715,-0.1487,-0.0197,0.0000,12,0.0500,-0.0670,0
70.858,0.2189,-0.0446,-0.0000,0.1704,-0.1487,-0.0197,0.0000,12,0.0500,-0.0670,0
70.879,0.2189,-0.0446,-0.0000,0.1704,-0.1487,-0.0197,0.0000,12,0.0500,-0.0670,0
70.898,0.2189,-0.0446,-0.0000,0.1704,-0.1487,-0.0197,0.0000,12,0.0500,-0.0670,0
70.919,0.2189,-0.0446,-0.0000,0.1704,-0.1487,-0.0197,0.0000,12,0.0500,-0.0670,0
70.938,0.2167,-0.0449,-0.0000,0.1682,-0.1487,-0.0197,0.0000,12,0.0500,-0.0670,0
70.958,0.2167,-0.0449,-0.0000,0.1682,-0.1487,-0.0197,0.0000,12,0.0500,-0.0670,0
70.978,0.2167,-0.0449,-0.0000,0.1682,-0.1487,-0.0197,0.0000,12,0.0500,-0.0670,0
70.998,0.2134,-0.0454,-0.0000,0.1649,-0.1487,-0.0197,0.0000,12,0.0500,-0.0670,0
71.018,0.2134,-0.0454,-0.0000,0.1649,-0.1487,-0.0197,0.0000,12,0.0500,-0.0670,0
71.039,0.2134,-0.0454,-0.0000,0.1649,-0.1487,-0.0197,0.0000,12,0.0500,-0.0670,0
71.058,0.2112,-0.0457,-0.0000,0.1626,-0.1487,-0.0197,0.0000,12,0.0500,-0.0670,0
71.079,0.2090,-0.0459,-0.0000,0.1604,-0.1487,-0.0197,0.0000,12,0.0500,-0.0670,0
71.098,0.2090,-0.0459,-0.0000,0.1604,-0.1487,-0.0197,0.0000,12,0.0500,-0.0670,0
71.118,0.2069,-0.0462,-0.0000,0.1582,-0.1487,-0.0197,0.0000,12,0.0500,-0.0670,0
71.138,0.2069,-0.0462,-0.0000,0.1582,-0.1487,-0.0197,0.0000,12,0.0500,-0.0670,0
71.158,0.2069,-0.0462,-0.0000,0.1582,-0.1487,-0.0197,0.0000,12,0.0500,-0.0670,0
71.178,0.2069,-0.0462,-0.0000,0.1582,-0.1487,-0.0197,0.0000,12,0.0500,-0.0670,0
71.200,0.2069,-0.0462,-0.0000,0.1582,-0.1487,-0.0197,0.0000,12,0.0500,-0.0670,0
71.219,0.2058,-0.0464,-0.0000,0.1571,-0.1487,-0.0197,0.0000,12,0.0500,-0.0670,0
71.238,0.2058,-0.0464,-0.0000,0.1571,-0.1487,-0.0197,0.0000,12,0.0500,-0.0670,0
71.258,0.2058,-0.0464,-0.0000,0.1571,-0.1487,-0.0197,0.0000,12,0.0500,-0.0670,0
71.278,0.2047,-0.0465,-0.0000,0.1560,-0.1487,-0.0197,0.0000,12,0.0500,-0.0670,0
71.298,0.2036,-0.0467,-0.0000,0.1549,-0.1487,-0.0197,0.0000,12,0.0500,-0.0670,0
71.318,0.2036,-0.0467,-0.0000,0.1549,-0.1487,-0.0197,0.0000,12,0.0500,-0.0670,0
71.338,0.2025,-0.0468,-0.0000,0.1538,-0.1487,-0.0197,0.0000,12,0.0500,-0.0670,0
71.359,0.2003,-0.0471,-0.0000,0.1516,-0.1487,-0.0197,0.0000,12,0.0500,-0.0670,0
71.379,0.1992,-0.0473,-0.0000,0.1505,-0.1487,-0.0197,0.0000,12,0.0500,-0.0670,0
71.399,0.1981,-0.0474,-0.0000,0.2302,-0.1430,-0.0453,0.0000,13,-0.0214,-0.1170,0
71.419,0.1981,-0.0474,-0.0000,0.2302,-0.1430,-0.0453,0.0000,13,-0.0214,-0.1170,0
71.439,0.1981,-0.0474,-0.0000,0.2302,-0.1430,-0.0453,0.0000,13,-0.0214,-0.1170,0
71.458,0.1959,-0.0479,-0.0000,0.2280,-0.1429,-0.0455,0.0000,13,-0.0214,-0.1170,0
71.478,0.1959,-0.0479,-0.0000,0.2280,-0.1429,-0.0455,0.0000,13,-0.0214,-0.1170,0
71.498,0.1959,-0.0479,-0.0000,0.2280,-0.1429,-0.0455,0.0000,13,-0.0214,-0.1170,0
71.518,0.1949,-0.0482,-0.0000,0.2269,-0.1429,-0.0455,0.0000,13,-0.0214,-0.1170,0
71.538,0.1949,-0.0482,-0.0000,0.2269,-0.1429,-0.0455,0.0000,13,-0.0214,-0.1170,0
71.558,0.1949,-0.0482,-0.0000,0.2269,-0.1429,-0.0455,0.0000,13,-0.0214,-0.1170,0
71.578,0.1949,-0.0482,-0.0000,0.2269,-0.1429,-0.0455,0.0000,13,-0.0214,-0.1170,0
71.598,0.1949,-0.0482,-0.0000,0.2269,-0.1429,-0.0455,0.0000,13,-0.0214,-0.1170,0
71.618,0.1949,-0.0482,-0.0000,0.2269,-0.1429,-0.0455,0.0000,13,-0.0214,-0.1170,0
71.638,0.1949,-0.0482,-0.0000,0.2269,-0.1429,-0.0455,0.0000,13,-0.0214,-0.1170,0
71.658,0.1949,-0.0482,-0.0000,0.2269,-0.1429,-0.0455,0.0000,13,-0.0214,-0.1170,0
71.678,0.1949,-0.0482,-0.0000,0.2269,-0.1429,-0.0455,0.0000,13,-0.0214,-0.1170,0
71.699,0.1949,-0.0482,-0.0000,0.2269,-0.1429,-0.0455,0.0000,13,-0.0214,-0.1170,0
71.720,0.1949,-0.0482,-0.0000,0.2269,-0.1429,-0.0455,0.0000,13,-0.0214,-0.1170,0
71.738,0.1938,-0.0486,-0.0000,0.2258,-0.1429,-0.0455,0.0000,13,-0.0214,-0.1170,0
71.758,0.1917,-0.0492,-0.0000,0.2236,-0.1429,-0.0455,0.0000,13,-0.0214,-0.1170,0
71.778,0.1906,-0.0496,-0.0000,0.2225,-0.1429,-0.0455,0.0000,13,-0.0214,-0.1170,0
71.799,0.1885,-0.0502,-0.0000,0.2203,-0.1429,-0.0455,0.0000,13,-0.0214,-0.1170,0
71.818,0.1864,-0.0509,-0.0000,0.2181,-0.1429,-0.0455,0.0000,13,-0.0214,-0.1170,0
71.838,0.1864,-0.0509,-0.0000,0.2181,-0.1429,-0.0455,0.0000,13,-0.0214,-0.1170,0
71.858,0.1864,-0.0509,-0.0000,0.2181,-0.1429,-0.0455,0.0000,13,-0.0214,-0.1170,0
71.878,0.1864,-0.0509,-0.0000,0.2181,-0.1429,-0.0455,0.0000,13,-0.0214,-0.1170,0
71.901,0.1864,-0.0509,-0.0000,0.2181,-0.1429,-0.0455,0.0000,13,-0.0214,-0.1170,0
71.919,0.1854,-0.0512,-0.0000,0.2170,-0.1429,-0.0455,0.0000,13,-0.0214,-0.1170,0
71.938,0.1854,-0.0512,-0.0000,0.2170,-0.1429,-0.0455,0.0000,13,-0.0214,-0.1170,0
71.960,0.1854,-0.0512,-0.0000,0.2170,-0.1429,-0.0455,0.0000,13,-0.0214,-0.1170,0
71.978,0.1854,-0.0512,-0.0000,0.2170,-0.1429,-0.0455,0.0000,13,-0.0214,-0.1170,0
71.998,0.1854,-0.0512,-0.0000,0.2170,-0.1429,-0.0455,0.0000,13,-0.0214,-0.1170,0
72.018,0.1854,-0.0512,-0.0000,0.2170,-0.1429,-0.0455,0.0000,13,-0.0214,-0.1170,0
72.038,0.1854,-0.0512,-0.0000,0.2170,-0.1429,-0.0455,0.0000,13,-0.0214,-0.1170,0
72.058,0.1854,-0.0512,-0.0000,0.2170,-0.1429,-0.0455,0.0000,13,-0.0214,-0.1170,0
72.080,0.1854,-0.0512,-0.0000,0.2170,-0.1429,-0.0455,0.0000,13,-0.0214,-0.1170,0
72.098,0.1843,-0.0516,-0.0000,0.2158,-0.1429,-0.0455,0.0000,13,-0.0214,-0.1170,0
72.118,0.1822,-0.0522,-0.0000,0.2136,-0.1429,-0.0455,0.0000,13,-0.0214,-0.1170,0
72.139,0.1822,-0.0522,-0.0000,0.2136,-0.1429,-0.0455,0.0000,13,-0.0214,-0.1170,0
72.158,0.1822,-0.0522,-0.0000,0.2136,-0.1429,-0.0455,0.0000,13,-0.0214,-0.1170,0
72.178,0.1822,-0.0522,-0.0000,0.2136,-0.1429,-0.0455,0.0000,13,-0.0214,-0.1170,0
72.198,0.1822,-0.0522,-0.0000,0.2136,-0.1429,-0.0455,0.0000,13,-0.0214,-0.1170,0
72.219,0.1822,-0.0522,-0.0000,0.2136,-0.1429,-0.0455,0.0000,13,-0.0214,-0.1170,0
72.238,0.1790,-0.0533,-0.0000,0.2103,-0.1429,-0.0455,0.0000,13,-0.0214,-0.1170,0
72.258,0.1780,-0.0536,-0.0000,0.2092,-0.1429,-0.0455,0.0000,13,-0.0214,-0.1170,0
72.278,0.1748,-0.0546,-0.0000,0.2059,-0.1429,-0.0455,0.0000,13,-0.0214,-0.1170,0
72.298,0.1727,-0.0553,-0.0000,0.2037,-0.1429,-0.0455,0.0000,13,-0.0214,-0.1170,0
72.318,0.1727,-0.0553,-0.0000,0.2037,-0.1429,-0.0455,0.0000,13,-0.0214,-0.1170,0
72.338,0.1706,-0.0559,-0.0000,0.2014,-0.1429,-0.0455,0.0000,13,-0.0214,-0.1170,0
72.358,0.1695,-0.0563,-0.0000,0.2003,-0.1429,-0.0455,0.0000,13,-0.0214,-0.1170,0
72.379,0.1695,-0.0563,-0.0000,0.2003,-0.1429,-0.0455,0.0000,13,-0.0214,-0.1170,0
72.399,0.1695,-0.0563,-0.0000,0.2003,-0.1429,-0.0455,0.0000,13,-0.0214,-0.1170,0
72.418,0.1674,-0.0569,-0.0000,0.1981,-0.1429,-0.0455,0.0000,13,-0.0214,-0.1170,0
72.438,0.1674,-0.0569,-0.0000,0.1981,-0.1429,-0.0455,0.0000,13,-0.0214,-0.1170,0
72.458,0.1674,-0.0569,-0.0000,0.1981,-0.1429,-0.0455,0.0000,13,-0.0214,-0.1170,0
72.478,0.1674,-0.0569,-0.0000,0.1981,-0.1429,-0.0455,0.0000,13,-0.0214,-0.1170,0
72.498,0.1664,-0.0573,-0.0000,0.1970,-0.1429,-0.0455,0.0000,13,-0.0214,-0.1170,0
72.518,0.1653,-0.0576,-0.0000,0.1959,-0.1429,-0.0455,0.0000,13,-0.0214,-0.1170,0
72.538,0.1642,-0.0580,-0.0000,0.1948,-0.1429,-0.0455,0.0000,13,-0.0214,-0.1170,0
72.559,0.1642,-0.0580,-0.0000,0.1948,-0.1429,-0.0455,0.0000,13,-0.0214,-0.1170,0
72.578,0.1642,-0.0580,-0.0000,0.1948,-0.1429,-0.0455,0.0000,13,-0.0214,-0.1170,0
72.598,0.1632,-0.0583,-0.0000,0.1937,-0.1429,-0.0455,0.0000,13,-0.0214,-0.1170,0
72.618,0.1621,-0.0586,-0.0000,0.1926,-0.1429,-0.0455,0.0000,13,-0.0214,-0.1170,0
72.638,0.1621,-0.0586,-0.0000,0.1926,-0.1429,-0.0455,0.0000,13,-0.0214,-0.1170,0
72.659,0.1621,-0.0586,-0.0000,0.1926,-0.1429,-0.0455,0.0000,13,-0.0214,-0.1170,0
72.678,0.1600,-0.0593,-0.0000,0.1904,-0.1429,-0.0455,0.0000,13,-0.0214,-0.1170,0
72.700,0.1600,-0.0593,-0.0000,0.1904,-0.1429,-0.0455,0.0000,13,-0.0214,-0.1170,0
72.719,0.1590,-0.0596,-0.0000,0.1893,-0.1429,-0.0455,0.0000,13,-0.0214,-0.1170,0
72.738,0.1579,-0.0600,-0.0000,0.1882,-0.1429,-0.0455,0.0000,13,-0.0214,-0.1170,0
72.759,0.1579,-0.0600,-0.0000,0.1882,-0.1429,-0.0455,0.0000,13,-0.0214,-0.1170,0
72.778,0.1579,-0.0600,-0.0000,0.1882,-0.1429,-0.0455,0.0000,13,-0.0214,-0.1170,0
72.798,0.1579,-0.0600,-0.0000,0.1882,-0.1429,-0.0455,0.0000,13,-0.0214,-0.1170,0
72.819,0.1579,-0.0600,-0.0000,0.1882,-0.1429,-0.0455,0.0000,13,-0.0214,-0.1170,0
72.839,0.1569,-0.0603,-0.0000,0.1870,-0.1429,-0.0455,0.0000,13,-0.0214,-0.1170,0
72.858,0.1569,-0.0603,-0.0000,0.1870,-0.1429,-0.0455,0.0000,13,-0.0214,-0.1170,0
72.879,0.1569,-0.0603,-0.0000,0.1870,-0.1429,-0.0455,0.0000,13,-0.0214,-0.1170,0
72.898,0.1569,-0.0603,-0.0000,0.1870,-0.1429,-0.0455,0.0000,13,-0.0214,-0.1170,0
72.918,0.1569,-0.0603,-0.0000,0.1870,-0.1429,-0.0455,0.0000,13,-0.0214,-0.1170,0
72.938,0.1569,-0.0603,-0.0000,0.1870,-0.1429,-0.0455,0.0000,13,-0.0214,-0.1170,0
72.958,0.1569,-0.0603,-0.0000,0.1870,-0.1429,-0.0455,0.0000,13,-0.0214,-0.1170,0
72.980,0.1569,-0.0603,-0.0000,0.1870,-0.1429,-0.0455,0.0000,13,-0.0214,-0.1170,0
72.998,0.1558,-0.0606,-0.0000,0.1859,-0.1429,-0.0455,0.0000,13,-0.0214,-0.1170,0
73.018,0.1537,-0.0613,-0.0000,0.1837,-0.1429,-0.0455,0.0000,13,-0.0214,-0.1170,0
73.038,0.1537,-0.0613,-0.0000,0.1837,-0.1429,-0.0455,0.0000,13,-0.0214,-0.1170,0
73.058,0.1537,-0.0613,-0.0000,0.1837,-0.1429,-0.0455,0.0000,13,-0.0214,-0.1170,0
73.080,0.1537,-0.0613,-0.0000,0.1837,-0.1429,-0.0455,0.0000,13,-0.0214,-0.1170,0
73.098,0.1537,-0.0613,-0.0000,0.1837,-0.1429,-0.0455,0.0000,13,-0.0214,-0.1170,0
73.118,0.1537,-0.0613,-0.0000,0.1837,-0.1429,-0.0455,0.0000,13,-0.0214,-0.1170,0
73.139,0.1516,-0.0620,-0.0000,0.1815,-0.1429,-0.0455,0.0000,13,-0.0214,-0.1170,0
73.159,0.1505,-0.0623,-0.0000,0.1804,-0.1429,-0.0455,0.0000,13,-0.0214,-0.1170,0
73.178,0.1484,-0.0630,-0.0000,0.1782,-0.1429,-0.0455,0.0000,13,-0.0214,-0.1170,0
73.199,0.1463,-0.0637,-0.0000,0.1760,-0.1429,-0.0455,0.0000,13,-0.0214,-0.1170,0
73.219,0.1431,-0.0647,-0.0000,0.1726,-0.1429,-0.0455,0.0000,13,-0.0214,-0.1170,0
73.238,0.1410,-0.0653,-0.0000,0.1704,-0.1429,-0.0455,0.0000,13,-0.0214,-0.1170,0
73.258,0.1400,-0.0657,-0.0000,0.1693,-0.1429,-0.0455,0.0000,13,-0.0214,-0.1170,0
73.278,0.1400,-0.0657,-0.0000,0.1693,-0.1429,-0.0455,0.0000,13,-0.0214,-0.1170,0
73.298,0.1400,-0.0657,-0.0000,0.1693,-0.1429,-0.0455,0.0000,13,-0.0214,-0.1170,0
73.318,0.1400,-0.0657,-0.0000,0.1693,-0.1429,-0.0455,0.0000,13,-0.0214,-0.1170,0
73.338,0.1400,-0.0657,-0.0000,0.1693,-0.1429,-0.0455,0.0000,13,-0.0214,-0.1170,0
73.359,0.1400,-0.0657,-0.0000,0.1693,-0.1429,-0.0455,0.0000,13,-0.0214,-0.1170,0
73.378,0.1379,-0.0663,-0.0000,0.1671,-0.1429,-0.0455,0.0000,13,-0.0214,-0.1170,0
73.398,0.1379,-0.0663,-0.0000,0.1671,-0.1429,-0.0455,0.0000,13,-0.0214,-0.1170,0
73.419,0.1379,-0.0663,-0.0000,0.1671,-0.1429,-0.0455,0.0000,13,-0.0214,-0.1170,0
73.438,0.1379,-0.0663,-0.0000,0.1671,-0.1429,-0.0455,0.0000,13,-0.0214,-0.1170,0
73.458,0.1379,-0.0663,-0.0000,0.1671,-0.1429,-0.0455,0.0000,13,-0.0214,-0.1170,0
73.478,0.1379,-0.0663,-0.0000,0.1671,-0.1429,-0.0455,0.0000,13,-0.0214,-0.1170,0
73.499,0.1368,-0.0667,-0.0000,0.1660,-0.1429,-0.0455,0.0000,13,-0.0214,-0.1170,0
73.518,0.1347,-0.0673,-0.0000,0.1638,-0.1429,-0.0455,0.0000,13,-0.0214,-0.1170,0
73.538,0.1336,-0.0677,-0.0000,0.1627,-0.1429,-0.0455,0.0000,13,-0.0214,-0.1170,0
73.559,0.1305,-0.0687,-0.0000,0.1594,-0.1429,-0.0455,0.0000,13,-0.0214,-0.1170,0
73.578,0.1294,-0.0690,-0.0000,0.1582,-0.1429,-0.0455,0.0000,13,-0.0214,-0.1170,0
73.598,0.1294,-0.0690,-0.0000,0.1582,-0.1429,-0.0455,0.0000,13,-0.0214,-0.1170,0
73.618,0.1273,-0.0697,-0.0000,0.1560,-0.1429,-0.0455,0.0000,13,-0.0214,-0.1170,0
73.638,0.1273,-0.0697,-0.0000,0.1560,-0.1429,-0.0455,0.0000,13,-0.0214,-0.1170,0
73.658,0.1273,-0.0697,-0.0000,0.1560,-0.1429,-0.0455,0.0000,13,-0.0214,-0.1170,0
73.678,0.1262,-0.0700,-0.0000,0.1549,-0.1429,-0.0455,0.0000,13,-0.0214,-0.1170,0
73.699,0.1262,-0.0700,-0.0000,0.1549,-0.1429,-0.0455,0.0000,13,-0.0214,-0.1170,0
73.718,0.1262,-0.0700,-0.0000,0.1549,-0.1429,-0.0455,0.0000,13,-0.0214,-0.1170,0
73.738,0.1262,-0.0700,-0.0000,0.1549,-0.1429,-0.0455,0.0000,13,-0.0214,-0.1170,0
73.758,0.1262,-0.0700,-0.0000,0.1549,-0.1429,-0.0455,0.0000,13,-0.0214,-0.1170,0
73.778,0.1241,-0.0707,-0.0000,0.1527,-0.1429,-0.0455,0.0000,13,-0.0214,-0.1170,0
73.799,0.1241,-0.0707,-0.0000,0.1527,-0.1429,-0.0455,0.0000,13,-0.0214,-0.1170,0
73.818,0.1220,-0.0714,-0.0000,0.1505,-0.1429,-0.0455,0.0000,13,-0.0214,-0.1170,0
73.839,0.1220,-0.0714,-0.0000,0.1505,-0.1429,-0.0455,0.0000,13,-0.0214,-0.1170,0
73.858,0.1220,-0.0714,-0.0000,0.1505,-0.1429,-0.0455,0.0000,13,-0.0214,-0.1170,0
73.879,0.1210,-0.0717,-0.0000,0.2303,-0.1329,-0.0696,0.0000,14,-0.0830,-0.1786,0
73.899,0.1199,-0.0720,-0.0000,0.2292,-0.1328,-0.0697,0.0000,14,-0.0830,-0.1786,0
73.918,0.1199,-0.0720,-0.0000,0.2292,-0.1328,-0.0697,0.0000,14,-0.0830,-0.1786,0
73.938,0.1199,-0.0720,-0.0000,0.2292,-0.1328,-0.0697,0.0000,14,-0.0830,-0.1786,0
73.958,0.1189,-0.0726,-0.0000,0.2281,-0.1328,-0.0697,0.0000,14,-0.0830,-0.1786,0
73.979,0.1179,-0.0731,-0.0000,0.2270,-0.1328,-0.0697,0.0000,14,-0.0830,-0.1786,0
73.998,0.1179,-0.0731,-0.0000,0.2270,-0.1328,-0.0697,0.0000,14,-0.0830,-0.1786,0
74.018,0.1170,-0.0736,-0.0000,0.2259,-0.1328,-0.0697,0.0000,14,-0.0830,-0.1786,0
74.039,0.1170,-0.0736,-0.0000,0.2259,-0.1328,-0.0697,0.0000,14,-0.0830,-0.1786,0
74.058,0.1170,-0.0736,-0.0000,0.2259,-0.1328,-0.0697,0.0000,14,-0.0830,-0.1786,0
74.078,0.1170,-0.0736,-0.0000,0.2259,-0.1328,-0.0697,0.0000,14,-0.0830,-0.1786,0
74.098,0.1170,-0.0736,-0.0000,0.2259,-0.1328,-0.0697,0.0000,14,-0.0830,-0.1786,0
74.118,0.1170,-0.0736,-0.0000,0.2259,-0.1328,-0.0697,0.0000,14,-0.0830,-0.1786,0
74.138,0.1170,-0.0736,-0.0000,0.2259,-0.1328,-0.0697,0.0000,14,-0.0830,-0.1786,0
74.158,0.1170,-0.0736,-0.0000,0.2259,-0.1328,-0.0697,0.0000,14,-0.0830,-0.1786,0
74.180,0.1170,-0.0736,-0.0000,0.2259,-0.1328,-0.0697,0.0000,14,-0.0830,-0.1786,0
74.198,0.1160,-0.0741,-0.0000,0.2248,-0.1328,-0.0697,0.0000,14,-0.0830,-0.1786,0
74.218,0.1140,-0.0751,-0.0000,0.2226,-0.1328,-0.0697,0.0000,14,-0.0830,-0.1786,0
74.238,0.1121,-0.0762,-0.0000,0.2203,-0.1328,-0.0697,0.0000,14,-0.0830,-0.1786,0
74.258,0.1101,-0.0772,-0.0000,0.2181,-0.1328,-0.0697,0.0000,14,-0.0830,-0.1786,0
74.278,0.1081,-0.0782,-0.0000,0.2159,-0.1328,-0.0697,0.0000,14,-0.0830,-0.1786,0
74.298,0.1072,-0.0787,-0.0000,0.2148,-0.1328,-0.0697,0.0000,14,-0.0830,-0.1786,0
74.318,0.1072,-0.0787,-0.0000,0.2148,-0.1328,-0.0697,0.0000,14,-0.0830,-0.1786,0
74.338,0.1072,-0.0787,-0.0000,0.2148,-0.1328,-0.0697,0.0000,14,-0.0830,-0.1786,0
74.358,0.1072,-0.0787,-0.0000,0.2148,-0.1328,-0.0697,0.0000,14,-0.0830,-0.1786,0
74.378,0.1072,-0.0787,-0.0000,0.2148,-0.1328,-0.0697,0.0000,14,-0.0830,-0.1786,0
74.398,0.1072,-0.0787,-0.0000,0.2148,-0.1328,-0.0697,0.0000,14,-0.0830,-0.1786,0
74.418,0.1072,-0.0787,-0.0000,0.2148,-0.1328,-0.0697,0.0000,14,-0.0830,-0.1786,0
74.438,0.1062,-0.0793,-0.0000,0.2137,-0.1328,-0.0697,0.0000,14,-0.0830,-0.1786,0
74.459,0.1042,-0.0803,-0.0000,0.2115,-0.1328,-0.0697,0.0000,14,-0.0830,-0.1786,0
74.479,0.1023,-0.0813,-0.0000,0.2093,-0.1328,-0.0697,0.0000,14,-0.0830,-0.1786,0
74.498,0.1003,-0.0823,-0.0000,0.2071,-0.1328,-0.0697,0.0000,14,-0.0830,-0.1786,0
74.519,0.0983,-0.0834,-0.0000,0.2048,-0.1328,-0.0697,0.0000,14,-0.0830,-0.1786,0
74.538,0.0983,-0.0834,-0.0000,0.2048,-0.1328,-0.0697,0.0000,14,-0.0830,-0.1786,0
74.558,0.0983,-0.0834,-0.0000,0.2048,-0.1328,-0.0697,0.0000,14,-0.0830,-0.1786,0
74.578,0.0974,-0.0839,-0.0000,0.2037,-0.1328,-0.0697,0.0000,14,-0.0830,-0.1786,0
74.598,0.0964,-0.0844,-0.0000,0.2026,-0.1328,-0.0697,0.0000,14,-0.0830,-0.1786,0
74.618,0.0964,-0.0844,-0.0000,0.2026,-0.1328,-0.0697,0.0000,14,-0.0830,-0.1786,0
74.638,0.0954,-0.0849,-0.0000,0.2015,-0.1328,-0.0697,0.0000,14,-0.0830,-0.1786,0
74.658,0.0954,-0.0849,-0.0000,0.2015,-0.1328,-0.0697,0.0000,14,-0.0830,-0.1786,0
74.678,0.0954,-0.0849,-0.0000,0.2015,-0.1328,-0.0697,0.0000,14,-0.0830,-0.1786,0
74.698,0.0954,-0.0849,-0.0000,0.2015,-0.1328,-0.0697,0.0000,14,-0.0830,-0.1786,0
74.718,0.0954,-0.0849,-0.0000,0.2015,-0.1328,-0.0697,0.0000,14,-0.0830,-0.1786,0
74.738,0.0954,-0.0849,-0.0000,0.2015,-0.1328,-0.0697,0.0000,14,-0.0830,-0.1786,0
74.758,0.0954,-0.0849,-0.0000,0.2015,-0.1328,-0.0697,0.0000,14,-0.0830,-0.1786,0
74.778,0.0954,-0.0849,-0.0000,0.2015,-0.1328,-0.0697,0.0000,14,-0.0830,-0.1786,0
74.800,0.0954,-0.0849,-0.0000,0.2015,-0.1328,-0.0697,0.0000,14,-0.0830,-0.1786,0
74.818,0.0944,-0.0854,-0.0000,0.2004,-0.1328,-0.0697,0.0000,14,-0.0830,-0.1786,0
74.838,0.0924,-0.0865,-0.0000,0.1982,-0.1328,-0.0697,0.0000,14,-0.0830,-0.1786,0
74.858,0.0915,-0.0870,-0.0000,0.1971,-0.1328,-0.0697,0.0000,14,-0.0830,-0.1786,0
74.879,0.0895,-0.0880,-0.0000,0.1949,-0.1328,-0.0697,0.0000,14,-0.0830,-0.1786,0
74.898,0.0895,-0.0880,-0.0000,0.1949,-0.1328,-0.0697,0.0000,14,-0.0830,-0.1786,0
74.919,0.0895,-0.0880,-0.0000,0.1949,-0.1328,-0.0697,0.0000,14,-0.0830,-0.1786,0
74.938,0.0885,-0.0885,-0.0000,0.1938,-0.1328,-0.0697,0.0000,14,-0.0830,-0.1786,0
74.958,0.0885,-0.0885,-0.0000,0.1938,-0.1328,-0.0697,0.0000,14,-0.0830,-0.1786,0
74.978,0.0885,-0.0885,-0.0000,0.1938,-0.1328,-0.0697,0.0000,14,-0.0830,-0.1786,0
74.998,0.0885,-0.0885,-0.0000,0.1938,-0.1328,-0.0697,0.0000,14,-0.0830,-0.1786,0
75.018,0.0885,-0.0885,-0.0000,0.1938,-0.1328,-0.0697,0.0000,14,-0.0830,-0.1786,0
75.038,0.0885,-0.0885,-0.0000,0.1938,-0.1328,-0.0697,0.0000,14,-0.0830,-0.1786,0
75.058,0.0885,-0.0885,-0.0000,0.1938,-0.1328,-0.0697,0.0000,14,-0.0830,-0.1786,0
75.078,0.0885,-0.0885,-0.0000,0.1938,-0.1328,-0.0697,0.0000,14,-0.0830,-0.1786,0
75.100,0.0885,-0.0885,-0.0000,0.1938,-0.1328,-0.0697,0.0000,14,-0.0830,-0.1786,0
75.119,0.0875,-0.0890,-0.0000,0.1927,-0.1328,-0.0697,0.0000,14,-0.0830,-0.1786,0
75.138,0.0856,-0.0901,-0.0000,0.1904,-0.1328,-0.0697,0.0000,14,-0.0830,-0.1786,0
75.158,0.0846,-0.0906,-0.0000,0.1893,-0.1328,-0.0697,0.0000,14,-0.0830,-0.1786,0
75.178,0.0826,-0.0916,-0.0000,0.1871,-0.1328,-0.0697,0.0000,14,-0.0830,-0.1786,0
75.198,0.0817,-0.0921,-0.0000,0.1860,-0.1328,-0.0697,0.0000,14,-0.0830,-0.1786,0
75.219,0.0817,-0.0921,-0.0000,0.1860,-0.1328,-0.0697,0.0000,14,-0.0830,-0.1786,0
75.238,0.0797,-0.0932,-0.0000,0.1838,-0.1328,-0.0697,0.0000,14,-0.0830,-0.1786,0
75.258,0.0797,-0.0932,-0.0000,0.1838,-0.1328,-0.0697,0.0000,14,-0.0830,-0.1786,0
75.278,0.0797,-0.0932,-0.0000,0.1838,-0.1328,-0.0697,0.0000,14,-0.0830,-0.1786,0
75.299,0.0797,-0.0932,-0.0000,0.1838,-0.1328,-0.0697,0.0000,14,-0.0830,-0.1786,0
75.318,0.0787,-0.0937,-0.0000,0.1827,-0.1328,-0.0697,0.0000,14,-0.0830,-0.1786,0
75.338,0.0787,-0.0937,-0.0000,0.1827,-0.1328,-0.0697,0.0000,14,-0.0830,-0.1786,0
75.358,0.0787,-0.0937,-0.0000,0.1827,-0.1328,-0.0697,0.0000,14,-0.0830,-0.1786,0
75.379,0.0787,-0.0937,-0.0000,0.1827,-0.1328,-0.0697,0.0000,14,-0.0830,-0.1786,0
75.398,0.0787,-0.0937,-0.0000,0.1827,-0.1328,-0.0697,0.0000,14,-0.0830,-0.1786,0
75.418,0.0787,-0.0937,-0.0000,0.1827,-0.1328,-0.0697,0.0000,14,-0.0830,-0.1786,0
75.438,0.0787,-0.0937,-0.0000,0.1827,-0.1328,-0.0697,0.0000,14,-0.0830,-0.1786,0
75.460,0.0787,-0.0937,-0.0000,0.1827,-0.1328,-0.0697,0.0000,14,-0.0830,-0.1786,0
75.478,0.0777,-0.0942,-0.0000,0.1816,-0.1328,-0.0697,0.0000,14,-0.0830,-0.1786,0
75.498,0.0758,-0.0952,-0.0000,0.1794,-0.1328,-0.0697,0.0000,14,-0.0830,-0.1786,0
75.518,0.0748,-0.0957,-0.0000,0.1783,-0.1328,-0.0697,0.0000,14,-0.0830,-0.1786,0
75.538,0.0719,-0.0973,-0.0000,0.1749,-0.1328,-0.0697,0.0000,14,-0.0830,-0.1786,0
75.558,0.0719,-0.0973,-0.0000,0.1749,-0.1328,-0.0697,0.0000,14,-0.0830,-0.1786,0
75.580,0.0719,-0.0973,-0.0000,0.1749,-0.1328,-0.0697,0.0000,14,-0.0830,-0.1786,0
75.600,0.0709,-0.0978,-0.0000,0.1738,-0.1328,-0.0697,0.0000,14,-0.0830,-0.1786,0
75.618,0.0699,-0.0983,-0.0000,0.1727,-0.1328,-0.0697,0.0000,14,-0.0830,-0.1786,0
75.638,0.0689,-0.0988,-0.0000,0.1716,-0.1328,-0.0697,0.0000,14,-0.0830,-0.1786,0
75.658,0.0679,-0.0993,-0.0000,0.1705,-0.1328,-0.0697,0.0000,14,-0.0830,-0.1786,0
75.678,0.0679,-0.0993,-0.0000,0.1705,-0.1328,-0.0697,0.0000,14,-0.0830,-0.1786,0
75.698,0.0679,-0.0993,-0.0000,0.1705,-0.1328,-0.0697,0.0000,14,-0.0830,-0.1786,0
75.718,0.0670,-0.0999,-0.0000,0.1694,-0.1328,-0.0697,0.0000,14,-0.0830,-0.1786,0
75.738,0.0660,-0.1004,-0.0000,0.1683,-0.1328,-0.0697,0.0000,14,-0.0830,-0.1786,0
75.758,0.0650,-0.1009,-0.0000,0.1672,-0.1328,-0.0697,0.0000,14,-0.0830,-0.1786,0
75.778,0.0640,-0.1014,-0.0000,0.1661,-0.1328,-0.0697,0.0000,14,-0.0830,-0.1786,0
75.798,0.0640,-0.1014,-0.0000,0.1661,-0.1328,-0.0697,0.0000,14,-0.0830,-0.1786,0
75.818,0.0640,-0.1014,-0.0000,0.1661,-0.1328,-0.0697,0.0000,14,-0.0830,-0.1786,0
75.838,0.0640,-0.1014,-0.0000,0.1661,-0.1328,-0.0697,0.0000,14,-0.0830,-0.1786,0
75.860,0.0640,-0.1014,-0.0000,0.1661,-0.1328,-0.0697,0.0000,14,-0.0830,-0.1786,0
75.878,0.0630,-0.1019,-0.0000,0.1650,-0.1328,-0.0697,0.0000,14,-0.0830,-0.1786,0
75.898,0.0630,-0.1019,-0.0000,0.1650,-0.1328,-0.0697,0.0000,14,-0.0830,-0.1786,0
75.918,0.0630,-0.1019,-0.0000,0.1650,-0.1328,-0.0697,0.0000,14,-0.0830,-0.1786,0
75.938,0.0630,-0.1019,-0.0000,0.1650,-0.1328,-0.0697,0.0000,14,-0.0830,-0.1786,0
75.958,0.0630,-0.1019,-0.0000,0.1650,-0.1328,-0.0697,0.0000,14,-0.0830,-0.1786,0
75.978,0.0630,-0.1019,-0.0000,0.1650,-0.1328,-0.0697,0.0000,14,-0.0830,-0.1786,0
75.998,0.0630,-0.1019,-0.0000,0.1650,-0.1328,-0.0697,0.0000,14,-0.0830,-0.1786,0
76.019,0.0630,-0.1019,-0.0000,0.1650,-0.1328,-0.0697,0.0000,14,-0.0830,-0.1786,0
76.039,0.0630,-0.1019,-0.0000,0.1650,-0.1328,-0.0697,0.0000,14,-0.0830,-0.1786,0
76.058,0.0620,-0.1024,-0.0000,0.1639,-0.1328,-0.0697,0.0000,14,-0.0830,-0.1786,0
76.078,0.0611,-0.1029,-0.0000,0.1627,-0.1328,-0.0697,0.0000,14,-0.0830,-0.1786,0
76.099,0.0591,-0.1040,-0.0000,0.1605,-0.1328,-0.0697,0.0000,14,-0.0830,-0.1786,0
76.118,0.0581,-0.1045,-0.0000,0.1594,-0.1328,-0.0697,0.0000,14,-0.0830,-0.1786,0
76.138,0.0581,-0.1045,-0.0000,0.1594,-0.1328,-0.0697,0.0000,14,-0.0830,-0.1786,0
76.159,0.0571,-0.1050,-0.0000,0.1583,-0.1328,-0.0697,0.0000,14,-0.0830,-0.1786,0
76.178,0.0571,-0.1050,-0.0000,0.1583,-0.1328,-0.0697,0.0000,14,-0.0830,-0.1786,0
76.198,0.0571,-0.1050,-0.0000,0.1583,-0.1328,-0.0697,0.0000,14,-0.0830,-0.1786,0
76.220,0.0571,-0.1050,-0.0000,0.1583,-0.1328,-0.0697,0.0000,14,-0.0830,-0.1786,0
76.238,0.0562,-0.1055,-0.0000,0.1572,-0.1328,-0.0697,0.0000,14,-0.0830,-0.1786,0
76.258,0.0552,-0.1060,-0.0000,0.1561,-0.1328,-0.0697,0.0000,14,-0.0830,-0.1786,0
76.278,0.0552,-0.1060,-0.0000,0.1561,-0.1328,-0.0697,0.0000,14,-0.0830,-0.1786,0
76.298,0.0542,-0.1066,-0.0000,0.1550,-0.1328,-0.0697,0.0000,14,-0.0830,-0.1786,0
76.318,0.0532,-0.1071,-0.0000,0.1539,-0.1328,-0.0697,0.0000,14,-0.0830,-0.1786,0
76.338,0.0532,-0.1071,-0.0000,0.1539,-0.1328,-0.0697,0.0000,14,-0.0830,-0.1786,0
76.358,0.0532,-0.1071,-0.0000,0.1539,-0.1328,-0.0697,0.0000,14,-0.0830,-0.1786,0
76.378,0.0513,-0.1081,-0.0000,0.1517,-0.1328,-0.0697,0.0000,14,-0.0830,-0.1786,0
76.399,0.0513,-0.1081,-0.0000,0.1517,-0.1328,-0.0697,0.0000,14,-0.0830,-0.1786,0
76.419,0.0503,-0.1086,-0.0000,0.1506,-0.1328,-0.0697,0.0000,14,-0.0830,-0.1786,0
76.439,0.0493,-0.1091,-0.0000,0.2304,-0.1187,-0.0917,0.0000,15,-0.1330,-0.2500,0
76.458,0.0493,-0.1091,-0.0000,0.2304,-0.1187,-0.0917,0.0000,15,-0.1330,-0.2500,0
76.479,0.0493,-0.1091,-0.0000,0.2304,-0.1187,-0.0917,0.0000,15,-0.1330,-0.2500,0
76.498,0.0483,-0.1096,-0.0000,0.2293,-0.1186,-0.0918,0.0000,15,-0.1330,-0.2500,0
76.519,0.0483,-0.1096,-0.0000,0.2293,-0.1186,-0.0918,0.0000,15,-0.1330,-0.2500,0
76.540,0.0483,-0.1096,-0.0000,0.2293,-0.1186,-0.0918,0.0000,15,-0.1330,-0.2500,0
76.558,0.0483,-0.1096,-0.0000,0.2293,-0.1186,-0.0918,0.0000,15,-0.1330,-0.2500,0
76.578,0.0483,-0.1096,-0.0000,0.2293,-0.1186,-0.0918,0.0000,15,-0.1330,-0.2500,0
76.598,0.0483,-0.1096,-0.0000,0.2293,-0.1186,-0.0918,0.0000,15,-0.1330,-0.2500,0
76.619,0.0483,-0.1096,-0.0000,0.2293,-0.1186,-0.0918,0.0000,15,-0.1330,-0.2500,0
76.638,0.0483,-0.1096,-0.0000,0.2293,-0.1186,-0.0918,0.0000,15,-0.1330,-0.2500,0
76.658,0.0483,-0.1096,-0.0000,0.2293,-0.1186,-0.0918,0.0000,15,-0.1330,-0.2500,0
76.678,0.0483,-0.1096,-0.0000,0.2293,-0.1186,-0.0918,0.0000,15,-0.1330,-0.2500,0
76.699,0.0483,-0.1096,-0.0000,0.2293,-0.1186,-0.0918,0.0000,15,-0.1330,-0.2500,0
76.718,0.0474,-0.1103,-0.0000,0.2282,-0.1186,-0.0918,0.0000,15,-0.1330,-0.2500,0
76.738,0.0466,-0.1110,-0.0000,0.2271,-0.1186,-0.0918,0.0000,15,-0.1330,-0.2500,0
76.758,0.0457,-0.1117,-0.0000,0.2260,-0.1186,-0.0918,0.0000,15,-0.1330,-0.2500,0
76.778,0.0439,-0.1130,-0.0000,0.2238,-0.1186,-0.0918,0.0000,15,-0.1330,-0.2500,0
76.799,0.0439,-0.1130,-0.0000,0.2238,-0.1186,-0.0918,0.0000,15,-0.1330,-0.2500,0
76.818,0.0431,-0.1137,-0.0000,0.2227,-0.1186,-0.0918,0.0000,15,-0.1330,-0.2500,0
76.838,0.0431,-0.1137,-0.0000,0.2227,-0.1186,-0.0918,0.0000,15,-0.1330,-0.2500,0
76.858,0.0431,-0.1137,-0.0000,0.2227,-0.1186,-0.0918,0.0000,15,-0.1330,-0.2500,0
76.878,0.0431,-0.1137,-0.0000,0.2227,-0.1186,-0.0918,0.0000,15,-0.1330,-0.2500,0
76.898,0.0422,-0.1144,-0.0000,0.2216,-0.1186,-0.0918,0.0000,15,-0.1330,-0.2500,0
76.918,0.0413,-0.1151,-0.0000,0.2204,-0.1186,-0.0918,0.0000,15,-0.1330,-0.2500,0
76.938,0.0413,-0.1151,-0.0000,0.2204,-0.1186,-0.0918,0.0000,15,-0.1330,-0.2500,0
76.958,0.0396,-0.1164,-0.0000,0.2182,-0.1186,-0.0918,0.0000,15,-0.1330,-0.2500,0
76.978,0.0396,-0.1164,-0.0000,0.2182,-0.1186,-0.0918,0.0000,15,-0.1330,-0.2500,0
77.000,0.0396,-0.1164,-0.0000,0.2182,-0.1186,-0.0918,0.0000,15,-0.1330,-0.2500,0
77.018,0.0387,-0.1171,-0.0000,0.2171,-0.1186,-0.0918,0.0000,15,-0.1330,-0.2500,0
77.038,0.0378,-0.1178,-0.0000,0.2160,-0.1186,-0.0918,0.0000,15,-0.1330,-0.2500,0
77.058,0.0369,-0.1185,-0.0000,0.2149,-0.1186,-0.0918,0.0000,15,-0.1330,-0.2500,0
77.078,0.0361,-0.1191,-0.0000,0.2138,-0.1186,-0.0918,0.0000,15,-0.1330,-0.2500,0
77.098,0.0361,-0.1191,-0.0000,0.2138,-0.1186,-0.0918,0.0000,15,-0.1330,-0.2500,0
77.118,0.0361,-0.1191,-0.0000,0.2138,-0.1186,-0.0918,0.0000,15,-0.1330,-0.2500,0
77.138,0.0361,-0.1191,-0.0000,0.2138,-0.1186,-0.0918,0.0000,15,-0.1330,-0.2500,0
77.159,0.0361,-0.1191,-0.0000,0.2138,-0.1186,-0.0918,0.0000,15,-0.1330,-0.2500,0
77.179,0.0352,-0.1198,-0.0000,0.2127,-0.1186,-0.0918,0.0000,15,-0.1330,-0.2500,0
77.198,0.0352,-0.1198,-0.0000,0.2127,-0.1186,-0.0918,0.0000,15,-0.1330,-0.2500,0
77.218,0.0352,-0.1198,-0.0000,0.2127,-0.1186,-0.0918,0.0000,15,-0.1330,-0.2500,0
77.238,0.0352,-0.1198,-0.0000,0.2127,-0.1186,-0.0918,0.0000,15,-0.1330,-0.2500,0
77.258,0.0352,-0.1198,-0.0000,0.2127,-0.1186,-0.0918,0.0000,15,-0.1330,-0.2500,0
77.278,0.0352,-0.1198,-0.0000,0.2127,-0.1186,-0.0918,0.0000,15,-0.1330,-0.2500,0
77.298,0.0352,-0.1198,-0.0000,0.2127,-0.1186,-0.0918,0.0000,15,-0.1330,-0.2500,0
77.320,0.0352,-0.1198,-0.0000,0.2127,-0.1186,-0.0918,0.0000,15,-0.1330,-0.2500,0
77.338,0.0343,-0.1205,-0.0000,0.2116,-0.1186,-0.0918,0.0000,15,-0.1330,-0.2500,0
77.358,0.0334,-0.1212,-0.0000,0.2105,-0.1186,-0.0918,0.0000,15,-0.1330,-0.2500,0
77.378,0.0317,-0.1225,-0.0000,0.2083,-0.1186,-0.0918,0.0000,15,-0.1330,-0.2500,0
77.399,0.0308,-0.1232,-0.0000,0.2072,-0.1186,-0.0918,0.0000,15,-0.1330,-0.2500,0
77.418,0.0308,-0.1232,-0.0000,0.2072,-0.1186,-0.0918,0.0000,15,-0.1330,-0.2500,0
77.438,0.0308,-0.1232,-0.0000,0.2072,-0.1186,-0.0918,0.0000,15,-0.1330,-0.2500,0
77.458,0.0290,-0.1246,-0.0000,0.2049,-0.1186,-0.0918,0.0000,15,-0.1330,-0.2500,0
77.478,0.0282,-0.1252,-0.0000,0.2038,-0.1186,-0.0918,0.0000,15,-0.1330,-0.2500,0
77.498,0.0282,-0.1252,-0.0000,0.2038,-0.1186,-0.0918,0.0000,15,-0.1330,-0.2500,0
77.519,0.0282,-0.1252,-0.0000,0.2038,-0.1186,-0.0918,0.0000,15,-0.1330,-0.2500,0
77.539,0.0273,-0.1259,-0.0000,0.2027,-0.1186,-0.0918,0.0000,15,-0.1330,-0.2500,0
77.558,0.0273,-0.1259,-0.0000,0.2027,-0.1186,-0.0918,0.0000,15,-0.1330,-0.2500,0
77.578,0.0273,-0.1259,-0.0000,0.2027,-0.1186,-0.0918,0.0000,15,-0.1330,-0.2500,0
77.598,0.0273,-0.1259,-0.0000,0.2027,-0.1186,-0.0918,0.0000,15,-0.1330,-0.2500,0
77.618,0.0273,-0.1259,-0.0000,0.2027,-0.1186,-0.0918,0.0000,15,-0.1330,-0.2500,0
77.638,0.0273,-0.1259,-0.0000,0.2027,-0.1186,-0.0918,0.0000,15,-0.1330,-0.2500,0
77.658,0.0273,-0.1259,-0.0000,0.2027,-0.1186,-0.0918,0.0000,15,-0.1330,-0.2500,0
77.679,0.0273,-0.1259,-0.0000,0.2027,-0.1186,-0.0918,0.0000,15,-0.1330,-0.2500,0
77.699,0.0264,-0.1266,-0.0000,0.2016,-0.1186,-0.0918,0.0000,15,-0.1330,-0.2500,0
77.718,0.0255,-0.1273,-0.0000,0.2005,-0.1186,-0.0918,0.0000,15,-0.1330,-0.2500,0
77.738,0.0238,-0.1286,-0.0000,0.1983,-0.1186,-0.0918,0.0000,15,-0.1330,-0.2500,0
77.758,0.0220,-0.1300,-0.0000,0.1961,-0.1186,-0.0918,0.0000,15,-0.1330,-0.2500,0
77.778,0.0220,-0.1300,-0.0000,0.1961,-0.1186,-0.0918,0.0000,15,-0.1330,-0.2500,0
77.799,0.0212,-0.1307,-0.0000,0.1950,-0.1186,-0.0918,0.0000,15,-0.1330,-0.2500,0
77.818,0.0212,-0.1307,-0.0000,0.1950,-0.1186,-0.0918,0.0000,15,-0.1330,-0.2500,0
77.838,0.0212,-0.1307,-0.0000,0.1950,-0.1186,-0.0918,0.0000,15,-0.1330,-0.2500,0
77.858,0.0212,-0.1307,-0.0000,0.1950,-0.1186,-0.0918,0.0000,15,-0.1330,-0.2500,0
77.879,0.0212,-0.1307,-0.0000,0.1950,-0.1186,-0.0918,0.0000,15,-0.1330,-0.2500,0
77.898,0.0212,-0.1307,-0.0000,0.1950,-0.1186,-0.0918,0.0000,15,-0.1330,-0.2500,0
77.918,0.0212,-0.1307,-0.0000,0.1950,-0.1186,-0.0918,0.0000,15,-0.1330,-0.2500,0
77.938,0.0212,-0.1307,-0.0000,0.1950,-0.1186,-0.0918,0.0000,15,-0.1330,-0.2500,0
77.959,0.0212,-0.1307,-0.0000,0.1950,-0.1186,-0.0918,0.0000,15,-0.1330,-0.2500,0
77.980,0.0212,-0.1307,-0.0000,0.1950,-0.1186,-0.0918,0.0000,15,-0.1330,-0.2500,0
77.999,0.0194,-0.1320,-0.0000,0.1928,-0.1186,-0.0918,0.0000,15,-0.1330,-0.2500,0
78.018,0.0185,-0.1327,-0.0000,0.1916,-0.1186,-0.0918,0.0000,15,-0.1330,-0.2500,0
78.039,0.0168,-0.1340,-0.0000,0.1894,-0.1186,-0.0918,0.0000,15,-0.1330,-0.2500,0
78.058,0.0150,-0.1354,-0.0000,0.1872,-0.1186,-0.0918,0.0000,15,-0.1330,-0.2500,0
78.078,0.0142,-0.1361,-0.0000,0.1861,-0.1186,-0.0918,0.0000,15,-0.1330,-0.2500,0
78.098,0.0142,-0.1361,-0.0000,0.1861,-0.1186,-0.0918,0.0000,15,-0.1330,-0.2500,0
78.118,0.0142,-0.1361,-0.0000,0.1861,-0.1186,-0.0918,0.0000,15,-0.1330,-0.2500,0
78.138,0.0142,-0.1361,-0.0000,0.1861,-0.1186,-0.0918,0.0000,15,-0.1330,-0.2500,0
78.159,0.0124,-0.1374,-0.0000,0.1839,-0.1186,-0.0918,0.0000,15,-0.1330,-0.2500,0
78.179,0.0124,-0.1374,-0.0000,0.1839,-0.1186,-0.0918,0.0000,15,-0.1330,-0.2500,0
78.198,0.0124,-0.1374,-0.0000,0.1839,-0.1186,-0.0918,0.0000,15,-0.1330,-0.2500,0
78.219,0.0124,-0.1374,-0.0000,0.1839,-0.1186,-0.0918,0.0000,15,-0.1330,-0.2500,0
78.238,0.0124,-0.1374,-0.0000,0.1839,-0.1186,-0.0918,0.0000,15,-0.1330,-0.2500,0
78.258,0.0124,-0.1374,-0.0000,0.1839,-0.1186,-0.0918,0.0000,15,-0.1330,-0.2500,0
78.280,0.0124,-0.1374,-0.0000,0.1839,-0.1186,-0.0918,0.0000,15,-0.1330,-0.2500,0
78.298,0.0115,-0.1381,-0.0000,0.1828,-0.1186,-0.0918,0.0000,15,-0.1330,-0.2500,0
78.318,0.0107,-0.1388,-0.0000,0.1817,-0.1186,-0.0918,0.0000,15,-0.1330,-0.2500,0
78.338,0.0089,-0.1402,-0.0000,0.1795,-0.1186,-0.0918,0.0000,15,-0.1330,-0.2500,0
78.358,0.0080,-0.1408,-0.0000,0.1784,-0.1186,-0.0918,0.0000,15,-0.1330,-0.2500,0
78.378,0.0071,-0.1415,-0.0000,0.1772,-0.1186,-0.0918,0.0000,15,-0.1330,-0.2500,0
78.399,0.0071,-0.1415,-0.0000,0.1772,-0.1186,-0.0918,0.0000,15,-0.1330,-0.2500,0
78.418,0.0071,-0.1415,-0.0000,0.1772,-0.1186,-0.0918,0.0000,15,-0.1330,-0.2500,0
78.438,0.0054,-0.1429,-0.0000,0.1750,-0.1186,-0.0918,0.0000,15,-0.1330,-0.2500,0
78.458,0.0045,-0.1435,-0.0000,0.1739,-0.1186,-0.0918,0.0000,15,-0.1330,-0.2500,0
78.478,0.0045,-0.1435,-0.0000,0.1739,-0.1186,-0.0918,0.0000,15,-0.1330,-0.2500,0
78.499,0.0045,-0.1435,-0.0000,0.1739,-0.1186,-0.0918,0.0000,15,-0.1330,-0.2500,0
78.518,0.0036,-0.1442,-0.0000,0.1728,-0.1186,-0.0918,0.0000,15,-0.1330,-0.2500,0
78.538,0.0036,-0.1442,-0.0000,0.1728,-0.1186,-0.0918,0.0000,15,-0.1330,-0.2500,0
78.558,0.0036,-0.1442,-0.0000,0.1728,-0.1186,-0.0918,0.0000,15,-0.1330,-0.2500,0
78.578,0.0036,-0.1442,-0.0000,0.1728,-0.1186,-0.0918,0.0000,15,-0.1330,-0.2500,0
78.598,0.0028,-0.1449,-0.0000,0.1717,-0.1186,-0.0918,0.0000,15,-0.1330,-0.2500,0
78.618,0.0019,-0.1456,-0.0000,0.1706,-0.1186,-0.0918,0.0000,15,-0.1330,-0.2500,0
78.638,0.0010,-0.1463,-0.0000,0.1695,-0.1186,-0.0918,0.0000,15,-0.1330,-0.2500,0
78.658,-0.0007,-0.1476,-0.0000,0.1673,-0.1186,-0.0918,0.0000,15,-0.1330,-0.2500,0
78.678,-0.0007,-0.1476,-0.0000,0.1673,-0.1186,-0.0918,0.0000,15,-0.1330,-0.2500,0
78.699,-0.0007,-0.1476,-0.0000,0.1673,-0.1186,-0.0918,0.0000,15,-0.1330,-0.2500,0
78.718,-0.0025,-0.1490,-0.0000,0.1651,-0.1186,-0.0918,0.0000,15,-0.1330,-0.2500,0
78.739,-0.0025,-0.1490,-0.0000,0.1651,-0.1186,-0.0918,0.0000,15,-0.1330,-0.2500,0
78.758,-0.0025,-0.1490,-0.0000,0.1651,-0.1186,-0.0918,0.0000,15,-0.1330,-0.2500,0
78.780,-0.0025,-0.1490,-0.0000,0.1651,-0.1186,-0.0918,0.0000,15,-0.1330,-0.2500,0
78.800,-0.0034,-0.1496,-0.0000,0.1640,-0.1186,-0.0918,0.0000,15,-0.1330,-0.2500,0
78.818,-0.0034,-0.1496,-0.0000,0.1640,-0.1186,-0.0918,0.0000,15,-0.1330,-0.2500,0
78.838,-0.0034,-0.1496,-0.0000,0.1640,-0.1186,-0.0918,0.0000,15,-0.1330,-0.2500,0
78.858,-0.0034,-0.1496,-0.0000,0.1640,-0.1186,-0.0918,0.0000,15,-0.1330,-0.2500,0
78.878,-0.0034,-0.1496,-0.0000,0.1640,-0.1186,-0.0918,0.0000,15,-0.1330,-0.2500,0
78.899,-0.0034,-0.1496,-0.0000,0.1640,-0.1186,-0.0918,0.0000,15,-0.1330,-0.2500,0
78.918,-0.0034,-0.1496,-0.0000,0.1640,-0.1186,-0.0918,0.0000,15,-0.1330,-0.2500,0
78.940,-0.0034,-0.1496,-0.0000,0.1640,-0.1186,-0.0918,0.0000,15,-0.1330,-0.2500,0
78.959,-0.0042,-0.1503,-0.0000,0.1628,-0.1186,-0.0918,0.0000,15,-0.1330,-0.2500,0
78.978,-0.0051,-0.1510,-0.0000,0.1617,-0.1186,-0.0918,0.0000,15,-0.1330,-0.2500,0
78.998,-0.0069,-0.1524,-0.0000,0.1595,-0.1186,-0.0918,0.0000,15,-0.1330,-0.2500,0
79.019,-0.0086,-0.1537,-0.0000,0.1573,-0.1186,-0.0918,0.0000,15,-0.1330,-0.2500,0
79.038,-0.0095,-0.1544,-0.0000,0.1562,-0.1186,-0.0918,0.0000,15,-0.1330,-0.2500,0
79.058,-0.0095,-0.1544,-0.0000,0.1562,-0.1186,-0.0918,0.0000,15,-0.1330,-0.2500,0
79.078,-0.0121,-0.1564,-0.0000,0.1529,-0.1186,-0.0918,0.0000,15,-0.1330,-0.2500,0
79.098,-0.0121,-0.1564,-0.0000,0.1529,-0.1186,-0.0918,0.0000,15,-0.1330,-0.2500,0
79.118,-0.0121,-0.1564,-0.0000,0.1529,-0.1186,-0.0918,0.0000,15,-0.1330,-0.2500,0
79.138,-0.0130,-0.1571,-0.0000,0.1518,-0.1186,-0.0918,0.0000,15,-0.1330,-0.2500,0
79.159,-0.0130,-0.1571,-0.0000,0.1518,-0.1186,-0.0918,0.0000,15,-0.1330,-0.2500,0
79.178,-0.0130,-0.1571,-0.0000,0.1518,-0.1186,-0.0918,0.0000,15,-0.1330,-0.2500,0
79.200,-0.0130,-0.1571,-0.0000,0.1518,-0.1186,-0.0918,0.0000,15,-0.1330,-0.2500,0
79.218,-0.0130,-0.1571,-0.0000,0.1518,-0.1186,-0.0918,0.0000,15,-0.1330,-0.2500,0
79.239,-0.0130,-0.1571,-0.0000,0.1518,-0.1186,-0.0918,0.0000,15,-0.1330,-0.2500,0
79.258,-0.0130,-0.1571,-0.0000,0.1518,-0.1186,-0.0918,0.0000,15,-0.1330,-0.2500,0
79.279,-0.0139,-0.1578,-0.0000,0.1507,-0.1186,-0.0918,0.0000,15,-0.1330,-0.2500,0
79.299,-0.0148,-0.1585,-0.0000,0.2305,-0.1009,-0.1110,0.0000,16,-0.1698,-0.3290,0
79.319,-0.0164,-0.1600,-0.0000,0.2283,-0.1008,-0.1111,0.0000,16,-0.1698,-0.3290,0
79.339,-0.0164,-0.1600,-0.0000,0.2283,-0.1008,-0.1111,0.0000,16,-0.1698,-0.3290,0
79.358,-0.0179,-0.1616,-0.0000,0.2261,-0.1008,-0.1111,0.0000,16,-0.1698,-0.3290,0
79.380,-0.0179,-0.1616,-0.0000,0.2261,-0.1008,-0.1111,0.0000,16,-0.1698,-0.3290,0
79.398,-0.0186,-0.1624,-0.0000,0.2250,-0.1008,-0.1111,0.0000,16,-0.1698,-0.3290,0
79.418,-0.0194,-0.1632,-0.0000,0.2239,-0.1008,-0.1111,0.0000,16,-0.1698,-0.3290,0
79.438,-0.0194,-0.1632,-0.0000,0.2239,-0.1008,-0.1111,0.0000,16,-0.1698,-0.3290,0
79.458,-0.0194,-0.1632,-0.0000,0.2239,-0.1008,-0.1111,0.0000,16,-0.1698,-0.3290,0
79.478,-0.0194,-0.1632,-0.0000,0.2239,-0.1008,-0.1111,0.0000,16,-0.1698,-0.3290,0
79.498,-0.0194,-0.1632,-0.0000,0.2239,-0.1008,-0.1111,0.0000,16,-0.1698,-0.3290,0
79.518,-0.0201,-0.1641,-0.0000,0.2228,-0.1008,-0.1111,0.0000,16,-0.1698,-0.3290,0
79.538,-0.0201,-0.1641,-0.0000,0.2228,-0.1008,-0.1111,0.0000,16,-0.1698,-0.3290,0
79.560,-0.0201,-0.1641,-0.0000,0.2228,-0.1008,-0.1111,0.0000,16,-0.1698,-0.3290,0
79.579,-0.0201,-0.1641,-0.0000,0.2228,-0.1008,-0.1111,0.0000,16,-0.1698,-0.3290,0
79.598,-0.0201,-0.1641,-0.0000,0.2228,-0.1008,-0.1111,0.0000,16,-0.1698,-0.3290,0
79.618,-0.0201,-0.1641,-0.0000,0.2228,-0.1008,-0.1111,0.0000,16,-0.1698,-0.3290,0
79.638,-0.0216,-0.1657,-0.0000,0.2206,-0.1008,-0.1111,0.0000,16,-0.1698,-0.3290,0
79.658,-0.0223,-0.1665,-0.0000,0.2195,-0.1008,-0.1111,0.0000,16,-0.1698,-0.3290,0
79.679,-0.0231,-0.1673,-0.0000,0.2183,-0.1008,-0.1111,0.0000,16,-0.1698,-0.3290,0
79.698,-0.0246,-0.1690,-0.0000,0.2161,-0.1008,-0.1111,0.0000,16,-0.1698,-0.3290,0
79.718,-0.0253,-0.1698,-0.0000,0.2150,-0.1008,-0.1111,0.0000,16,-0.1698,-0.3290,0
79.738,-0.0253,-0.1698,-0.0000,0.2150,-0.1008,-0.1111,0.0000,16,-0.1698,-0.3290,0
79.758,-0.0253,-0.1698,-0.0000,0.2150,-0.1008,-0.1111,0.0000,16,-0.1698,-0.3290,0
79.779,-0.0261,-0.1706,-0.0000,0.2139,-0.1008,-0.1111,0.0000,16,-0.1698,-0.3290,0
79.798,-0.0268,-0.1714,-0.0000,0.2128,-0.1008,-0.1111,0.0000,16,-0.1698,-0.3290,0
79.818,-0.0268,-0.1714,-0.0000,0.2128,-0.1008,-0.1111,0.0000,16,-0.1698,-0.3290,0
79.839,-0.0275,-0.1723,-0.0000,0.2117,-0.1008,-0.1111,0.0000,16,-0.1698,-0.3290,0
79.858,-0.0275,-0.1723,-0.0000,0.2117,-0.1008,-0.1111,0.0000,16,-0.1698,-0.3290,0
79.878,-0.0275,-0.1723,-0.0000,0.2117,-0.1008,-0.1111,0.0000,16,-0.1698,-0.3290,0
79.898,-0.0275,-0.1723,-0.0000,0.2117,-0.1008,-0.1111,0.0000,16,-0.1698,-0.3290,0
79.918,-0.0275,-0.1723,-0.0000,0.2117,-0.1008,-0.1111,0.0000,16,-0.1698,-0.3290,0
79.938,-0.0275,-0.1723,-0.0000,0.2117,-0.1008,-0.1111,0.0000,16,-0.1698,-0.3290,0
79.958,-0.0275,-0.1723,-0.0000,0.2117,-0.1008,-0.1111,0.0000,16,-0.1698,-0.3290,0
79.979,-0.0275,-0.1723,-0.0000,0.2117,-0.1008,-0.1111,0.0000,16,-0.1698,-0.3290,0
80.000,-0.0275,-0.1723,-0.0000,0.2117,-0.1008,-0.1111,0.0000,16,-0.1698,-0.3290,0
80.018,-0.0283,-0.1731,-0.0000,0.2106,-0.1008,-0.1111,0.0000,16,-0.1698,-0.3290,0
80.038,-0.0290,-0.1739,-0.0000,0.2095,-0.1008,-0.1111,0.0000,16,-0.1698,-0.3290,0
80.058,-0.0305,-0.1755,-0.0000,0.2073,-0.1008,-0.1111,0.0000,16,-0.1698,-0.3290,0
80.078,-0.0313,-0.1764,-0.0000,0.2062,-0.1008,-0.1111,0.0000,16,-0.1698,-0.3290,0
80.098,-0.0328,-0.1780,-0.0000,0.2039,-0.1008,-0.1111,0.0000,16,-0.1698,-0.3290,0
80.118,-0.0335,-0.1788,-0.0000,0.2028,-0.1008,-0.1111,0.0000,16,-0.1698,-0.3290,0
80.140,-0.0335,-0.1788,-0.0000,0.2028,-0.1008,-0.1111,0.0000,16,-0.1698,-0.3290,0
80.158,-0.0335,-0.1788,-0.0000,0.2028,-0.1008,-0.1111,0.0000,16,-0.1698,-0.3290,0
80.178,-0.0335,-0.1788,-0.0000,0.2028,-0.1008,-0.1111,0.0000,16,-0.1698,-0.3290,0
80.198,-0.0342,-0.1796,-0.0000,0.2017,-0.1008,-0.1111,0.0000,16,-0.1698,-0.3290,0
80.218,-0.0342,-0.1796,-0.0000,0.2017,-0.1008,-0.1111,0.0000,16,-0.1698,-0.3290,0
80.238,-0.0342,-0.1796,-0.0000,0.2017,-0.1008,-0.1111,0.0000,16,-0.1698,-0.3290,0
80.258,-0.0342,-0.1796,-0.0000,0.2017,-0.1008,-0.1111,0.0000,16,-0.1698,-0.3290,0
80.279,-0.0342,-0.1796,-0.0000,0.2017,-0.1008,-0.1111,0.0000,16,-0.1698,-0.3290,0
80.298,-0.0342,-0.1796,-0.0000,0.2017,-0.1008,-0.1111,0.0000,16,-0.1698,-0.3290,0
80.318,-0.0350,-0.1805,-0.0000,0.2006,-0.1008,-0.1111,0.0000,16,-0.1698,-0.3290,0
80.339,-0.0357,-0.1813,-0.0000,0.1995,-0.1008,-0.1111,0.0000,16,-0.1698,-0.3290,0
80.358,-0.0372,-0.1829,-0.0000,0.1973,-0.1008,-0.1111,0.0000,16,-0.1698,-0.3290,0
80.378,-0.0380,-0.1837,-0.0000,0.1962,-0.1008,-0.1111,0.0000,16,-0.1698,-0.3290,0
80.398,-0.0387,-0.1846,-0.0000,0.1951,-0.1008,-0.1111,0.0000,16,-0.1698,-0.3290,0
80.418,-0.0387,-0.1846,-0.0000,0.1951,-0.1008,-0.1111,0.0000,16,-0.1698,-0.3290,0
80.438,-0.0402,-0.1862,-0.0000,0.1929,-0.1008,-0.1111,0.0000,16,-0.1698,-0.3290,0
80.458,-0.0402,-0.1862,-0.0000,0.1929,-0.1008,-0.1111,0.0000,16,-0.1698,-0.3290,0
80.479,-0.0402,-0.1862,-0.0000,0.1929,-0.1008,-0.1111,0.0000,16,-0.1698,-0.3290,0
80.498,-0.0402,-0.1862,-0.0000,0.1929,-0.1008,-0.1111,0.0000,16,-0.1698,-0.3290,0
80.518,-0.0409,-0.1870,-0.0000,0.1918,-0.1008,-0.1111,0.0000,16,-0.1698,-0.3290,0
80.538,-0.0409,-0.1870,-0.0000,0.1918,-0.1008,-0.1111,0.0000,16,-0.1698,-0.3290,0
80.558,-0.0409,-0.1870,-0.0000,0.1918,-0.1008,-0.1111,0.0000,16,-0.1698,-0.3290,0
80.578,-0.0417,-0.1878,-0.0000,0.1907,-0.1008,-0.1111,0.0000,16,-0.1698,-0.3290,0
80.598,-0.0424,-0.1887,-0.0000,0.1895,-0.1008,-0.1111,0.0000,16,-0.1698,-0.3290,0
80.619,-0.0424,-0.1887,-0.0000,0.1895,-0.1008,-0.1111,0.0000,16,-0.1698,-0.3290,0
80.638,-0.0424,-0.1887,-0.0000,0.1895,-0.1008,-0.1111,0.0000,16,-0.1698,-0.3290,0
80.658,-0.0432,-0.1895,-0.0000,0.1884,-0.1008,-0.1111,0.0000,16,-0.1698,-0.3290,0
80.679,-0.0439,-0.1903,-0.0000,0.1873,-0.1008,-0.1111,0.0000,16,-0.1698,-0.3290,0
80.699,-0.0439,-0.1903,-0.0000,0.1873,-0.1008,-0.1111,0.0000,16,-0.1698,-0.3290,0
80.718,-0.0454,-0.1919,-0.0000,0.1851,-0.1008,-0.1111,0.0000,16,-0.1698,-0.3290,0
80.738,-0.0454,-0.1919,-0.0000,0.1851,-0.1008,-0.1111,0.0000,16,-0.1698,-0.3290,0
80.758,-0.0454,-0.1919,-0.0000,0.1851,-0.1008,-0.1111,0.0000,16,-0.1698,-0.3290,0
80.778,-0.0462,-0.1928,-0.0000,0.1840,-0.1008,-0.1111,0.0000,16,-0.1698,-0.3290,0
80.798,-0.0469,-0.1936,-0.0000,0.1829,-0.1008,-0.1111,0.0000,16,-0.1698,-0.3290,0
80.819,-0.0469,-0.1936,-0.0000,0.1829,-0.1008,-0.1111,0.0000,16,-0.1698,-0.3290,0
80.838,-0.0476,-0.1944,-0.0000,0.1818,-0.1008,-0.1111,0.0000,16,-0.1698,-0.3290,0
80.858,-0.0476,-0.1944,-0.0000,0.1818,-0.1008,-0.1111,0.0000,16,-0.1698,-0.3290,0
80.879,-0.0476,-0.1944,-0.0000,0.1818,-0.1008,-0.1111,0.0000,16,-0.1698,-0.3290,0
80.898,-0.0476,-0.1944,-0.0000,0.1818,-0.1008,-0.1111,0.0000,16,-0.1698,-0.3290,0
80.918,-0.0476,-0.1944,-0.0000,0.1818,-0.1008,-0.1111,0.0000,16,-0.1698,-0.3290,0
80.938,-0.0476,-0.1944,-0.0000,0.1818,-0.1008,-0.1111,0.0000,16,-0.1698,-0.3290,0
80.958,-0.0476,-0.1944,-0.0000,0.1818,-0.1008,-0.1111,0.0000,16,-0.1698,-0.3290,0
80.978,-0.0476,-0.1944,-0.0000,0.1818,-0.1008,-0.1111,0.0000,16,-0.1698,-0.3290,0
80.998,-0.0476,-0.1944,-0.0000,0.1818,-0.1008,-0.1111,0.0000,16,-0.1698,-0.3290,0
81.019,-0.0476,-0.1944,-0.0000,0.1818,-0.1008,-0.1111,0.0000,16,-0.1698,-0.3290,0
81.038,-0.0484,-0.1952,-0.0000,0.1807,-0.1008,-0.1111,0.0000,16,-0.1698,-0.3290,0
81.058,-0.0491,-0.1960,-0.0000,0.1796,-0.1008,-0.1111,0.0000,16,-0.1698,-0.3290,0
81.078,-0.0506,-0.1977,-0.0000,0.1774,-0.1008,-0.1111,0.0000,16,-0.1698,-0.3290,0
81.099,-0.0521,-0.1993,-0.0000,0.1751,-0.1008,-0.1111,0.0000,16,-0.1698,-0.3290,0
81.118,-0.0521,-0.1993,-0.0000,0.1751,-0.1008,-0.1111,0.0000,16,-0.1698,-0.3290,0
81.140,-0.0521,-0.1993,-0.0000,0.1751,-0.1008,-0.1111,0.0000,16,-0.1698,-0.3290,0
81.158,-0.0529,-0.2001,-0.0000,0.1740,-0.1008,-0.1111,0.0000,16,-0.1698,-0.3290,0
81.178,-0.0529,-0.2001,-0.0000,0.1740,-0.1008,-0.1111,0.0000,16,-0.1698,-0.3290,0
81.198,-0.0529,-0.2001,-0.0000,0.1740,-0.1008,-0.1111,0.0000,16,-0.1698,-0.3290,0
81.218,-0.0529,-0.2001,-0.0000,0.1740,-0.1008,-0.1111,0.0000,16,-0.1698,-0.3290,0
81.239,-0.0543,-0.2018,-0.0000,0.1718,-0.1008,-0.1111,0.0000,16,-0.1698,-0.3290,0
81.258,-0.0543,-0.2018,-0.0000,0.1718,-0.1008,-0.1111,0.0000,16,-0.1698,-0.3290,0
81.278,-0.0551,-0.2026,-0.0000,0.1707,-0.1008,-0.1111,0.0000,16,-0.1698,-0.3290,0
81.298,-0.0566,-0.2042,-0.0000,0.1685,-0.1008,-0.1111,0.0000,16,-0.1698,-0.3290,0
81.318,-0.0566,-0.2042,-0.0000,0.1685,-0.1008,-0.1111,0.0000,16,-0.1698,-0.3290,0
81.339,-0.0566,-0.2042,-0.0000,0.1685,-0.1008,-0.1111,0.0000,16,-0.1698,-0.3290,0
81.358,-0.0581,-0.2059,-0.0000,0.1663,-0.1008,-0.1111,0.0000,16,-0.1698,-0.3290,0
81.379,-0.0581,-0.2059,-0.0000,0.1663,-0.1008,-0.1111,0.0000,16,-0.1698,-0.3290,0
81.398,-0.0596,-0.2075,-0.0000,0.1641,-0.1008,-0.1111,0.0000,16,-0.1698,-0.3290,0
81.418,-0.0596,-0.2075,-0.0000,0.1641,-0.1008,-0.1111,0.0000,16,-0.1698,-0.3290,0
81.438,-0.0596,-0.2075,-0.0000,0.1641,-0.1008,-0.1111,0.0000,16,-0.1698,-0.3290,0
81.458,-0.0603,-0.2083,-0.0000,0.1630,-0.1008,-0.1111,0.0000,16,-0.1698,-0.3290,0
81.478,-0.0603,-0.2083,-0.0000,0.1630,-0.1008,-0.1111,0.0000,16,-0.1698,-0.3290,0
81.501,-0.0603,-0.2083,-0.0000,0.1630,-0.1008,-0.1111,0.0000,16,-0.1698,-0.3290,0
81.519,-0.0610,-0.2092,-0.0000,0.1619,-0.1008,-0.1111,0.0000,16,-0.1698,-0.3290,0
81.538,-0.0610,-0.2092,-0.0000,0.1619,-0.1008,-0.1111,0.0000,16,-0.1698,-0.3290,0
81.558,-0.0610,-0.2092,-0.0000,0.1619,-0.1008,-0.1111,0.0000,16,-0.1698,-0.3290,0
81.578,-0.0610,-0.2092,-0.0000,0.1619,-0.1008,-0.1111,0.0000,16,-0.1698,-0.3290,0
81.598,-0.0610,-0.2092,-0.0000,0.1619,-0.1008,-0.1111,0.0000,16,-0.1698,-0.3290,0
81.618,-0.0625,-0.2108,-0.0000,0.1596,-0.1008,-0.1111,0.0000,16,-0.1698,-0.3290,0
81.639,-0.0625,-0.2108,-0.0000,0.1596,-0.1008,-0.1111,0.0000,16,-0.1698,-0.3290,0
81.658,-0.0625,-0.2108,-0.0000,0.1596,-0.1008,-0.1111,0.0000,16,-0.1698,-0.3290,0
81.678,-0.0633,-0.2116,-0.0000,0.1585,-0.1008,-0.1111,0.0000,16,-0.1698,-0.3290,0
81.698,-0.0640,-0.2124,-0.0000,0.1574,-0.1008,-0.1111,0.0000,16,-0.1698,-0.3290,0
81.720,-0.0640,-0.2124,-0.0000,0.1574,-0.1008,-0.1111,0.0000,16,-0.1698,-0.3290,0
81.738,-0.0648,-0.2133,-0.0000,0.1563,-0.1008,-0.1111,0.0000,16,-0.1698,-0.3290,0
81.759,-0.0655,-0.2141,-0.0000,0.1552,-0.1008,-0.1111,0.0000,16,-0.1698,-0.3290,0
81.778,-0.0655,-0.2141,-0.0000,0.1552,-0.1008,-0.1111,0.0000,16,-0.1698,-0.3290,0
81.799,-0.0655,-0.2141,-0.0000,0.1552,-0.1008,-0.1111,0.0000,16,-0.1698,-0.3290,0
81.818,-0.0655,-0.2141,-0.0000,0.1552,-0.1008,-0.1111,0.0000,16,-0.1698,-0.3290,0
81.838,-0.0655,-0.2141,-0.0000,0.1552,-0.1008,-0.1111,0.0000,16,-0.1698,-0.3290,0
81.858,-0.0663,-0.2149,-0.0000,0.1541,-0.1008,-0.1111,0.0000,16,-0.1698,-0.3290,0
81.878,-0.0663,-0.2149,-0.0000,0.1541,-0.1008,-0.1111,0.0000,16,-0.1698,-0.3290,0
81.898,-0.0663,-0.2149,-0.0000,0.1541,-0.1008,-0.1111,0.0000,16,-0.1698,-0.3290,0
81.918,-0.0663,-0.2149,-0.0000,0.1541,-0.1008,-0.1111,0.0000,16,-0.1698,-0.3290,0
81.939,-0.0663,-0.2149,-0.0000,0.1541,-0.1008,-0.1111,0.0000,16,-0.1698,-0.3290,0
81.958,-0.0663,-0.2149,-0.0000,0.1541,-0.1008,-0.1111,0.0000,16,-0.1698,-0.3290,0
81.978,-0.0663,-0.2149,-0.0000,0.1541,-0.1008,-0.1111,0.0000,16,-0.1698,-0.3290,0
81.998,-0.0663,-0.2149,-0.0000,0.1541,-0.1008,-0.1111,0.0000,16,-0.1698,-0.3290,0
82.019,-0.0663,-0.2149,-0.0000,0.1541,-0.1008,-0.1111,0.0000,16,-0.1698,-0.3290,0
82.039,-0.0663,-0.2149,-0.0000,0.1541,-0.1008,-0.1111,0.0000,16,-0.1698,-0.3290,0
82.058,-0.0677,-0.2165,-0.0000,0.1519,-0.1008,-0.1111,0.0000,16,-0.1698,-0.3290,0
82.078,-0.0677,-0.2165,-0.0000,0.1519,-0.1008,-0.1111,0.0000,16,-0.1698,-0.3290,0
82.100,-0.0677,-0.2165,-0.0000,0.1519,-0.1008,-0.1111,0.0000,16,-0.1698,-0.3290,0
82.120,-0.0677,-0.2165,-0.0000,0.1519,-0.1008,-0.1111,0.0000,16,-0.1698,-0.3290,0
82.139,-0.0685,-0.2174,-0.0000,0.1508,-0.1008,-0.1111,0.0000,16,-0.1698,-0.3290,0
82.160,-0.0707,-0.2198,-0.0000,0.2285,-0.0799,-0.1270,0.0000,17,-0.1924,-0.4132,0
82.178,-0.0721,-0.2216,-0.0000,0.2263,-0.0798,-0.1270,0.0000,17,-0.1924,-0.4132,0
82.198,-0.0738,-0.2244,-0.0000,0.2229,-0.0798,-0.1270,0.0000,17,-0.1924,-0.4132,0
82.219,-0.0738,-0.2244,-0.0000,0.2229,-0.0798,-0.1270,0.0000,17,-0.1924,-0.4132,0
82.241,-0.0738,-0.2244,-0.0000,0.2229,-0.0798,-0.1270,0.0000,17,-0.1924,-0.4132,0
82.259,-0.0750,-0.2263,-0.0000,0.2207,-0.0798,-0.1270,0.0000,17,-0.1924,-0.4132,0
82.279,-0.0756,-0.2272,-0.0000,0.2196,-0.0798,-0.1270,0.0000,17,-0.1924,-0.4132,0
82.298,-0.0756,-0.2272,-0.0000,0.2196,-0.0798,-0.1270,0.0000,17,-0.1924,-0.4132,0
82.319,-0.0756,-0.2272,-0.0000,0.2196,-0.0798,-0.1270,0.0000,17,-0.1924,-0.4132,0
82.338,-0.0768,-0.2291,-0.0000,0.2174,-0.0798,-0.1270,0.0000,17,-0.1924,-0.4132,0
82.360,-0.0768,-0.2291,-0.0000,0.2174,-0.0798,-0.1270,0.0000,17,-0.1924,-0.4132,0
82.378,-0.0768,-0.2291,-0.0000,0.2174,-0.0798,-0.1270,0.0000,17,-0.1924,-0.4132,0
82.398,-0.0768,-0.2291,-0.0000,0.2174,-0.0798,-0.1270,0.0000,17,-0.1924,-0.4132,0
82.418,-0.0774,-0.2300,-0.0000,0.2163,-0.0798,-0.1270,0.0000,17,-0.1924,-0.4132,0
82.438,-0.0774,-0.2300,-0.0000,0.2163,-0.0798,-0.1270,0.0000,17,-0.1924,-0.4132,0
82.458,-0.0774,-0.2300,-0.0000,0.2163,-0.0798,-0.1270,0.0000,17,-0.1924,-0.4132,0
82.478,-0.0780,-0.2310,-0.0000,0.2152,-0.0798,-0.1270,0.0000,17,-0.1924,-0.4132,0
82.498,-0.0785,-0.2319,-0.0000,0.2141,-0.0798,-0.1270,0.0000,17,-0.1924,-0.4132,0
82.518,-0.0785,-0.2319,-0.0000,0.2141,-0.0798,-0.1270,0.0000,17,-0.1924,-0.4132,0
82.538,-0.0791,-0.2328,-0.0000,0.2130,-0.0798,-0.1270,0.0000,17,-0.1924,-0.4132,0
82.559,-0.0803,-0.2347,-0.0000,0.2107,-0.0798,-0.1270,0.0000,17,-0.1924,-0.4132,0
82.578,-0.0803,-0.2347,-0.0000,0.2107,-0.0798,-0.1270,0.0000,17,-0.1924,-0.4132,0
82.600,-0.0803,-0.2347,-0.0000,0.2107,-0.0798,-0.1270,0.0000,17,-0.1924,-0.4132,0
82.618,-0.0815,-0.2366,-0.0000,0.2085,-0.0798,-0.1270,0.0000,17,-0.1924,-0.4132,0
82.638,-0.0815,-0.2366,-0.0000,0.2085,-0.0798,-0.1270,0.0000,17,-0.1924,-0.4132,0
82.659,-0.0821,-0.2375,-0.0000,0.2074,-0.0798,-0.1270,0.0000,17,-0.1924,-0.4132,0
82.678,-0.0827,-0.2385,-0.0000,0.2063,-0.0798,-0.1270,0.0000,17,-0.1924,-0.4132,0
82.698,-0.0827,-0.2385,-0.0000,0.2063,-0.0798,-0.1270,0.0000,17,-0.1924,-0.4132,0
82.718,-0.0827,-0.2385,-0.0000,0.2063,-0.0798,-0.1270,0.0000,17,-0.1924,-0.4132,0
82.738,-0.0833,-0.2394,-0.0000,0.2052,-0.0798,-0.1270,0.0000,17,-0.1924,-0.4132,0
82.758,-0.0833,-0.2394,-0.0000,0.2052,-0.0798,-0.1270,0.0000,17,-0.1924,-0.4132,0
82.779,-0.0833,-0.2394,-0.0000,0.2052,-0.0798,-0.1270,0.0000,17,-0.1924,-0.4132,0
82.798,-0.0833,-0.2394,-0.0000,0.2052,-0.0798,-0.1270,0.0000,17,-0.1924,-0.4132,0
82.818,-0.0844,-0.2413,-0.0000,0.2030,-0.0798,-0.1270,0.0000,17,-0.1924,-0.4132,0
82.838,-0.0844,-0.2413,-0.0000,0.2030,-0.0798,-0.1270,0.0000,17,-0.1924,-0.4132,0
82.858,-0.0844,-0.2413,-0.0000,0.2030,-0.0798,-0.1270,0.0000,17,-0.1924,-0.4132,0
82.878,-0.0844,-0.2413,-0.0000,0.2030,-0.0798,-0.1270,0.0000,17,-0.1924,-0.4132,0
82.898,-0.0856,-0.2432,-0.0000,0.2008,-0.0798,-0.1270,0.0000,17,-0.1924,-0.4132,0
82.918,-0.0856,-0.2432,-0.0000,0.2008,-0.0798,-0.1270,0.0000,17,-0.1924,-0.4132,0
82.939,-0.0856,-0.2432,-0.0000,0.2008,-0.0798,-0.1270,0.0000,17,-0.1924,-0.4132,0
82.958,-0.0874,-0.2460,-0.0000,0.1975,-0.0798,-0.1270,0.0000,17,-0.1924,-0.4132,0
82.979,-0.0874,-0.2460,-0.0000,0.1975,-0.0798,-0.1270,0.0000,17,-0.1924,-0.4132,0
82.998,-0.0880,-0.2469,-0.0000,0.1963,-0.0798,-0.1270,0.0000,17,-0.1924,-0.4132,0
83.018,-0.0886,-0.2478,-0.0000,0.1952,-0.0798,-0.1270,0.0000,17,-0.1924,-0.4132,0
83.038,-0.0886,-0.2478,-0.0000,0.1952,-0.0798,-0.1270,0.0000,17,-0.1924,-0.4132,0
83.058,-0.0886,-0.2478,-0.0000,0.1952,-0.0798,-0.1270,0.0000,17,-0.1924,-0.4132,0
83.078,-0.0886,-0.2478,-0.0000,0.1952,-0.0798,-0.1270,0.0000,17,-0.1924,-0.4132,0
83.098,-0.0892,-0.2488,-0.0000,0.1941,-0.0798,-0.1270,0.0000,17,-0.1924,-0.4132,0
83.118,-0.0892,-0.2488,-0.0000,0.1941,-0.0798,-0.1270,0.0000,17,-0.1924,-0.4132,0
83.138,-0.0892,-0.2488,-0.0000,0.1941,-0.0798,-0.1270,0.0000,17,-0.1924,-0.4132,0
83.158,-0.0892,-0.2488,-0.0000,0.1941,-0.0798,-0.1270,0.0000,17,-0.1924,-0.4132,0
83.178,-0.0892,-0.2488,-0.0000,0.1941,-0.0798,-0.1270,0.0000,17,-0.1924,-0.4132,0
83.198,-0.0892,-0.2488,-0.0000,0.1941,-0.0798,-0.1270,0.0000,17,-0.1924,-0.4132,0
83.218,-0.0892,-0.2488,-0.0000,0.1941,-0.0798,-0.1270,0.0000,17,-0.1924,-0.4132,0
83.238,-0.0892,-0.2488,-0.0000,0.1941,-0.0798,-0.1270,0.0000,17,-0.1924,-0.4132,0
83.259,-0.0892,-0.2488,-0.0000,0.1941,-0.0798,-0.1270,0.0000,17,-0.1924,-0.4132,0
83.278,-0.0897,-0.2497,-0.0000,0.1930,-0.0798,-0.1270,0.0000,17,-0.1924,-0.4132,0
83.299,-0.0903,-0.2507,-0.0000,0.1919,-0.0798,-0.1270,0.0000,17,-0.1924,-0.4132,0
83.318,-0.0915,-0.2525,-0.0000,0.1897,-0.0798,-0.1270,0.0000,17,-0.1924,-0.4132,0
83.339,-0.0927,-0.2544,-0.0000,0.1875,-0.0798,-0.1270,0.0000,17,-0.1924,-0.4132,0
83.358,-0.0933,-0.2553,-0.0000,0.1864,-0.0798,-0.1270,0.0000,17,-0.1924,-0.4132,0
83.378,-0.0945,-0.2572,-0.0000,0.1842,-0.0798,-0.1270,0.0000,17,-0.1924,-0.4132,0
83.398,-0.0945,-0.2572,-0.0000,0.1842,-0.0798,-0.1270,0.0000,17,-0.1924,-0.4132,0
83.418,-0.0945,-0.2572,-0.0000,0.1842,-0.0798,-0.1270,0.0000,17,-0.1924,-0.4132,0
83.439,-0.0945,-0.2572,-0.0000,0.1842,-0.0798,-0.1270,0.0000,17,-0.1924,-0.4132,0
83.459,-0.0945,-0.2572,-0.0000,0.1842,-0.0798,-0.1270,0.0000,17,-0.1924,-0.4132,0
83.478,-0.0950,-0.2582,-0.0000,0.1831,-0.0798,-0.1270,0.0000,17,-0.1924,-0.4132,0
83.498,-0.0950,-0.2582,-0.0000,0.1831,-0.0798,-0.1270,0.0000,17,-0.1924,-0.4132,0
83.518,-0.0950,-0.2582,-0.0000,0.1831,-0.0798,-0.1270,0.0000,17,-0.1924,-0.4132,0
83.539,-0.0956,-0.2591,-0.0000,0.1819,-0.0798,-0.1270,0.0000,17,-0.1924,-0.4132,0
83.558,-0.0962,-0.2600,-0.0000,0.1808,-0.0798,-0.1270,0.0000,17,-0.1924,-0.4132,0
83.578,-0.0962,-0.2600,-0.0000,0.1808,-0.0798,-0.1270,0.0000,17,-0.1924,-0.4132,0
83.598,-0.0968,-0.2610,-0.0000,0.1797,-0.0798,-0.1270,0.0000,17,-0.1924,-0.4132,0
83.618,-0.0980,-0.2629,-0.0000,0.1775,-0.0798,-0.1270,0.0000,17,-0.1924,-0.4132,0
83.638,-0.0980,-0.2629,-0.0000,0.1775,-0.0798,-0.1270,0.0000,17,-0.1924,-0.4132,0
83.659,-0.0980,-0.2629,-0.0000,0.1775,-0.0798,-0.1270,0.0000,17,-0.1924,-0.4132,0
83.678,-0.0992,-0.2647,-0.0000,0.1753,-0.0798,-0.1270,0.0000,17,-0.1924,-0.4132,0
83.699,-0.0992,-0.2647,-0.0000,0.1753,-0.0798,-0.1270,0.0000,17,-0.1924,-0.4132,0
83.718,-0.0998,-0.2657,-0.0000,0.1742,-0.0798,-0.1270,0.0000,17,-0.1924,-0.4132,0
83.738,-0.1003,-0.2666,-0.0000,0.1731,-0.0798,-0.1270,0.0000,17,-0.1924,-0.4132,0
83.758,-0.1003,-0.2666,-0.0000,0.1731,-0.0798,-0.1270,0.0000,17,-0.1924,-0.4132,0
83.778,-0.1003,-0.2666,-0.0000,0.1731,-0.0798,-0.1270,0.0000,17,-0.1924,-0.4132,0
83.798,-0.1003,-0.2666,-0.0000,0.1731,-0.0798,-0.1270,0.0000,17,-0.1924,-0.4132,0
83.818,-0.1003,-0.2666,-0.0000,0.1731,-0.0798,-0.1270,0.0000,17,-0.1924,-0.4132,0
83.839,-0.1009,-0.2675,-0.0000,0.1720,-0.0798,-0.1270,0.0000,17,-0.1924,-0.4132,0
83.858,-0.1009,-0.2675,-0.0000,0.1720,-0.0798,-0.1270,0.0000,17,-0.1924,-0.4132,0
83.879,-0.1009,-0.2675,-0.0000,0.1720,-0.0798,-0.1270,0.0000,17,-0.1924,-0.4132,0
83.898,-0.1009,-0.2675,-0.0000,0.1720,-0.0798,-0.1270,0.0000,17,-0.1924,-0.4132,0
83.918,-0.1009,-0.2675,-0.0000,0.1720,-0.0798,-0.1270,0.0000,17,-0.1924,-0.4132,0
83.938,-0.1009,-0.2675,-0.0000,0.1720,-0.0798,-0.1270,0.0000,17,-0.1924,-0.4132,0
83.958,-0.1009,-0.2675,-0.0000,0.1720,-0.0798,-0.1270,0.0000,17,-0.1924,-0.4132,0
83.980,-0.1009,-0.2675,-0.0000,0.1720,-0.0798,-0.1270,0.0000,17,-0.1924,-0.4132,0
83.999,-0.1015,-0.2685,-0.0000,0.1709,-0.0798,-0.1270,0.0000,17,-0.1924,-0.4132,0
84.018,-0.1027,-0.2704,-0.0000,0.1687,-0.0798,-0.1270,0.0000,17,-0.1924,-0.4132,0
84.038,-0.1033,-0.2713,-0.0000,0.1675,-0.0798,-0.1270,0.0000,17,-0.1924,-0.4132,0
84.058,-0.1051,-0.2741,-0.0000,0.1642,-0.0798,-0.1270,0.0000,17,-0.1924,-0.4132,0
84.078,-0.1056,-0.2750,-0.0000,0.1631,-0.0798,-0.1270,0.0000,17,-0.1924,-0.4132,0
84.098,-0.1056,-0.2750,-0.0000,0.1631,-0.0798,-0.1270,0.0000,17,-0.1924,-0.4132,0
84.118,-0.1056,-0.2750,-0.0000,0.1631,-0.0798,-0.1270,0.0000,17,-0.1924,-0.4132,0
84.138,-0.1056,-0.2750,-0.0000,0.1631,-0.0798,-0.1270,0.0000,17,-0.1924,-0.4132,0
84.161,-0.1056,-0.2750,-0.0000,0.1631,-0.0798,-0.1270,0.0000,17,-0.1924,-0.4132,0
84.180,-0.1068,-0.2769,-0.0000,0.1609,-0.0798,-0.1270,0.0000,17,-0.1924,-0.4132,0
84.198,-0.1068,-0.2769,-0.0000,0.1609,-0.0798,-0.1270,0.0000,17,-0.1924,-0.4132,0
84.218,-0.1068,-0.2769,-0.0000,0.1609,-0.0798,-0.1270,0.0000,17,-0.1924,-0.4132,0
84.238,-0.1068,-0.2769,-0.0000,0.1609,-0.0798,-0.1270,0.0000,17,-0.1924,-0.4132,0
84.258,-0.1068,-0.2769,-0.0000,0.1609,-0.0798,-0.1270,0.0000,17,-0.1924,-0.4132,0
84.278,-0.1068,-0.2769,-0.0000,0.1609,-0.0798,-0.1270,0.0000,17,-0.1924,-0.4132,0
84.298,-0.1068,-0.2769,-0.0000,0.1609,-0.0798,-0.1270,0.0000,17,-0.1924,-0.4132,0
84.320,-0.1068,-0.2769,-0.0000,0.1609,-0.0798,-0.1270,0.0000,17,-0.1924,-0.4132,0
84.339,-0.1068,-0.2769,-0.0000,0.1609,-0.0798,-0.1270,0.0000,17,-0.1924,-0.4132,0
84.358,-0.1080,-0.2788,-0.0000,0.1587,-0.0798,-0.1270,0.0000,17,-0.1924,-0.4132,0
84.378,-0.1086,-0.2797,-0.0000,0.1576,-0.0798,-0.1270,0.0000,17,-0.1924,-0.4132,0
84.400,-0.1098,-0.2816,-0.0000,0.1554,-0.0798,-0.1270,0.0000,17,-0.1924,-0.4132,0
84.418,-0.1104,-0.2825,-0.0000,0.1543,-0.0798,-0.1270,0.0000,17,-0.1924,-0.4132,0
84.439,-0.1115,-0.2844,-0.0000,0.1520,-0.0798,-0.1270,0.0000,17,-0.1924,-0.4132,0
84.458,-0.1121,-0.2854,-0.0000,0.1509,-0.0798,-0.1270,0.0000,17,-0.1924,-0.4132,0
84.479,-0.1121,-0.2854,-0.0000,0.1509,-0.0798,-0.1270,0.0000,17,-0.1924,-0.4132,0
84.498,-0.1121,-0.2854,-0.0000,0.1509,-0.0798,-0.1270,0.0000,17,-0.1924,-0.4132,0
84.519,-0.1121,-0.2854,-0.0000,0.1509,-0.0798,-0.1270,0.0000,17,-0.1924,-0.4132,0
84.540,-0.1127,-0.2863,-0.0000,0.2308,-0.0567,-0.1389,0.0000,18,-0.2000,-0.5000,0
84.558,-0.1133,-0.2872,-0.0000,0.2297,-0.0566,-0.1389,0.0000,18,-0.2000,-0.5000,0
84.579,-0.1133,-0.2872,-0.0000,0.2297,-0.0566,-0.1389,0.0000,18,-0.2000,-0.5000,0
84.598,-0.1141,-0.2893,-0.0000,0.2275,-0.0566,-0.1389,0.0000,18,-0.2000,-0.5000,0
84.618,-0.1141,-0.2893,-0.0000,0.2275,-0.0566,-0.1389,0.0000,18,-0.2000,-0.5000,0
84.638,-0.1146,-0.2903,-0.0000,0.2264,-0.0566,-0.1389,0.0000,18,-0.2000,-0.5000,0
84.658,-0.1150,-0.2913,-0.0000,0.2253,-0.0566,-0.1389,0.0000,18,-0.2000,-0.5000,0
84.680,-0.1150,-0.2913,-0.0000,0.2253,-0.0566,-0.1389,0.0000,18,-0.2000,-0.5000,0
84.698,-0.1154,-0.2924,-0.0000,0.2242,-0.0566,-0.1389,0.0000,18,-0.2000,-0.5000,0
84.718,-0.1154,-0.2924,-0.0000,0.2242,-0.0566,-0.1389,0.0000,18,-0.2000,-0.5000,0
84.738,-0.1154,-0.2924,-0.0000,0.2242,-0.0566,-0.1389,0.0000,18,-0.2000,-0.5000,0
84.758,-0.1154,-0.2924,-0.0000,0.2242,-0.0566,-0.1389,0.0000,18,-0.2000,-0.5000,0
84.778,-0.1154,-0.2924,-0.0000,0.2242,-0.0566,-0.1389,0.0000,18,-0.2000,-0.5000,0
84.798,-0.1158,-0.2934,-0.0000,0.2231,-0.0566,-0.1389,0.0000,18,-0.2000,-0.5000,0
84.819,-0.1158,-0.2934,-0.0000,0.2231,-0.0566,-0.1389,0.0000,18,-0.2000,-0.5000,0
84.838,-0.1158,-0.2934,-0.0000,0.2231,-0.0566,-0.1389,0.0000,18,-0.2000,-0.5000,0
84.859,-0.1158,-0.2934,-0.0000,0.2231,-0.0566,-0.1389,0.0000,18,-0.2000,-0.5000,0
84.878,-0.1162,-0.2944,-0.0000,0.2220,-0.0566,-0.1389,0.0000,18,-0.2000,-0.5000,0
84.898,-0.1167,-0.2954,-0.0000,0.2209,-0.0566,-0.1389,0.0000,18,-0.2000,-0.5000,0
84.918,-0.1171,-0.2965,-0.0000,0.2198,-0.0566,-0.1389,0.0000,18,-0.2000,-0.5000,0
84.938,-0.1175,-0.2975,-0.0000,0.2187,-0.0566,-0.1389,0.0000,18,-0.2000,-0.5000,0
84.959,-0.1175,-0.2975,-0.0000,0.2187,-0.0566,-0.1389,0.0000,18,-0.2000,-0.5000,0
84.978,-0.1183,-0.2995,-0.0000,0.2165,-0.0566,-0.1389,0.0000,18,-0.2000,-0.5000,0
84.998,-0.1183,-0.2995,-0.0000,0.2165,-0.0566,-0.1389,0.0000,18,-0.2000,-0.5000,0
85.019,-0.1183,-0.2995,-0.0000,0.2165,-0.0566,-0.1389,0.0000,18,-0.2000,-0.5000,0
85.038,-0.1187,-0.3006,-0.0000,0.2153,-0.0566,-0.1389,0.0000,18,-0.2000,-0.5000,0
85.058,-0.1192,-0.3016,-0.0000,0.2142,-0.0566,-0.1389,0.0000,18,-0.2000,-0.5000,0
85.078,-0.1192,-0.3016,-0.0000,0.2142,-0.0566,-0.1389,0.0000,18,-0.2000,-0.5000,0
85.099,-0.1192,-0.3016,-0.0000,0.2142,-0.0566,-0.1389,0.0000,18,-0.2000,-0.5000,0
85.118,-0.1192,-0.3016,-0.0000,0.2142,-0.0566,-0.1389,0.0000,18,-0.2000,-0.5000,0
85.138,-0.1192,-0.3016,-0.0000,0.2142,-0.0566,-0.1389,0.0000,18,-0.2000,-0.5000,0
85.158,-0.1196,-0.3026,-0.0000,0.2131,-0.0566,-0.1389,0.0000,18,-0.2000,-0.5000,0
85.178,-0.1196,-0.3026,-0.0000,0.2131,-0.0566,-0.1389,0.0000,18,-0.2000,-0.5000,0
85.198,-0.1196,-0.3026,-0.0000,0.2131,-0.0566,-0.1389,0.0000,18,-0.2000,-0.5000,0
85.218,-0.1196,-0.3026,-0.0000,0.2131,-0.0566,-0.1389,0.0000,18,-0.2000,-0.5000,0
85.238,-0.1196,-0.3026,-0.0000,0.2131,-0.0566,-0.1389,0.0000,18,-0.2000,-0.5000,0
85.258,-0.1196,-0.3026,-0.0000,0.2131,-0.0566,-0.1389,0.0000,18,-0.2000,-0.5000,0
85.278,-0.1196,-0.3026,-0.0000,0.2131,-0.0566,-0.1389,0.0000,18,-0.2000,-0.5000,0
85.300,-0.1196,-0.3026,-0.0000,0.2131,-0.0566,-0.1389,0.0000,18,-0.2000,-0.5000,0
85.318,-0.1196,-0.3026,-0.0000,0.2131,-0.0566,-0.1389,0.0000,18,-0.2000,-0.5000,0
85.338,-0.1200,-0.3037,-0.0000,0.2120,-0.0566,-0.1389,0.0000,18,-0.2000,-0.5000,0
85.358,-0.1204,-0.3047,-0.0000,0.2109,-0.0566,-0.1389,0.0000,18,-0.2000,-0.5000,0
85.378,-0.1208,-0.3057,-0.0000,0.2098,-0.0566,-0.1389,0.0000,18,-0.2000,-0.5000,0
85.398,-0.1212,-0.3067,-0.0000,0.2087,-0.0566,-0.1389,0.0000,18,-0.2000,-0.5000,0
85.418,-0.1217,-0.3078,-0.0000,0.2076,-0.0566,-0.1389,0.0000,18,-0.2000,-0.5000,0
85.439,-0.1221,-0.3088,-0.0000,0.2065,-0.0566,-0.1389,0.0000,18,-0.2000,-0.5000,0
85.458,-0.1221,-0.3088,-0.0000,0.2065,-0.0566,-0.1389,0.0000,18,-0.2000,-0.5000,0
85.478,-0.1221,-0.3088,-0.0000,0.2065,-0.0566,-0.1389,0.0000,18,-0.2000,-0.5000,0
85.498,-0.1221,-0.3088,-0.0000,0.2065,-0.0566,-0.1389,0.0000,18,-0.2000,-0.5000,0
85.518,-0.1225,-0.3098,-0.0000,0.2054,-0.0566,-0.1389,0.0000,18,-0.2000,-0.5000,0
85.538,-0.1229,-0.3108,-0.0000,0.2043,-0.0566,-0.1389,0.0000,18,-0.2000,-0.5000,0
85.558,-0.1233,-0.3119,-0.0000,0.2032,-0.0566,-0.1389,0.0000,18,-0.2000,-0.5000,0
85.578,-0.1238,-0.3129,-0.0000,0.2021,-0.0566,-0.1389,0.0000,18,-0.2000,-0.5000,0
85.599,-0.1246,-0.3149,-0.0000,0.1998,-0.0566,-0.1389,0.0000,18,-0.2000,-0.5000,0
85.621,-0.1246,-0.3149,-0.0000,0.1998,-0.0566,-0.1389,0.0000,18,-0.2000,-0.5000,0
85.639,-0.1250,-0.3160,-0.0000,0.1987,-0.0566,-0.1389,0.0000,18,-0.2000,-0.5000,0
85.659,-0.1254,-0.3170,-0.0000,0.1976,-0.0566,-0.1389,0.0000,18,-0.2000,-0.5000,0
85.679,-0.1254,-0.3170,-0.0000,0.1976,-0.0566,-0.1389,0.0000,18,-0.2000,-0.5000,0
85.698,-0.1258,-0.3180,-0.0000,0.1965,-0.0566,-0.1389,0.0000,18,-0.2000,-0.5000,0
85.718,-0.1263,-0.3190,-0.0000,0.1954,-0.0566,-0.1389,0.0000,18,-0.2000,-0.5000,0
85.738,-0.1263,-0.3190,-0.0000,0.1954,-0.0566,-0.1389,0.0000,18,-0.2000,-0.5000,0
85.758,-0.1263,-0.3190,-0.0000,0.1954,-0.0566,-0.1389,0.0000,18,-0.2000,-0.5000,0
85.778,-0.1263,-0.3190,-0.0000,0.1954,-0.0566,-0.1389,0.0000,18,-0.2000,-0.5000,0
85.798,-0.1267,-0.3201,-0.0000,0.1943,-0.0566,-0.1389,0.0000,18,-0.2000,-0.5000,0
85.818,-0.1267,-0.3201,-0.0000,0.1943,-0.0566,-0.1389,0.0000,18,-0.2000,-0.5000,0
85.838,-0.1267,-0.3201,-0.0000,0.1943,-0.0566,-0.1389,0.0000,18,-0.2000,-0.5000,0
85.859,-0.1267,-0.3201,-0.0000,0.1943,-0.0566,-0.1389,0.0000,18,-0.2000,-0.5000,0
85.879,-0.1271,-0.3211,-0.0000,0.1932,-0.0566,-0.1389,0.0000,18,-0.2000,-0.5000,0
85.898,-0.1275,-0.3221,-0.0000,0.1921,-0.0566,-0.1389,0.0000,18,-0.2000,-0.5000,0
85.918,-0.1279,-0.3231,-0.0000,0.1910,-0.0566,-0.1389,0.0000,18,-0.2000,-0.5000,0
85.938,-0.1284,-0.3242,-0.0000,0.1899,-0.0566,-0.1389,0.0000,18,-0.2000,-0.5000,0
85.958,-0.1284,-0.3242,-0.0000,0.1899,-0.0566,-0.1389,0.0000,18,-0.2000,-0.5000,0
85.978,-0.1288,-0.3252,-0.0000,0.1888,-0.0566,-0.1389,0.0000,18,-0.2000,-0.5000,0
85.998,-0.1292,-0.3262,-0.0000,0.1877,-0.0566,-0.1389,0.0000,18,-0.2000,-0.5000,0
86.018,-0.1292,-0.3262,-0.0000,0.1877,-0.0566,-0.1389,0.0000,18,-0.2000,-0.5000,0
86.038,-0.1300,-0.3283,-0.0000,0.1854,-0.0566,-0.1389,0.0000,18,-0.2000,-0.5000,0
86.058,-0.1300,-0.3283,-0.0000,0.1854,-0.0566,-0.1389,0.0000,18,-0.2000,-0.5000,0
86.078,-0.1300,-0.3283,-0.0000,0.1854,-0.0566,-0.1389,0.0000,18,-0.2000,-0.5000,0
86.098,-0.1300,-0.3283,-0.0000,0.1854,-0.0566,-0.1389,0.0000,18,-0.2000,-0.5000,0
86.118,-0.1304,-0.3293,-0.0000,0.1843,-0.0566,-0.1389,0.0000,18,-0.2000,-0.5000,0
86.138,-0.1304,-0.3293,-0.0000,0.1843,-0.0566,-0.1389,0.0000,18,-0.2000,-0.5000,0
86.159,-0.1304,-0.3293,-0.0000,0.1843,-0.0566,-0.1389,0.0000,18,-0.2000,-0.5000,0
86.178,-0.1304,-0.3293,-0.0000,0.1843,-0.0566,-0.1389,0.0000,18,-0.2000,-0.5000,0
86.198,-0.1304,-0.3293,-0.0000,0.1843,-0.0566,-0.1389,0.0000,18,-0.2000,-0.5000,0
86.218,-0.1304,-0.3293,-0.0000,0.1843,-0.0566,-0.1389,0.0000,18,-0.2000,-0.5000,0
86.240,-0.1304,-0.3293,-0.0000,0.1843,-0.0566,-0.1389,0.0000,18,-0.2000,-0.5000,0
86.258,-0.1304,-0.3293,-0.0000,0.1843,-0.0566,-0.1389,0.0000,18,-0.2000,-0.5000,0
86.279,-0.1304,-0.3293,-0.0000,0.1843,-0.0566,-0.1389,0.0000,18,-0.2000,-0.5000,0
86.299,-0.1304,-0.3293,-0.0000,0.1843,-0.0566,-0.1389,0.0000,18,-0.2000,-0.5000,0
86.318,-0.1309,-0.3303,-0.0000,0.1832,-0.0566,-0.1389,0.0000,18,-0.2000,-0.5000,0
86.338,-0.1317,-0.3324,-0.0000,0.1810,-0.0566,-0.1389,0.0000,18,-0.2000,-0.5000,0
86.359,-0.1321,-0.3334,-0.0000,0.1799,-0.0566,-0.1389,0.0000,18,-0.2000,-0.5000,0
86.378,-0.1325,-0.3344,-0.0000,0.1788,-0.0566,-0.1389,0.0000,18,-0.2000,-0.5000,0
86.399,-0.1325,-0.3344,-0.0000,0.1788,-0.0566,-0.1389,0.0000,18,-0.2000,-0.5000,0
86.418,-0.1330,-0.3355,-0.0000,0.1777,-0.0566,-0.1389,0.0000,18,-0.2000,-0.5000,0
86.439,-0.1330,-0.3355,-0.0000,0.1777,-0.0566,-0.1389,0.0000,18,-0.2000,-0.5000,0
86.459,-0.1330,-0.3355,-0.0000,0.1777,-0.0566,-0.1389,0.0000,18,-0.2000,-0.5000,0
86.480,-0.1330,-0.3355,-0.0000,0.1777,-0.0566,-0.1389,0.0000,18,-0.2000,-0.5000,0
86.498,-0.1334,-0.3365,-0.0000,0.1766,-0.0566,-0.1389,0.0000,18,-0.2000,-0.5000,0
86.518,-0.1338,-0.3375,-0.0000,0.1755,-0.0566,-0.1389,0.0000,18,-0.2000,-0.5000,0
86.539,-0.1338,-0.3375,-0.0000,0.1755,-0.0566,-0.1389,0.0000,18,-0.2000,-0.5000,0
86.558,-0.1346,-0.3396,-0.0000,0.1733,-0.0566,-0.1389,0.0000,18,-0.2000,-0.5000,0
86.579,-0.1346,-0.3396,-0.0000,0.1733,-0.0566,-0.1389,0.0000,18,-0.2000,-0.5000,0
86.599,-0.1346,-0.3396,-0.0000,0.1733,-0.0566,-0.1389,0.0000,18,-0.2000,-0.5000,0
86.619,-0.1355,-0.3416,-0.0000,0.1710,-0.0566,-0.1389,0.0000,18,-0.2000,-0.5000,0
86.638,-0.1355,-0.3416,-0.0000,0.1710,-0.0566,-0.1389,0.0000,18,-0.2000,-0.5000,0
86.658,-0.1355,-0.3416,-0.0000,0.1710,-0.0566,-0.1389,0.0000,18,-0.2000,-0.5000,0
86.678,-0.1355,-0.3416,-0.0000,0.1710,-0.0566,-0.1389,0.0000,18,-0.2000,-0.5000,0
86.698,-0.1359,-0.3426,-0.0000,0.1699,-0.0566,-0.1389,0.0000,18,-0.2000,-0.5000,0
86.718,-0.1363,-0.3437,-0.0000,0.1688,-0.0566,-0.1389,0.0000,18,-0.2000,-0.5000,0
86.738,-0.1363,-0.3437,-0.0000,0.1688,-0.0566,-0.1389,0.0000,18,-0.2000,-0.5000,0
86.759,-0.1363,-0.3437,-0.0000,0.1688,-0.0566,-0.1389,0.0000,18,-0.2000,-0.5000,0
86.779,-0.1367,-0.3447,-0.0000,0.1677,-0.0566,-0.1389,0.0000,18,-0.2000,-0.5000,0
86.798,-0.1367,-0.3447,-0.0000,0.1677,-0.0566,-0.1389,0.0000,18,-0.2000,-0.5000,0
86.819,-0.1367,-0.3447,-0.0000,0.1677,-0.0566,-0.1389,0.0000,18,-0.2000,-0.5000,0
86.839,-0.1375,-0.3467,-0.0000,0.1655,-0.0566,-0.1389,0.0000,18,-0.2000,-0.5000,0
86.858,-0.1380,-0.3478,-0.0000,0.1644,-0.0566,-0.1389,0.0000,18,-0.2000,-0.5000,0
86.878,-0.1380,-0.3478,-0.0000,0.1644,-0.0566,-0.1389,0.0000,18,-0.2000,-0.5000,0
86.898,-0.1388,-0.3498,-0.0000,0.1622,-0.0566,-0.1389,0.0000,18,-0.2000,-0.5000,0
86.918,-0.1388,-0.3498,-0.0000,0.1622,-0.0566,-0.1389,0.0000,18,-0.2000,-0.5000,0
86.939,-0.1396,-0.3519,-0.0000,0.1600,-0.0566,-0.1389,0.0000,18,-0.2000,-0.5000,0
86.958,-0.1401,-0.3529,-0.0000,0.1589,-0.0566,-0.1389,0.0000,18,-0.2000,-0.5000,0
86.979,-0.1405,-0.3539,-0.0000,0.1577,-0.0566,-0.1389,0.0000,18,-0.2000,-0.5000,0
86.998,-0.1413,-0.3560,-0.0000,0.1555,-0.0566,-0.1389,0.0000,18,-0.2000,-0.5000,0
87.018,-0.1413,-0.3560,-0.0000,0.1555,-0.0566,-0.1389,0.0000,18,-0.2000,-0.5000,0
87.039,-0.1413,-0.3560,-0.0000,0.1555,-0.0566,-0.1389,0.0000,18,-0.2000,-0.5000,0
87.058,-0.1413,-0.3560,-0.0000,0.1555,-0.0566,-0.1389,0.0000,18,-0.2000,-0.5000,0
87.079,-0.1413,-0.3560,-0.0000,0.1555,-0.0566,-0.1389,0.0000,18,-0.2000,-0.5000,0
87.098,-0.1417,-0.3570,-0.0000,0.1544,-0.0566,-0.1389,0.0000,18,-0.2000,-0.5000,0
87.119,-0.1417,-0.3570,-0.0000,0.1544,-0.0566,-0.1389,0.0000,18,-0.2000,-0.5000,0
87.138,-0.1417,-0.3570,-0.0000,0.1544,-0.0566,-0.1389,0.0000,18,-0.2000,-0.5000,0
87.158,-0.1417,-0.3570,-0.0000,0.1544,-0.0566,-0.1389,0.0000,18,-0.2000,-0.5000,0
87.179,-0.1417,-0.3570,-0.0000,0.1544,-0.0566,-0.1389,0.0000,18,-0.2000,-0.5000,0
87.198,-0.1417,-0.3570,-0.0000,0.1544,-0.0566,-0.1389,0.0000,18,-0.2000,-0.5000,0
87.218,-0.1417,-0.3570,-0.0000,0.1544,-0.0566,-0.1389,0.0000,18,-0.2000,-0.5000,0
87.239,-0.1417,-0.3570,-0.0000,0.1544,-0.0566,-0.1389,0.0000,18,-0.2000,-0.5000,0
87.259,-0.1417,-0.3570,-0.0000,0.1544,-0.0566,-0.1389,0.0000,18,-0.2000,-0.5000,0
87.278,-0.1421,-0.3580,-0.0000,0.1533,-0.0566,-0.1389,0.0000,18,-0.2000,-0.5000,0
87.298,-0.1430,-0.3601,-0.0000,0.1511,-0.0566,-0.1389,0.0000,18,-0.2000,-0.5000,0
87.319,-0.1434,-0.3611,-0.0000,0.2310,-0.0318,-0.1466,0.0000,19,-0.1924,-0.5868,0
87.338,-0.1442,-0.3631,-0.0000,0.2288,-0.0316,-0.1466,0.0000,19,-0.1924,-0.5868,0
87.358,-0.1442,-0.3631,-0.0000,0.2288,-0.0316,-0.1466,0.0000,19,-0.1924,-0.5868,0
87.378,-0.1445,-0.3642,-0.0000,0.2277,-0.0316,-0.1466,0.0000,19,-0.1924,-0.5868,0
87.399,-0.1447,-0.3653,-0.0000,0.2266,-0.0316,-0.1466,0.0000,19,-0.1924,-0.5868,0
87.418,-0.1447,-0.3653,-0.0000,0.2266,-0.0316,-0.1466,0.0000,19,-0.1924,-0.5868,0
87.438,-0.1447,-0.3653,-0.0000,0.2266,-0.0316,-0.1466,0.0000,19,-0.1924,-0.5868,0
87.458,-0.1447,-0.3653,-0.0000,0.2266,-0.0316,-0.1466,0.0000,19,-0.1924,-0.5868,0
87.478,-0.1449,-0.3664,-0.0000,0.2255,-0.0316,-0.1466,0.0000,19,-0.1924,-0.5868,0
87.498,-0.1449,-0.3664,-0.0000,0.2255,-0.0316,-0.1466,0.0000,19,-0.1924,-0.5868,0
87.519,-0.1449,-0.3664,-0.0000,0.2255,-0.0316,-0.1466,0.0000,19,-0.1924,-0.5868,0
87.539,-0.1452,-0.3675,-0.0000,0.2244,-0.0316,-0.1466,0.0000,19,-0.1924,-0.5868,0
87.558,-0.1454,-0.3686,-0.0000,0.2233,-0.0316,-0.1466,0.0000,19,-0.1924,-0.5868,0
87.578,-0.1456,-0.3696,-0.0000,0.2222,-0.0316,-0.1466,0.0000,19,-0.1924,-0.5868,0
87.599,-0.1461,-0.3718,-0.0000,0.2199,-0.0316,-0.1466,0.0000,19,-0.1924,-0.5868,0
87.618,-0.1461,-0.3718,-0.0000,0.2199,-0.0316,-0.1466,0.0000,19,-0.1924,-0.5868,0
87.639,-0.1461,-0.3718,-0.0000,0.2199,-0.0316,-0.1466,0.0000,19,-0.1924,-0.5868,0
87.658,-0.1466,-0.3740,-0.0000,0.2177,-0.0316,-0.1466,0.0000,19,-0.1924,-0.5868,0
87.680,-0.1466,-0.3740,-0.0000,0.2177,-0.0316,-0.1466,0.0000,19,-0.1924,-0.5868,0
87.698,-0.1468,-0.3751,-0.0000,0.2166,-0.0316,-0.1466,0.0000,19,-0.1924,-0.5868,0
87.718,-0.1468,-0.3751,-0.0000,0.2166,-0.0316,-0.1466,0.0000,19,-0.1924,-0.5868,0
87.738,-0.1468,-0.3751,-0.0000,0.2166,-0.0316,-0.1466,0.0000,19,-0.1924,-0.5868,0
87.759,-0.1468,-0.3751,-0.0000,0.2166,-0.0316,-0.1466,0.0000,19,-0.1924,-0.5868,0
87.778,-0.1468,-0.3751,-0.0000,0.2166,-0.0316,-0.1466,0.0000,19,-0.1924,-0.5868,0
87.799,-0.1468,-0.3751,-0.0000,0.2166,-0.0316,-0.1466,0.0000,19,-0.1924,-0.5868,0
87.818,-0.1473,-0.3772,-0.0000,0.2144,-0.0316,-0.1466,0.0000,19,-0.1924,-0.5868,0
87.838,-0.1473,-0.3772,-0.0000,0.2144,-0.0316,-0.1466,0.0000,19,-0.1924,-0.5868,0
87.858,-0.1473,-0.3772,-0.0000,0.2144,-0.0316,-0.1466,0.0000,19,-0.1924,-0.5868,0
87.878,-0.1475,-0.3783,-0.0000,0.2133,-0.0316,-0.1466,0.0000,19,-0.1924,-0.5868,0
87.898,-0.1477,-0.3794,-0.0000,0.2122,-0.0316,-0.1466,0.0000,19,-0.1924,-0.5868,0
87.918,-0.1477,-0.3794,-0.0000,0.2122,-0.0316,-0.1466,0.0000,19,-0.1924,-0.5868,0
87.938,-0.1480,-0.3805,-0.0000,0.2111,-0.0316,-0.1466,0.0000,19,-0.1924,-0.5868,0
87.958,-0.1484,-0.3826,-0.0000,0.2089,-0.0316,-0.1466,0.0000,19,-0.1924,-0.5868,0
87.980,-0.1484,-0.3826,-0.0000,0.2089,-0.0316,-0.1466,0.0000,19,-0.1924,-0.5868,0
87.999,-0.1487,-0.3837,-0.0000,0.2078,-0.0316,-0.1466,0.0000,19,-0.1924,-0.5868,0
88.018,-0.1487,-0.3837,-0.0000,0.2078,-0.0316,-0.1466,0.0000,19,-0.1924,-0.5868,0
88.038,-0.1487,-0.3837,-0.0000,0.2078,-0.0316,-0.1466,0.0000,19,-0.1924,-0.5868,0
88.059,-0.1487,-0.3837,-0.0000,0.2078,-0.0316,-0.1466,0.0000,19,-0.1924,-0.5868,0
88.078,-0.1487,-0.3837,-0.0000,0.2078,-0.0316,-0.1466,0.0000,19,-0.1924,-0.5868,0
88.098,-0.1487,-0.3837,-0.0000,0.2078,-0.0316,-0.1466,0.0000,19,-0.1924,-0.5868,0
88.118,-0.1487,-0.3837,-0.0000,0.2078,-0.0316,-0.1466,0.0000,19,-0.1924,-0.5868,0
88.138,-0.1487,-0.3837,-0.0000,0.2078,-0.0316,-0.1466,0.0000,19,-0.1924,-0.5868,0
88.158,-0.1487,-0.3837,-0.0000,0.2078,-0.0316,-0.1466,0.0000,19,-0.1924,-0.5868,0
88.178,-0.1487,-0.3837,-0.0000,0.2078,-0.0316,-0.1466,0.0000,19,-0.1924,-0.5868,0
88.199,-0.1487,-0.3837,-0.0000,0.2078,-0.0316,-0.1466,0.0000,19,-0.1924,-0.5868,0
88.218,-0.1487,-0.3837,-0.0000,0.2078,-0.0316,-0.1466,0.0000,19,-0.1924,-0.5868,0
88.238,-0.1489,-0.3848,-0.0000,0.2066,-0.0316,-0.1466,0.0000,19,-0.1924,-0.5868,0
88.259,-0.1491,-0.3859,-0.0000,0.2055,-0.0316,-0.1466,0.0000,19,-0.1924,-0.5868,0
88.278,-0.1496,-0.3881,-0.0000,0.2033,-0.0316,-0.1466,0.0000,19,-0.1924,-0.5868,0
88.300,-0.1501,-0.3902,-0.0000,0.2011,-0.0316,-0.1466,0.0000,19,-0.1924,-0.5868,0
88.318,-0.1501,-0.3902,-0.0000,0.2011,-0.0316,-0.1466,0.0000,19,-0.1924,-0.5868,0
88.338,-0.1501,-0.3902,-0.0000,0.2011,-0.0316,-0.1466,0.0000,19,-0.1924,-0.5868,0
88.358,-0.1505,-0.3924,-0.0000,0.1989,-0.0316,-0.1466,0.0000,19,-0.1924,-0.5868,0
88.378,-0.1505,-0.3924,-0.0000,0.1989,-0.0316,-0.1466,0.0000,19,-0.1924,-0.5868,0
88.399,-0.1505,-0.3924,-0.0000,0.1989,-0.0316,-0.1466,0.0000,19,-0.1924,-0.5868,0
88.418,-0.1508,-0.3935,-0.0000,0.1978,-0.0316,-0.1466,0.0000,19,-0.1924,-0.5868,0
88.439,-0.1510,-0.3946,-0.0000,0.1967,-0.0316,-0.1466,0.0000,19,-0.1924,-0.5868,0
88.458,-0.1512,-0.3956,-0.0000,0.1956,-0.0316,-0.1466,0.0000,19,-0.1924,-0.5868,0
88.478,-0.1515,-0.3967,-0.0000,0.1945,-0.0316,-0.1466,0.0000,19,-0.1924,-0.5868,0
88.498,-0.1519,-0.3989,-0.0000,0.1922,-0.0316,-0.1466,0.0000,19,-0.1924,-0.5868,0
88.518,-0.1519,-0.3989,-0.0000,0.1922,-0.0316,-0.1466,0.0000,19,-0.1924,-0.5868,0
88.540,-0.1519,-0.3989,-0.0000,0.1922,-0.0316,-0.1466,0.0000,19,-0.1924,-0.5868,0
88.559,-0.1524,-0.4010,-0.0000,0.1900,-0.0316,-0.1466,0.0000,19,-0.1924,-0.5868,0
88.578,-0.1524,-0.4010,-0.0000,0.1900,-0.0316,-0.1466,0.0000,19,-0.1924,-0.5868,0
88.598,-0.1524,-0.4010,-0.0000,0.1900,-0.0316,-0.1466,0.0000,19,-0.1924,-0.5868,0
88.619,-0.1524,-0.4010,-0.0000,0.1900,-0.0316,-0.1466,0.0000,19,-0.1924,-0.5868,0
88.638,-0.1526,-0.4021,-0.0000,0.1889,-0.0316,-0.1466,0.0000,19,-0.1924,-0.5868,0
88.660,-0.1526,-0.4021,-0.0000,0.1889,-0.0316,-0.1466,0.0000,19,-0.1924,-0.5868,0
88.678,-0.1526,-0.4021,-0.0000,0.1889,-0.0316,-0.1466,0.0000,19,-0.1924,-0.5868,0
88.698,-0.1526,-0.4021,-0.0000,0.1889,-0.0316,-0.1466,0.0000,19,-0.1924,-0.5868,0
88.718,-0.1531,-0.4043,-0.0000,0.1867,-0.0316,-0.1466,0.0000,19,-0.1924,-0.5868,0
88.738,-0.1531,-0.4043,-0.0000,0.1867,-0.0316,-0.1466,0.0000,19,-0.1924,-0.5868,0
88.758,-0.1536,-0.4065,-0.0000,0.1845,-0.0316,-0.1466,0.0000,19,-0.1924,-0.5868,0
88.778,-0.1540,-0.4086,-0.0000,0.1823,-0.0316,-0.1466,0.0000,19,-0.1924,-0.5868,0
88.798,-0.1540,-0.4086,-0.0000,0.1823,-0.0316,-0.1466,0.0000,19,-0.1924,-0.5868,0
88.818,-0.1540,-0.4086,-0.0000,0.1823,-0.0316,-0.1466,0.0000,19,-0.1924,-0.5868,0
88.838,-0.1543,-0.4097,-0.0000,0.1812,-0.0316,-0.1466,0.0000,19,-0.1924,-0.5868,0
88.859,-0.1545,-0.4108,-0.0000,0.1801,-0.0316,-0.1466,0.0000,19,-0.1924,-0.5868,0
88.878,-0.1545,-0.4108,-0.0000,0.1801,-0.0316,-0.1466,0.0000,19,-0.1924,-0.5868,0
88.900,-0.1545,-0.4108,-0.0000,0.1801,-0.0316,-0.1466,0.0000,19,-0.1924,-0.5868,0
88.920,-0.1547,-0.4119,-0.0000,0.1790,-0.0316,-0.1466,0.0000,19,-0.1924,-0.5868,0
88.938,-0.1550,-0.4130,-0.0000,0.1778,-0.0316,-0.1466,0.0000,19,-0.1924,-0.5868,0
88.958,-0.1550,-0.4130,-0.0000,0.1778,-0.0316,-0.1466,0.0000,19,-0.1924,-0.5868,0
88.979,-0.1552,-0.4140,-0.0000,0.1767,-0.0316,-0.1466,0.0000,19,-0.1924,-0.5868,0
88.998,-0.1552,-0.4140,-0.0000,0.1767,-0.0316,-0.1466,0.0000,19,-0.1924,-0.5868,0
89.018,-0.1552,-0.4140,-0.0000,0.1767,-0.0316,-0.1466,0.0000,19,-0.1924,-0.5868,0
89.039,-0.1552,-0.4140,-0.0000,0.1767,-0.0316,-0.1466,0.0000,19,-0.1924,-0.5868,0
89.059,-0.1552,-0.4140,-0.0000,0.1767,-0.0316,-0.1466,0.0000,19,-0.1924,-0.5868,0
89.078,-0.1552,-0.4140,-0.0000,0.1767,-0.0316,-0.1466,0.0000,19,-0.1924,-0.5868,0
89.098,-0.1552,-0.4140,-0.0000,0.1767,-0.0316,-0.1466,0.0000,19,-0.1924,-0.5868,0
89.119,-0.1552,-0.4140,-0.0000,0.1767,-0.0316,-0.1466,0.0000,19,-0.1924,-0.5868,0
89.139,-0.1552,-0.4140,-0.0000,0.1767,-0.0316,-0.1466,0.0000,19,-0.1924,-0.5868,0
89.158,-0.1552,-0.4140,-0.0000,0.1767,-0.0316,-0.1466,0.0000,19,-0.1924,-0.5868,0
89.178,-0.1557,-0.4162,-0.0000,0.1745,-0.0316,-0.1466,0.0000,19,-0.1924,-0.5868,0
89.198,-0.1561,-0.4184,-0.0000,0.1723,-0.0316,-0.1466,0.0000,19,-0.1924,-0.5868,0
89.219,-0.1568,-0.4216,-0.0000,0.1690,-0.0316,-0.1466,0.0000,19,-0.1924,-0.5868,0
89.238,-0.1568,-0.4216,-0.0000,0.1690,-0.0316,-0.1466,0.0000,19,-0.1924,-0.5868,0
89.258,-0.1568,-0.4216,-0.0000,0.1690,-0.0316,-0.1466,0.0000,19,-0.1924,-0.5868,0
89.279,-0.1573,-0.4238,-0.0000,0.1668,-0.0316,-0.1466,0.0000,19,-0.1924,-0.5868,0
89.299,-0.1573,-0.4238,-0.0000,0.1668,-0.0316,-0.1466,0.0000,19,-0.1924,-0.5868,0
89.318,-0.1573,-0.4238,-0.0000,0.1668,-0.0316,-0.1466,0.0000,19,-0.1924,-0.5868,0
89.338,-0.1573,-0.4238,-0.0000,0.1668,-0.0316,-0.1466,0.0000,19,-0.1924,-0.5868,0
89.358,-0.1573,-0.4238,-0.0000,0.1668,-0.0316,-0.1466,0.0000,19,-0.1924,-0.5868,0
89.378,-0.1573,-0.4238,-0.0000,0.1668,-0.0316,-0.1466,0.0000,19,-0.1924,-0.5868,0
89.398,-0.1573,-0.4238,-0.0000,0.1668,-0.0316,-0.1466,0.0000,19,-0.1924,-0.5868,0
89.419,-0.1573,-0.4238,-0.0000,0.1668,-0.0316,-0.1466,0.0000,19,-0.1924,-0.5868,0
89.439,-0.1573,-0.4238,-0.0000,0.1668,-0.0316,-0.1466,0.0000,19,-0.1924,-0.5868,0
89.458,-0.1575,-0.4249,-0.0000,0.1657,-0.0316,-0.1466,0.0000,19,-0.1924,-0.5868,0
89.478,-0.1580,-0.4270,-0.0000,0.1634,-0.0316,-0.1466,0.0000,19,-0.1924,-0.5868,0
89.498,-0.1585,-0.4292,-0.0000,0.1612,-0.0316,-0.1466,0.0000,19,-0.1924,-0.5868,0
89.518,-0.1592,-0.4325,-0.0000,0.1579,-0.0316,-0.1466,0.0000,19,-0.1924,-0.5868,0
89.539,-0.1592,-0.4325,-0.0000,0.1579,-0.0316,-0.1466,0.0000,19,-0.1924,-0.5868,0
89.558,-0.1594,-0.4335,-0.0000,0.1568,-0.0316,-0.1466,0.0000,19,-0.1924,-0.5868,0
89.579,-0.1596,-0.4346,-0.0000,0.1557,-0.0316,-0.1466,0.0000,19,-0.1924,-0.5868,0
89.598,-0.1596,-0.4346,-0.0000,0.1557,-0.0316,-0.1466,0.0000,19,-0.1924,-0.5868,0
89.619,-0.1596,-0.4346,-0.0000,0.1557,-0.0316,-0.1466,0.0000,19,-0.1924,-0.5868,0
89.638,-0.1599,-0.4357,-0.0000,0.1546,-0.0316,-0.1466,0.0000,19,-0.1924,-0.5868,0
89.658,-0.1599,-0.4357,-0.0000,0.1546,-0.0316,-0.1466,0.0000,19,-0.1924,-0.5868,0
89.678,-0.1599,-0.4357,-0.0000,0.1546,-0.0316,-0.1466,0.0000,19,-0.1924,-0.5868,0
89.698,-0.1599,-0.4357,-0.0000,0.1546,-0.0316,-0.1466,0.0000,19,-0.1924,-0.5868,0
89.718,-0.1601,-0.4368,-0.0000,0.1535,-0.0316,-0.1466,0.0000,19,-0.1924,-0.5868,0
89.740,-0.1603,-0.4379,-0.0000,0.1524,-0.0316,-0.1466,0.0000,19,-0.1924,-0.5868,0
89.758,-0.1608,-0.4400,-0.0000,0.1502,-0.0316,-0.1466,0.0000,19,-0.1924,-0.5868,0
89.779,-0.1608,-0.4400,-0.0000,0.1502,-0.0316,-0.1466,0.0000,19,-0.1924,-0.5868,0
89.799,-0.1610,-0.4411,-0.0000,0.2301,-0.0057,-0.1499,0.0000,20,-0.1698,-0.6710,0
89.818,-0.1613,-0.4433,-0.0000,0.2279,-0.0056,-0.1499,0.0000,20,-0.1698,-0.6710,0
89.840,-0.1613,-0.4433,-0.0000,0.2279,-0.0056,-0.1499,0.0000,20,-0.1698,-0.6710,0
89.858,-0.1613,-0.4433,-0.0000,0.2279,-0.0056,-0.1499,0.0000,20,-0.1698,-0.6710,0
89.878,-0.1614,-0.4455,-0.0000,0.2257,-0.0056,-0.1499,0.0000,20,-0.1698,-0.6710,0
89.898,-0.1614,-0.4455,-0.0000,0.2257,-0.0056,-0.1499,0.0000,20,-0.1698,-0.6710,0
89.920,-0.1614,-0.4455,-0.0000,0.2257,-0.0056,-0.1499,0.0000,20,-0.1698,-0.6710,0
89.938,-0.1614,-0.4466,-0.0000,0.2245,-0.0056,-0.1499,0.0000,20,-0.1698,-0.6710,0
89.958,-0.1614,-0.4466,-0.0000,0.2245,-0.0056,-0.1499,0.0000,20,-0.1698,-0.6710,0
89.979,-0.1614,-0.4466,-0.0000,0.2245,-0.0056,-0.1499,0.0000,20,-0.1698,-0.6710,0
89.998,-0.1614,-0.4466,-0.0000,0.2245,-0.0056,-0.1499,0.0000,20,-0.1698,-0.6710,0
90.018,-0.1614,-0.4466,-0.0000,0.2245,-0.0056,-0.1499,0.0000,20,-0.1698,-0.6710,0
90.038,-0.1614,-0.4466,-0.0000,0.2245,-0.0056,-0.1499,0.0000,20,-0.1698,-0.6710,0
90.058,-0.1614,-0.4466,-0.0000,0.2245,-0.0056,-0.1499,0.0000,20,-0.1698,-0.6710,0
90.078,-0.1614,-0.4466,-0.0000,0.2245,-0.0056,-0.1499,0.0000,20,-0.1698,-0.6710,0
90.098,-0.1614,-0.4466,-0.0000,0.2245,-0.0056,-0.1499,0.0000,20,-0.1698,-0.6710,0
90.119,-0.1614,-0.4466,-0.0000,0.2245,-0.0056,-0.1499,0.0000,20,-0.1698,-0.6710,0
90.138,-0.1615,-0.4477,-0.0000,0.2234,-0.0056,-0.1499,0.0000,20,-0.1698,-0.6710,0
90.158,-0.1615,-0.4488,-0.0000,0.2223,-0.0056,-0.1499,0.0000,20,-0.1698,-0.6710,0
90.178,-0.1616,-0.4511,-0.0000,0.2201,-0.0056,-0.1499,0.0000,20,-0.1698,-0.6710,0
90.199,-0.1616,-0.4522,-0.0000,0.2190,-0.0056,-0.1499,0.0000,20,-0.1698,-0.6710,0
90.218,-0.1617,-0.4544,-0.0000,0.2168,-0.0056,-0.1499,0.0000,20,-0.1698,-0.6710,0
90.238,-0.1617,-0.4544,-0.0000,0.2168,-0.0056,-0.1499,0.0000,20,-0.1698,-0.6710,0
90.258,-0.1617,-0.4544,-0.0000,0.2168,-0.0056,-0.1499,0.0000,20,-0.1698,-0.6710,0
90.278,-0.1617,-0.4544,-0.0000,0.2168,-0.0056,-0.1499,0.0000,20,-0.1698,-0.6710,0
90.298,-0.1617,-0.4544,-0.0000,0.2168,-0.0056,-0.1499,0.0000,20,-0.1698,-0.6710,0
90.319,-0.1618,-0.4555,-0.0000,0.2157,-0.0056,-0.1499,0.0000,20,-0.1698,-0.6710,0
90.338,-0.1618,-0.4555,-0.0000,0.2157,-0.0056,-0.1499,0.0000,20,-0.1698,-0.6710,0
90.358,-0.1618,-0.4577,-0.0000,0.2135,-0.0056,-0.1499,0.0000,20,-0.1698,-0.6710,0
90.378,-0.1618,-0.4577,-0.0000,0.2135,-0.0056,-0.1499,0.0000,20,-0.1698,-0.6710,0
90.398,-0.1618,-0.4577,-0.0000,0.2135,-0.0056,-0.1499,0.0000,20,-0.1698,-0.6710,0
90.419,-0.1618,-0.4577,-0.0000,0.2135,-0.0056,-0.1499,0.0000,20,-0.1698,-0.6710,0
90.438,-0.1619,-0.4599,-0.0000,0.2113,-0.0056,-0.1499,0.0000,20,-0.1698,-0.6710,0
90.458,-0.1619,-0.4599,-0.0000,0.2113,-0.0056,-0.1499,0.0000,20,-0.1698,-0.6710,0
90.478,-0.1619,-0.4599,-0.0000,0.2113,-0.0056,-0.1499,0.0000,20,-0.1698,-0.6710,0
90.498,-0.1620,-0.4610,-0.0000,0.2101,-0.0056,-0.1499,0.0000,20,-0.1698,-0.6710,0
90.518,-0.1621,-0.4632,-0.0000,0.2079,-0.0056,-0.1499,0.0000,20,-0.1698,-0.6710,0
90.539,-0.1621,-0.4643,-0.0000,0.2068,-0.0056,-0.1499,0.0000,20,-0.1698,-0.6710,0
90.558,-0.1621,-0.4654,-0.0000,0.2057,-0.0056,-0.1499,0.0000,20,-0.1698,-0.6710,0
90.578,-0.1621,-0.4654,-0.0000,0.2057,-0.0056,-0.1499,0.0000,20,-0.1698,-0.6710,0
90.599,-0.1621,-0.4654,-0.0000,0.2057,-0.0056,-0.1499,0.0000,20,-0.1698,-0.6710,0
90.618,-0.1621,-0.4654,-0.0000,0.2057,-0.0056,-0.1499,0.0000,20,-0.1698,-0.6710,0
90.639,-0.1621,-0.4654,-0.0000,0.2057,-0.0056,-0.1499,0.0000,20,-0.1698,-0.6710,0
90.660,-0.1622,-0.4677,-0.0000,0.2035,-0.0056,-0.1499,0.0000,20,-0.1698,-0.6710,0
90.678,-0.1622,-0.4677,-0.0000,0.2035,-0.0056,-0.1499,0.0000,20,-0.1698,-0.6710,0
90.698,-0.1622,-0.4677,-0.0000,0.2035,-0.0056,-0.1499,0.0000,20,-0.1698,-0.6710,0
90.719,-0.1622,-0.4677,-0.0000,0.2035,-0.0056,-0.1499,0.0000,20,-0.1698,-0.6710,0
90.738,-0.1623,-0.4688,-0.0000,0.2024,-0.0056,-0.1499,0.0000,20,-0.1698,-0.6710,0
90.758,-0.1623,-0.4699,-0.0000,0.2013,-0.0056,-0.1499,0.0000,20,-0.1698,-0.6710,0
90.778,-0.1624,-0.4721,-0.0000,0.1991,-0.0056,-0.1499,0.0000,20,-0.1698,-0.6710,0
90.800,-0.1624,-0.4721,-0.0000,0.1991,-0.0056,-0.1499,0.0000,20,-0.1698,-0.6710,0
90.818,-0.1624,-0.4721,-0.0000,0.1991,-0.0056,-0.1499,0.0000,20,-0.1698,-0.6710,0
90.838,-0.1625,-0.4754,-0.0000,0.1957,-0.0056,-0.1499,0.0000,20,-0.1698,-0.6710,0
90.858,-0.1625,-0.4754,-0.0000,0.1957,-0.0056,-0.1499,0.0000,20,-0.1698,-0.6710,0
90.878,-0.1625,-0.4754,-0.0000,0.1957,-0.0056,-0.1499,0.0000,20,-0.1698,-0.6710,0
90.898,-0.1625,-0.4754,-0.0000,0.1957,-0.0056,-0.1499,0.0000,20,-0.1698,-0.6710,0
90.919,-0.1625,-0.4765,-0.0000,0.1946,-0.0056,-0.1499,0.0000,20,-0.1698,-0.6710,0
90.938,-0.1626,-0.4776,-0.0000,0.1935,-0.0056,-0.1499,0.0000,20,-0.1698,-0.6710,0
90.958,-0.1626,-0.4776,-0.0000,0.1935,-0.0056,-0.1499,0.0000,20,-0.1698,-0.6710,0
90.978,-0.1626,-0.4787,-0.0000,0.1924,-0.0056,-0.1499,0.0000,20,-0.1698,-0.6710,0
90.998,-0.1626,-0.4787,-0.0000,0.1924,-0.0056,-0.1499,0.0000,20,-0.1698,-0.6710,0
91.018,-0.1626,-0.4787,-0.0000,0.1924,-0.0056,-0.1499,0.0000,20,-0.1698,-0.6710,0
91.038,-0.1626,-0.4787,-0.0000,0.1924,-0.0056,-0.1499,0.0000,20,-0.1698,-0.6710,0
91.059,-0.1626,-0.4787,-0.0000,0.1924,-0.0056,-0.1499,0.0000,20,-0.1698,-0.6710,0
91.078,-0.1626,-0.4787,-0.0000,0.1924,-0.0056,-0.1499,0.0000,20,-0.1698,-0.6710,0
91.099,-0.1626,-0.4787,-0.0000,0.1924,-0.0056,-0.1499,0.0000,20,-0.1698,-0.6710,0
91.119,-0.1626,-0.4787,-0.0000,0.1924,-0.0056,-0.1499,0.0000,20,-0.1698,-0.6710,0
91.140,-0.1626,-0.4787,-0.0000,0.1924,-0.0056,-0.1499,0.0000,20,-0.1698,-0.6710,0
91.158,-0.1627,-0.4809,-0.0000,0.1902,-0.0056,-0.1499,0.0000,20,-0.1698,-0.6710,0
91.178,-0.1628,-0.4832,-0.0000,0.1880,-0.0056,-0.1499,0.0000,20,-0.1698,-0.6710,0
91.198,-0.1629,-0.4854,-0.0000,0.1858,-0.0056,-0.1499,0.0000,20,-0.1698,-0.6710,0
91.218,-0.1630,-0.4887,-0.0000,0.1825,-0.0056,-0.1499,0.0000,20,-0.1698,-0.6710,0
91.240,-0.1630,-0.4887,-0.0000,0.1825,-0.0056,-0.1499,0.0000,20,-0.1698,-0.6710,0
91.258,-0.1630,-0.4898,-0.0000,0.1813,-0.0056,-0.1499,0.0000,20,-0.1698,-0.6710,0
91.279,-0.1631,-0.4909,-0.0000,0.1802,-0.0056,-0.1499,0.0000,20,-0.1698,-0.6710,0
91.298,-0.1631,-0.4909,-0.0000,0.1802,-0.0056,-0.1499,0.0000,20,-0.1698,-0.6710,0
91.318,-0.1631,-0.4909,-0.0000,0.1802,-0.0056,-0.1499,0.0000,20,-0.1698,-0.6710,0
91.338,-0.1631,-0.4920,-0.0000,0.1791,-0.0056,-0.1499,0.0000,20,-0.1698,-0.6710,0
91.358,-0.1631,-0.4920,-0.0000,0.1791,-0.0056,-0.1499,0.0000,20,-0.1698,-0.6710,0
91.378,-0.1631,-0.4920,-0.0000,0.1791,-0.0056,-0.1499,0.0000,20,-0.1698,-0.6710,0
91.399,-0.1631,-0.4920,-0.0000,0.1791,-0.0056,-0.1499,0.0000,20,-0.1698,-0.6710,0
91.419,-0.1632,-0.4931,-0.0000,0.1780,-0.0056,-0.1499,0.0000,20,-0.1698,-0.6710,0
91.438,-0.1632,-0.4942,-0.0000,0.1769,-0.0056,-0.1499,0.0000,20,-0.1698,-0.6710,0
91.458,-0.1633,-0.4953,-0.0000,0.1758,-0.0056,-0.1499,0.0000,20,-0.1698,-0.6710,0
91.478,-0.1633,-0.4975,-0.0000,0.1736,-0.0056,-0.1499,0.0000,20,-0.1698,-0.6710,0
91.498,-0.1633,-0.4975,-0.0000,0.1736,-0.0056,-0.1499,0.0000,20,-0.1698,-0.6710,0
91.518,-0.1633,-0.4975,-0.0000,0.1736,-0.0056,-0.1499,0.0000,20,-0.1698,-0.6710,0
91.538,-0.1634,-0.4998,-0.0000,0.1714,-0.0056,-0.1499,0.0000,20,-0.1698,-0.6710,0
91.560,-0.1634,-0.4998,-0.0000,0.1714,-0.0056,-0.1499,0.0000,20,-0.1698,-0.6710,0
91.578,-0.1635,-0.5009,-0.0000,0.1703,-0.0056,-0.1499,0.0000,20,-0.1698,-0.6710,0
91.598,-0.1635,-0.5020,-0.0000,0.1692,-0.0056,-0.1499,0.0000,20,-0.1698,-0.6710,0
91.618,-0.1635,-0.5020,-0.0000,0.1692,-0.0056,-0.1499,0.0000,20,-0.1698,-0.6710,0
91.638,-0.1635,-0.5020,-0.0000,0.1692,-0.0056,-0.1499,0.0000,20,-0.1698,-0.6710,0
91.659,-0.1635,-0.5020,-0.0000,0.1692,-0.0056,-0.1499,0.0000,20,-0.1698,-0.6710,0
91.678,-0.1635,-0.5031,-0.0000,0.1681,-0.0056,-0.1499,0.0000,20,-0.1698,-0.6710,0
91.699,-0.1635,-0.5031,-0.0000,0.1681,-0.0056,-0.1499,0.0000,20,-0.1698,-0.6710,0
91.718,-0.1635,-0.5031,-0.0000,0.1681,-0.0056,-0.1499,0.0000,20,-0.1698,-0.6710,0
91.740,-0.1635,-0.5031,-0.0000,0.1681,-0.0056,-0.1499,0.0000,20,-0.1698,-0.6710,0
91.759,-0.1635,-0.5031,-0.0000,0.1681,-0.0056,-0.1499,0.0000,20,-0.1698,-0.6710,0
91.778,-0.1636,-0.5053,-0.0000,0.1658,-0.0056,-0.1499,0.0000,20,-0.1698,-0.6710,0
91.798,-0.1636,-0.5053,-0.0000,0.1658,-0.0056,-0.1499,0.0000,20,-0.1698,-0.6710,0
91.819,-0.1637,-0.5064,-0.0000,0.1647,-0.0056,-0.1499,0.0000,20,-0.1698,-0.6710,0
91.838,-0.1637,-0.5075,-0.0000,0.1636,-0.0056,-0.1499,0.0000,20,-0.1698,-0.6710,0
91.860,-0.1637,-0.5075,-0.0000,0.1636,-0.0056,-0.1499,0.0000,20,-0.1698,-0.6710,0
91.878,-0.1637,-0.5075,-0.0000,0.1636,-0.0056,-0.1499,0.0000,20,-0.1698,-0.6710,0
91.898,-0.1638,-0.5086,-0.0000,0.1625,-0.0056,-0.1499,0.0000,20,-0.1698,-0.6710,0
91.919,-0.1638,-0.5108,-0.0000,0.1603,-0.0056,-0.1499,0.0000,20,-0.1698,-0.6710,0
91.939,-0.1638,-0.5108,-0.0000,0.1603,-0.0056,-0.1499,0.0000,20,-0.1698,-0.6710,0
91.958,-0.1639,-0.5119,-0.0000,0.1592,-0.0056,-0.1499,0.0000,20,-0.1698,-0.6710,0
91.978,-0.1639,-0.5130,-0.0000,0.1581,-0.0056,-0.1499,0.0000,20,-0.1698,-0.6710,0
91.998,-0.1639,-0.5130,-0.0000,0.1581,-0.0056,-0.1499,0.0000,20,-0.1698,-0.6710,0
92.018,-0.1639,-0.5130,-0.0000,0.1581,-0.0056,-0.1499,0.0000,20,-0.1698,-0.6710,0
92.039,-0.1639,-0.5130,-0.0000,0.1581,-0.0056,-0.1499,0.0000,20,-0.1698,-0.6710,0
92.058,-0.1640,-0.5141,-0.0000,0.1570,-0.0056,-0.1499,0.0000,20,-0.1698,-0.6710,0
92.078,-0.1640,-0.5141,-0.0000,0.1570,-0.0056,-0.1499,0.0000,20,-0.1698,-0.6710,0
92.099,-0.1640,-0.5141,-0.0000,0.1570,-0.0056,-0.1499,0.0000,20,-0.1698,-0.6710,0
92.120,-0.1640,-0.5141,-0.0000,0.1570,-0.0056,-0.1499,0.0000,20,-0.1698,-0.6710,0
92.138,-0.1640,-0.5141,-0.0000,0.1570,-0.0056,-0.1499,0.0000,20,-0.1698,-0.6710,0
92.159,-0.1640,-0.5141,-0.0000,0.1570,-0.0056,-0.1499,0.0000,20,-0.1698,-0.6710,0
92.179,-0.1640,-0.5141,-0.0000,0.1570,-0.0056,-0.1499,0.0000,20,-0.1698,-0.6710,0
92.198,-0.1640,-0.5141,-0.0000,0.1570,-0.0056,-0.1499,0.0000,20,-0.1698,-0.6710,0
92.219,-0.1640,-0.5141,-0.0000,0.1570,-0.0056,-0.1499,0.0000,20,-0.1698,-0.6710,0
92.240,-0.1640,-0.5141,-0.0000,0.1570,-0.0056,-0.1499,0.0000,20,-0.1698,-0.6710,0
92.258,-0.1640,-0.5153,-0.0000,0.1559,-0.0056,-0.1499,0.0000,20,-0.1698,-0.6710,0
92.278,-0.1641,-0.5175,-0.0000,0.1537,-0.0056,-0.1499,0.0000,20,-0.1698,-0.6710,0
92.298,-0.1642,-0.5197,-0.0000,0.1514,-0.0056,-0.1499,0.0000,20,-0.1698,-0.6710,0
92.319,-0.1643,-0.5219,-0.0000,0.2302,0.0204,-0.1486,0.0000,21,-0.1330,-0.7500,0
92.338,-0.1641,-0.5230,-0.0000,0.2291,0.0204,-0.1486,0.0000,21,-0.1330,-0.7500,0
92.358,-0.1640,-0.5241,-0.0000,0.2280,0.0204,-0.1486,0.0000,21,-0.1330,-0.7500,0
92.378,-0.1640,-0.5241,-0.0000,0.2280,0.0204,-0.1486,0.0000,21,-0.1330,-0.7500,0
92.398,-0.1640,-0.5241,-0.0000,0.2280,0.0204,-0.1486,0.0000,21,-0.1330,-0.7500,0
92.419,-0.1640,-0.5241,-0.0000,0.2280,0.0204,-0.1486,0.0000,21,-0.1330,-0.7500,0
92.438,-0.1638,-0.5252,-0.0000,0.2269,0.0204,-0.1486,0.0000,21,-0.1330,-0.7500,0
92.459,-0.1637,-0.5263,-0.0000,0.2258,0.0204,-0.1486,0.0000,21,-0.1330,-0.7500,0
92.479,-0.1635,-0.5274,-0.0000,0.2247,0.0204,-0.1486,0.0000,21,-0.1330,-0.7500,0
92.498,-0.1634,-0.5285,-0.0000,0.2236,0.0204,-0.1486,0.0000,21,-0.1330,-0.7500,0
92.518,-0.1632,-0.5296,-0.0000,0.2225,0.0204,-0.1486,0.0000,21,-0.1330,-0.7500,0
92.538,-0.1632,-0.5296,-0.0000,0.2225,0.0204,-0.1486,0.0000,21,-0.1330,-0.7500,0
92.558,-0.1631,-0.5307,-0.0000,0.2214,0.0204,-0.1486,0.0000,21,-0.1330,-0.7500,0
92.578,-0.1629,-0.5318,-0.0000,0.2203,0.0204,-0.1486,0.0000,21,-0.1330,-0.7500,0
92.598,-0.1629,-0.5318,-0.0000,0.2203,0.0204,-0.1486,0.0000,21,-0.1330,-0.7500,0
92.618,-0.1626,-0.5340,-0.0000,0.2180,0.0204,-0.1486,0.0000,21,-0.1330,-0.7500,0
92.638,-0.1626,-0.5340,-0.0000,0.2180,0.0204,-0.1486,0.0000,21,-0.1330,-0.7500,0
92.659,-0.1626,-0.5340,-0.0000,0.2180,0.0204,-0.1486,0.0000,21,-0.1330,-0.7500,0
92.678,-0.1626,-0.5340,-0.0000,0.2180,0.0204,-0.1486,0.0000,21,-0.1330,-0.7500,0
92.698,-0.1626,-0.5340,-0.0000,0.2180,0.0204,-0.1486,0.0000,21,-0.1330,-0.7500,0
92.719,-0.1624,-0.5351,-0.0000,0.2169,0.0204,-0.1486,0.0000,21,-0.1330,-0.7500,0
92.738,-0.1624,-0.5351,-0.0000,0.2169,0.0204,-0.1486,0.0000,21,-0.1330,-0.7500,0
92.758,-0.1624,-0.5351,-0.0000,0.2169,0.0204,-0.1486,0.0000,21,-0.1330,-0.7500,0
92.778,-0.1624,-0.5351,-0.0000,0.2169,0.0204,-0.1486,0.0000,21,-0.1330,-0.7500,0
92.798,-0.1624,-0.5351,-0.0000,0.2169,0.0204,-0.1486,0.0000,21,-0.1330,-0.7500,0
92.820,-0.1624,-0.5351,-0.0000,0.2169,0.0204,-0.1486,0.0000,21,-0.1330,-0.7500,0
92.838,-0.1623,-0.5362,-0.0000,0.2158,0.0204,-0.1486,0.0000,21,-0.1330,-0.7500,0
92.859,-0.1621,-0.5373,-0.0000,0.2147,0.0204,-0.1486,0.0000,21,-0.1330,-0.7500,0
92.878,-0.1618,-0.5395,-0.0000,0.2125,0.0204,-0.1486,0.0000,21,-0.1330,-0.7500,0
92.898,-0.1617,-0.5406,-0.0000,0.2114,0.0204,-0.1486,0.0000,21,-0.1330,-0.7500,0
92.918,-0.1615,-0.5416,-0.0000,0.2103,0.0204,-0.1486,0.0000,21,-0.1330,-0.7500,0
92.939,-0.1615,-0.5416,-0.0000,0.2103,0.0204,-0.1486,0.0000,21,-0.1330,-0.7500,0
92.958,-0.1612,-0.5438,-0.0000,0.2081,0.0204,-0.1486,0.0000,21,-0.1330,-0.7500,0
92.978,-0.1612,-0.5438,-0.0000,0.2081,0.0204,-0.1486,0.0000,21,-0.1330,-0.7500,0
92.998,-0.1612,-0.5438,-0.0000,0.2081,0.0204,-0.1486,0.0000,21,-0.1330,-0.7500,0
93.018,-0.1612,-0.5438,-0.0000,0.2081,0.0204,-0.1486,0.0000,21,-0.1330,-0.7500,0
93.039,-0.1612,-0.5438,-0.0000,0.2081,0.0204,-0.1486,0.0000,21,-0.1330,-0.7500,0
93.058,-0.1611,-0.5449,-0.0000,0.2070,0.0204,-0.1486,0.0000,21,-0.1330,-0.7500,0
93.079,-0.1611,-0.5449,-0.0000,0.2070,0.0204,-0.1486,0.0000,21,-0.1330,-0.7500,0
93.098,-0.1611,-0.5449,-0.0000,0.2070,0.0204,-0.1486,0.0000,21,-0.1330,-0.7500,0
93.118,-0.1611,-0.5449,-0.0000,0.2070,0.0204,-0.1486,0.0000,21,-0.1330,-0.7500,0
93.139,-0.1611,-0.5449,-0.0000,0.2070,0.0204,-0.1486,0.0000,21,-0.1330,-0.7500,0
93.158,-0.1611,-0.5449,-0.0000,0.2070,0.0204,-0.1486,0.0000,21,-0.1330,-0.7500,0
93.178,-0.1611,-0.5449,-0.0000,0.2070,0.0204,-0.1486,0.0000,21,-0.1330,-0.7500,0
93.199,-0.1611,-0.5449,-0.0000,0.2070,0.0204,-0.1486,0.0000,21,-0.1330,-0.7500,0
93.219,-0.1611,-0.5449,-0.0000,0.2070,0.0204,-0.1486,0.0000,21,-0.1330,-0.7500,0
93.238,-0.1609,-0.5460,-0.0000,0.2059,0.0204,-0.1486,0.0000,21,-0.1330,-0.7500,0
93.258,-0.1606,-0.5482,-0.0000,0.2036,0.0204,-0.1486,0.0000,21,-0.1330,-0.7500,0
93.278,-0.1605,-0.5493,-0.0000,0.2025,0.0204,-0.1486,0.0000,21,-0.1330,-0.7500,0
93.298,-0.1602,-0.5515,-0.0000,0.2003,0.0204,-0.1486,0.0000,21,-0.1330,-0.7500,0
93.318,-0.1602,-0.5515,-0.0000,0.2003,0.0204,-0.1486,0.0000,21,-0.1330,-0.7500,0
93.338,-0.1600,-0.5526,-0.0000,0.1992,0.0204,-0.1486,0.0000,21,-0.1330,-0.7500,0
93.358,-0.1599,-0.5537,-0.0000,0.1981,0.0204,-0.1486,0.0000,21,-0.1330,-0.7500,0
93.378,-0.1599,-0.5537,-0.0000,0.1981,0.0204,-0.1486,0.0000,21,-0.1330,-0.7500,0
93.398,-0.1599,-0.5537,-0.0000,0.1981,0.0204,-0.1486,0.0000,21,-0.1330,-0.7500,0
93.418,-0.1599,-0.5537,-0.0000,0.1981,0.0204,-0.1486,0.0000,21,-0.1330,-0.7500,0
93.439,-0.1597,-0.5548,-0.0000,0.1970,0.0204,-0.1486,0.0000,21,-0.1330,-0.7500,0
93.458,-0.1597,-0.5548,-0.0000,0.1970,0.0204,-0.1486,0.0000,21,-0.1330,-0.7500,0
93.478,-0.1597,-0.5548,-0.0000,0.1970,0.0204,-0.1486,0.0000,21,-0.1330,-0.7500,0
93.499,-0.1596,-0.5559,-0.0000,0.1959,0.0204,-0.1486,0.0000,21,-0.1330,-0.7500,0
93.518,-0.1594,-0.5570,-0.0000,0.1948,0.0204,-0.1486,0.0000,21,-0.1330,-0.7500,0
93.538,-0.1594,-0.5570,-0.0000,0.1948,0.0204,-0.1486,0.0000,21,-0.1330,-0.7500,0
93.558,-0.1593,-0.5581,-0.0000,0.1937,0.0204,-0.1486,0.0000,21,-0.1330,-0.7500,0
93.578,-0.1591,-0.5592,-0.0000,0.1926,0.0204,-0.1486,0.0000,21,-0.1330,-0.7500,0
93.598,-0.1590,-0.5603,-0.0000,0.1915,0.0204,-0.1486,0.0000,21,-0.1330,-0.7500,0
93.618,-0.1587,-0.5625,-0.0000,0.1892,0.0204,-0.1486,0.0000,21,-0.1330,-0.7500,0
93.639,-0.1587,-0.5625,-0.0000,0.1892,0.0204,-0.1486,0.0000,21,-0.1330,-0.7500,0
93.658,-0.1585,-0.5636,-0.0000,0.1881,0.0204,-0.1486,0.0000,21,-0.1330,-0.7500,0
93.678,-0.1584,-0.5647,-0.0000,0.1870,0.0204,-0.1486,0.0000,21,-0.1330,-0.7500,0
93.699,-0.1584,-0.5647,-0.0000,0.1870,0.0204,-0.1486,0.0000,21,-0.1330,-0.7500,0
93.718,-0.1584,-0.5647,-0.0000,0.1870,0.0204,-0.1486,0.0000,21,-0.1330,-0.7500,0
93.739,-0.1584,-0.5647,-0.0000,0.1870,0.0204,-0.1486,0.0000,21,-0.1330,-0.7500,0
93.758,-0.1582,-0.5658,-0.0000,0.1859,0.0204,-0.1486,0.0000,21,-0.1330,-0.7500,0
93.779,-0.1581,-0.5669,-0.0000,0.1848,0.0204,-0.1486,0.0000,21,-0.1330,-0.7500,0
93.799,-0.1581,-0.5669,-0.0000,0.1848,0.0204,-0.1486,0.0000,21,-0.1330,-0.7500,0
93.818,-0.1578,-0.5691,-0.0000,0.1826,0.0204,-0.1486,0.0000,21,-0.1330,-0.7500,0
93.839,-0.1578,-0.5691,-0.0000,0.1826,0.0204,-0.1486,0.0000,21,-0.1330,-0.7500,0
93.858,-0.1578,-0.5691,-0.0000,0.1826,0.0204,-0.1486,0.0000,21,-0.1330,-0.7500,0
93.878,-0.1576,-0.5702,-0.0000,0.1815,0.0204,-0.1486,0.0000,21,-0.1330,-0.7500,0
93.898,-0.1575,-0.5713,-0.0000,0.1804,0.0204,-0.1486,0.0000,21,-0.1330,-0.7500,0
93.919,-0.1575,-0.5713,-0.0000,0.1804,0.0204,-0.1486,0.0000,21,-0.1330,-0.7500,0
93.938,-0.1572,-0.5735,-0.0000,0.1782,0.0204,-0.1486,0.0000,21,-0.1330,-0.7500,0
93.958,-0.1572,-0.5735,-0.0000,0.1782,0.0204,-0.1486,0.0000,21,-0.1330,-0.7500,0
93.980,-0.1572,-0.5735,-0.0000,0.1782,0.0204,-0.1486,0.0000,21,-0.1330,-0.7500,0
93.998,-0.1572,-0.5735,-0.0000,0.1782,0.0204,-0.1486,0.0000,21,-0.1330,-0.7500,0
94.020,-0.1572,-0.5735,-0.0000,0.1782,0.0204,-0.1486,0.0000,21,-0.1330,-0.7500,0
94.038,-0.1570,-0.5746,-0.0000,0.1771,0.0204,-0.1486,0.0000,21,-0.1330,-0.7500,0
94.058,-0.1570,-0.5746,-0.0000,0.1771,0.0204,-0.1486,0.0000,21,-0.1330,-0.7500,0
94.078,-0.1570,-0.5746,-0.0000,0.1771,0.0204,-0.1486,0.0000,21,-0.1330,-0.7500,0
94.099,-0.1570,-0.5746,-0.0000,0.1771,0.0204,-0.1486,0.0000,21,-0.1330,-0.7500,0
94.118,-0.1570,-0.5746,-0.0000,0.1771,0.0204,-0.1486,0.0000,21,-0.1330,-0.7500,0
94.138,-0.1570,-0.5746,-0.0000,0.1771,0.0204,-0.1486,0.0000,21,-0.1330,-0.7500,0
94.158,-0.1570,-0.5746,-0.0000,0.1771,0.0204,-0.1486,0.0000,21,-0.1330,-0.7500,0
94.178,-0.1570,-0.5746,-0.0000,0.1771,0.0204,-0.1486,0.0000,21,-0.1330,-0.7500,0
94.199,-0.1570,-0.5746,-0.0000,0.1771,0.0204,-0.1486,0.0000,21,-0.1330,-0.7500,0
94.218,-0.1569,-0.5757,-0.0000,0.1760,0.0204,-0.1486,0.0000,21,-0.1330,-0.7500,0
94.238,-0.1567,-0.5768,-0.0000,0.1748,0.0204,-0.1486,0.0000,21,-0.1330,-0.7500,0
94.258,-0.1564,-0.5790,-0.0000,0.1726,0.0204,-0.1486,0.0000,21,-0.1330,-0.7500,0
94.279,-0.1563,-0.5801,-0.0000,0.1715,0.0204,-0.1486,0.0000,21,-0.1330,-0.7500,0
94.298,-0.1563,-0.5801,-0.0000,0.1715,0.0204,-0.1486,0.0000,21,-0.1330,-0.7500,0
94.320,-0.1563,-0.5801,-0.0000,0.1715,0.0204,-0.1486,0.0000,21,-0.1330,-0.7500,0
94.338,-0.1560,-0.5823,-0.0000,0.1693,0.0204,-0.1486,0.0000,21,-0.1330,-0.7500,0
94.360,-0.1560,-0.5823,-0.0000,0.1693,0.0204,-0.1486,0.0000,21,-0.1330,-0.7500,0
94.378,-0.1560,-0.5823,-0.0000,0.1693,0.0204,-0.1486,0.0000,21,-0.1330,-0.7500,0
94.398,-0.1560,-0.5823,-0.0000,0.1693,0.0204,-0.1486,0.0000,21,-0.1330,-0.7500,0
94.418,-0.1560,-0.5823,-0.0000,0.1693,0.0204,-0.1486,0.0000,21,-0.1330,-0.7500,0
94.438,-0.1560,-0.5823,-0.0000,0.1693,0.0204,-0.1486,0.0000,21,-0.1330,-0.7500,0
94.458,-0.1560,-0.5823,-0.0000,0.1693,0.0204,-0.1486,0.0000,21,-0.1330,-0.7500,0
94.478,-0.1560,-0.5823,-0.0000,0.1693,0.0204,-0.1486,0.0000,21,-0.1330,-0.7500,0
94.499,-0.1560,-0.5823,-0.0000,0.1693,0.0204,-0.1486,0.0000,21,-0.1330,-0.7500,0
94.519,-0.1560,-0.5823,-0.0000,0.1693,0.0204,-0.1486,0.0000,21,-0.1330,-0.7500,0
94.538,-0.1558,-0.5834,-0.0000,0.1682,0.0204,-0.1486,0.0000,21,-0.1330,-0.7500,0
94.558,-0.1555,-0.5855,-0.0000,0.1660,0.0204,-0.1486,0.0000,21,-0.1330,-0.7500,0
94.578,-0.1554,-0.5866,-0.0000,0.1649,0.0204,-0.1486,0.0000,21,-0.1330,-0.7500,0
94.599,-0.1551,-0.5888,-0.0000,0.1627,0.0204,-0.1486,0.0000,21,-0.1330,-0.7500,0
94.618,-0.1549,-0.5899,-0.0000,0.1616,0.0204,-0.1486,0.0000,21,-0.1330,-0.7500,0
94.639,-0.1549,-0.5899,-0.0000,0.1616,0.0204,-0.1486,0.0000,21,-0.1330,-0.7500,0
94.658,-0.1548,-0.5910,-0.0000,0.1604,0.0204,-0.1486,0.0000,21,-0.1330,-0.7500,0
94.679,-0.1548,-0.5910,-0.0000,0.1604,0.0204,-0.1486,0.0000,21,-0.1330,-0.7500,0
94.698,-0.1546,-0.5921,-0.0000,0.1593,0.0204,-0.1486,0.0000,21,-0.1330,-0.7500,0
94.718,-0.1545,-0.5932,-0.0000,0.1582,0.0204,-0.1486,0.0000,21,-0.1330,-0.7500,0
94.739,-0.1545,-0.5932,-0.0000,0.1582,0.0204,-0.1486,0.0000,21,-0.1330,-0.7500,0
94.759,-0.1543,-0.5943,-0.0000,0.1571,0.0204,-0.1486,0.0000,21,-0.1330,-0.7500,0
94.778,-0.1542,-0.5954,-0.0000,0.1560,0.0204,-0.1486,0.0000,21,-0.1330,-0.7500,0
94.798,-0.1542,-0.5954,-0.0000,0.1560,0.0204,-0.1486,0.0000,21,-0.1330,-0.7500,0
94.818,-0.1542,-0.5954,-0.0000,0.1560,0.0204,-0.1486,0.0000,21,-0.1330,-0.7500,0
94.838,-0.1539,-0.5976,-0.0000,0.1538,0.0204,-0.1486,0.0000,21,-0.1330,-0.7500,0
94.858,-0.1539,-0.5976,-0.0000,0.1538,0.0204,-0.1486,0.0000,21,-0.1330,-0.7500,0
94.878,-0.1539,-0.5976,-0.0000,0.1538,0.0204,-0.1486,0.0000,21,-0.1330,-0.7500,0
94.898,-0.1539,-0.5976,-0.0000,0.1538,0.0204,-0.1486,0.0000,21,-0.1330,-0.7500,0
94.918,-0.1539,-0.5976,-0.0000,0.1538,0.0204,-0.1486,0.0000,21,-0.1330,-0.7500,0
94.939,-0.1539,-0.5976,-0.0000,0.1538,0.0204,-0.1486,0.0000,21,-0.1330,-0.7500,0
94.959,-0.1537,-0.5987,-0.0000,0.1527,0.0204,-0.1486,0.0000,21,-0.1330,-0.7500,0
94.978,-0.1537,-0.5987,-0.0000,0.1527,0.0204,-0.1486,0.0000,21,-0.1330,-0.7500,0
94.999,-0.1537,-0.5987,-0.0000,0.1527,0.0204,-0.1486,0.0000,21,-0.1330,-0.7500,0
95.018,-0.1537,-0.5987,-0.0000,0.1527,0.0204,-0.1486,0.0000,21,-0.1330,-0.7500,0
95.038,-0.1537,-0.5987,-0.0000,0.1527,0.0204,-0.1486,0.0000,21,-0.1330,-0.7500,0
95.058,-0.1537,-0.5987,-0.0000,0.1527,0.0204,-0.1486,0.0000,21,-0.1330,-0.7500,0
95.078,-0.1537,-0.5987,-0.0000,0.1527,0.0204,-0.1486,0.0000,21,-0.1330,-0.7500,0
95.100,-0.1537,-0.5987,-0.0000,0.1527,0.0204,-0.1486,0.0000,21,-0.1330,-0.7500,0
95.118,-0.1536,-0.5998,-0.0000,0.1516,0.0204,-0.1486,0.0000,21,-0.1330,-0.7500,0
95.139,-0.1533,-0.6020,-0.0000,0.2304,0.0457,-0.1429,0.0000,22,-0.0830,-0.8214,0
95.158,-0.1526,-0.6053,-0.0000,0.2271,0.0460,-0.1428,0.0000,22,-0.0830,-0.8214,0
95.178,-0.1520,-0.6074,-0.0000,0.2249,0.0460,-0.1428,0.0000,22,-0.0830,-0.8214,0
95.198,-0.1520,-0.6074,-0.0000,0.2249,0.0460,-0.1428,0.0000,22,-0.0830,-0.8214,0
95.218,-0.1516,-0.6084,-0.0000,0.2237,0.0460,-0.1428,0.0000,22,-0.0830,-0.8214,0
95.239,-0.1513,-0.6095,-0.0000,0.2226,0.0460,-0.1428,0.0000,22,-0.0830,-0.8214,0
95.258,-0.1513,-0.6095,-0.0000,0.2226,0.0460,-0.1428,0.0000,22,-0.0830,-0.8214,0
95.278,-0.1513,-0.6095,-0.0000,0.2226,0.0460,-0.1428,0.0000,22,-0.0830,-0.8214,0
95.299,-0.1509,-0.6105,-0.0000,0.2215,0.0460,-0.1428,0.0000,22,-0.0830,-0.8214,0
95.318,-0.1509,-0.6105,-0.0000,0.2215,0.0460,-0.1428,0.0000,22,-0.0830,-0.8214,0
95.338,-0.1509,-0.6105,-0.0000,0.2215,0.0460,-0.1428,0.0000,22,-0.0830,-0.8214,0
95.358,-0.1506,-0.6116,-0.0000,0.2204,0.0460,-0.1428,0.0000,22,-0.0830,-0.8214,0
95.379,-0.1503,-0.6126,-0.0000,0.2193,0.0460,-0.1428,0.0000,22,-0.0830,-0.8214,0
95.398,-0.1503,-0.6126,-0.0000,0.2193,0.0460,-0.1428,0.0000,22,-0.0830,-0.8214,0
95.418,-0.1499,-0.6137,-0.0000,0.2182,0.0460,-0.1428,0.0000,22,-0.0830,-0.8214,0
95.438,-0.1492,-0.6158,-0.0000,0.2160,0.0460,-0.1428,0.0000,22,-0.0830,-0.8214,0
95.458,-0.1492,-0.6158,-0.0000,0.2160,0.0460,-0.1428,0.0000,22,-0.0830,-0.8214,0
95.478,-0.1492,-0.6158,-0.0000,0.2160,0.0460,-0.1428,0.0000,22,-0.0830,-0.8214,0
95.498,-0.1486,-0.6179,-0.0000,0.2138,0.0460,-0.1428,0.0000,22,-0.0830,-0.8214,0
95.519,-0.1486,-0.6179,-0.0000,0.2138,0.0460,-0.1428,0.0000,22,-0.0830,-0.8214,0
95.538,-0.1482,-0.6190,-0.0000,0.2127,0.0460,-0.1428,0.0000,22,-0.0830,-0.8214,0
95.558,-0.1479,-0.6200,-0.0000,0.2116,0.0460,-0.1428,0.0000,22,-0.0830,-0.8214,0
95.578,-0.1479,-0.6200,-0.0000,0.2116,0.0460,-0.1428,0.0000,22,-0.0830,-0.8214,0
95.598,-0.1479,-0.6200,-0.0000,0.2116,0.0460,-0.1428,0.0000,22,-0.0830,-0.8214,0
95.618,-0.1479,-0.6200,-0.0000,0.2116,0.0460,-0.1428,0.0000,22,-0.0830,-0.8214,0
95.638,-0.1475,-0.6211,-0.0000,0.2105,0.0460,-0.1428,0.0000,22,-0.0830,-0.8214,0
95.659,-0.1475,-0.6211,-0.0000,0.2105,0.0460,-0.1428,0.0000,22,-0.0830,-0.8214,0
95.678,-0.1475,-0.6211,-0.0000,0.2105,0.0460,-0.1428,0.0000,22,-0.0830,-0.8214,0
95.699,-0.1475,-0.6211,-0.0000,0.2105,0.0460,-0.1428,0.0000,22,-0.0830,-0.8214,0
95.718,-0.1475,-0.6211,-0.0000,0.2105,0.0460,-0.1428,0.0000,22,-0.0830,-0.8214,0
95.738,-0.1475,-0.6211,-0.0000,0.2105,0.0460,-0.1428,0.0000,22,-0.0830,-0.8214,0
95.758,-0.1475,-0.6211,-0.0000,0.2105,0.0460,-0.1428,0.0000,22,-0.0830,-0.8214,0
95.779,-0.1475,-0.6211,-0.0000,0.2105,0.0460,-0.1428,0.0000,22,-0.0830,-0.8214,0
95.800,-0.1475,-0.6211,-0.0000,0.2105,0.0460,-0.1428,0.0000,22,-0.0830,-0.8214,0
95.818,-0.1472,-0.6221,-0.0000,0.2093,0.0460,-0.1428,0.0000,22,-0.0830,-0.8214,0
95.838,-0.1465,-0.6242,-0.0000,0.2071,0.0460,-0.1428,0.0000,22,-0.0830,-0.8214,0
95.858,-0.1462,-0.6253,-0.0000,0.2060,0.0460,-0.1428,0.0000,22,-0.0830,-0.8214,0
95.879,-0.1455,-0.6274,-0.0000,0.2038,0.0460,-0.1428,0.0000,22,-0.0830,-0.8214,0
95.898,-0.1452,-0.6285,-0.0000,0.2027,0.0460,-0.1428,0.0000,22,-0.0830,-0.8214,0
95.918,-0.1452,-0.6285,-0.0000,0.2027,0.0460,-0.1428,0.0000,22,-0.0830,-0.8214,0
95.939,-0.1452,-0.6285,-0.0000,0.2027,0.0460,-0.1428,0.0000,22,-0.0830,-0.8214,0
95.958,-0.1452,-0.6285,-0.0000,0.2027,0.0460,-0.1428,0.0000,22,-0.0830,-0.8214,0
95.978,-0.1445,-0.6306,-0.0000,0.2005,0.0460,-0.1428,0.0000,22,-0.0830,-0.8214,0
95.998,-0.1445,-0.6306,-0.0000,0.2005,0.0460,-0.1428,0.0000,22,-0.0830,-0.8214,0
96.018,-0.1445,-0.6306,-0.0000,0.2005,0.0460,-0.1428,0.0000,22,-0.0830,-0.8214,0
96.040,-0.1445,-0.6306,-0.0000,0.2005,0.0460,-0.1428,0.0000,22,-0.0830,-0.8214,0
96.059,-0.1442,-0.6316,-0.0000,0.1994,0.0460,-0.1428,0.0000,22,-0.0830,-0.8214,0
96.079,-0.1438,-0.6327,-0.0000,0.1983,0.0460,-0.1428,0.0000,22,-0.0830,-0.8214,0
96.098,-0.1438,-0.6327,-0.0000,0.1983,0.0460,-0.1428,0.0000,22,-0.0830,-0.8214,0
96.118,-0.1435,-0.6337,-0.0000,0.1972,0.0460,-0.1428,0.0000,22,-0.0830,-0.8214,0
96.138,-0.1431,-0.6348,-0.0000,0.1961,0.0460,-0.1428,0.0000,22,-0.0830,-0.8214,0
96.158,-0.1431,-0.6348,-0.0000,0.1961,0.0460,-0.1428,0.0000,22,-0.0830,-0.8214,0
96.180,-0.1431,-0.6348,-0.0000,0.1961,0.0460,-0.1428,0.0000,22,-0.0830,-0.8214,0
96.198,-0.1425,-0.6369,-0.0000,0.1938,0.0460,-0.1428,0.0000,22,-0.0830,-0.8214,0
96.219,-0.1425,-0.6369,-0.0000,0.1938,0.0460,-0.1428,0.0000,22,-0.0830,-0.8214,0
96.239,-0.1425,-0.6369,-0.0000,0.1938,0.0460,-0.1428,0.0000,22,-0.0830,-0.8214,0
96.258,-0.1418,-0.6390,-0.0000,0.1916,0.0460,-0.1428,0.0000,22,-0.0830,-0.8214,0
96.278,-0.1418,-0.6390,-0.0000,0.1916,0.0460,-0.1428,0.0000,22,-0.0830,-0.8214,0
96.298,-0.1418,-0.6390,-0.0000,0.1916,0.0460,-0.1428,0.0000,22,-0.0830,-0.8214,0
96.318,-0.1418,-0.6390,-0.0000,0.1916,0.0460,-0.1428,0.0000,22,-0.0830,-0.8214,0
96.340,-0.1418,-0.6390,-0.0000,0.1916,0.0460,-0.1428,0.0000,22,-0.0830,-0.8214,0
96.360,-0.1414,-0.6401,-0.0000,0.1905,0.0460,-0.1428,0.0000,22,-0.0830,-0.8214,0
96.378,-0.1414,-0.6401,-0.0000,0.1905,0.0460,-0.1428,0.0000,22,-0.0830,-0.8214,0
96.398,-0.1414,-0.6401,-0.0000,0.1905,0.0460,-0.1428,0.0000,22,-0.0830,-0.8214,0
96.418,-0.1414,-0.6401,-0.0000,0.1905,0.0460,-0.1428,0.0000,22,-0.0830,-0.8214,0
96.438,-0.1414,-0.6401,-0.0000,0.1905,0.0460,-0.1428,0.0000,22,-0.0830,-0.8214,0
96.458,-0.1414,-0.6401,-0.0000,0.1905,0.0460,-0.1428,0.0000,22,-0.0830,-0.8214,0
96.478,-0.1414,-0.6401,-0.0000,0.1905,0.0460,-0.1428,0.0000,22,-0.0830,-0.8214,0
96.498,-0.1414,-0.6401,-0.0000,0.1905,0.0460,-0.1428,0.0000,22,-0.0830,-0.8214,0
96.520,-0.1414,-0.6401,-0.0000,0.1905,0.0460,-0.1428,0.0000,22,-0.0830,-0.8214,0
96.538,-0.1408,-0.6422,-0.0000,0.1883,0.0460,-0.1428,0.0000,22,-0.0830,-0.8214,0
96.558,-0.1404,-0.6432,-0.0000,0.1872,0.0460,-0.1428,0.0000,22,-0.0830,-0.8214,0
96.579,-0.1397,-0.6453,-0.0000,0.1850,0.0460,-0.1428,0.0000,22,-0.0830,-0.8214,0
96.598,-0.1391,-0.6474,-0.0000,0.1828,0.0460,-0.1428,0.0000,22,-0.0830,-0.8214,0
96.618,-0.1391,-0.6474,-0.0000,0.1828,0.0460,-0.1428,0.0000,22,-0.0830,-0.8214,0
96.639,-0.1391,-0.6474,-0.0000,0.1828,0.0460,-0.1428,0.0000,22,-0.0830,-0.8214,0
96.659,-0.1384,-0.6495,-0.0000,0.1805,0.0460,-0.1428,0.0000,22,-0.0830,-0.8214,0
96.678,-0.1384,-0.6495,-0.0000,0.1805,0.0460,-0.1428,0.0000,22,-0.0830,-0.8214,0
96.698,-0.1384,-0.6495,-0.0000,0.1805,0.0460,-0.1428,0.0000,22,-0.0830,-0.8214,0
96.719,-0.1380,-0.6506,-0.0000,0.1794,0.0460,-0.1428,0.0000,22,-0.0830,-0.8214,0
96.738,-0.1380,-0.6506,-0.0000,0.1794,0.0460,-0.1428,0.0000,22,-0.0830,-0.8214,0
96.758,-0.1380,-0.6506,-0.0000,0.1794,0.0460,-0.1428,0.0000,22,-0.0830,-0.8214,0
96.778,-0.1377,-0.6517,-0.0000,0.1783,0.0460,-0.1428,0.0000,22,-0.0830,-0.8214,0
96.798,-0.1374,-0.6527,-0.0000,0.1772,0.0460,-0.1428,0.0000,22,-0.0830,-0.8214,0
96.818,-0.1370,-0.6538,-0.0000,0.1761,0.0460,-0.1428,0.0000,22,-0.0830,-0.8214,0
96.838,-0.1363,-0.6559,-0.0000,0.1739,0.0460,-0.1428,0.0000,22,-0.0830,-0.8214,0
96.858,-0.1363,-0.6559,-0.0000,0.1739,0.0460,-0.1428,0.0000,22,-0.0830,-0.8214,0
96.879,-0.1363,-0.6559,-0.0000,0.1739,0.0460,-0.1428,0.0000,22,-0.0830,-0.8214,0
96.898,-0.1357,-0.6580,-0.0000,0.1717,0.0460,-0.1428,0.0000,22,-0.0830,-0.8214,0
96.918,-0.1357,-0.6580,-0.0000,0.1717,0.0460,-0.1428,0.0000,22,-0.0830,-0.8214,0
96.940,-0.1357,-0.6580,-0.0000,0.1717,0.0460,-0.1428,0.0000,22,-0.0830,-0.8214,0
96.958,-0.1350,-0.6601,-0.0000,0.1695,0.0460,-0.1428,0.0000,22,-0.0830,-0.8214,0
96.978,-0.1350,-0.6601,-0.0000,0.1695,0.0460,-0.1428,0.0000,22,-0.0830,-0.8214,0
96.998,-0.1350,-0.6601,-0.0000,0.1695,0.0460,-0.1428,0.0000,22,-0.0830,-0.8214,0
97.018,-0.1350,-0.6601,-0.0000,0.1695,0.0460,-0.1428,0.0000,22,-0.0830,-0.8214,0
97.038,-0.1350,-0.6601,-0.0000,0.1695,0.0460,-0.1428,0.0000,22,-0.0830,-0.8214,0
97.058,-0.1350,-0.6601,-0.0000,0.1695,0.0460,-0.1428,0.0000,22,-0.0830,-0.8214,0
97.078,-0.1346,-0.6611,-0.0000,0.1684,0.0460,-0.1428,0.0000,22,-0.0830,-0.8214,0
97.098,-0.1346,-0.6611,-0.0000,0.1684,0.0460,-0.1428,0.0000,22,-0.0830,-0.8214,0
97.118,-0.1346,-0.6611,-0.0000,0.1684,0.0460,-0.1428,0.0000,22,-0.0830,-0.8214,0
97.139,-0.1346,-0.6611,-0.0000,0.1684,0.0460,-0.1428,0.0000,22,-0.0830,-0.8214,0
97.158,-0.1346,-0.6611,-0.0000,0.1684,0.0460,-0.1428,0.0000,22,-0.0830,-0.8214,0
97.178,-0.1346,-0.6611,-0.0000,0.1684,0.0460,-0.1428,0.0000,22,-0.0830,-0.8214,0
97.199,-0.1346,-0.6611,-0.0000,0.1684,0.0460,-0.1428,0.0000,22,-0.0830,-0.8214,0
97.219,-0.1346,-0.6611,-0.0000,0.1684,0.0460,-0.1428,0.0000,22,-0.0830,-0.8214,0
97.238,-0.1343,-0.6622,-0.0000,0.1673,0.0460,-0.1428,0.0000,22,-0.0830,-0.8214,0
97.258,-0.1336,-0.6643,-0.0000,0.1650,0.0460,-0.1428,0.0000,22,-0.0830,-0.8214,0
97.278,-0.1336,-0.6643,-0.0000,0.1650,0.0460,-0.1428,0.0000,22,-0.0830,-0.8214,0
97.298,-0.1336,-0.6643,-0.0000,0.1650,0.0460,-0.1428,0.0000,22,-0.0830,-0.8214,0
97.320,-0.1336,-0.6643,-0.0000,0.1650,0.0460,-0.1428,0.0000,22,-0.0830,-0.8214,0
97.338,-0.1336,-0.6643,-0.0000,0.1650,0.0460,-0.1428,0.0000,22,-0.0830,-0.8214,0
97.359,-0.1336,-0.6643,-0.0000,0.1650,0.0460,-0.1428,0.0000,22,-0.0830,-0.8214,0
97.380,-0.1336,-0.6643,-0.0000,0.1650,0.0460,-0.1428,0.0000,22,-0.0830,-0.8214,0
97.398,-0.1333,-0.6654,-0.0000,0.1639,0.0460,-0.1428,0.0000,22,-0.0830,-0.8214,0
97.418,-0.1326,-0.6675,-0.0000,0.1617,0.0460,-0.1428,0.0000,22,-0.0830,-0.8214,0
97.438,-0.1319,-0.6696,-0.0000,0.1595,0.0460,-0.1428,0.0000,22,-0.0830,-0.8214,0
97.458,-0.1309,-0.6727,-0.0000,0.1562,0.0460,-0.1428,0.0000,22,-0.0830,-0.8214,0
97.478,-0.1309,-0.6727,-0.0000,0.1562,0.0460,-0.1428,0.0000,22,-0.0830,-0.8214,0
97.498,-0.1309,-0.6727,-0.0000,0.1562,0.0460,-0.1428,0.0000,22,-0.0830,-0.8214,0
97.518,-0.1302,-0.6748,-0.0000,0.1540,0.0460,-0.1428,0.0000,22,-0.0830,-0.8214,0
97.538,-0.1302,-0.6748,-0.0000,0.1540,0.0460,-0.1428,0.0000,22,-0.0830,-0.8214,0
97.558,-0.1302,-0.6748,-0.0000,0.1540,0.0460,-0.1428,0.0000,22,-0.0830,-0.8214,0
97.578,-0.1299,-0.6759,-0.0000,0.1529,0.0460,-0.1428,0.0000,22,-0.0830,-0.8214,0
97.598,-0.1299,-0.6759,-0.0000,0.1529,0.0460,-0.1428,0.0000,22,-0.0830,-0.8214,0
97.618,-0.1299,-0.6759,-0.0000,0.1529,0.0460,-0.1428,0.0000,22,-0.0830,-0.8214,0
97.639,-0.1295,-0.6770,-0.0000,0.1517,0.0460,-0.1428,0.0000,22,-0.0830,-0.8214,0
97.659,-0.1292,-0.6780,-0.0000,0.1506,0.0460,-0.1428,0.0000,22,-0.0830,-0.8214,0
97.679,-0.1289,-0.6791,-0.0000,0.2305,0.0699,-0.1327,0.0000,23,-0.0214,-0.8830,0
97.698,-0.1285,-0.6801,-0.0000,0.2295,0.0700,-0.1326,0.0000,23,-0.0214,-0.8830,0
97.718,-0.1275,-0.6821,-0.0000,0.2272,0.0700,-0.1326,0.0000,23,-0.0214,-0.8830,0
97.738,-0.1275,-0.6821,-0.0000,0.2272,0.0700,-0.1326,0.0000,23,-0.0214,-0.8830,0
97.760,-0.1275,-0.6821,-0.0000,0.2272,0.0700,-0.1326,0.0000,23,-0.0214,-0.8830,0
97.778,-0.1270,-0.6831,-0.0000,0.2261,0.0700,-0.1326,0.0000,23,-0.0214,-0.8830,0
97.799,-0.1265,-0.6840,-0.0000,0.2250,0.0700,-0.1326,0.0000,23,-0.0214,-0.8830,0
97.818,-0.1259,-0.6850,-0.0000,0.2239,0.0700,-0.1326,0.0000,23,-0.0214,-0.8830,0
97.838,-0.1254,-0.6860,-0.0000,0.2228,0.0700,-0.1326,0.0000,23,-0.0214,-0.8830,0
97.858,-0.1254,-0.6860,-0.0000,0.2228,0.0700,-0.1326,0.0000,23,-0.0214,-0.8830,0
97.878,-0.1254,-0.6860,-0.0000,0.2228,0.0700,-0.1326,0.0000,23,-0.0214,-0.8830,0
97.898,-0.1254,-0.6860,-0.0000,0.2228,0.0700,-0.1326,0.0000,23,-0.0214,-0.8830,0
97.919,-0.1254,-0.6860,-0.0000,0.2228,0.0700,-0.1326,0.0000,23,-0.0214,-0.8830,0
97.939,-0.1249,-0.6870,-0.0000,0.2217,0.0700,-0.1326,0.0000,23,-0.0214,-0.8830,0
97.958,-0.1249,-0.6870,-0.0000,0.2217,0.0700,-0.1326,0.0000,23,-0.0214,-0.8830,0
97.978,-0.1249,-0.6870,-0.0000,0.2217,0.0700,-0.1326,0.0000,23,-0.0214,-0.8830,0
97.998,-0.1249,-0.6870,-0.0000,0.2217,0.0700,-0.1326,0.0000,23,-0.0214,-0.8830,0
98.018,-0.1249,-0.6870,-0.0000,0.2217,0.0700,-0.1326,0.0000,23,-0.0214,-0.8830,0
98.038,-0.1249,-0.6870,-0.0000,0.2217,0.0700,-0.1326,0.0000,23,-0.0214,-0.8830,0
98.058,-0.1249,-0.6870,-0.0000,0.2217,0.0700,-0.1326,0.0000,23,-0.0214,-0.8830,0
98.080,-0.1249,-0.6870,-0.0000,0.2217,0.0700,-0.1326,0.0000,23,-0.0214,-0.8830,0
98.099,-0.1244,-0.6880,-0.0000,0.2206,0.0700,-0.1326,0.0000,23,-0.0214,-0.8830,0
98.118,-0.1239,-0.6889,-0.0000,0.2195,0.0700,-0.1326,0.0000,23,-0.0214,-0.8830,0
98.138,-0.1228,-0.6909,-0.0000,0.2173,0.0700,-0.1326,0.0000,23,-0.0214,-0.8830,0
98.159,-0.1223,-0.6919,-0.0000,0.2162,0.0700,-0.1326,0.0000,23,-0.0214,-0.8830,0
98.178,-0.1213,-0.6938,-0.0000,0.2139,0.0700,-0.1326,0.0000,23,-0.0214,-0.8830,0
98.198,-0.1213,-0.6938,-0.0000,0.2139,0.0700,-0.1326,0.0000,23,-0.0214,-0.8830,0
98.218,-0.1213,-0.6938,-0.0000,0.2139,0.0700,-0.1326,0.0000,23,-0.0214,-0.8830,0
98.238,-0.1213,-0.6938,-0.0000,0.2139,0.0700,-0.1326,0.0000,23,-0.0214,-0.8830,0
98.258,-0.1213,-0.6938,-0.0000,0.2139,0.0700,-0.1326,0.0000,23,-0.0214,-0.8830,0
98.279,-0.1208,-0.6948,-0.0000,0.2128,0.0700,-0.1326,0.0000,23,-0.0214,-0.8830,0
98.298,-0.1208,-0.6948,-0.0000,0.2128,0.0700,-0.1326,0.0000,23,-0.0214,-0.8830,0
98.318,-0.1208,-0.6948,-0.0000,0.2128,0.0700,-0.1326,0.0000,23,-0.0214,-0.8830,0
98.338,-0.1208,-0.6948,-0.0000,0.2128,0.0700,-0.1326,0.0000,23,-0.0214,-0.8830,0
98.358,-0.1208,-0.6948,-0.0000,0.2128,0.0700,-0.1326,0.0000,23,-0.0214,-0.8830,0
98.380,-0.1208,-0.6948,-0.0000,0.2128,0.0700,-0.1326,0.0000,23,-0.0214,-0.8830,0
98.398,-0.1208,-0.6948,-0.0000,0.2128,0.0700,-0.1326,0.0000,23,-0.0214,-0.8830,0
98.419,-0.1208,-0.6948,-0.0000,0.2128,0.0700,-0.1326,0.0000,23,-0.0214,-0.8830,0
98.439,-0.1208,-0.6948,-0.0000,0.2128,0.0700,-0.1326,0.0000,23,-0.0214,-0.8830,0
98.458,-0.1203,-0.6958,-0.0000,0.2117,0.0700,-0.1326,0.0000,23,-0.0214,-0.8830,0
98.478,-0.1192,-0.6977,-0.0000,0.2095,0.0700,-0.1326,0.0000,23,-0.0214,-0.8830,0
98.498,-0.1182,-0.6997,-0.0000,0.2073,0.0700,-0.1326,0.0000,23,-0.0214,-0.8830,0
98.518,-0.1172,-0.7017,-0.0000,0.2051,0.0700,-0.1326,0.0000,23,-0.0214,-0.8830,0
98.541,-0.1172,-0.7017,-0.0000,0.2051,0.0700,-0.1326,0.0000,23,-0.0214,-0.8830,0
98.558,-0.1166,-0.7026,-0.0000,0.2040,0.0700,-0.1326,0.0000,23,-0.0214,-0.8830,0
98.578,-0.1161,-0.7036,-0.0000,0.2029,0.0700,-0.1326,0.0000,23,-0.0214,-0.8830,0
98.598,-0.1161,-0.7036,-0.0000,0.2029,0.0700,-0.1326,0.0000,23,-0.0214,-0.8830,0
98.618,-0.1161,-0.7036,-0.0000,0.2029,0.0700,-0.1326,0.0000,23,-0.0214,-0.8830,0
98.638,-0.1156,-0.7046,-0.0000,0.2018,0.0700,-0.1326,0.0000,23,-0.0214,-0.8830,0
98.658,-0.1156,-0.7046,-0.0000,0.2018,0.0700,-0.1326,0.0000,23,-0.0214,-0.8830,0
98.678,-0.1156,-0.7046,-0.0000,0.2018,0.0700,-0.1326,0.0000,23,-0.0214,-0.8830,0
98.699,-0.1156,-0.7046,-0.0000,0.2018,0.0700,-0.1326,0.0000,23,-0.0214,-0.8830,0
98.719,-0.1156,-0.7046,-0.0000,0.2018,0.0700,-0.1326,0.0000,23,-0.0214,-0.8830,0
98.738,-0.1156,-0.7046,-0.0000,0.2018,0.0700,-0.1326,0.0000,23,-0.0214,-0.8830,0
98.759,-0.1156,-0.7046,-0.0000,0.2018,0.0700,-0.1326,0.0000,23,-0.0214,-0.8830,0
98.780,-0.1156,-0.7046,-0.0000,0.2018,0.0700,-0.1326,0.0000,23,-0.0214,-0.8830,0
98.800,-0.1156,-0.7046,-0.0000,0.2018,0.0700,-0.1326,0.0000,23,-0.0214,-0.8830,0
98.819,-0.1151,-0.7056,-0.0000,0.2007,0.0700,-0.1326,0.0000,23,-0.0214,-0.8830,0
98.838,-0.1140,-0.7075,-0.0000,0.1984,0.0700,-0.1326,0.0000,23,-0.0214,-0.8830,0
98.858,-0.1135,-0.7085,-0.0000,0.1973,0.0700,-0.1326,0.0000,23,-0.0214,-0.8830,0
98.879,-0.1125,-0.7105,-0.0000,0.1951,0.0700,-0.1326,0.0000,23,-0.0214,-0.8830,0
98.898,-0.1120,-0.7115,-0.0000,0.1940,0.0700,-0.1326,0.0000,23,-0.0214,-0.8830,0
98.920,-0.1120,-0.7115,-0.0000,0.1940,0.0700,-0.1326,0.0000,23,-0.0214,-0.8830,0
98.938,-0.1115,-0.7124,-0.0000,0.1929,0.0700,-0.1326,0.0000,23,-0.0214,-0.8830,0
98.959,-0.1115,-0.7124,-0.0000,0.1929,0.0700,-0.1326,0.0000,23,-0.0214,-0.8830,0
98.978,-0.1115,-0.7124,-0.0000,0.1929,0.0700,-0.1326,0.0000,23,-0.0214,-0.8830,0
98.999,-0.1115,-0.7124,-0.0000,0.1929,0.0700,-0.1326,0.0000,23,-0.0214,-0.8830,0
99.018,-0.1109,-0.7134,-0.0000,0.1918,0.0700,-0.1326,0.0000,23,-0.0214,-0.8830,0
99.038,-0.1104,-0.7144,-0.0000,0.1907,0.0700,-0.1326,0.0000,23,-0.0214,-0.8830,0
99.059,-0.1104,-0.7144,-0.0000,0.1907,0.0700,-0.1326,0.0000,23,-0.0214,-0.8830,0
99.078,-0.1094,-0.7164,-0.0000,0.1885,0.0700,-0.1326,0.0000,23,-0.0214,-0.8830,0
99.100,-0.1094,-0.7164,-0.0000,0.1885,0.0700,-0.1326,0.0000,23,-0.0214,-0.8830,0
99.118,-0.1094,-0.7164,-0.0000,0.1885,0.0700,-0.1326,0.0000,23,-0.0214,-0.8830,0
99.138,-0.1089,-0.7173,-0.0000,0.1874,0.0700,-0.1326,0.0000,23,-0.0214,-0.8830,0
99.158,-0.1078,-0.7193,-0.0000,0.1851,0.0700,-0.1326,0.0000,23,-0.0214,-0.8830,0
99.179,-0.1073,-0.7203,-0.0000,0.1840,0.0700,-0.1326,0.0000,23,-0.0214,-0.8830,0
99.198,-0.1068,-0.7213,-0.0000,0.1829,0.0700,-0.1326,0.0000,23,-0.0214,-0.8830,0
99.218,-0.1068,-0.7213,-0.0000,0.1829,0.0700,-0.1326,0.0000,23,-0.0214,-0.8830,0
99.238,-0.1068,-0.7213,-0.0000,0.1829,0.0700,-0.1326,0.0000,23,-0.0214,-0.8830,0
99.258,-0.1068,-0.7213,-0.0000,0.1829,0.0700,-0.1326,0.0000,23,-0.0214,-0.8830,0
99.280,-0.1068,-0.7213,-0.0000,0.1829,0.0700,-0.1326,0.0000,23,-0.0214,-0.8830,0
99.299,-0.1068,-0.7213,-0.0000,0.1829,0.0700,-0.1326,0.0000,23,-0.0214,-0.8830,0
99.318,-0.1068,-0.7213,-0.0000,0.1829,0.0700,-0.1326,0.0000,23,-0.0214,-0.8830,0
99.338,-0.1068,-0.7213,-0.0000,0.1829,0.0700,-0.1326,0.0000,23,-0.0214,-0.8830,0
99.358,-0.1068,-0.7213,-0.0000,0.1829,0.0700,-0.1326,0.0000,23,-0.0214,-0.8830,0
99.380,-0.1068,-0.7213,-0.0000,0.1829,0.0700,-0.1326,0.0000,23,-0.0214,-0.8830,0
99.398,-0.1063,-0.7222,-0.0000,0.1818,0.0700,-0.1326,0.0000,23,-0.0214,-0.8830,0
99.418,-0.1053,-0.7242,-0.0000,0.1796,0.0700,-0.1326,0.0000,23,-0.0214,-0.8830,0
99.438,-0.1042,-0.7262,-0.0000,0.1774,0.0700,-0.1326,0.0000,23,-0.0214,-0.8830,0
99.458,-0.1037,-0.7271,-0.0000,0.1763,0.0700,-0.1326,0.0000,23,-0.0214,-0.8830,0
99.478,-0.1037,-0.7271,-0.0000,0.1763,0.0700,-0.1326,0.0000,23,-0.0214,-0.8830,0
99.499,-0.1037,-0.7271,-0.0000,0.1763,0.0700,-0.1326,0.0000,23,-0.0214,-0.8830,0
99.520,-0.1032,-0.7281,-0.0000,0.1752,0.0700,-0.1326,0.0000,23,-0.0214,-0.8830,0
99.538,-0.1032,-0.7281,-0.0000,0.1752,0.0700,-0.1326,0.0000,23,-0.0214,-0.8830,0
99.558,-0.1032,-0.7281,-0.0000,0.1752,0.0700,-0.1326,0.0000,23,-0.0214,-0.8830,0
99.578,-0.1032,-0.7281,-0.0000,0.1752,0.0700,-0.1326,0.0000,23,-0.0214,-0.8830,0
99.599,-0.1022,-0.7301,-0.0000,0.1730,0.0700,-0.1326,0.0000,23,-0.0214,-0.8830,0
99.618,-0.1022,-0.7301,-0.0000,0.1730,0.0700,-0.1326,0.0000,23,-0.0214,-0.8830,0
99.638,-0.1011,-0.7320,-0.0000,0.1707,0.0700,-0.1326,0.0000,23,-0.0214,-0.8830,0
99.659,-0.1011,-0.7320,-0.0000,0.1707,0.0700,-0.1326,0.0000,23,-0.0214,-0.8830,0
99.678,-0.1011,-0.7320,-0.0000,0.1707,0.0700,-0.1326,0.0000,23,-0.0214,-0.8830,0
99.698,-0.1001,-0.7340,-0.0000,0.1685,0.0700,-0.1326,0.0000,23,-0.0214,-0.8830,0
99.718,-0.0996,-0.7350,-0.0000,0.1674,0.0700,-0.1326,0.0000,23,-0.0214,-0.8830,0
99.738,-0.0996,-0.7350,-0.0000,0.1674,0.0700,-0.1326,0.0000,23,-0.0214,-0.8830,0
99.758,-0.0996,-0.7350,-0.0000,0.1674,0.0700,-0.1326,0.0000,23,-0.0214,-0.8830,0
99.778,-0.0991,-0.7360,-0.0000,0.1663,0.0700,-0.1326,0.0000,23,-0.0214,-0.8830,0
99.799,-0.0985,-0.7369,-0.0000,0.1652,0.0700,-0.1326,0.0000,23,-0.0214,-0.8830,0
99.818,-0.0985,-0.7369,-0.0000,0.1652,0.0700,-0.1326,0.0000,23,-0.0214,-0.8830,0
99.838,-0.0980,-0.7379,-0.0000,0.1641,0.0700,-0.1326,0.0000,23,-0.0214,-0.8830,0
99.858,-0.0980,-0.7379,-0.0000,0.1641,0.0700,-0.1326,0.0000,23,-0.0214,-0.8830,0
99.878,-0.0980,-0.7379,-0.0000,0.1641,0.0700,-0.1326,0.0000,23,-0.0214,-0.8830,0
99.898,-0.0980,-0.7379,-0.0000,0.1641,0.0700,-0.1326,0.0000,23,-0.0214,-0.8830,0
99.918,-0.0980,-0.7379,-0.0000,0.1641,0.0700,-0.1326,0.0000,23,-0.0214,-0.8830,0
99.938,-0.0970,-0.7399,-0.0000,0.1619,0.0700,-0.1326,0.0000,23,-0.0214,-0.8830,0
99.958,-0.0970,-0.7399,-0.0000,0.1619,0.0700,-0.1326,0.0000,23,-0.0214,-0.8830,0
99.978,-0.0959,-0.7418,-0.0000,0.1597,0.0700,-0.1326,0.0000,23,-0.0214,-0.8830,0
99.998,-0.0949,-0.7438,-0.0000,0.1575,0.0700,-0.1326,0.0000,23,-0.0214,-0.8830,0
100.018,-0.0949,-0.7438,-0.0000,0.1575,0.0700,-0.1326,0.0000,23,-0.0214,-0.8830,0
100.038,-0.0949,-0.7438,-0.0000,0.1575,0.0700,-0.1326,0.0000,23,-0.0214,-0.8830,0
100.059,-0.0939,-0.7457,-0.0000,0.1552,0.0700,-0.1326,0.0000,23,-0.0214,-0.8830,0
100.079,-0.0939,-0.7457,-0.0000,0.1552,0.0700,-0.1326,0.0000,23,-0.0214,-0.8830,0
100.100,-0.0939,-0.7457,-0.0000,0.1552,0.0700,-0.1326,0.0000,23,-0.0214,-0.8830,0
100.118,-0.0928,-0.7477,-0.0000,0.1530,0.0700,-0.1326,0.0000,23,-0.0214,-0.8830,0
100.138,-0.0928,-0.7477,-0.0000,0.1530,0.0700,-0.1326,0.0000,23,-0.0214,-0.8830,0
100.158,-0.0928,-0.7477,-0.0000,0.1530,0.0700,-0.1326,0.0000,23,-0.0214,-0.8830,0
100.178,-0.0928,-0.7477,-0.0000,0.1530,0.0700,-0.1326,0.0000,23,-0.0214,-0.8830,0
100.199,-0.0928,-0.7477,-0.0000,0.1530,0.0700,-0.1326,0.0000,23,-0.0214,-0.8830,0
100.218,-0.0923,-0.7487,-0.0000,0.1519,0.0700,-0.1326,0.0000,23,-0.0214,-0.8830,0
100.239,-0.0923,-0.7487,-0.0000,0.1519,0.0700,-0.1326,0.0000,23,-0.0214,-0.8830,0
100.259,-0.0923,-0.7487,-0.0000,0.1519,0.0700,-0.1326,0.0000,23,-0.0214,-0.8830,0
100.278,-0.0923,-0.7487,-0.0000,0.1519,0.0700,-0.1326,0.0000,23,-0.0214,-0.8830,0
100.300,-0.0913,-0.7506,-0.0000,0.2307,0.0919,-0.1186,0.0000,24,0.0500,-0.9330,0
100.319,-0.0913,-0.7506,-0.0000,0.2307,0.0919,-0.1186,0.0000,24,0.0500,-0.9330,0
100.338,-0.0913,-0.7506,-0.0000,0.2307,0.0919,-0.1186,0.0000,24,0.0500,-0.9330,0
100.358,-0.0906,-0.7515,-0.0000,0.2296,0.0919,-0.1186,0.0000,24,0.0500,-0.9330,0
100.378,-0.0893,-0.7533,-0.0000,0.2274,0.0919,-0.1186,0.0000,24,0.0500,-0.9330,0
100.399,-0.0893,-0.7533,-0.0000,0.2274,0.0919,-0.1186,0.0000,24,0.0500,-0.9330,0
100.418,-0.0893,-0.7533,-0.0000,0.2274,0.0919,-0.1186,0.0000,24,0.0500,-0.9330,0
100.438,-0.0886,-0.7541,-0.0000,0.2263,0.0919,-0.1186,0.0000,24,0.0500,-0.9330,0
100.459,-0.0879,-0.7550,-0.0000,0.2252,0.0919,-0.1186,0.0000,24,0.0500,-0.9330,0
100.478,-0.0879,-0.7550,-0.0000,0.2252,0.0919,-0.1186,0.0000,24,0.0500,-0.9330,0
100.498,-0.0865,-0.7568,-0.0000,0.2229,0.0919,-0.1186,0.0000,24,0.0500,-0.9330,0
100.518,-0.0865,-0.7568,-0.0000,0.2229,0.0919,-0.1186,0.0000,24,0.0500,-0.9330,0
100.538,-0.0865,-0.7568,-0.0000,0.2229,0.0919,-0.1186,0.0000,24,0.0500,-0.9330,0
100.558,-0.0865,-0.7568,-0.0000,0.2229,0.0919,-0.1186,0.0000,24,0.0500,-0.9330,0
100.580,-0.0865,-0.7568,-0.0000,0.2229,0.0919,-0.1186,0.0000,24,0.0500,-0.9330,0
100.598,-0.0859,-0.7576,-0.0000,0.2218,0.0919,-0.1186,0.0000,24,0.0500,-0.9330,0
100.619,-0.0859,-0.7576,-0.0000,0.2218,0.0919,-0.1186,0.0000,24,0.0500,-0.9330,0
100.638,-0.0859,-0.7576,-0.0000,0.2218,0.0919,-0.1186,0.0000,24,0.0500,-0.9330,0
100.658,-0.0859,-0.7576,-0.0000,0.2218,0.0919,-0.1186,0.0000,24,0.0500,-0.9330,0
100.678,-0.0859,-0.7576,-0.0000,0.2218,0.0919,-0.1186,0.0000,24,0.0500,-0.9330,0
100.698,-0.0859,-0.7576,-0.0000,0.2218,0.0919,-0.1186,0.0000,24,0.0500,-0.9330,0
100.719,-0.0859,-0.7576,-0.0000,0.2218,0.0919,-0.1186,0.0000,24,0.0500,-0.9330,0
100.738,-0.0859,-0.7576,-0.0000,0.2218,0.0919,-0.1186,0.0000,24,0.0500,-0.9330,0
100.759,-0.0859,-0.7576,-0.0000,0.2218,0.0919,-0.1186,0.0000,24,0.0500,-0.9330,0
100.778,-0.0852,-0.7585,-0.0000,0.2207,0.0919,-0.1186,0.0000,24,0.0500,-0.9330,0
100.798,-0.0838,-0.7603,-0.0000,0.2185,0.0919,-0.1186,0.0000,24,0.0500,-0.9330,0
100.818,-0.0832,-0.7612,-0.0000,0.2174,0.0919,-0.1186,0.0000,24,0.0500,-0.9330,0
100.839,-0.0811,-0.7638,-0.0000,0.2141,0.0919,-0.1186,0.0000,24,0.0500,-0.9330,0
100.858,-0.0798,-0.7655,-0.0000,0.2119,0.0919,-0.1186,0.0000,24,0.0500,-0.9330,0
100.879,-0.0798,-0.7655,-0.0000,0.2119,0.0919,-0.1186,0.0000,24,0.0500,-0.9330,0
100.898,-0.0791,-0.7664,-0.0000,0.2108,0.0919,-0.1186,0.0000,24,0.0500,-0.9330,0
100.918,-0.0784,-0.7673,-0.0000,0.2097,0.0919,-0.1186,0.0000,24,0.0500,-0.9330,0
100.938,-0.0784,-0.7673,-0.0000,0.2097,0.0919,-0.1186,0.0000,24,0.0500,-0.9330,0
100.960,-0.0784,-0.7673,-0.0000,0.2097,0.0919,-0.1186,0.0000,24,0.0500,-0.9330,0
100.979,-0.0777,-0.7682,-0.0000,0.2085,0.0919,-0.1186,0.0000,24,0.0500,-0.9330,0
100.998,-0.0777,-0.7682,-0.0000,0.2085,0.0919,-0.1186,0.0000,24,0.0500,-0.9330,0
101.018,-0.0777,-0.7682,-0.0000,0.2085,0.0919,-0.1186,0.0000,24,0.0500,-0.9330,0
101.038,-0.0777,-0.7682,-0.0000,0.2085,0.0919,-0.1186,0.0000,24,0.0500,-0.9330,0
101.058,-0.0777,-0.7682,-0.0000,0.2085,0.0919,-0.1186,0.0000,24,0.0500,-0.9330,0
101.079,-0.0777,-0.7682,-0.0000,0.2085,0.0919,-0.1186,0.0000,24,0.0500,-0.9330,0
101.098,-0.0777,-0.7682,-0.0000,0.2085,0.0919,-0.1186,0.0000,24,0.0500,-0.9330,0
101.118,-0.0777,-0.7682,-0.0000,0.2085,0.0919,-0.1186,0.0000,24,0.0500,-0.9330,0
101.138,-0.0777,-0.7682,-0.0000,0.2085,0.0919,-0.1186,0.0000,24,0.0500,-0.9330,0
101.158,-0.0764,-0.7699,-0.0000,0.2063,0.0919,-0.1186,0.0000,24,0.0500,-0.9330,0
101.178,-0.0757,-0.7708,-0.0000,0.2052,0.0919,-0.1186,0.0000,24,0.0500,-0.9330,0
101.201,-0.0737,-0.7734,-0.0000,0.2019,0.0919,-0.1186,0.0000,24,0.0500,-0.9330,0
101.218,-0.0737,-0.7734,-0.0000,0.2019,0.0919,-0.1186,0.0000,24,0.0500,-0.9330,0
101.239,-0.0737,-0.7734,-0.0000,0.2019,0.0919,-0.1186,0.0000,24,0.0500,-0.9330,0
101.258,-0.0737,-0.7734,-0.0000,0.2019,0.0919,-0.1186,0.0000,24,0.0500,-0.9330,0
101.278,-0.0737,-0.7734,-0.0000,0.2019,0.0919,-0.1186,0.0000,24,0.0500,-0.9330,0
101.299,-0.0737,-0.7734,-0.0000,0.2019,0.0919,-0.1186,0.0000,24,0.0500,-0.9330,0
101.318,-0.0737,-0.7734,-0.0000,0.2019,0.0919,-0.1186,0.0000,24,0.0500,-0.9330,0
101.339,-0.0737,-0.7734,-0.0000,0.2019,0.0919,-0.1186,0.0000,24,0.0500,-0.9330,0
101.358,-0.0737,-0.7734,-0.0000,0.2019,0.0919,-0.1186,0.0000,24,0.0500,-0.9330,0
101.379,-0.0730,-0.7743,-0.0000,0.2008,0.0919,-0.1186,0.0000,24,0.0500,-0.9330,0
101.398,-0.0716,-0.7760,-0.0000,0.1986,0.0919,-0.1186,0.0000,24,0.0500,-0.9330,0
101.418,-0.0709,-0.7769,-0.0000,0.1975,0.0919,-0.1186,0.0000,24,0.0500,-0.9330,0
101.438,-0.0689,-0.7795,-0.0000,0.1941,0.0919,-0.1186,0.0000,24,0.0500,-0.9330,0
101.459,-0.0682,-0.7804,-0.0000,0.1930,0.0919,-0.1186,0.0000,24,0.0500,-0.9330,0
101.478,-0.0675,-0.7813,-0.0000,0.1919,0.0919,-0.1186,0.0000,24,0.0500,-0.9330,0
101.498,-0.0669,-0.7822,-0.0000,0.1908,0.0919,-0.1186,0.0000,24,0.0500,-0.9330,0
101.518,-0.0669,-0.7822,-0.0000,0.1908,0.0919,-0.1186,0.0000,24,0.0500,-0.9330,0
101.538,-0.0669,-0.7822,-0.0000,0.1908,0.0919,-0.1186,0.0000,24,0.0500,-0.9330,0
101.559,-0.0669,-0.7822,-0.0000,0.1908,0.0919,-0.1186,0.0000,24,0.0500,-0.9330,0
101.579,-0.0662,-0.7830,-0.0000,0.1897,0.0919,-0.1186,0.0000,24,0.0500,-0.9330,0
101.598,-0.0662,-0.7830,-0.0000,0.1897,0.0919,-0.1186,0.0000,24,0.0500,-0.9330,0
101.618,-0.0662,-0.7830,-0.0000,0.1897,0.0919,-0.1186,0.0000,24,0.0500,-0.9330,0
101.638,-0.0648,-0.7848,-0.0000,0.1875,0.0919,-0.1186,0.0000,24,0.0500,-0.9330,0
101.658,-0.0648,-0.7848,-0.0000,0.1875,0.0919,-0.1186,0.0000,24,0.0500,-0.9330,0
101.679,-0.0648,-0.7848,-0.0000,0.1875,0.0919,-0.1186,0.0000,24,0.0500,-0.9330,0
101.698,-0.0635,-0.7865,-0.0000,0.1853,0.0919,-0.1186,0.0000,24,0.0500,-0.9330,0
101.719,-0.0635,-0.7865,-0.0000,0.1853,0.0919,-0.1186,0.0000,24,0.0500,-0.9330,0
101.738,-0.0635,-0.7865,-0.0000,0.1853,0.0919,-0.1186,0.0000,24,0.0500,-0.9330,0
101.758,-0.0628,-0.7874,-0.0000,0.1842,0.0919,-0.1186,0.0000,24,0.0500,-0.9330,0
101.778,-0.0621,-0.7883,-0.0000,0.1831,0.0919,-0.1186,0.0000,24,0.0500,-0.9330,0
101.799,-0.0621,-0.7883,-0.0000,0.1831,0.0919,-0.1186,0.0000,24,0.0500,-0.9330,0
101.818,-0.0621,-0.7883,-0.0000,0.1831,0.0919,-0.1186,0.0000,24,0.0500,-0.9330,0
101.838,-0.0614,-0.7892,-0.0000,0.1820,0.0919,-0.1186,0.0000,24,0.0500,-0.9330,0
101.858,-0.0608,-0.7900,-0.0000,0.1809,0.0919,-0.1186,0.0000,24,0.0500,-0.9330,0
101.878,-0.0608,-0.7900,-0.0000,0.1809,0.0919,-0.1186,0.0000,24,0.0500,-0.9330,0
101.900,-0.0608,-0.7900,-0.0000,0.1809,0.0919,-0.1186,0.0000,24,0.0500,-0.9330,0
101.918,-0.0601,-0.7909,-0.0000,0.1797,0.0919,-0.1186,0.0000,24,0.0500,-0.9330,0
101.938,-0.0601,-0.7909,-0.0000,0.1797,0.0919,-0.1186,0.0000,24,0.0500,-0.9330,0
101.958,-0.0601,-0.7909,-0.0000,0.1797,0.0919,-0.1186,0.0000,24,0.0500,-0.9330,0
101.980,-0.0601,-0.7909,-0.0000,0.1797,0.0919,-0.1186,0.0000,24,0.0500,-0.9330,0
101.999,-0.0601,-0.7909,-0.0000,0.1797,0.0919,-0.1186,0.0000,24,0.0500,-0.9330,0
102.018,-0.0601,-0.7909,-0.0000,0.1797,0.0919,-0.1186,0.0000,24,0.0500,-0.9330,0
102.038,-0.0601,-0.7909,-0.0000,0.1797,0.0919,-0.1186,0.0000,24,0.0500,-0.9330,0
102.060,-0.0601,-0.7909,-0.0000,0.1797,0.0919,-0.1186,0.0000,24,0.0500,-0.9330,0
102.079,-0.0601,-0.7909,-0.0000,0.1797,0.0919,-0.1186,0.0000,24,0.0500,-0.9330,0
102.098,-0.0587,-0.7927,-0.0000,0.1775,0.0919,-0.1186,0.0000,24,0.0500,-0.9330,0
102.118,-0.0580,-0.7936,-0.0000,0.1764,0.0919,-0.1186,0.0000,24,0.0500,-0.9330,0
102.138,-0.0567,-0.7953,-0.0000,0.1742,0.0919,-0.1186,0.0000,24,0.0500,-0.9330,0
102.158,-0.0553,-0.7971,-0.0000,0.1720,0.0919,-0.1186,0.0000,24,0.0500,-0.9330,0
102.178,-0.0553,-0.7971,-0.0000,0.1720,0.0919,-0.1186,0.0000,24,0.0500,-0.9330,0
102.198,-0.0547,-0.7979,-0.0000,0.1709,0.0919,-0.1186,0.0000,24,0.0500,-0.9330,0
102.218,-0.0540,-0.7988,-0.0000,0.1698,0.0919,-0.1186,0.0000,24,0.0500,-0.9330,0
102.238,-0.0540,-0.7988,-0.0000,0.1698,0.0919,-0.1186,0.0000,24,0.0500,-0.9330,0
102.260,-0.0540,-0.7988,-0.0000,0.1698,0.0919,-0.1186,0.0000,24,0.0500,-0.9330,0
102.279,-0.0540,-0.7988,-0.0000,0.1698,0.0919,-0.1186,0.0000,24,0.0500,-0.9330,0
102.300,-0.0540,-0.7988,-0.0000,0.1698,0.0919,-0.1186,0.0000,24,0.0500,-0.9330,0
102.318,-0.0540,-0.7988,-0.0000,0.1698,0.0919,-0.1186,0.0000,24,0.0500,-0.9330,0
102.338,-0.0540,-0.7988,-0.0000,0.1698,0.0919,-0.1186,0.0000,24,0.0500,-0.9330,0
102.358,-0.0540,-0.7988,-0.0000,0.1698,0.0919,-0.1186,0.0000,24,0.0500,-0.9330,0
102.379,-0.0540,-0.7988,-0.0000,0.1698,0.0919,-0.1186,0.0000,24,0.0500,-0.9330,0
102.398,-0.0533,-0.7997,-0.0000,0.1687,0.0919,-0.1186,0.0000,24,0.0500,-0.9330,0
102.418,-0.0519,-0.8014,-0.0000,0.1665,0.0919,-0.1186,0.0000,24,0.0500,-0.9330,0
102.438,-0.0506,-0.8032,-0.0000,0.1642,0.0919,-0.1186,0.0000,24,0.0500,-0.9330,0
102.459,-0.0492,-0.8049,-0.0000,0.1620,0.0919,-0.1186,0.0000,24,0.0500,-0.9330,0
102.478,-0.0486,-0.8058,-0.0000,0.1609,0.0919,-0.1186,0.0000,24,0.0500,-0.9330,0
102.499,-0.0486,-0.8058,-0.0000,0.1609,0.0919,-0.1186,0.0000,24,0.0500,-0.9330,0
102.518,-0.0472,-0.8076,-0.0000,0.1587,0.0919,-0.1186,0.0000,24,0.0500,-0.9330,0
102.538,-0.0472,-0.8076,-0.0000,0.1587,0.0919,-0.1186,0.0000,24,0.0500,-0.9330,0
102.558,-0.0472,-0.8076,-0.0000,0.1587,0.0919,-0.1186,0.0000,24,0.0500,-0.9330,0
102.579,-0.0465,-0.8084,-0.0000,0.1576,0.0919,-0.1186,0.0000,24,0.0500,-0.9330,0
102.598,-0.0465,-0.8084,-0.0000,0.1576,0.0919,-0.1186,0.0000,24,0.0500,-0.9330,0
102.618,-0.0465,-0.8084,-0.0000,0.1576,0.0919,-0.1186,0.0000,24,0.0500,-0.9330,0
102.641,-0.0465,-0.8084,-0.0000,0.1576,0.0919,-0.1186,0.0000,24,0.0500,-0.9330,0
102.658,-0.0458,-0.8093,-0.0000,0.1565,0.0919,-0.1186,0.0000,24,0.0500,-0.9330,0
102.680,-0.0445,-0.8111,-0.0000,0.1543,0.0919,-0.1186,0.0000,24,0.0500,-0.9330,0
102.698,-0.0445,-0.8111,-0.0000,0.1543,0.0919,-0.1186,0.0000,24,0.0500,-0.9330,0
102.718,-0.0438,-0.8119,-0.0000,0.1532,0.0919,-0.1186,0.0000,24,0.0500,-0.9330,0
102.738,-0.0424,-0.8137,-0.0000,0.1509,0.0919,-0.1186,0.0000,24,0.0500,-0.9330,0
102.758,-0.0424,-0.8137,-0.0000,0.1509,0.0919,-0.1186,0.0000,24,0.0500,-0.9330,0
102.780,-0.0424,-0.8137,-0.0000,0.1509,0.0919,-0.1186,0.0000,24,0.0500,-0.9330,0
102.799,-0.0411,-0.8154,-0.0000,0.2297,0.1111,-0.1008,0.0000,25,0.1290,-0.9698,0
102.819,-0.0411,-0.8154,-0.0000,0.2297,0.1111,-0.1008,0.0000,25,0.1290,-0.9698,0
102.838,-0.0403,-0.8162,-0.0000,0.2286,0.1111,-0.1008,0.0000,25,0.1290,-0.9698,0
102.858,-0.0403,-0.8162,-0.0000,0.2286,0.1111,-0.1008,0.0000,25,0.1290,-0.9698,0
102.879,-0.0403,-0.8162,-0.0000,0.2286,0.1111,-0.1008,0.0000,25,0.1290,-0.9698,0
102.898,-0.0403,-0.8162,-0.0000,0.2286,0.1111,-0.1008,0.0000,25,0.1290,-0.9698,0
102.918,-0.0403,-0.8162,-0.0000,0.2286,0.1111,-0.1008,0.0000,25,0.1290,-0.9698,0
102.938,-0.0403,-0.8162,-0.0000,0.2286,0.1111,-0.1008,0.0000,25,0.1290,-0.9698,0
102.959,-0.0386,-0.8177,-0.0000,0.2264,0.1111,-0.1008,0.0000,25,0.1290,-0.9698,0
102.978,-0.0386,-0.8177,-0.0000,0.2264,0.1111,-0.1008,0.0000,25,0.1290,-0.9698,0
102.998,-0.0386,-0.8177,-0.0000,0.2264,0.1111,-0.1008,0.0000,25,0.1290,-0.9698,0
103.018,-0.0370,-0.8192,-0.0000,0.2242,0.1111,-0.1008,0.0000,25,0.1290,-0.9698,0
103.038,-0.0362,-0.8199,-0.0000,0.2231,0.1111,-0.1008,0.0000,25,0.1290,-0.9698,0
103.059,-0.0353,-0.8207,-0.0000,0.2220,0.1111,-0.1008,0.0000,25,0.1290,-0.9698,0
103.079,-0.0345,-0.8214,-0.0000,0.2209,0.1111,-0.1008,0.0000,25,0.1290,-0.9698,0
103.098,-0.0345,-0.8214,-0.0000,0.2209,0.1111,-0.1008,0.0000,25,0.1290,-0.9698,0
103.118,-0.0329,-0.8229,-0.0000,0.2186,0.1111,-0.1008,0.0000,25,0.1290,-0.9698,0
103.138,-0.0329,-0.8229,-0.0000,0.2186,0.1111,-0.1008,0.0000,25,0.1290,-0.9698,0
103.159,-0.0329,-0.8229,-0.0000,0.2186,0.1111,-0.1008,0.0000,25,0.1290,-0.9698,0
103.178,-0.0321,-0.8236,-0.0000,0.2175,0.1111,-0.1008,0.0000,25,0.1290,-0.9698,0
103.198,-0.0321,-0.8236,-0.0000,0.2175,0.1111,-0.1008,0.0000,25,0.1290,-0.9698,0
103.219,-0.0321,-0.8236,-0.0000,0.2175,0.1111,-0.1008,0.0000,25,0.1290,-0.9698,0
103.241,-0.0321,-0.8236,-0.0000,0.2175,0.1111,-0.1008,0.0000,25,0.1290,-0.9698,0
103.258,-0.0321,-0.8236,-0.0000,0.2175,0.1111,-0.1008,0.0000,25,0.1290,-0.9698,0
103.278,-0.0321,-0.8236,-0.0000,0.2175,0.1111,-0.1008,0.0000,25,0.1290,-0.9698,0
103.300,-0.0321,-0.8236,-0.0000,0.2175,0.1111,-0.1008,0.0000,25,0.1290,-0.9698,0
103.318,-0.0321,-0.8236,-0.0000,0.2175,0.1111,-0.1008,0.0000,25,0.1290,-0.9698,0
103.338,-0.0321,-0.8236,-0.0000,0.2175,0.1111,-0.1008,0.0000,25,0.1290,-0.9698,0
103.358,-0.0321,-0.8236,-0.0000,0.2175,0.1111,-0.1008,0.0000,25,0.1290,-0.9698,0
103.379,-0.0321,-0.8236,-0.0000,0.2175,0.1111,-0.1008,0.0000,25,0.1290,-0.9698,0
103.398,-0.0312,-0.8244,-0.0000,0.2164,0.1111,-0.1008,0.0000,25,0.1290,-0.9698,0
103.418,-0.0304,-0.8251,-0.0000,0.2153,0.1111,-0.1008,0.0000,25,0.1290,-0.9698,0
103.438,-0.0288,-0.8266,-0.0000,0.2131,0.1111,-0.1008,0.0000,25,0.1290,-0.9698,0
103.460,-0.0280,-0.8274,-0.0000,0.2120,0.1111,-0.1008,0.0000,25,0.1290,-0.9698,0
103.478,-0.0263,-0.8288,-0.0000,0.2098,0.1111,-0.1008,0.0000,25,0.1290,-0.9698,0
103.498,-0.0263,-0.8288,-0.0000,0.2098,0.1111,-0.1008,0.0000,25,0.1290,-0.9698,0
103.520,-0.0263,-0.8288,-0.0000,0.2098,0.1111,-0.1008,0.0000,25,0.1290,-0.9698,0
103.538,-0.0263,-0.8288,-0.0000,0.2098,0.1111,-0.1008,0.0000,25,0.1290,-0.9698,0
103.558,-0.0263,-0.8288,-0.0000,0.2098,0.1111,-0.1008,0.0000,25,0.1290,-0.9698,0
103.578,-0.0263,-0.8288,-0.0000,0.2098,0.1111,-0.1008,0.0000,25,0.1290,-0.9698,0
103.598,-0.0263,-0.8288,-0.0000,0.2098,0.1111,-0.1008,0.0000,25,0.1290,-0.9698,0
103.618,-0.0263,-0.8288,-0.0000,0.2098,0.1111,-0.1008,0.0000,25,0.1290,-0.9698,0
103.638,-0.0263,-0.8288,-0.0000,0.2098,0.1111,-0.1008,0.0000,25,0.1290,-0.9698,0
103.658,-0.0263,-0.8288,-0.0000,0.2098,0.1111,-0.1008,0.0000,25,0.1290,-0.9698,0
103.679,-0.0263,-0.8288,-0.0000,0.2098,0.1111,-0.1008,0.0000,25,0.1290,-0.9698,0
103.698,-0.0247,-0.8303,-0.0000,0.2076,0.1111,-0.1008,0.0000,25,0.1290,-0.9698,0
103.718,-0.0239,-0.8311,-0.0000,0.2065,0.1111,-0.1008,0.0000,25,0.1290,-0.9698,0
103.740,-0.0222,-0.8326,-0.0000,0.2042,0.1111,-0.1008,0.0000,25,0.1290,-0.9698,0
103.758,-0.0214,-0.8333,-0.0000,0.2031,0.1111,-0.1008,0.0000,25,0.1290,-0.9698,0
103.779,-0.0214,-0.8333,-0.0000,0.2031,0.1111,-0.1008,0.0000,25,0.1290,-0.9698,0
103.799,-0.0206,-0.8341,-0.0000,0.2020,0.1111,-0.1008,0.0000,25,0.1290,-0.9698,0
103.818,-0.0206,-0.8341,-0.0000,0.2020,0.1111,-0.1008,0.0000,25,0.1290,-0.9698,0
103.838,-0.0206,-0.8341,-0.0000,0.2020,0.1111,-0.1008,0.0000,25,0.1290,-0.9698,0
103.858,-0.0206,-0.8341,-0.0000,0.2020,0.1111,-0.1008,0.0000,25,0.1290,-0.9698,0
103.878,-0.0198,-0.8348,-0.0000,0.2009,0.1111,-0.1008,0.0000,25,0.1290,-0.9698,0
103.898,-0.0189,-0.8355,-0.0000,0.1998,0.1111,-0.1008,0.0000,25,0.1290,-0.9698,0
103.919,-0.0189,-0.8355,-0.0000,0.1998,0.1111,-0.1008,0.0000,25,0.1290,-0.9698,0
103.938,-0.0173,-0.8370,-0.0000,0.1976,0.1111,-0.1008,0.0000,25,0.1290,-0.9698,0
103.958,-0.0173,-0.8370,-0.0000,0.1976,0.1111,-0.1008,0.0000,25,0.1290,-0.9698,0
103.978,-0.0173,-0.8370,-0.0000,0.1976,0.1111,-0.1008,0.0000,25,0.1290,-0.9698,0
103.998,-0.0157,-0.8385,-0.0000,0.1954,0.1111,-0.1008,0.0000,25,0.1290,-0.9698,0
104.018,-0.0140,-0.8400,-0.0000,0.1932,0.1111,-0.1008,0.0000,25,0.1290,-0.9698,0
104.038,-0.0132,-0.8408,-0.0000,0.1921,0.1111,-0.1008,0.0000,25,0.1290,-0.9698,0
104.058,-0.0124,-0.8415,-0.0000,0.1909,0.1111,-0.1008,0.0000,25,0.1290,-0.9698,0
104.078,-0.0124,-0.8415,-0.0000,0.1909,0.1111,-0.1008,0.0000,25,0.1290,-0.9698,0
104.098,-0.0124,-0.8415,-0.0000,0.1909,0.1111,-0.1008,0.0000,25,0.1290,-0.9698,0
104.118,-0.0124,-0.8415,-0.0000,0.1909,0.1111,-0.1008,0.0000,25,0.1290,-0.9698,0
104.139,-0.0124,-0.8415,-0.0000,0.1909,0.1111,-0.1008,0.0000,25,0.1290,-0.9698,0
104.158,-0.0116,-0.8422,-0.0000,0.1898,0.1111,-0.1008,0.0000,25,0.1290,-0.9698,0
104.178,-0.0116,-0.8422,-0.0000,0.1898,0.1111,-0.1008,0.0000,25,0.1290,-0.9698,0
104.198,-0.0116,-0.8422,-0.0000,0.1898,0.1111,-0.1008,0.0000,25,0.1290,-0.9698,0
104.218,-0.0116,-0.8422,-0.0000,0.1898,0.1111,-0.1008,0.0000,25,0.1290,-0.9698,0
104.238,-0.0116,-0.8422,-0.0000,0.1898,0.1111,-0.1008,0.0000,25,0.1290,-0.9698,0
104.258,-0.0116,-0.8422,-0.0000,0.1898,0.1111,-0.1008,0.0000,25,0.1290,-0.9698,0
104.278,-0.0116,-0.8422,-0.0000,0.1898,0.1111,-0.1008,0.0000,25,0.1290,-0.9698,0
104.300,-0.0116,-0.8422,-0.0000,0.1898,0.1111,-0.1008,0.0000,25,0.1290,-0.9698,0
104.319,-0.0116,-0.8422,-0.0000,0.1898,0.1111,-0.1008,0.0000,25,0.1290,-0.9698,0
104.338,-0.0099,-0.8437,-0.0000,0.1876,0.1111,-0.1008,0.0000,25,0.1290,-0.9698,0
104.358,-0.0091,-0.8445,-0.0000,0.1865,0.1111,-0.1008,0.0000,25,0.1290,-0.9698,0
104.379,-0.0075,-0.8460,-0.0000,0.1843,0.1111,-0.1008,0.0000,25,0.1290,-0.9698,0
104.398,-0.0058,-0.8475,-0.0000,0.1821,0.1111,-0.1008,0.0000,25,0.1290,-0.9698,0
104.419,-0.0058,-0.8475,-0.0000,0.1821,0.1111,-0.1008,0.0000,25,0.1290,-0.9698,0
104.438,-0.0050,-0.8482,-0.0000,0.1810,0.1111,-0.1008,0.0000,25,0.1290,-0.9698,0
104.458,-0.0042,-0.8489,-0.0000,0.1799,0.1111,-0.1008,0.0000,25,0.1290,-0.9698,0
104.478,-0.0042,-0.8489,-0.0000,0.1799,0.1111,-0.1008,0.0000,25,0.1290,-0.9698,0
104.498,-0.0042,-0.8489,-0.0000,0.1799,0.1111,-0.1008,0.0000,25,0.1290,-0.9698,0
104.519,-0.0042,-0.8489,-0.0000,0.1799,0.1111,-0.1008,0.0000,25,0.1290,-0.9698,0
104.540,-0.0034,-0.8497,-0.0000,0.1788,0.1111,-0.1008,0.0000,25,0.1290,-0.9698,0
104.558,-0.0034,-0.8497,-0.0000,0.1788,0.1111,-0.1008,0.0000,25,0.1290,-0.9698,0
104.578,-0.0034,-0.8497,-0.0000,0.1788,0.1111,-0.1008,0.0000,25,0.1290,-0.9698,0
104.598,-0.0034,-0.8497,-0.0000,0.1788,0.1111,-0.1008,0.0000,25,0.1290,-0.9698,0
104.618,-0.0034,-0.8497,-0.0000,0.1788,0.1111,-0.1008,0.0000,25,0.1290,-0.9698,0
104.639,-0.0034,-0.8497,-0.0000,0.1788,0.1111,-0.1008,0.0000,25,0.1290,-0.9698,0
104.658,-0.0025,-0.8504,-0.0000,0.1777,0.1111,-0.1008,0.0000,25,0.1290,-0.9698,0
104.678,-0.0017,-0.8512,-0.0000,0.1765,0.1111,-0.1008,0.0000,25,0.1290,-0.9698,0
104.698,-0.0001,-0.8527,-0.0000,0.1743,0.1111,-0.1008,0.0000,25,0.1290,-0.9698,0
104.718,0.0016,-0.8542,-0.0000,0.1721,0.1111,-0.1008,0.0000,25,0.1290,-0.9698,0
104.739,0.0024,-0.8549,-0.0000,0.1710,0.1111,-0.1008,0.0000,25,0.1290,-0.9698,0
104.758,0.0032,-0.8556,-0.0000,0.1699,0.1111,-0.1008,0.0000,25,0.1290,-0.9698,0
104.778,0.0040,-0.8564,-0.0000,0.1688,0.1111,-0.1008,0.0000,25,0.1290,-0.9698,0
104.798,0.0040,-0.8564,-0.0000,0.1688,0.1111,-0.1008,0.0000,25,0.1290,-0.9698,0
104.818,0.0040,-0.8564,-0.0000,0.1688,0.1111,-0.1008,0.0000,25,0.1290,-0.9698,0
104.838,0.0040,-0.8564,-0.0000,0.1688,0.1111,-0.1008,0.0000,25,0.1290,-0.9698,0
104.860,0.0040,-0.8564,-0.0000,0.1688,0.1111,-0.1008,0.0000,25,0.1290,-0.9698,0
104.878,0.0048,-0.8571,-0.0000,0.1677,0.1111,-0.1008,0.0000,25,0.1290,-0.9698,0
104.898,0.0048,-0.8571,-0.0000,0.1677,0.1111,-0.1008,0.0000,25,0.1290,-0.9698,0
104.918,0.0048,-0.8571,-0.0000,0.1677,0.1111,-0.1008,0.0000,25,0.1290,-0.9698,0
104.938,0.0057,-0.8579,-0.0000,0.1666,0.1111,-0.1008,0.0000,25,0.1290,-0.9698,0
104.958,0.0065,-0.8586,-0.0000,0.1655,0.1111,-0.1008,0.0000,25,0.1290,-0.9698,0
104.978,0.0081,-0.8601,-0.0000,0.1633,0.1111,-0.1008,0.0000,25,0.1290,-0.9698,0
104.998,0.0081,-0.8601,-0.0000,0.1633,0.1111,-0.1008,0.0000,25,0.1290,-0.9698,0
105.018,0.0081,-0.8601,-0.0000,0.1633,0.1111,-0.1008,0.0000,25,0.1290,-0.9698,0
105.039,0.0081,-0.8601,-0.0000,0.1633,0.1111,-0.1008,0.0000,25,0.1290,-0.9698,0
105.058,0.0089,-0.8609,-0.0000,0.1621,0.1111,-0.1008,0.0000,25,0.1290,-0.9698,0
105.078,0.0098,-0.8616,-0.0000,0.1610,0.1111,-0.1008,0.0000,25,0.1290,-0.9698,0
105.098,0.0098,-0.8616,-0.0000,0.1610,0.1111,-0.1008,0.0000,25,0.1290,-0.9698,0
105.118,0.0098,-0.8616,-0.0000,0.1610,0.1111,-0.1008,0.0000,25,0.1290,-0.9698,0
105.138,0.0106,-0.8623,-0.0000,0.1599,0.1111,-0.1008,0.0000,25,0.1290,-0.9698,0
105.158,0.0114,-0.8631,-0.0000,0.1588,0.1111,-0.1008,0.0000,25,0.1290,-0.9698,0
105.178,0.0114,-0.8631,-0.0000,0.1588,0.1111,-0.1008,0.0000,25,0.1290,-0.9698,0
105.198,0.0114,-0.8631,-0.0000,0.1588,0.1111,-0.1008,0.0000,25,0.1290,-0.9698,0
105.219,0.0122,-0.8638,-0.0000,0.1577,0.1111,-0.1008,0.0000,25,0.1290,-0.9698,0
105.238,0.0122,-0.8638,-0.0000,0.1577,0.1111,-0.1008,0.0000,25,0.1290,-0.9698,0
105.260,0.0122,-0.8638,-0.0000,0.1577,0.1111,-0.1008,0.0000,25,0.1290,-0.9698,0
105.278,0.0122,-0.8638,-0.0000,0.1577,0.1111,-0.1008,0.0000,25,0.1290,-0.9698,0
105.298,0.0122,-0.8638,-0.0000,0.1577,0.1111,-0.1008,0.0000,25,0.1290,-0.9698,0
105.318,0.0122,-0.8638,-0.0000,0.1577,0.1111,-0.1008,0.0000,25,0.1290,-0.9698,0
105.341,0.0122,-0.8638,-0.0000,0.1577,0.1111,-0.1008,0.0000,25,0.1290,-0.9698,0
105.359,0.0122,-0.8638,-0.0000,0.1577,0.1111,-0.1008,0.0000,25,0.1290,-0.9698,0
105.378,0.0139,-0.8653,-0.0000,0.1555,0.1111,-0.1008,0.0000,25,0.1290,-0.9698,0
105.398,0.0147,-0.8661,-0.0000,0.1544,0.1111,-0.1008,0.0000,25,0.1290,-0.9698,0
105.419,0.0171,-0.8683,-0.0000,0.1511,0.1111,-0.1008,0.0000,25,0.1290,-0.9698,0
105.439,0.0188,-0.8698,-0.0000,0.2298,0.1269,-0.0800,0.0000,26,0.2132,-0.9924,0
105.458,0.0188,-0.8698,-0.0000,0.2298,0.1269,-0.0800,0.0000,26,0.2132,-0.9924,0
105.478,0.0197,-0.8704,-0.0000,0.2287,0.1269,-0.0800,0.0000,26,0.2132,-0.9924,0
105.500,0.0207,-0.8710,-0.0000,0.2276,0.1269,-0.0800,0.0000,26,0.2132,-0.9924,0
105.518,0.0207,-0.8710,-0.0000,0.2276,0.1269,-0.0800,0.0000,26,0.2132,-0.9924,0
105.539,0.0207,-0.8710,-0.0000,0.2276,0.1269,-0.0800,0.0000,26,0.2132,-0.9924,0
105.559,0.0216,-0.8716,-0.0000,0.2265,0.1269,-0.0800,0.0000,26,0.2132,-0.9924,0
105.578,0.0225,-0.8722,-0.0000,0.2254,0.1269,-0.0800,0.0000,26,0.2132,-0.9924,0
105.598,0.0225,-0.8722,-0.0000,0.2254,0.1269,-0.0800,0.0000,26,0.2132,-0.9924,0
105.618,0.0235,-0.8727,-0.0000,0.2243,0.1269,-0.0800,0.0000,26,0.2132,-0.9924,0
105.638,0.0244,-0.8733,-0.0000,0.2232,0.1269,-0.0800,0.0000,26,0.2132,-0.9924,0
105.659,0.0244,-0.8733,-0.0000,0.2232,0.1269,-0.0800,0.0000,26,0.2132,-0.9924,0
105.678,0.0263,-0.8745,-0.0000,0.2210,0.1269,-0.0800,0.0000,26,0.2132,-0.9924,0
105.698,0.0263,-0.8745,-0.0000,0.2210,0.1269,-0.0800,0.0000,26,0.2132,-0.9924,0
105.718,0.0263,-0.8745,-0.0000,0.2210,0.1269,-0.0800,0.0000,26,0.2132,-0.9924,0
105.738,0.0272,-0.8751,-0.0000,0.2199,0.1269,-0.0800,0.0000,26,0.2132,-0.9924,0
105.759,0.0281,-0.8757,-0.0000,0.2188,0.1269,-0.0800,0.0000,26,0.2132,-0.9924,0
105.778,0.0291,-0.8763,-0.0000,0.2176,0.1269,-0.0800,0.0000,26,0.2132,-0.9924,0
105.798,0.0300,-0.8769,-0.0000,0.2165,0.1269,-0.0800,0.0000,26,0.2132,-0.9924,0
105.818,0.0300,-0.8769,-0.0000,0.2165,0.1269,-0.0800,0.0000,26,0.2132,-0.9924,0
105.839,0.0300,-0.8769,-0.0000,0.2165,0.1269,-0.0800,0.0000,26,0.2132,-0.9924,0
105.858,0.0300,-0.8769,-0.0000,0.2165,0.1269,-0.0800,0.0000,26,0.2132,-0.9924,0
105.879,0.0300,-0.8769,-0.0000,0.2165,0.1269,-0.0800,0.0000,26,0.2132,-0.9924,0
105.898,0.0310,-0.8775,-0.0000,0.2154,0.1269,-0.0800,0.0000,26,0.2132,-0.9924,0
105.918,0.0310,-0.8775,-0.0000,0.2154,0.1269,-0.0800,0.0000,26,0.2132,-0.9924,0
105.938,0.0310,-0.8775,-0.0000,0.2154,0.1269,-0.0800,0.0000,26,0.2132,-0.9924,0
105.960,0.0310,-0.8775,-0.0000,0.2154,0.1269,-0.0800,0.0000,26,0.2132,-0.9924,0
105.978,0.0310,-0.8775,-0.0000,0.2154,0.1269,-0.0800,0.0000,26,0.2132,-0.9924,0
105.998,0.0310,-0.8775,-0.0000,0.2154,0.1269,-0.0800,0.0000,26,0.2132,-0.9924,0
106.019,0.0310,-0.8775,-0.0000,0.2154,0.1269,-0.0800,0.0000,26,0.2132,-0.9924,0
106.038,0.0310,-0.8775,-0.0000,0.2154,0.1269,-0.0800,0.0000,26,0.2132,-0.9924,0
106.060,0.0310,-0.8775,-0.0000,0.2154,0.1269,-0.0800,0.0000,26,0.2132,-0.9924,0
106.079,0.0310,-0.8775,-0.0000,0.2154,0.1269,-0.0800,0.0000,26,0.2132,-0.9924,0
106.098,0.0328,-0.8787,-0.0000,0.2132,0.1269,-0.0800,0.0000,26,0.2132,-0.9924,0
106.118,0.0338,-0.8792,-0.0000,0.2121,0.1269,-0.0800,0.0000,26,0.2132,-0.9924,0
106.140,0.0347,-0.8798,-0.0000,0.2110,0.1269,-0.0800,0.0000,26,0.2132,-0.9924,0
106.158,0.0366,-0.8810,-0.0000,0.2088,0.1269,-0.0800,0.0000,26,0.2132,-0.9924,0
106.180,0.0366,-0.8810,-0.0000,0.2088,0.1269,-0.0800,0.0000,26,0.2132,-0.9924,0
106.199,0.0375,-0.8816,-0.0000,0.2077,0.1269,-0.0800,0.0000,26,0.2132,-0.9924,0
106.219,0.0375,-0.8816,-0.0000,0.2077,0.1269,-0.0800,0.0000,26,0.2132,-0.9924,0
106.239,0.0375,-0.8816,-0.0000,0.2077,0.1269,-0.0800,0.0000,26,0.2132,-0.9924,0
106.260,0.0375,-0.8816,-0.0000,0.2077,0.1269,-0.0800,0.0000,26,0.2132,-0.9924,0
106.278,0.0394,-0.8828,-0.0000,0.2055,0.1269,-0.0800,0.0000,26,0.2132,-0.9924,0
106.299,0.0394,-0.8828,-0.0000,0.2055,0.1269,-0.0800,0.0000,26,0.2132,-0.9924,0
106.319,0.0394,-0.8828,-0.0000,0.2055,0.1269,-0.0800,0.0000,26,0.2132,-0.9924,0
106.338,0.0403,-0.8834,-0.0000,0.2044,0.1269,-0.0800,0.0000,26,0.2132,-0.9924,0
106.358,0.0422,-0.8846,-0.0000,0.2021,0.1269,-0.0800,0.0000,26,0.2132,-0.9924,0
106.378,0.0422,-0.8846,-0.0000,0.2021,0.1269,-0.0800,0.0000,26,0.2132,-0.9924,0
106.398,0.0422,-0.8846,-0.0000,0.2021,0.1269,-0.0800,0.0000,26,0.2132,-0.9924,0
106.418,0.0441,-0.8857,-0.0000,0.1999,0.1269,-0.0800,0.0000,26,0.2132,-0.9924,0
106.440,0.0441,-0.8857,-0.0000,0.1999,0.1269,-0.0800,0.0000,26,0.2132,-0.9924,0
106.458,0.0450,-0.8863,-0.0000,0.1988,0.1269,-0.0800,0.0000,26,0.2132,-0.9924,0
106.478,0.0460,-0.8869,-0.0000,0.1977,0.1269,-0.0800,0.0000,26,0.2132,-0.9924,0
106.498,0.0460,-0.8869,-0.0000,0.1977,0.1269,-0.0800,0.0000,26,0.2132,-0.9924,0
106.519,0.0460,-0.8869,-0.0000,0.1977,0.1269,-0.0800,0.0000,26,0.2132,-0.9924,0
106.538,0.0460,-0.8869,-0.0000,0.1977,0.1269,-0.0800,0.0000,26,0.2132,-0.9924,0
106.560,0.0460,-0.8869,-0.0000,0.1977,0.1269,-0.0800,0.0000,26,0.2132,-0.9924,0
106.579,0.0469,-0.8875,-0.0000,0.1966,0.1269,-0.0800,0.0000,26,0.2132,-0.9924,0
106.598,0.0469,-0.8875,-0.0000,0.1966,0.1269,-0.0800,0.0000,26,0.2132,-0.9924,0
106.618,0.0469,-0.8875,-0.0000,0.1966,0.1269,-0.0800,0.0000,26,0.2132,-0.9924,0
106.639,0.0469,-0.8875,-0.0000,0.1966,0.1269,-0.0800,0.0000,26,0.2132,-0.9924,0
106.658,0.0469,-0.8875,-0.0000,0.1966,0.1269,-0.0800,0.0000,26,0.2132,-0.9924,0
106.678,0.0469,-0.8875,-0.0000,0.1966,0.1269,-0.0800,0.0000,26,0.2132,-0.9924,0
106.698,0.0478,-0.8881,-0.0000,0.1955,0.1269,-0.0800,0.0000,26,0.2132,-0.9924,0
106.718,0.0497,-0.8893,-0.0000,0.1933,0.1269,-0.0800,0.0000,26,0.2132,-0.9924,0
106.738,0.0506,-0.8899,-0.0000,0.1922,0.1269,-0.0800,0.0000,26,0.2132,-0.9924,0
106.758,0.0525,-0.8911,-0.0000,0.1900,0.1269,-0.0800,0.0000,26,0.2132,-0.9924,0
106.778,0.0525,-0.8911,-0.0000,0.1900,0.1269,-0.0800,0.0000,26,0.2132,-0.9924,0
106.798,0.0525,-0.8911,-0.0000,0.1900,0.1269,-0.0800,0.0000,26,0.2132,-0.9924,0
106.818,0.0525,-0.8911,-0.0000,0.1900,0.1269,-0.0800,0.0000,26,0.2132,-0.9924,0
106.839,0.0534,-0.8917,-0.0000,0.1888,0.1269,-0.0800,0.0000,26,0.2132,-0.9924,0
106.858,0.0544,-0.8922,-0.0000,0.1877,0.1269,-0.0800,0.0000,26,0.2132,-0.9924,0
106.878,0.0544,-0.8922,-0.0000,0.1877,0.1269,-0.0800,0.0000,26,0.2132,-0.9924,0
106.898,0.0553,-0.8928,-0.0000,0.1866,0.1269,-0.0800,0.0000,26,0.2132,-0.9924,0
106.918,0.0553,-0.8928,-0.0000,0.1866,0.1269,-0.0800,0.0000,26,0.2132,-0.9924,0
106.938,0.0553,-0.8928,-0.0000,0.1866,0.1269,-0.0800,0.0000,26,0.2132,-0.9924,0
106.958,0.0563,-0.8934,-0.0000,0.1855,0.1269,-0.0800,0.0000,26,0.2132,-0.9924,0
106.979,0.0572,-0.8940,-0.0000,0.1844,0.1269,-0.0800,0.0000,26,0.2132,-0.9924,0
106.998,0.0572,-0.8940,-0.0000,0.1844,0.1269,-0.0800,0.0000,26,0.2132,-0.9924,0
107.018,0.0581,-0.8946,-0.0000,0.1833,0.1269,-0.0800,0.0000,26,0.2132,-0.9924,0
107.040,0.0591,-0.8952,-0.0000,0.1822,0.1269,-0.0800,0.0000,26,0.2132,-0.9924,0
107.059,0.0591,-0.8952,-0.0000,0.1822,0.1269,-0.0800,0.0000,26,0.2132,-0.9924,0
107.078,0.0609,-0.8964,-0.0000,0.1800,0.1269,-0.0800,0.0000,26,0.2132,-0.9924,0
107.098,0.0609,-0.8964,-0.0000,0.1800,0.1269,-0.0800,0.0000,26,0.2132,-0.9924,0
107.118,0.0609,-0.8964,-0.0000,0.1800,0.1269,-0.0800,0.0000,26,0.2132,-0.9924,0
107.138,0.0628,-0.8976,-0.0000,0.1778,0.1269,-0.0800,0.0000,26,0.2132,-0.9924,0
107.158,0.0628,-0.8976,-0.0000,0.1778,0.1269,-0.0800,0.0000,26,0.2132,-0.9924,0
107.178,0.0628,-0.8976,-0.0000,0.1778,0.1269,-0.0800,0.0000,26,0.2132,-0.9924,0
107.198,0.0638,-0.8982,-0.0000,0.1767,0.1269,-0.0800,0.0000,26,0.2132,-0.9924,0
107.218,0.0638,-0.8982,-0.0000,0.1767,0.1269,-0.0800,0.0000,26,0.2132,-0.9924,0
107.239,0.0638,-0.8982,-0.0000,0.1767,0.1269,-0.0800,0.0000,26,0.2132,-0.9924,0
107.258,0.0647,-0.8987,-0.0000,0.1756,0.1269,-0.0800,0.0000,26,0.2132,-0.9924,0
107.278,0.0656,-0.8993,-0.0000,0.1744,0.1269,-0.0800,0.0000,26,0.2132,-0.9924,0
107.298,0.0666,-0.8999,-0.0000,0.1733,0.1269,-0.0800,0.0000,26,0.2132,-0.9924,0
107.318,0.0666,-0.8999,-0.0000,0.1733,0.1269,-0.0800,0.0000,26,0.2132,-0.9924,0
107.339,0.0666,-0.8999,-0.0000,0.1733,0.1269,-0.0800,0.0000,26,0.2132,-0.9924,0
107.358,0.0675,-0.9005,-0.0000,0.1722,0.1269,-0.0800,0.0000,26,0.2132,-0.9924,0
107.379,0.0684,-0.9011,-0.0000,0.1711,0.1269,-0.0800,0.0000,26,0.2132,-0.9924,0
107.398,0.0684,-0.9011,-0.0000,0.1711,0.1269,-0.0800,0.0000,26,0.2132,-0.9924,0
107.418,0.0694,-0.9017,-0.0000,0.1700,0.1269,-0.0800,0.0000,26,0.2132,-0.9924,0
107.438,0.0703,-0.9023,-0.0000,0.1689,0.1269,-0.0800,0.0000,26,0.2132,-0.9924,0
107.458,0.0712,-0.9029,-0.0000,0.1678,0.1269,-0.0800,0.0000,26,0.2132,-0.9924,0
107.478,0.0722,-0.9035,-0.0000,0.1667,0.1269,-0.0800,0.0000,26,0.2132,-0.9924,0
107.498,0.0722,-0.9035,-0.0000,0.1667,0.1269,-0.0800,0.0000,26,0.2132,-0.9924,0
107.519,0.0722,-0.9035,-0.0000,0.1667,0.1269,-0.0800,0.0000,26,0.2132,-0.9924,0
107.538,0.0731,-0.9041,-0.0000,0.1656,0.1269,-0.0800,0.0000,26,0.2132,-0.9924,0
107.558,0.0731,-0.9041,-0.0000,0.1656,0.1269,-0.0800,0.0000,26,0.2132,-0.9924,0
107.579,0.0731,-0.9041,-0.0000,0.1656,0.1269,-0.0800,0.0000,26,0.2132,-0.9924,0
107.598,0.0731,-0.9041,-0.0000,0.1656,0.1269,-0.0800,0.0000,26,0.2132,-0.9924,0
107.618,0.0750,-0.9052,-0.0000,0.1634,0.1269,-0.0800,0.0000,26,0.2132,-0.9924,0
107.638,0.0750,-0.9052,-0.0000,0.1634,0.1269,-0.0800,0.0000,26,0.2132,-0.9924,0
107.658,0.0750,-0.9052,-0.0000,0.1634,0.1269,-0.0800,0.0000,26,0.2132,-0.9924,0
107.679,0.0750,-0.9052,-0.0000,0.1634,0.1269,-0.0800,0.0000,26,0.2132,-0.9924,0
107.698,0.0769,-0.9064,-0.0000,0.1612,0.1269,-0.0800,0.0000,26,0.2132,-0.9924,0
107.719,0.0769,-0.9064,-0.0000,0.1612,0.1269,-0.0800,0.0000,26,0.2132,-0.9924,0
107.739,0.0769,-0.9064,-0.0000,0.1612,0.1269,-0.0800,0.0000,26,0.2132,-0.9924,0
107.758,0.0787,-0.9076,-0.0000,0.1589,0.1269,-0.0800,0.0000,26,0.2132,-0.9924,0
107.780,0.0797,-0.9082,-0.0000,0.1578,0.1269,-0.0800,0.0000,26,0.2132,-0.9924,0
107.798,0.0806,-0.9088,-0.0000,0.1567,0.1269,-0.0800,0.0000,26,0.2132,-0.9924,0
107.818,0.0816,-0.9094,-0.0000,0.1556,0.1269,-0.0800,0.0000,26,0.2132,-0.9924,0
107.838,0.0825,-0.9100,-0.0000,0.1545,0.1269,-0.0800,0.0000,26,0.2132,-0.9924,0
107.858,0.0825,-0.9100,-0.0000,0.1545,0.1269,-0.0800,0.0000,26,0.2132,-0.9924,0
107.878,0.0825,-0.9100,-0.0000,0.1545,0.1269,-0.0800,0.0000,26,0.2132,-0.9924,0
107.900,0.0825,-0.9100,-0.0000,0.1545,0.1269,-0.0800,0.0000,26,0.2132,-0.9924,0
107.919,0.0834,-0.9106,-0.0000,0.1534,0.1269,-0.0800,0.0000,26,0.2132,-0.9924,0
107.938,0.0834,-0.9106,-0.0000,0.1534,0.1269,-0.0800,0.0000,26,0.2132,-0.9924,0
107.958,0.0834,-0.9106,-0.0000,0.1534,0.1269,-0.0800,0.0000,26,0.2132,-0.9924,0
107.978,0.0834,-0.9106,-0.0000,0.1534,0.1269,-0.0800,0.0000,26,0.2132,-0.9924,0
107.998,0.0834,-0.9106,-0.0000,0.1534,0.1269,-0.0800,0.0000,26,0.2132,-0.9924,0
108.018,0.0834,-0.9106,-0.0000,0.1534,0.1269,-0.0800,0.0000,26,0.2132,-0.9924,0
108.038,0.0834,-0.9106,-0.0000,0.1534,0.1269,-0.0800,0.0000,26,0.2132,-0.9924,0
108.060,0.0834,-0.9106,-0.0000,0.1534,0.1269,-0.0800,0.0000,26,0.2132,-0.9924,0
108.078,0.0844,-0.9112,-0.0000,0.1523,0.1269,-0.0800,0.0000,26,0.2132,-0.9924,0
108.098,0.0862,-0.9123,-0.0000,0.1501,0.1269,-0.0800,0.0000,26,0.2132,-0.9924,0
108.119,0.0881,-0.9135,-0.0000,0.2289,0.1389,-0.0567,0.0000,27,0.3000,-1.0000,0
108.138,0.0901,-0.9145,-0.0000,0.2267,0.1389,-0.0566,0.0000,27,0.3000,-1.0000,0
108.158,0.0911,-0.9150,-0.0000,0.2256,0.1389,-0.0566,0.0000,27,0.3000,-1.0000,0
108.179,0.0911,-0.9150,-0.0000,0.2256,0.1389,-0.0566,0.0000,27,0.3000,-1.0000,0
108.198,0.0932,-0.9158,-0.0000,0.2233,0.1389,-0.0566,0.0000,27,0.3000,-1.0000,0
108.218,0.0932,-0.9158,-0.0000,0.2233,0.1389,-0.0566,0.0000,27,0.3000,-1.0000,0
108.238,0.0932,-0.9158,-0.0000,0.2233,0.1389,-0.0566,0.0000,27,0.3000,-1.0000,0
108.258,0.0932,-0.9158,-0.0000,0.2233,0.1389,-0.0566,0.0000,27,0.3000,-1.0000,0
108.279,0.0942,-0.9162,-0.0000,0.2222,0.1389,-0.0566,0.0000,27,0.3000,-1.0000,0
108.298,0.0942,-0.9162,-0.0000,0.2222,0.1389,-0.0566,0.0000,27,0.3000,-1.0000,0
108.320,0.0942,-0.9162,-0.0000,0.2222,0.1389,-0.0566,0.0000,27,0.3000,-1.0000,0
108.339,0.0942,-0.9162,-0.0000,0.2222,0.1389,-0.0566,0.0000,27,0.3000,-1.0000,0
108.358,0.0942,-0.9162,-0.0000,0.2222,0.1389,-0.0566,0.0000,27,0.3000,-1.0000,0
108.378,0.0942,-0.9162,-0.0000,0.2222,0.1389,-0.0566,0.0000,27,0.3000,-1.0000,0
108.398,0.0952,-0.9166,-0.0000,0.2211,0.1389,-0.0566,0.0000,27,0.3000,-1.0000,0
108.418,0.0973,-0.9175,-0.0000,0.2189,0.1389,-0.0566,0.0000,27,0.3000,-1.0000,0
108.439,0.0983,-0.9179,-0.0000,0.2178,0.1389,-0.0566,0.0000,27,0.3000,-1.0000,0
108.458,0.1003,-0.9187,-0.0000,0.2156,0.1389,-0.0566,0.0000,27,0.3000,-1.0000,0
108.478,0.1003,-0.9187,-0.0000,0.2156,0.1389,-0.0566,0.0000,27,0.3000,-1.0000,0
108.498,0.1014,-0.9191,-0.0000,0.2145,0.1389,-0.0566,0.0000,27,0.3000,-1.0000,0
108.518,0.1024,-0.9195,-0.0000,0.2134,0.1389,-0.0566,0.0000,27,0.3000,-1.0000,0
108.538,0.1024,-0.9195,-0.0000,0.2134,0.1389,-0.0566,0.0000,27,0.3000,-1.0000,0
108.558,0.1024,-0.9195,-0.0000,0.2134,0.1389,-0.0566,0.0000,27,0.3000,-1.0000,0
108.578,0.1024,-0.9195,-0.0000,0.2134,0.1389,-0.0566,0.0000,27,0.3000,-1.0000,0
108.599,0.1024,-0.9195,-0.0000,0.2134,0.1389,-0.0566,0.0000,27,0.3000,-1.0000,0
108.619,0.1034,-0.9200,-0.0000,0.2123,0.1389,-0.0566,0.0000,27,0.3000,-1.0000,0
108.638,0.1034,-0.9200,-0.0000,0.2123,0.1389,-0.0566,0.0000,27,0.3000,-1.0000,0
108.658,0.1034,-0.9200,-0.0000,0.2123,0.1389,-0.0566,0.0000,27,0.3000,-1.0000,0
108.679,0.1034,-0.9200,-0.0000,0.2123,0.1389,-0.0566,0.0000,27,0.3000,-1.0000,0
108.698,0.1034,-0.9200,-0.0000,0.2123,0.1389,-0.0566,0.0000,27,0.3000,-1.0000,0
108.719,0.1034,-0.9200,-0.0000,0.2123,0.1389,-0.0566,0.0000,27,0.3000,-1.0000,0
108.738,0.1034,-0.9200,-0.0000,0.2123,0.1389,-0.0566,0.0000,27,0.3000,-1.0000,0
108.759,0.1034,-0.9200,-0.0000,0.2123,0.1389,-0.0566,0.0000,27,0.3000,-1.0000,0
108.779,0.1034,-0.9200,-0.0000,0.2123,0.1389,-0.0566,0.0000,27,0.3000,-1.0000,0
108.798,0.1055,-0.9208,-0.0000,0.2100,0.1389,-0.0566,0.0000,27,0.3000,-1.0000,0
108.818,0.1065,-0.9212,-0.0000,0.2089,0.1389,-0.0566,0.0000,27,0.3000,-1.0000,0
108.839,0.1085,-0.9221,-0.0000,0.2067,0.1389,-0.0566,0.0000,27,0.3000,-1.0000,0
108.858,0.1085,-0.9221,-0.0000,0.2067,0.1389,-0.0566,0.0000,27,0.3000,-1.0000,0
108.878,0.1085,-0.9221,-0.0000,0.2067,0.1389,-0.0566,0.0000,27,0.3000,-1.0000,0
108.898,0.1085,-0.9221,-0.0000,0.2067,0.1389,-0.0566,0.0000,27,0.3000,-1.0000,0
108.919,0.1106,-0.9229,-0.0000,0.2045,0.1389,-0.0566,0.0000,27,0.3000,-1.0000,0
108.938,0.1106,-0.9229,-0.0000,0.2045,0.1389,-0.0566,0.0000,27,0.3000,-1.0000,0
108.959,0.1106,-0.9229,-0.0000,0.2045,0.1389,-0.0566,0.0000,27,0.3000,-1.0000,0
108.979,0.1106,-0.9229,-0.0000,0.2045,0.1389,-0.0566,0.0000,27,0.3000,-1.0000,0
108.998,0.1106,-0.9229,-0.0000,0.2045,0.1389,-0.0566,0.0000,27,0.3000,-1.0000,0
109.018,0.1106,-0.9229,-0.0000,0.2045,0.1389,-0.0566,0.0000,27,0.3000,-1.0000,0
109.039,0.1106,-0.9229,-0.0000,0.2045,0.1389,-0.0566,0.0000,27,0.3000,-1.0000,0
109.059,0.1106,-0.9229,-0.0000,0.2045,0.1389,-0.0566,0.0000,27,0.3000,-1.0000,0
109.078,0.1116,-0.9233,-0.0000,0.2034,0.1389,-0.0566,0.0000,27,0.3000,-1.0000,0
109.098,0.1126,-0.9237,-0.0000,0.2023,0.1389,-0.0566,0.0000,27,0.3000,-1.0000,0
109.118,0.1147,-0.9246,-0.0000,0.2001,0.1389,-0.0566,0.0000,27,0.3000,-1.0000,0
109.139,0.1167,-0.9254,-0.0000,0.1979,0.1389,-0.0566,0.0000,27,0.3000,-1.0000,0
109.158,0.1188,-0.9262,-0.0000,0.1956,0.1389,-0.0566,0.0000,27,0.3000,-1.0000,0
109.178,0.1188,-0.9262,-0.0000,0.1956,0.1389,-0.0566,0.0000,27,0.3000,-1.0000,0
109.198,0.1209,-0.9271,-0.0000,0.1934,0.1389,-0.0566,0.0000,27,0.3000,-1.0000,0
109.218,0.1209,-0.9271,-0.0000,0.1934,0.1389,-0.0566,0.0000,27,0.3000,-1.0000,0
109.238,0.1209,-0.9271,-0.0000,0.1934,0.1389,-0.0566,0.0000,27,0.3000,-1.0000,0
109.260,0.1209,-0.9271,-0.0000,0.1934,0.1389,-0.0566,0.0000,27,0.3000,-1.0000,0
109.279,0.1219,-0.9275,-0.0000,0.1923,0.1389,-0.0566,0.0000,27,0.3000,-1.0000,0
109.298,0.1219,-0.9275,-0.0000,0.1923,0.1389,-0.0566,0.0000,27,0.3000,-1.0000,0
109.318,0.1219,-0.9275,-0.0000,0.1923,0.1389,-0.0566,0.0000,27,0.3000,-1.0000,0
109.338,0.1229,-0.9279,-0.0000,0.1912,0.1389,-0.0566,0.0000,27,0.3000,-1.0000,0
109.358,0.1239,-0.9283,-0.0000,0.1901,0.1389,-0.0566,0.0000,27,0.3000,-1.0000,0
109.378,0.1250,-0.9287,-0.0000,0.1890,0.1389,-0.0566,0.0000,27,0.3000,-1.0000,0
109.398,0.1260,-0.9292,-0.0000,0.1879,0.1389,-0.0566,0.0000,27,0.3000,-1.0000,0
109.418,0.1260,-0.9292,-0.0000,0.1879,0.1389,-0.0566,0.0000,27,0.3000,-1.0000,0
109.439,0.1260,-0.9292,-0.0000,0.1879,0.1389,-0.0566,0.0000,27,0.3000,-1.0000,0
109.458,0.1270,-0.9296,-0.0000,0.1868,0.1389,-0.0566,0.0000,27,0.3000,-1.0000,0
109.478,0.1280,-0.9300,-0.0000,0.1857,0.1389,-0.0566,0.0000,27,0.3000,-1.0000,0
109.498,0.1291,-0.9304,-0.0000,0.1846,0.1389,-0.0566,0.0000,27,0.3000,-1.0000,0
109.518,0.1301,-0.9308,-0.0000,0.1835,0.1389,-0.0566,0.0000,27,0.3000,-1.0000,0
109.538,0.1301,-0.9308,-0.0000,0.1835,0.1389,-0.0566,0.0000,27,0.3000,-1.0000,0
109.558,0.1301,-0.9308,-0.0000,0.1835,0.1389,-0.0566,0.0000,27,0.3000,-1.0000,0
109.578,0.1301,-0.9308,-0.0000,0.1835,0.1389,-0.0566,0.0000,27,0.3000,-1.0000,0
109.598,0.1311,-0.9312,-0.0000,0.1824,0.1389,-0.0566,0.0000,27,0.3000,-1.0000,0
109.619,0.1311,-0.9312,-0.0000,0.1824,0.1389,-0.0566,0.0000,27,0.3000,-1.0000,0
109.638,0.1311,-0.9312,-0.0000,0.1824,0.1389,-0.0566,0.0000,27,0.3000,-1.0000,0
109.658,0.1311,-0.9312,-0.0000,0.1824,0.1389,-0.0566,0.0000,27,0.3000,-1.0000,0
109.678,0.1321,-0.9317,-0.0000,0.1812,0.1389,-0.0566,0.0000,27,0.3000,-1.0000,0
109.698,0.1332,-0.9321,-0.0000,0.1801,0.1389,-0.0566,0.0000,27,0.3000,-1.0000,0
109.718,0.1332,-0.9321,-0.0000,0.1801,0.1389,-0.0566,0.0000,27,0.3000,-1.0000,0
109.738,0.1352,-0.9329,-0.0000,0.1779,0.1389,-0.0566,0.0000,27,0.3000,-1.0000,0
109.759,0.1352,-0.9329,-0.0000,0.1779,0.1389,-0.0566,0.0000,27,0.3000,-1.0000,0
109.778,0.1352,-0.9329,-0.0000,0.1779,0.1389,-0.0566,0.0000,27,0.3000,-1.0000,0
109.798,0.1362,-0.9333,-0.0000,0.1768,0.1389,-0.0566,0.0000,27,0.3000,-1.0000,0
109.818,0.1373,-0.9337,-0.0000,0.1757,0.1389,-0.0566,0.0000,27,0.3000,-1.0000,0
109.838,0.1383,-0.9342,-0.0000,0.1746,0.1389,-0.0566,0.0000,27,0.3000,-1.0000,0
109.858,0.1393,-0.9346,-0.0000,0.1735,0.1389,-0.0566,0.0000,27,0.3000,-1.0000,0
109.878,0.1393,-0.9346,-0.0000,0.1735,0.1389,-0.0566,0.0000,27,0.3000,-1.0000,0
109.898,0.1393,-0.9346,-0.0000,0.1735,0.1389,-0.0566,0.0000,27,0.3000,-1.0000,0
109.918,0.1393,-0.9346,-0.0000,0.1735,0.1389,-0.0566,0.0000,27,0.3000,-1.0000,0
109.938,0.1393,-0.9346,-0.0000,0.1735,0.1389,-0.0566,0.0000,27,0.3000,-1.0000,0
109.958,0.1403,-0.9350,-0.0000,0.1724,0.1389,-0.0566,0.0000,27,0.3000,-1.0000,0
109.978,0.1403,-0.9350,-0.0000,0.1724,0.1389,-0.0566,0.0000,27,0.3000,-1.0000,0
109.998,0.1403,-0.9350,-0.0000,0.1724,0.1389,-0.0566,0.0000,27,0.3000,-1.0000,0
110.019,0.1414,-0.9354,-0.0000,0.1713,0.1389,-0.0566,0.0000,27,0.3000,-1.0000,0
110.038,0.1424,-0.9358,-0.0000,0.1702,0.1389,-0.0566,0.0000,27,0.3000,-1.0000,0
110.058,0.1424,-0.9358,-0.0000,0.1702,0.1389,-0.0566,0.0000,27,0.3000,-1.0000,0
110.078,0.1444,-0.9367,-0.0000,0.1680,0.1389,-0.0566,0.0000,27,0.3000,-1.0000,0
110.098,0.1444,-0.9367,-0.0000,0.1680,0.1389,-0.0566,0.0000,27,0.3000,-1.0000,0
110.119,0.1444,-0.9367,-0.0000,0.1680,0.1389,-0.0566,0.0000,27,0.3000,-1.0000,0
110.138,0.1465,-0.9375,-0.0000,0.1657,0.1389,-0.0566,0.0000,27,0.3000,-1.0000,0
110.160,0.1465,-0.9375,-0.0000,0.1657,0.1389,-0.0566,0.0000,27,0.3000,-1.0000,0
110.178,0.1475,-0.9379,-0.0000,0.1646,0.1389,-0.0566,0.0000,27,0.3000,-1.0000,0
110.198,0.1486,-0.9383,-0.0000,0.1635,0.1389,-0.0566,0.0000,27,0.3000,-1.0000,0
110.219,0.1486,-0.9383,-0.0000,0.1635,0.1389,-0.0566,0.0000,27,0.3000,-1.0000,0
110.238,0.1486,-0.9383,-0.0000,0.1635,0.1389,-0.0566,0.0000,27,0.3000,-1.0000,0
110.258,0.1486,-0.9383,-0.0000,0.1635,0.1389,-0.0566,0.0000,27,0.3000,-1.0000,0
110.278,0.1496,-0.9388,-0.0000,0.1624,0.1389,-0.0566,0.0000,27,0.3000,-1.0000,0
110.298,0.1496,-0.9388,-0.0000,0.1624,0.1389,-0.0566,0.0000,27,0.3000,-1.0000,0
110.318,0.1496,-0.9388,-0.0000,0.1624,0.1389,-0.0566,0.0000,27,0.3000,-1.0000,0
110.338,0.1496,-0.9388,-0.0000,0.1624,0.1389,-0.0566,0.0000,27,0.3000,-1.0000,0
110.359,0.1496,-0.9388,-0.0000,0.1624,0.1389,-0.0566,0.0000,27,0.3000,-1.0000,0
110.378,0.1496,-0.9388,-0.0000,0.1624,0.1389,-0.0566,0.0000,27,0.3000,-1.0000,0
110.398,0.1496,-0.9388,-0.0000,0.1624,0.1389,-0.0566,0.0000,27,0.3000,-1.0000,0
110.420,0.1496,-0.9388,-0.0000,0.1624,0.1389,-0.0566,0.0000,27,0.3000,-1.0000,0
110.439,0.1496,-0.9388,-0.0000,0.1624,0.1389,-0.0566,0.0000,27,0.3000,-1.0000,0
110.459,0.1506,-0.9392,-0.0000,0.1613,0.1389,-0.0566,0.0000,27,0.3000,-1.0000,0
110.478,0.1516,-0.9396,-0.0000,0.1602,0.1389,-0.0566,0.0000,27,0.3000,-1.0000,0
110.498,0.1537,-0.9404,-0.0000,0.1580,0.1389,-0.0566,0.0000,27,0.3000,-1.0000,0
110.520,0.1547,-0.9408,-0.0000,0.1569,0.1389,-0.0566,0.0000,27,0.3000,-1.0000,0
110.539,0.1568,-0.9417,-0.0000,0.1547,0.1389,-0.0566,0.0000,27,0.3000,-1.0000,0
110.558,0.1578,-0.9421,-0.0000,0.1536,0.1389,-0.0566,0.0000,27,0.3000,-1.0000,0
110.578,0.1578,-0.9421,-0.0000,0.1536,0.1389,-0.0566,0.0000,27,0.3000,-1.0000,0
110.598,0.1578,-0.9421,-0.0000,0.1536,0.1389,-0.0566,0.0000,27,0.3000,-1.0000,0
110.618,0.1578,-0.9421,-0.0000,0.1536,0.1389,-0.0566,0.0000,27,0.3000,-1.0000,0
110.639,0.1588,-0.9425,-0.0000,0.1524,0.1389,-0.0566,0.0000,27,0.3000,-1.0000,0
110.658,0.1588,-0.9425,-0.0000,0.1524,0.1389,-0.0566,0.0000,27,0.3000,-1.0000,0
110.678,0.1588,-0.9425,-0.0000,0.1524,0.1389,-0.0566,0.0000,27,0.3000,-1.0000,0
110.700,0.1588,-0.9425,-0.0000,0.1524,0.1389,-0.0566,0.0000,27,0.3000,-1.0000,0
110.718,0.1588,-0.9425,-0.0000,0.1524,0.1389,-0.0566,0.0000,27,0.3000,-1.0000,0
110.738,0.1588,-0.9425,-0.0000,0.1524,0.1389,-0.0566,0.0000,27,0.3000,-1.0000,0
110.758,0.1588,-0.9425,-0.0000,0.1524,0.1389,-0.0566,0.0000,27,0.3000,-1.0000,0
110.779,0.1588,-0.9425,-0.0000,0.1524,0.1389,-0.0566,0.0000,27,0.3000,-1.0000,0
110.798,0.1588,-0.9425,-0.0000,0.1524,0.1389,-0.0566,0.0000,27,0.3000,-1.0000,0
110.819,0.1609,-0.9434,-0.0000,0.1502,0.1389,-0.0566,0.0000,27,0.3000,-1.0000,0
110.839,0.1619,-0.9438,-0.0000,0.2301,0.1466,-0.0317,0.0000,28,0.3868,-0.9924,0
110.859,0.1640,-0.9444,-0.0000,0.2279,0.1466,-0.0316,0.0000,28,0.3868,-0.9924,0
110.878,0.1662,-0.9449,-0.0000,0.2257,0.1466,-0.0316,0.0000,28,0.3868,-0.9924,0
110.898,0.1672,-0.9451,-0.0000,0.2246,0.1466,-0.0316,0.0000,28,0.3868,-0.9924,0
110.918,0.1672,-0.9451,-0.0000,0.2246,0.1466,-0.0316,0.0000,28,0.3868,-0.9924,0
110.938,0.1672,-0.9451,-0.0000,0.2246,0.1466,-0.0316,0.0000,28,0.3868,-0.9924,0
110.958,0.1672,-0.9451,-0.0000,0.2246,0.1466,-0.0316,0.0000,28,0.3868,-0.9924,0
110.979,0.1683,-0.9454,-0.0000,0.2235,0.1466,-0.0316,0.0000,28,0.3868,-0.9924,0
110.999,0.1683,-0.9454,-0.0000,0.2235,0.1466,-0.0316,0.0000,28,0.3868,-0.9924,0
111.018,0.1683,-0.9454,-0.0000,0.2235,0.1466,-0.0316,0.0000,28,0.3868,-0.9924,0
111.038,0.1683,-0.9454,-0.0000,0.2235,0.1466,-0.0316,0.0000,28,0.3868,-0.9924,0
111.058,0.1683,-0.9454,-0.0000,0.2235,0.1466,-0.0316,0.0000,28,0.3868,-0.9924,0
111.078,0.1683,-0.9454,-0.0000,0.2235,0.1466,-0.0316,0.0000,28,0.3868,-0.9924,0
111.098,0.1683,-0.9454,-0.0000,0.2235,0.1466,-0.0316,0.0000,28,0.3868,-0.9924,0
111.118,0.1683,-0.9454,-0.0000,0.2235,0.1466,-0.0316,0.0000,28,0.3868,-0.9924,0
111.138,0.1683,-0.9454,-0.0000,0.2235,0.1466,-0.0316,0.0000,28,0.3868,-0.9924,0
111.158,0.1694,-0.9456,-0.0000,0.2224,0.1466,-0.0316,0.0000,28,0.3868,-0.9924,0
111.178,0.1705,-0.9458,-0.0000,0.2213,0.1466,-0.0316,0.0000,28,0.3868,-0.9924,0
111.198,0.1716,-0.9461,-0.0000,0.2202,0.1466,-0.0316,0.0000,28,0.3868,-0.9924,0
111.219,0.1737,-0.9465,-0.0000,0.2180,0.1466,-0.0316,0.0000,28,0.3868,-0.9924,0
111.238,0.1748,-0.9468,-0.0000,0.2169,0.1466,-0.0316,0.0000,28,0.3868,-0.9924,0
111.258,0.1759,-0.9470,-0.0000,0.2158,0.1466,-0.0316,0.0000,28,0.3868,-0.9924,0
111.278,0.1770,-0.9472,-0.0000,0.2146,0.1466,-0.0316,0.0000,28,0.3868,-0.9924,0
111.298,0.1770,-0.9472,-0.0000,0.2146,0.1466,-0.0316,0.0000,28,0.3868,-0.9924,0
111.319,0.1770,-0.9472,-0.0000,0.2146,0.1466,-0.0316,0.0000,28,0.3868,-0.9924,0
111.338,0.1781,-0.9475,-0.0000,0.2135,0.1466,-0.0316,0.0000,28,0.3868,-0.9924,0
111.358,0.1781,-0.9475,-0.0000,0.2135,0.1466,-0.0316,0.0000,28,0.3868,-0.9924,0
111.378,0.1781,-0.9475,-0.0000,0.2135,0.1466,-0.0316,0.0000,28,0.3868,-0.9924,0
111.399,0.1781,-0.9475,-0.0000,0.2135,0.1466,-0.0316,0.0000,28,0.3868,-0.9924,0
111.418,0.1781,-0.9475,-0.0000,0.2135,0.1466,-0.0316,0.0000,28,0.3868,-0.9924,0
111.439,0.1781,-0.9475,-0.0000,0.2135,0.1466,-0.0316,0.0000,28,0.3868,-0.9924,0
111.458,0.1781,-0.9475,-0.0000,0.2135,0.1466,-0.0316,0.0000,28,0.3868,-0.9924,0
111.478,0.1781,-0.9475,-0.0000,0.2135,0.1466,-0.0316,0.0000,28,0.3868,-0.9924,0
111.499,0.1781,-0.9475,-0.0000,0.2135,0.1466,-0.0316,0.0000,28,0.3868,-0.9924,0
111.519,0.1792,-0.9477,-0.0000,0.2124,0.1466,-0.0316,0.0000,28,0.3868,-0.9924,0
111.538,0.1802,-0.9479,-0.0000,0.2113,0.1466,-0.0316,0.0000,28,0.3868,-0.9924,0
111.558,0.1824,-0.9484,-0.0000,0.2091,0.1466,-0.0316,0.0000,28,0.3868,-0.9924,0
111.578,0.1835,-0.9486,-0.0000,0.2080,0.1466,-0.0316,0.0000,28,0.3868,-0.9924,0
111.600,0.1835,-0.9486,-0.0000,0.2080,0.1466,-0.0316,0.0000,28,0.3868,-0.9924,0
111.619,0.1846,-0.9489,-0.0000,0.2069,0.1466,-0.0316,0.0000,28,0.3868,-0.9924,0
111.639,0.1857,-0.9491,-0.0000,0.2058,0.1466,-0.0316,0.0000,28,0.3868,-0.9924,0
111.658,0.1857,-0.9491,-0.0000,0.2058,0.1466,-0.0316,0.0000,28,0.3868,-0.9924,0
111.678,0.1857,-0.9491,-0.0000,0.2058,0.1466,-0.0316,0.0000,28,0.3868,-0.9924,0
111.698,0.1867,-0.9493,-0.0000,0.2047,0.1466,-0.0316,0.0000,28,0.3868,-0.9924,0
111.719,0.1867,-0.9493,-0.0000,0.2047,0.1466,-0.0316,0.0000,28,0.3868,-0.9924,0
111.738,0.1867,-0.9493,-0.0000,0.2047,0.1466,-0.0316,0.0000,28,0.3868,-0.9924,0
111.758,0.1878,-0.9496,-0.0000,0.2036,0.1466,-0.0316,0.0000,28,0.3868,-0.9924,0
111.779,0.1889,-0.9498,-0.0000,0.2025,0.1466,-0.0316,0.0000,28,0.3868,-0.9924,0
111.798,0.1889,-0.9498,-0.0000,0.2025,0.1466,-0.0316,0.0000,28,0.3868,-0.9924,0
111.818,0.1900,-0.9500,-0.0000,0.2014,0.1466,-0.0316,0.0000,28,0.3868,-0.9924,0
111.838,0.1911,-0.9503,-0.0000,0.2002,0.1466,-0.0316,0.0000,28,0.3868,-0.9924,0
111.858,0.1911,-0.9503,-0.0000,0.2002,0.1466,-0.0316,0.0000,28,0.3868,-0.9924,0
111.880,0.1911,-0.9503,-0.0000,0.2002,0.1466,-0.0316,0.0000,28,0.3868,-0.9924,0
111.898,0.1932,-0.9507,-0.0000,0.1980,0.1466,-0.0316,0.0000,28,0.3868,-0.9924,0
111.918,0.1932,-0.9507,-0.0000,0.1980,0.1466,-0.0316,0.0000,28,0.3868,-0.9924,0
111.938,0.1943,-0.9510,-0.0000,0.1969,0.1466,-0.0316,0.0000,28,0.3868,-0.9924,0
111.958,0.1943,-0.9510,-0.0000,0.1969,0.1466,-0.0316,0.0000,28,0.3868,-0.9924,0
111.978,0.1943,-0.9510,-0.0000,0.1969,0.1466,-0.0316,0.0000,28,0.3868,-0.9924,0
111.998,0.1943,-0.9510,-0.0000,0.1969,0.1466,-0.0316,0.0000,28,0.3868,-0.9924,0
112.018,0.1943,-0.9510,-0.0000,0.1969,0.1466,-0.0316,0.0000,28,0.3868,-0.9924,0
112.038,0.1943,-0.9510,-0.0000,0.1969,0.1466,-0.0316,0.0000,28,0.3868,-0.9924,0
112.060,0.1943,-0.9510,-0.0000,0.1969,0.1466,-0.0316,0.0000,28,0.3868,-0.9924,0
112.080,0.1943,-0.9510,-0.0000,0.1969,0.1466,-0.0316,0.0000,28,0.3868,-0.9924,0
112.098,0.1943,-0.9510,-0.0000,0.1969,0.1466,-0.0316,0.0000,28,0.3868,-0.9924,0
112.119,0.1943,-0.9510,-0.0000,0.1969,0.1466,-0.0316,0.0000,28,0.3868,-0.9924,0
112.140,0.1943,-0.9510,-0.0000,0.1969,0.1466,-0.0316,0.0000,28,0.3868,-0.9924,0
112.158,0.1943,-0.9510,-0.0000,0.1969,0.1466,-0.0316,0.0000,28,0.3868,-0.9924,0
112.179,0.1943,-0.9510,-0.0000,0.1969,0.1466,-0.0316,0.0000,28,0.3868,-0.9924,0
112.198,0.1965,-0.9514,-0.0000,0.1947,0.1466,-0.0316,0.0000,28,0.3868,-0.9924,0
112.218,0.1976,-0.9517,-0.0000,0.1936,0.1466,-0.0316,0.0000,28,0.3868,-0.9924,0
112.239,0.1997,-0.9521,-0.0000,0.1914,0.1466,-0.0316,0.0000,28,0.3868,-0.9924,0
112.259,0.1997,-0.9521,-0.0000,0.1914,0.1466,-0.0316,0.0000,28,0.3868,-0.9924,0
112.279,0.1997,-0.9521,-0.0000,0.1914,0.1466,-0.0316,0.0000,28,0.3868,-0.9924,0
112.299,0.1997,-0.9521,-0.0000,0.1914,0.1466,-0.0316,0.0000,28,0.3868,-0.9924,0
112.320,0.1997,-0.9521,-0.0000,0.1914,0.1466,-0.0316,0.0000,28,0.3868,-0.9924,0
112.338,0.1997,-0.9521,-0.0000,0.1914,0.1466,-0.0316,0.0000,28,0.3868,-0.9924,0
112.358,0.1997,-0.9521,-0.0000,0.1914,0.1466,-0.0316,0.0000,28,0.3868,-0.9924,0
112.378,0.1997,-0.9521,-0.0000,0.1914,0.1466,-0.0316,0.0000,28,0.3868,-0.9924,0
112.399,0.1997,-0.9521,-0.0000,0.1914,0.1466,-0.0316,0.0000,28,0.3868,-0.9924,0
112.418,0.2008,-0.9524,-0.0000,0.1903,0.1466,-0.0316,0.0000,28,0.3868,-0.9924,0
112.439,0.2030,-0.9528,-0.0000,0.1881,0.1466,-0.0316,0.0000,28,0.3868,-0.9924,0
112.458,0.2041,-0.9531,-0.0000,0.1870,0.1466,-0.0316,0.0000,28,0.3868,-0.9924,0
112.478,0.2073,-0.9537,-0.0000,0.1836,0.1466,-0.0316,0.0000,28,0.3868,-0.9924,0
112.498,0.2084,-0.9540,-0.0000,0.1825,0.1466,-0.0316,0.0000,28,0.3868,-0.9924,0
112.519,0.2084,-0.9540,-0.0000,0.1825,0.1466,-0.0316,0.0000,28,0.3868,-0.9924,0
112.538,0.2106,-0.9544,-0.0000,0.1803,0.1466,-0.0316,0.0000,28,0.3868,-0.9924,0
112.559,0.2116,-0.9547,-0.0000,0.1792,0.1466,-0.0316,0.0000,28,0.3868,-0.9924,0
112.578,0.2116,-0.9547,-0.0000,0.1792,0.1466,-0.0316,0.0000,28,0.3868,-0.9924,0
112.599,0.2116,-0.9547,-0.0000,0.1792,0.1466,-0.0316,0.0000,28,0.3868,-0.9924,0
112.619,0.2127,-0.9549,-0.0000,0.1781,0.1466,-0.0316,0.0000,28,0.3868,-0.9924,0
112.638,0.2138,-0.9551,-0.0000,0.1770,0.1466,-0.0316,0.0000,28,0.3868,-0.9924,0
112.658,0.2149,-0.9554,-0.0000,0.1759,0.1466,-0.0316,0.0000,28,0.3868,-0.9924,0
112.678,0.2160,-0.9556,-0.0000,0.1748,0.1466,-0.0316,0.0000,28,0.3868,-0.9924,0
112.698,0.2160,-0.9556,-0.0000,0.1748,0.1466,-0.0316,0.0000,28,0.3868,-0.9924,0
112.720,0.2160,-0.9556,-0.0000,0.1748,0.1466,-0.0316,0.0000,28,0.3868,-0.9924,0
112.738,0.2171,-0.9558,-0.0000,0.1737,0.1466,-0.0316,0.0000,28,0.3868,-0.9924,0
112.758,0.2181,-0.9561,-0.0000,0.1726,0.1466,-0.0316,0.0000,28,0.3868,-0.9924,0
112.778,0.2181,-0.9561,-0.0000,0.1726,0.1466,-0.0316,0.0000,28,0.3868,-0.9924,0
112.798,0.2181,-0.9561,-0.0000,0.1726,0.1466,-0.0316,0.0000,28,0.3868,-0.9924,0
112.818,0.2192,-0.9563,-0.0000,0.1714,0.1466,-0.0316,0.0000,28,0.3868,-0.9924,0
112.838,0.2203,-0.9565,-0.0000,0.1703,0.1466,-0.0316,0.0000,28,0.3868,-0.9924,0
112.859,0.2203,-0.9565,-0.0000,0.1703,0.1466,-0.0316,0.0000,28,0.3868,-0.9924,0
112.878,0.2214,-0.9568,-0.0000,0.1692,0.1466,-0.0316,0.0000,28,0.3868,-0.9924,0
112.898,0.2214,-0.9568,-0.0000,0.1692,0.1466,-0.0316,0.0000,28,0.3868,-0.9924,0
112.918,0.2214,-0.9568,-0.0000,0.1692,0.1466,-0.0316,0.0000,28,0.3868,-0.9924,0
112.938,0.2214,-0.9568,-0.0000,0.1692,0.1466,-0.0316,0.0000,28,0.3868,-0.9924,0
112.959,0.2214,-0.9568,-0.0000,0.1692,0.1466,-0.0316,0.0000,28,0.3868,-0.9924,0
112.978,0.2214,-0.9568,-0.0000,0.1692,0.1466,-0.0316,0.0000,28,0.3868,-0.9924,0
112.998,0.2214,-0.9568,-0.0000,0.1692,0.1466,-0.0316,0.0000,28,0.3868,-0.9924,0
113.018,0.2214,-0.9568,-0.0000,0.1692,0.1466,-0.0316,0.0000,28,0.3868,-0.9924,0
113.038,0.2214,-0.9568,-0.0000,0.1692,0.1466,-0.0316,0.0000,28,0.3868,-0.9924,0
113.060,0.2214,-0.9568,-0.0000,0.1692,0.1466,-0.0316,0.0000,28,0.3868,-0.9924,0
113.078,0.2225,-0.9570,-0.0000,0.1681,0.1466,-0.0316,0.0000,28,0.3868,-0.9924,0
113.098,0.2246,-0.9575,-0.0000,0.1659,0.1466,-0.0316,0.0000,28,0.3868,-0.9924,0
113.118,0.2257,-0.9577,-0.0000,0.1648,0.1466,-0.0316,0.0000,28,0.3868,-0.9924,0
113.138,0.2268,-0.9579,-0.0000,0.1637,0.1466,-0.0316,0.0000,28,0.3868,-0.9924,0
113.158,0.2268,-0.9579,-0.0000,0.1637,0.1466,-0.0316,0.0000,28,0.3868,-0.9924,0
113.178,0.2290,-0.9584,-0.0000,0.1615,0.1466,-0.0316,0.0000,28,0.3868,-0.9924,0
113.198,0.2290,-0.9584,-0.0000,0.1615,0.1466,-0.0316,0.0000,28,0.3868,-0.9924,0
113.218,0.2290,-0.9584,-0.0000,0.1615,0.1466,-0.0316,0.0000,28,0.3868,-0.9924,0
113.238,0.2290,-0.9584,-0.0000,0.1615,0.1466,-0.0316,0.0000,28,0.3868,-0.9924,0
113.258,0.2290,-0.9584,-0.0000,0.1615,0.1466,-0.0316,0.0000,28,0.3868,-0.9924,0
113.278,0.2290,-0.9584,-0.0000,0.1615,0.1466,-0.0316,0.0000,28,0.3868,-0.9924,0
113.298,0.2290,-0.9584,-0.0000,0.1615,0.1466,-0.0316,0.0000,28,0.3868,-0.9924,0
113.318,0.2290,-0.9584,-0.0000,0.1615,0.1466,-0.0316,0.0000,28,0.3868,-0.9924,0
113.339,0.2290,-0.9584,-0.0000,0.1615,0.1466,-0.0316,0.0000,28,0.3868,-0.9924,0
113.359,0.2301,-0.9586,-0.0000,0.1604,0.1466,-0.0316,0.0000,28,0.3868,-0.9924,0
113.378,0.2322,-0.9591,-0.0000,0.1582,0.1466,-0.0316,0.0000,28,0.3868,-0.9924,0
113.398,0.2333,-0.9593,-0.0000,0.1570,0.1466,-0.0316,0.0000,28,0.3868,-0.9924,0
113.418,0.2355,-0.9598,-0.0000,0.1548,0.1466,-0.0316,0.0000,28,0.3868,-0.9924,0
113.438,0.2355,-0.9598,-0.0000,0.1548,0.1466,-0.0316,0.0000,28,0.3868,-0.9924,0
113.458,0.2365,-0.9600,-0.0000,0.1537,0.1466,-0.0316,0.0000,28,0.3868,-0.9924,0
113.479,0.2376,-0.9603,-0.0000,0.1526,0.1466,-0.0316,0.0000,28,0.3868,-0.9924,0
113.498,0.2376,-0.9603,-0.0000,0.1526,0.1466,-0.0316,0.0000,28,0.3868,-0.9924,0
113.518,0.2376,-0.9603,-0.0000,0.1526,0.1466,-0.0316,0.0000,28,0.3868,-0.9924,0
113.538,0.2387,-0.9605,-0.0000,0.1515,0.1466,-0.0316,0.0000,28,0.3868,-0.9924,0
113.558,0.2387,-0.9605,-0.0000,0.1515,0.1466,-0.0316,0.0000,28,0.3868,-0.9924,0
113.578,0.2387,-0.9605,-0.0000,0.1515,0.1466,-0.0316,0.0000,28,0.3868,-0.9924,0
113.598,0.2387,-0.9605,-0.0000,0.1515,0.1466,-0.0316,0.0000,28,0.3868,-0.9924,0
113.618,0.2387,-0.9605,-0.0000,0.1515,0.1466,-0.0316,0.0000,28,0.3868,-0.9924,0
113.639,0.2387,-0.9605,-0.0000,0.1515,0.1466,-0.0316,0.0000,28,0.3868,-0.9924,0
113.658,0.2387,-0.9605,-0.0000,0.1515,0.1466,-0.0316,0.0000,28,0.3868,-0.9924,0
113.679,0.2387,-0.9605,-0.0000,0.1515,0.1466,-0.0316,0.0000,28,0.3868,-0.9924,0
113.699,0.2387,-0.9605,-0.0000,0.1515,0.1466,-0.0316,0.0000,28,0.3868,-0.9924,0
113.719,0.2409,-0.9610,-0.0000,0.2303,0.1499,-0.0058,0.0000,29,0.4710,-0.9698,0
113.738,0.2420,-0.9610,-0.0000,0.2292,0.1499,-0.0058,0.0000,29,0.4710,-0.9698,0
113.759,0.2442,-0.9611,-0.0000,0.2270,0.1499,-0.0058,0.0000,29,0.4710,-0.9698,0
113.778,0.2464,-0.9612,-0.0000,0.2248,0.1499,-0.0058,0.0000,29,0.4710,-0.9698,0
113.798,0.2475,-0.9612,-0.0000,0.2237,0.1499,-0.0058,0.0000,29,0.4710,-0.9698,0
113.818,0.2475,-0.9612,-0.0000,0.2237,0.1499,-0.0058,0.0000,29,0.4710,-0.9698,0
113.838,0.2475,-0.9612,-0.0000,0.2237,0.1499,-0.0058,0.0000,29,0.4710,-0.9698,0
113.858,0.2475,-0.9612,-0.0000,0.2237,0.1499,-0.0058,0.0000,29,0.4710,-0.9698,0
113.879,0.2475,-0.9612,-0.0000,0.2237,0.1499,-0.0058,0.0000,29,0.4710,-0.9698,0
113.899,0.2497,-0.9613,-0.0000,0.2214,0.1499,-0.0058,0.0000,29,0.4710,-0.9698,0
113.918,0.2497,-0.9613,-0.0000,0.2214,0.1499,-0.0058,0.0000,29,0.4710,-0.9698,0
113.938,0.2497,-0.9613,-0.0000,0.2214,0.1499,-0.0058,0.0000,29,0.4710,-0.9698,0
113.958,0.2497,-0.9613,-0.0000,0.2214,0.1499,-0.0058,0.0000,29,0.4710,-0.9698,0
113.978,0.2497,-0.9613,-0.0000,0.2214,0.1499,-0.0058,0.0000,29,0.4710,-0.9698,0
114.000,0.2497,-0.9613,-0.0000,0.2214,0.1499,-0.0058,0.0000,29,0.4710,-0.9698,0
114.018,0.2497,-0.9613,-0.0000,0.2214,0.1499,-0.0058,0.0000,29,0.4710,-0.9698,0
114.039,0.2497,-0.9613,-0.0000,0.2214,0.1499,-0.0058,0.0000,29,0.4710,-0.9698,0
114.059,0.2497,-0.9613,-0.0000,0.2214,0.1499,-0.0058,0.0000,29,0.4710,-0.9698,0
114.078,0.2519,-0.9614,-0.0000,0.2192,0.1499,-0.0058,0.0000,29,0.4710,-0.9698,0
114.098,0.2531,-0.9614,-0.0000,0.2181,0.1499,-0.0058,0.0000,29,0.4710,-0.9698,0
114.118,0.2542,-0.9615,-0.0000,0.2170,0.1499,-0.0058,0.0000,29,0.4710,-0.9698,0
114.138,0.2542,-0.9615,-0.0000,0.2170,0.1499,-0.0058,0.0000,29,0.4710,-0.9698,0
114.160,0.2542,-0.9615,-0.0000,0.2170,0.1499,-0.0058,0.0000,29,0.4710,-0.9698,0
114.178,0.2564,-0.9616,-0.0000,0.2148,0.1499,-0.0058,0.0000,29,0.4710,-0.9698,0
114.199,0.2575,-0.9616,-0.0000,0.2137,0.1499,-0.0058,0.0000,29,0.4710,-0.9698,0
114.218,0.2575,-0.9616,-0.0000,0.2137,0.1499,-0.0058,0.0000,29,0.4710,-0.9698,0
114.239,0.2575,-0.9616,-0.0000,0.2137,0.1499,-0.0058,0.0000,29,0.4710,-0.9698,0
114.259,0.2586,-0.9617,-0.0000,0.2126,0.1499,-0.0058,0.0000,29,0.4710,-0.9698,0
114.278,0.2586,-0.9617,-0.0000,0.2126,0.1499,-0.0058,0.0000,29,0.4710,-0.9698,0
114.298,0.2586,-0.9617,-0.0000,0.2126,0.1499,-0.0058,0.0000,29,0.4710,-0.9698,0
114.319,0.2586,-0.9617,-0.0000,0.2126,0.1499,-0.0058,0.0000,29,0.4710,-0.9698,0
114.338,0.2586,-0.9617,-0.0000,0.2126,0.1499,-0.0058,0.0000,29,0.4710,-0.9698,0
114.358,0.2586,-0.9617,-0.0000,0.2126,0.1499,-0.0058,0.0000,29,0.4710,-0.9698,0
114.378,0.2608,-0.9617,-0.0000,0.2104,0.1499,-0.0058,0.0000,29,0.4710,-0.9698,0
114.399,0.2619,-0.9618,-0.0000,0.2093,0.1499,-0.0058,0.0000,29,0.4710,-0.9698,0
114.420,0.2619,-0.9618,-0.0000,0.2093,0.1499,-0.0058,0.0000,29,0.4710,-0.9698,0
114.438,0.2652,-0.9619,-0.0000,0.2059,0.1499,-0.0058,0.0000,29,0.4710,-0.9698,0
114.459,0.2663,-0.9620,-0.0000,0.2048,0.1499,-0.0058,0.0000,29,0.4710,-0.9698,0
114.478,0.2663,-0.9620,-0.0000,0.2048,0.1499,-0.0058,0.0000,29,0.4710,-0.9698,0
114.498,0.2663,-0.9620,-0.0000,0.2048,0.1499,-0.0058,0.0000,29,0.4710,-0.9698,0
114.518,0.2674,-0.9620,-0.0000,0.2037,0.1499,-0.0058,0.0000,29,0.4710,-0.9698,0
114.538,0.2686,-0.9620,-0.0000,0.2026,0.1499,-0.0058,0.0000,29,0.4710,-0.9698,0
114.560,0.2686,-0.9620,-0.0000,0.2026,0.1499,-0.0058,0.0000,29,0.4710,-0.9698,0
114.578,0.2697,-0.9621,-0.0000,0.2015,0.1499,-0.0058,0.0000,29,0.4710,-0.9698,0
114.599,0.2697,-0.9621,-0.0000,0.2015,0.1499,-0.0058,0.0000,29,0.4710,-0.9698,0
114.618,0.2697,-0.9621,-0.0000,0.2015,0.1499,-0.0058,0.0000,29,0.4710,-0.9698,0
114.638,0.2697,-0.9621,-0.0000,0.2015,0.1499,-0.0058,0.0000,29,0.4710,-0.9698,0
114.658,0.2697,-0.9621,-0.0000,0.2015,0.1499,-0.0058,0.0000,29,0.4710,-0.9698,0
114.678,0.2697,-0.9621,-0.0000,0.2015,0.1499,-0.0058,0.0000,29,0.4710,-0.9698,0
114.698,0.2697,-0.9621,-0.0000,0.2015,0.1499,-0.0058,0.0000,29,0.4710,-0.9698,0
114.719,0.2697,-0.9621,-0.0000,0.2015,0.1499,-0.0058,0.0000,29,0.4710,-0.9698,0
114.738,0.2697,-0.9621,-0.0000,0.2015,0.1499,-0.0058,0.0000,29,0.4710,-0.9698,0
114.758,0.2708,-0.9621,-0.0000,0.2004,0.1499,-0.0058,0.0000,29,0.4710,-0.9698,0
114.778,0.2730,-0.9622,-0.0000,0.1982,0.1499,-0.0058,0.0000,29,0.4710,-0.9698,0
114.798,0.2741,-0.9623,-0.0000,0.1971,0.1499,-0.0058,0.0000,29,0.4710,-0.9698,0
114.818,0.2752,-0.9623,-0.0000,0.1960,0.1499,-0.0058,0.0000,29,0.4710,-0.9698,0
114.838,0.2752,-0.9623,-0.0000,0.1960,0.1499,-0.0058,0.0000,29,0.4710,-0.9698,0
114.858,0.2763,-0.9623,-0.0000,0.1949,0.1499,-0.0058,0.0000,29,0.4710,-0.9698,0
114.879,0.2774,-0.9624,-0.0000,0.1937,0.1499,-0.0058,0.0000,29,0.4710,-0.9698,0
114.898,0.2774,-0.9624,-0.0000,0.1937,0.1499,-0.0058,0.0000,29,0.4710,-0.9698,0
114.918,0.2774,-0.9624,-0.0000,0.1937,0.1499,-0.0058,0.0000,29,0.4710,-0.9698,0
114.938,0.2774,-0.9624,-0.0000,0.1937,0.1499,-0.0058,0.0000,29,0.4710,-0.9698,0
114.958,0.2785,-0.9624,-0.0000,0.1926,0.1499,-0.0058,0.0000,29,0.4710,-0.9698,0
114.978,0.2785,-0.9624,-0.0000,0.1926,0.1499,-0.0058,0.0000,29,0.4710,-0.9698,0
114.999,0.2785,-0.9624,-0.0000,0.1926,0.1499,-0.0058,0.0000,29,0.4710,-0.9698,0
115.019,0.2785,-0.9624,-0.0000,0.1926,0.1499,-0.0058,0.0000,29,0.4710,-0.9698,0
115.039,0.2785,-0.9624,-0.0000,0.1926,0.1499,-0.0058,0.0000,29,0.4710,-0.9698,0
115.058,0.2785,-0.9624,-0.0000,0.1926,0.1499,-0.0058,0.0000,29,0.4710,-0.9698,0
115.079,0.2785,-0.9624,-0.0000,0.1926,0.1499,-0.0058,0.0000,29,0.4710,-0.9698,0
115.098,0.2785,-0.9624,-0.0000,0.1926,0.1499,-0.0058,0.0000,29,0.4710,-0.9698,0
115.118,0.2807,-0.9625,-0.0000,0.1904,0.1499,-0.0058,0.0000,29,0.4710,-0.9698,0
115.138,0.2818,-0.9626,-0.0000,0.1893,0.1499,-0.0058,0.0000,29,0.4710,-0.9698,0
115.160,0.2840,-0.9626,-0.0000,0.1871,0.1499,-0.0058,0.0000,29,0.4710,-0.9698,0
115.178,0.2863,-0.9627,-0.0000,0.1849,0.1499,-0.0058,0.0000,29,0.4710,-0.9698,0
115.198,0.2863,-0.9627,-0.0000,0.1849,0.1499,-0.0058,0.0000,29,0.4710,-0.9698,0
115.219,0.2863,-0.9627,-0.0000,0.1849,0.1499,-0.0058,0.0000,29,0.4710,-0.9698,0
115.238,0.2863,-0.9627,-0.0000,0.1849,0.1499,-0.0058,0.0000,29,0.4710,-0.9698,0
115.258,0.2863,-0.9627,-0.0000,0.1849,0.1499,-0.0058,0.0000,29,0.4710,-0.9698,0
115.279,0.2863,-0.9627,-0.0000,0.1849,0.1499,-0.0058,0.0000,29,0.4710,-0.9698,0
115.300,0.2863,-0.9627,-0.0000,0.1849,0.1499,-0.0058,0.0000,29,0.4710,-0.9698,0
115.318,0.2874,-0.9628,-0.0000,0.1838,0.1499,-0.0058,0.0000,29,0.4710,-0.9698,0
115.339,0.2896,-0.9629,-0.0000,0.1816,0.1499,-0.0058,0.0000,29,0.4710,-0.9698,0
115.358,0.2907,-0.9629,-0.0000,0.1805,0.1499,-0.0058,0.0000,29,0.4710,-0.9698,0
115.378,0.2940,-0.9630,-0.0000,0.1771,0.1499,-0.0058,0.0000,29,0.4710,-0.9698,0
115.398,0.2940,-0.9630,-0.0000,0.1771,0.1499,-0.0058,0.0000,29,0.4710,-0.9698,0
115.418,0.2951,-0.9631,-0.0000,0.1760,0.1499,-0.0058,0.0000,29,0.4710,-0.9698,0
115.438,0.2962,-0.9631,-0.0000,0.1749,0.1499,-0.0058,0.0000,29,0.4710,-0.9698,0
115.458,0.2962,-0.9631,-0.0000,0.1749,0.1499,-0.0058,0.0000,29,0.4710,-0.9698,0
115.478,0.2962,-0.9631,-0.0000,0.1749,0.1499,-0.0058,0.0000,29,0.4710,-0.9698,0
115.498,0.2973,-0.9632,-0.0000,0.1738,0.1499,-0.0058,0.0000,29,0.4710,-0.9698,0
115.518,0.2973,-0.9632,-0.0000,0.1738,0.1499,-0.0058,0.0000,29,0.4710,-0.9698,0
115.538,0.2973,-0.9632,-0.0000,0.1738,0.1499,-0.0058,0.0000,29,0.4710,-0.9698,0
115.559,0.2973,-0.9632,-0.0000,0.1738,0.1499,-0.0058,0.0000,29,0.4710,-0.9698,0
115.579,0.2984,-0.9632,-0.0000,0.1727,0.1499,-0.0058,0.0000,29,0.4710,-0.9698,0
115.599,0.2995,-0.9632,-0.0000,0.1716,0.1499,-0.0058,0.0000,29,0.4710,-0.9698,0
115.618,0.3007,-0.9633,-0.0000,0.1705,0.1499,-0.0058,0.0000,29,0.4710,-0.9698,0
115.638,0.3029,-0.9634,-0.0000,0.1683,0.1499,-0.0058,0.0000,29,0.4710,-0.9698,0
115.658,0.3029,-0.9634,-0.0000,0.1683,0.1499,-0.0058,0.0000,29,0.4710,-0.9698,0
115.678,0.3029,-0.9634,-0.0000,0.1683,0.1499,-0.0058,0.0000,29,0.4710,-0.9698,0
115.698,0.3051,-0.9635,-0.0000,0.1661,0.1499,-0.0058,0.0000,29,0.4710,-0.9698,0
115.719,0.3051,-0.9635,-0.0000,0.1661,0.1499,-0.0058,0.0000,29,0.4710,-0.9698,0
115.738,0.3073,-0.9635,-0.0000,0.1638,0.1499,-0.0058,0.0000,29,0.4710,-0.9698,0
115.758,0.3073,-0.9635,-0.0000,0.1638,0.1499,-0.0058,0.0000,29,0.4710,-0.9698,0
115.779,0.3073,-0.9635,-0.0000,0.1638,0.1499,-0.0058,0.0000,29,0.4710,-0.9698,0
115.798,0.3073,-0.9635,-0.0000,0.1638,0.1499,-0.0058,0.0000,29,0.4710,-0.9698,0
115.819,0.3073,-0.9635,-0.0000,0.1638,0.1499,-0.0058,0.0000,29,0.4710,-0.9698,0
115.838,0.3084,-0.9636,-0.0000,0.1627,0.1499,-0.0058,0.0000,29,0.4710,-0.9698,0
115.858,0.3084,-0.9636,-0.0000,0.1627,0.1499,-0.0058,0.0000,29,0.4710,-0.9698,0
115.878,0.3084,-0.9636,-0.0000,0.1627,0.1499,-0.0058,0.0000,29,0.4710,-0.9698,0
115.898,0.3084,-0.9636,-0.0000,0.1627,0.1499,-0.0058,0.0000,29,0.4710,-0.9698,0
115.918,0.3084,-0.9636,-0.0000,0.1627,0.1499,-0.0058,0.0000,29,0.4710,-0.9698,0
115.939,0.3084,-0.9636,-0.0000,0.1627,0.1499,-0.0058,0.0000,29,0.4710,-0.9698,0
115.958,0.3084,-0.9636,-0.0000,0.1627,0.1499,-0.0058,0.0000,29,0.4710,-0.9698,0
115.979,0.3084,-0.9636,-0.0000,0.1627,0.1499,-0.0058,0.0000,29,0.4710,-0.9698,0
115.999,0.3084,-0.9636,-0.0000,0.1627,0.1499,-0.0058,0.0000,29,0.4710,-0.9698,0
116.018,0.3106,-0.9637,-0.0000,0.1605,0.1499,-0.0058,0.0000,29,0.4710,-0.9698,0
116.038,0.3117,-0.9637,-0.0000,0.1594,0.1499,-0.0058,0.0000,29,0.4710,-0.9698,0
116.058,0.3139,-0.9638,-0.0000,0.1572,0.1499,-0.0058,0.0000,29,0.4710,-0.9698,0
116.078,0.3150,-0.9638,-0.0000,0.1561,0.1499,-0.0058,0.0000,29,0.4710,-0.9698,0
116.098,0.3173,-0.9639,-0.0000,0.1539,0.1499,-0.0058,0.0000,29,0.4710,-0.9698,0
116.118,0.3173,-0.9639,-0.0000,0.1539,0.1499,-0.0058,0.0000,29,0.4710,-0.9698,0
116.139,0.3173,-0.9639,-0.0000,0.1539,0.1499,-0.0058,0.0000,29,0.4710,-0.9698,0
116.158,0.3173,-0.9639,-0.0000,0.1539,0.1499,-0.0058,0.0000,29,0.4710,-0.9698,0
116.180,0.3173,-0.9639,-0.0000,0.1539,0.1499,-0.0058,0.0000,29,0.4710,-0.9698,0
116.198,0.3184,-0.9640,-0.0000,0.1528,0.1499,-0.0058,0.0000,29,0.4710,-0.9698,0
116.218,0.3184,-0.9640,-0.0000,0.1528,0.1499,-0.0058,0.0000,29,0.4710,-0.9698,0
116.238,0.3184,-0.9640,-0.0000,0.1528,0.1499,-0.0058,0.0000,29,0.4710,-0.9698,0
116.258,0.3184,-0.9640,-0.0000,0.1528,0.1499,-0.0058,0.0000,29,0.4710,-0.9698,0
116.278,0.3195,-0.9640,-0.0000,0.1517,0.1499,-0.0058,0.0000,29,0.4710,-0.9698,0
116.299,0.3206,-0.9640,-0.0000,0.1505,0.1499,-0.0058,0.0000,29,0.4710,-0.9698,0
116.319,0.3228,-0.9641,-0.0000,0.2293,0.1486,0.0204,0.0000,30,0.5500,-0.9330,0
116.340,0.3228,-0.9641,-0.0000,0.2293,0.1486,0.0204,0.0000,30,0.5500,-0.9330,0
116.358,0.3239,-0.9640,-0.0000,0.2282,0.1486,0.0204,0.0000,30,0.5500,-0.9330,0
116.378,0.3250,-0.9638,-0.0000,0.2271,0.1486,0.0204,0.0000,30,0.5500,-0.9330,0
116.398,0.3250,-0.9638,-0.0000,0.2271,0.1486,0.0204,0.0000,30,0.5500,-0.9330,0
116.419,0.3250,-0.9638,-0.0000,0.2271,0.1486,0.0204,0.0000,30,0.5500,-0.9330,0
116.438,0.3272,-0.9635,-0.0000,0.2249,0.1486,0.0204,0.0000,30,0.5500,-0.9330,0
116.458,0.3272,-0.9635,-0.0000,0.2249,0.1486,0.0204,0.0000,30,0.5500,-0.9330,0
116.478,0.3272,-0.9635,-0.0000,0.2249,0.1486,0.0204,0.0000,30,0.5500,-0.9330,0
116.498,0.3272,-0.9635,-0.0000,0.2249,0.1486,0.0204,0.0000,30,0.5500,-0.9330,0
116.518,0.3272,-0.9635,-0.0000,0.2249,0.1486,0.0204,0.0000,30,0.5500,-0.9330,0
116.538,0.3283,-0.9634,-0.0000,0.2238,0.1486,0.0204,0.0000,30,0.5500,-0.9330,0
116.558,0.3283,-0.9634,-0.0000,0.2238,0.1486,0.0204,0.0000,30,0.5500,-0.9330,0
116.578,0.3283,-0.9634,-0.0000,0.2238,0.1486,0.0204,0.0000,30,0.5500,-0.9330,0
116.598,0.3283,-0.9634,-0.0000,0.2238,0.1486,0.0204,0.0000,30,0.5500,-0.9330,0
116.619,0.3283,-0.9634,-0.0000,0.2238,0.1486,0.0204,0.0000,30,0.5500,-0.9330,0
116.638,0.3283,-0.9634,-0.0000,0.2238,0.1486,0.0204,0.0000,30,0.5500,-0.9330,0
116.659,0.3283,-0.9634,-0.0000,0.2238,0.1486,0.0204,0.0000,30,0.5500,-0.9330,0
116.679,0.3283,-0.9634,-0.0000,0.2238,0.1486,0.0204,0.0000,30,0.5500,-0.9330,0
116.699,0.3283,-0.9634,-0.0000,0.2238,0.1486,0.0204,0.0000,30,0.5500,-0.9330,0
116.718,0.3294,-0.9632,-0.0000,0.2227,0.1486,0.0204,0.0000,30,0.5500,-0.9330,0
116.738,0.3305,-0.9631,-0.0000,0.2216,0.1486,0.0204,0.0000,30,0.5500,-0.9330,0
116.760,0.3327,-0.9628,-0.0000,0.2194,0.1486,0.0204,0.0000,30,0.5500,-0.9330,0
116.778,0.3327,-0.9628,-0.0000,0.2194,0.1486,0.0204,0.0000,30,0.5500,-0.9330,0
116.799,0.3327,-0.9628,-0.0000,0.2194,0.1486,0.0204,0.0000,30,0.5500,-0.9330,0
116.818,0.3349,-0.9625,-0.0000,0.2171,0.1486,0.0204,0.0000,30,0.5500,-0.9330,0
116.839,0.3360,-0.9623,-0.0000,0.2160,0.1486,0.0204,0.0000,30,0.5500,-0.9330,0
116.858,0.3360,-0.9623,-0.0000,0.2160,0.1486,0.0204,0.0000,30,0.5500,-0.9330,0
116.879,0.3360,-0.9623,-0.0000,0.2160,0.1486,0.0204,0.0000,30,0.5500,-0.9330,0
116.898,0.3371,-0.9622,-0.0000,0.2149,0.1486,0.0204,0.0000,30,0.5500,-0.9330,0
116.918,0.3371,-0.9622,-0.0000,0.2149,0.1486,0.0204,0.0000,30,0.5500,-0.9330,0
116.940,0.3371,-0.9622,-0.0000,0.2149,0.1486,0.0204,0.0000,30,0.5500,-0.9330,0
116.958,0.3371,-0.9622,-0.0000,0.2149,0.1486,0.0204,0.0000,30,0.5500,-0.9330,0
116.978,0.3371,-0.9622,-0.0000,0.2149,0.1486,0.0204,0.0000,30,0.5500,-0.9330,0
116.999,0.3371,-0.9622,-0.0000,0.2149,0.1486,0.0204,0.0000,30,0.5500,-0.9330,0
117.018,0.3371,-0.9622,-0.0000,0.2149,0.1486,0.0204,0.0000,30,0.5500,-0.9330,0
117.039,0.3371,-0.9622,-0.0000,0.2149,0.1486,0.0204,0.0000,30,0.5500,-0.9330,0
117.059,0.3371,-0.9622,-0.0000,0.2149,0.1486,0.0204,0.0000,30,0.5500,-0.9330,0
117.079,0.3393,-0.9619,-0.0000,0.2127,0.1486,0.0204,0.0000,30,0.5500,-0.9330,0
117.098,0.3403,-0.9617,-0.0000,0.2116,0.1486,0.0204,0.0000,30,0.5500,-0.9330,0
117.118,0.3425,-0.9614,-0.0000,0.2094,0.1486,0.0204,0.0000,30,0.5500,-0.9330,0
117.138,0.3425,-0.9614,-0.0000,0.2094,0.1486,0.0204,0.0000,30,0.5500,-0.9330,0
117.158,0.3425,-0.9614,-0.0000,0.2094,0.1486,0.0204,0.0000,30,0.5500,-0.9330,0
117.179,0.3447,-0.9611,-0.0000,0.2072,0.1486,0.0204,0.0000,30,0.5500,-0.9330,0
117.198,0.3458,-0.9610,-0.0000,0.2061,0.1486,0.0204,0.0000,30,0.5500,-0.9330,0
117.218,0.3458,-0.9610,-0.0000,0.2061,0.1486,0.0204,0.0000,30,0.5500,-0.9330,0
117.238,0.3458,-0.9610,-0.0000,0.2061,0.1486,0.0204,0.0000,30,0.5500,-0.9330,0
117.258,0.3480,-0.9607,-0.0000,0.2039,0.1486,0.0204,0.0000,30,0.5500,-0.9330,0
117.279,0.3480,-0.9607,-0.0000,0.2039,0.1486,0.0204,0.0000,30,0.5500,-0.9330,0
117.298,0.3480,-0.9607,-0.0000,0.2039,0.1486,0.0204,0.0000,30,0.5500,-0.9330,0
117.318,0.3491,-0.9605,-0.0000,0.2027,0.1486,0.0204,0.0000,30,0.5500,-0.9330,0
117.338,0.3502,-0.9604,-0.0000,0.2016,0.1486,0.0204,0.0000,30,0.5500,-0.9330,0
117.358,0.3502,-0.9604,-0.0000,0.2016,0.1486,0.0204,0.0000,30,0.5500,-0.9330,0
117.378,0.3502,-0.9604,-0.0000,0.2016,0.1486,0.0204,0.0000,30,0.5500,-0.9330,0
117.398,0.3513,-0.9602,-0.0000,0.2005,0.1486,0.0204,0.0000,30,0.5500,-0.9330,0
117.419,0.3524,-0.9601,-0.0000,0.1994,0.1486,0.0204,0.0000,30,0.5500,-0.9330,0
117.438,0.3524,-0.9601,-0.0000,0.1994,0.1486,0.0204,0.0000,30,0.5500,-0.9330,0
117.458,0.3524,-0.9601,-0.0000,0.1994,0.1486,0.0204,0.0000,30,0.5500,-0.9330,0
117.479,0.3535,-0.9599,-0.0000,0.1983,0.1486,0.0204,0.0000,30,0.5500,-0.9330,0
117.498,0.3535,-0.9599,-0.0000,0.1983,0.1486,0.0204,0.0000,30,0.5500,-0.9330,0
117.518,0.3535,-0.9599,-0.0000,0.1983,0.1486,0.0204,0.0000,30,0.5500,-0.9330,0
117.538,0.3535,-0.9599,-0.0000,0.1983,0.1486,0.0204,0.0000,30,0.5500,-0.9330,0
117.558,0.3535,-0.9599,-0.0000,0.1983,0.1486,0.0204,0.0000,30,0.5500,-0.9330,0
117.579,0.3535,-0.9599,-0.0000,0.1983,0.1486,0.0204,0.0000,30,0.5500,-0.9330,0
117.598,0.3535,-0.9599,-0.0000,0.1983,0.1486,0.0204,0.0000,30,0.5500,-0.9330,0
117.619,0.3535,-0.9599,-0.0000,0.1983,0.1486,0.0204,0.0000,30,0.5500,-0.9330,0
117.641,0.3535,-0.9599,-0.0000,0.1983,0.1486,0.0204,0.0000,30,0.5500,-0.9330,0
117.658,0.3557,-0.9596,-0.0000,0.1961,0.1486,0.0204,0.0000,30,0.5500,-0.9330,0
117.678,0.3579,-0.9593,-0.0000,0.1939,0.1486,0.0204,0.0000,30,0.5500,-0.9330,0
117.698,0.3601,-0.9590,-0.0000,0.1917,0.1486,0.0204,0.0000,30,0.5500,-0.9330,0
117.718,0.3623,-0.9587,-0.0000,0.1895,0.1486,0.0204,0.0000,30,0.5500,-0.9330,0
117.739,0.3623,-0.9587,-0.0000,0.1895,0.1486,0.0204,0.0000,30,0.5500,-0.9330,0
117.758,0.3634,-0.9586,-0.0000,0.1883,0.1486,0.0204,0.0000,30,0.5500,-0.9330,0
117.778,0.3645,-0.9584,-0.0000,0.1872,0.1486,0.0204,0.0000,30,0.5500,-0.9330,0
117.798,0.3645,-0.9584,-0.0000,0.1872,0.1486,0.0204,0.0000,30,0.5500,-0.9330,0
117.818,0.3645,-0.9584,-0.0000,0.1872,0.1486,0.0204,0.0000,30,0.5500,-0.9330,0
117.839,0.3656,-0.9583,-0.0000,0.1861,0.1486,0.0204,0.0000,30,0.5500,-0.9330,0
117.858,0.3678,-0.9580,-0.0000,0.1839,0.1486,0.0204,0.0000,30,0.5500,-0.9330,0
117.878,0.3678,-0.9580,-0.0000,0.1839,0.1486,0.0204,0.0000,30,0.5500,-0.9330,0
117.898,0.3689,-0.9578,-0.0000,0.1828,0.1486,0.0204,0.0000,30,0.5500,-0.9330,0
117.918,0.3700,-0.9577,-0.0000,0.1817,0.1486,0.0204,0.0000,30,0.5500,-0.9330,0
117.938,0.3700,-0.9577,-0.0000,0.1817,0.1486,0.0204,0.0000,30,0.5500,-0.9330,0
117.960,0.3700,-0.9577,-0.0000,0.1817,0.1486,0.0204,0.0000,30,0.5500,-0.9330,0
117.979,0.3722,-0.9574,-0.0000,0.1795,0.1486,0.0204,0.0000,30,0.5500,-0.9330,0
117.999,0.3722,-0.9574,-0.0000,0.1795,0.1486,0.0204,0.0000,30,0.5500,-0.9330,0
118.018,0.3733,-0.9572,-0.0000,0.1784,0.1486,0.0204,0.0000,30,0.5500,-0.9330,0
118.038,0.3744,-0.9571,-0.0000,0.1773,0.1486,0.0204,0.0000,30,0.5500,-0.9330,0
118.058,0.3744,-0.9571,-0.0000,0.1773,0.1486,0.0204,0.0000,30,0.5500,-0.9330,0
118.081,0.3744,-0.9571,-0.0000,0.1773,0.1486,0.0204,0.0000,30,0.5500,-0.9330,0
118.098,0.3744,-0.9571,-0.0000,0.1773,0.1486,0.0204,0.0000,30,0.5500,-0.9330,0
118.119,0.3744,-0.9571,-0.0000,0.1773,0.1486,0.0204,0.0000,30,0.5500,-0.9330,0
118.138,0.3755,-0.9569,-0.0000,0.1762,0.1486,0.0204,0.0000,30,0.5500,-0.9330,0
118.159,0.3755,-0.9569,-0.0000,0.1762,0.1486,0.0204,0.0000,30,0.5500,-0.9330,0
118.179,0.3755,-0.9569,-0.0000,0.1762,0.1486,0.0204,0.0000,30,0.5500,-0.9330,0
118.198,0.3755,-0.9569,-0.0000,0.1762,0.1486,0.0204,0.0000,30,0.5500,-0.9330,0
118.219,0.3755,-0.9569,-0.0000,0.1762,0.1486,0.0204,0.0000,30,0.5500,-0.9330,0
118.238,0.3755,-0.9569,-0.0000,0.1762,0.1486,0.0204,0.0000,30,0.5500,-0.9330,0
118.258,0.3755,-0.9569,-0.0000,0.1762,0.1486,0.0204,0.0000,30,0.5500,-0.9330,0
118.279,0.3755,-0.9569,-0.0000,0.1762,0.1486,0.0204,0.0000,30,0.5500,-0.9330,0
118.300,0.3755,-0.9569,-0.0000,0.1762,0.1486,0.0204,0.0000,30,0.5500,-0.9330,0
118.319,0.3755,-0.9569,-0.0000,0.1762,0.1486,0.0204,0.0000,30,0.5500,-0.9330,0
118.338,0.3777,-0.9566,-0.0000,0.1739,0.1486,0.0204,0.0000,30,0.5500,-0.9330,0
118.358,0.3788,-0.9565,-0.0000,0.1728,0.1486,0.0204,0.0000,30,0.5500,-0.9330,0
118.379,0.3810,-0.9562,-0.0000,0.1706,0.1486,0.0204,0.0000,30,0.5500,-0.9330,0
118.398,0.3821,-0.9560,-0.0000,0.1695,0.1486,0.0204,0.0000,30,0.5500,-0.9330,0
118.418,0.3842,-0.9557,-0.0000,0.1673,0.1486,0.0204,0.0000,30,0.5500,-0.9330,0
118.438,0.3842,-0.9557,-0.0000,0.1673,0.1486,0.0204,0.0000,30,0.5500,-0.9330,0
118.458,0.3842,-0.9557,-0.0000,0.1673,0.1486,0.0204,0.0000,30,0.5500,-0.9330,0
118.478,0.3842,-0.9557,-0.0000,0.1673,0.1486,0.0204,0.0000,30,0.5500,-0.9330,0
118.499,0.3853,-0.9556,-0.0000,0.1662,0.1486,0.0204,0.0000,30,0.5500,-0.9330,0
118.518,0.3853,-0.9556,-0.0000,0.1662,0.1486,0.0204,0.0000,30,0.5500,-0.9330,0
118.538,0.3853,-0.9556,-0.0000,0.1662,0.1486,0.0204,0.0000,30,0.5500,-0.9330,0
118.558,0.3853,-0.9556,-0.0000,0.1662,0.1486,0.0204,0.0000,30,0.5500,-0.9330,0
118.579,0.3853,-0.9556,-0.0000,0.1662,0.1486,0.0204,0.0000,30,0.5500,-0.9330,0
118.599,0.3864,-0.9554,-0.0000,0.1651,0.1486,0.0204,0.0000,30,0.5500,-0.9330,0
118.618,0.3875,-0.9553,-0.0000,0.1640,0.1486,0.0204,0.0000,30,0.5500,-0.9330,0
118.638,0.3897,-0.9550,-0.0000,0.1618,0.1486,0.0204,0.0000,30,0.5500,-0.9330,0
118.660,0.3897,-0.9550,-0.0000,0.1618,0.1486,0.0204,0.0000,30,0.5500,-0.9330,0
118.678,0.3897,-0.9550,-0.0000,0.1618,0.1486,0.0204,0.0000,30,0.5500,-0.9330,0
118.698,0.3908,-0.9548,-0.0000,0.1607,0.1486,0.0204,0.0000,30,0.5500,-0.9330,0
118.718,0.3919,-0.9547,-0.0000,0.1595,0.1486,0.0204,0.0000,30,0.5500,-0.9330,0
118.739,0.3930,-0.9545,-0.0000,0.1584,0.1486,0.0204,0.0000,30,0.5500,-0.9330,0
118.758,0.3941,-0.9544,-0.0000,0.1573,0.1486,0.0204,0.0000,30,0.5500,-0.9330,0
118.778,0.3941,-0.9544,-0.0000,0.1573,0.1486,0.0204,0.0000,30,0.5500,-0.9330,0
118.798,0.3941,-0.9544,-0.0000,0.1573,0.1486,0.0204,0.0000,30,0.5500,-0.9330,0
118.818,0.3941,-0.9544,-0.0000,0.1573,0.1486,0.0204,0.0000,30,0.5500,-0.9330,0
118.838,0.3952,-0.9542,-0.0000,0.1562,0.1486,0.0204,0.0000,30,0.5500,-0.9330,0
118.859,0.3952,-0.9542,-0.0000,0.1562,0.1486,0.0204,0.0000,30,0.5500,-0.9330,0
118.878,0.3952,-0.9542,-0.0000,0.1562,0.1486,0.0204,0.0000,30,0.5500,-0.9330,0
118.898,0.3952,-0.9542,-0.0000,0.1562,0.1486,0.0204,0.0000,30,0.5500,-0.9330,0
118.918,0.3952,-0.9542,-0.0000,0.1562,0.1486,0.0204,0.0000,30,0.5500,-0.9330,0
118.938,0.3952,-0.9542,-0.0000,0.1562,0.1486,0.0204,0.0000,30,0.5500,-0.9330,0
118.959,0.3952,-0.9542,-0.0000,0.1562,0.1486,0.0204,0.0000,30,0.5500,-0.9330,0
118.978,0.3952,-0.9542,-0.0000,0.1562,0.1486,0.0204,0.0000,30,0.5500,-0.9330,0
118.999,0.3952,-0.9542,-0.0000,0.1562,0.1486,0.0204,0.0000,30,0.5500,-0.9330,0
119.019,0.3952,-0.9542,-0.0000,0.1562,0.1486,0.0204,0.0000,30,0.5500,-0.9330,0
119.038,0.3963,-0.9541,-0.0000,0.1551,0.1486,0.0204,0.0000,30,0.5500,-0.9330,0
119.058,0.3974,-0.9539,-0.0000,0.1540,0.1486,0.0204,0.0000,30,0.5500,-0.9330,0
119.078,0.3985,-0.9538,-0.0000,0.1529,0.1486,0.0204,0.0000,30,0.5500,-0.9330,0
119.099,0.4007,-0.9535,-0.0000,0.1507,0.1486,0.0204,0.0000,30,0.5500,-0.9330,0
119.118,0.4007,-0.9535,-0.0000,0.1507,0.1486,0.0204,0.0000,30,0.5500,-0.9330,0
119.138,0.4007,-0.9535,-0.0000,0.1507,0.1486,0.0204,0.0000,30,0.5500,-0.9330,0
119.159,0.4029,-0.9532,-0.0000,0.2295,0.1428,0.0458,0.0000,31,0.6214,-0.8830,0
119.178,0.4029,-0.9532,-0.0000,0.2295,0.1428,0.0458,0.0000,31,0.6214,-0.8830,0
119.198,0.4029,-0.9532,-0.0000,0.2295,0.1428,0.0458,0.0000,31,0.6214,-0.8830,0
119.218,0.4040,-0.9528,-0.0000,0.2284,0.1428,0.0458,0.0000,31,0.6214,-0.8830,0
119.240,0.4050,-0.9525,-0.0000,0.2273,0.1428,0.0458,0.0000,31,0.6214,-0.8830,0
119.258,0.4050,-0.9525,-0.0000,0.2273,0.1428,0.0458,0.0000,31,0.6214,-0.8830,0
119.278,0.4061,-0.9521,-0.0000,0.2262,0.1428,0.0458,0.0000,31,0.6214,-0.8830,0
119.299,0.4071,-0.9518,-0.0000,0.2250,0.1428,0.0458,0.0000,31,0.6214,-0.8830,0
119.318,0.4071,-0.9518,-0.0000,0.2250,0.1428,0.0458,0.0000,31,0.6214,-0.8830,0
119.338,0.4082,-0.9515,-0.0000,0.2239,0.1428,0.0458,0.0000,31,0.6214,-0.8830,0
119.359,0.4092,-0.9511,-0.0000,0.2228,0.1428,0.0458,0.0000,31,0.6214,-0.8830,0
119.378,0.4092,-0.9511,-0.0000,0.2228,0.1428,0.0458,0.0000,31,0.6214,-0.8830,0
119.398,0.4103,-0.9508,-0.0000,0.2217,0.1428,0.0458,0.0000,31,0.6214,-0.8830,0
119.418,0.4113,-0.9505,-0.0000,0.2206,0.1428,0.0458,0.0000,31,0.6214,-0.8830,0
119.438,0.4113,-0.9505,-0.0000,0.2206,0.1428,0.0458,0.0000,31,0.6214,-0.8830,0
119.458,0.4113,-0.9505,-0.0000,0.2206,0.1428,0.0458,0.0000,31,0.6214,-0.8830,0
119.478,0.4113,-0.9505,-0.0000,0.2206,0.1428,0.0458,0.0000,31,0.6214,-0.8830,0
119.499,0.4113,-0.9505,-0.0000,0.2206,0.1428,0.0458,0.0000,31,0.6214,-0.8830,0
119.520,0.4124,-0.9501,-0.0000,0.2195,0.1428,0.0458,0.0000,31,0.6214,-0.8830,0
119.538,0.4124,-0.9501,-0.0000,0.2195,0.1428,0.0458,0.0000,31,0.6214,-0.8830,0
119.558,0.4124,-0.9501,-0.0000,0.2195,0.1428,0.0458,0.0000,31,0.6214,-0.8830,0
119.578,0.4124,-0.9501,-0.0000,0.2195,0.1428,0.0458,0.0000,31,0.6214,-0.8830,0
119.598,0.4124,-0.9501,-0.0000,0.2195,0.1428,0.0458,0.0000,31,0.6214,-0.8830,0
119.618,0.4124,-0.9501,-0.0000,0.2195,0.1428,0.0458,0.0000,31,0.6214,-0.8830,0
119.640,0.4124,-0.9501,-0.0000,0.2195,0.1428,0.0458,0.0000,31,0.6214,-0.8830,0
119.659,0.4124,-0.9501,-0.0000,0.2195,0.1428,0.0458,0.0000,31,0.6214,-0.8830,0
119.678,0.4134,-0.9498,-0.0000,0.2184,0.1428,0.0458,0.0000,31,0.6214,-0.8830,0
119.698,0.4145,-0.9494,-0.0000,0.2173,0.1428,0.0458,0.0000,31,0.6214,-0.8830,0
119.718,0.4166,-0.9488,-0.0000,0.2151,0.1428,0.0458,0.0000,31,0.6214,-0.8830,0
119.739,0.4177,-0.9484,-0.0000,0.2140,0.1428,0.0458,0.0000,31,0.6214,-0.8830,0
119.758,0.4198,-0.9477,-0.0000,0.2118,0.1428,0.0458,0.0000,31,0.6214,-0.8830,0
119.778,0.4208,-0.9474,-0.0000,0.2106,0.1428,0.0458,0.0000,31,0.6214,-0.8830,0
119.798,0.4208,-0.9474,-0.0000,0.2106,0.1428,0.0458,0.0000,31,0.6214,-0.8830,0
119.818,0.4208,-0.9474,-0.0000,0.2106,0.1428,0.0458,0.0000,31,0.6214,-0.8830,0
119.838,0.4208,-0.9474,-0.0000,0.2106,0.1428,0.0458,0.0000,31,0.6214,-0.8830,0
119.858,0.4219,-0.9471,-0.0000,0.2095,0.1428,0.0458,0.0000,31,0.6214,-0.8830,0
119.878,0.4219,-0.9471,-0.0000,0.2095,0.1428,0.0458,0.0000,31,0.6214,-0.8830,0
119.898,0.4219,-0.9471,-0.0000,0.2095,0.1428,0.0458,0.0000,31,0.6214,-0.8830,0
119.918,0.4219,-0.9471,-0.0000,0.2095,0.1428,0.0458,0.0000,31,0.6214,-0.8830,0
119.938,0.4219,-0.9471,-0.0000,0.2095,0.1428,0.0458,0.0000,31,0.6214,-0.8830,0
119.960,0.4219,-0.9471,-0.0000,0.2095,0.1428,0.0458,0.0000,31,0.6214,-0.8830,0
119.978,0.4219,-0.9471,-0.0000,0.2095,0.1428,0.0458,0.0000,31,0.6214,-0.8830,0
119.999,0.4219,-0.9471,-0.0000,0.2095,0.1428,0.0458,0.0000,31,0.6214,-0.8830,0
120.019,0.4219,-0.9471,-0.0000,0.2095,0.1428,0.0458,0.0000,31,0.6214,-0.8830,0
120.038,0.4240,-0.9464,-0.0000,0.2073,0.1428,0.0458,0.0000,31,0.6214,-0.8830,0
120.058,0.4251,-0.9461,-0.0000,0.2062,0.1428,0.0458,0.0000,31,0.6214,-0.8830,0
120.079,0.4261,-0.9457,-0.0000,0.2051,0.1428,0.0458,0.0000,31,0.6214,-0.8830,0
120.098,0.4261,-0.9457,-0.0000,0.2051,0.1428,0.0458,0.0000,31,0.6214,-0.8830,0
120.118,0.4261,-0.9457,-0.0000,0.2051,0.1428,0.0458,0.0000,31,0.6214,-0.8830,0
120.138,0.4282,-0.9450,-0.0000,0.2029,0.1428,0.0458,0.0000,31,0.6214,-0.8830,0
120.158,0.4293,-0.9447,-0.0000,0.2018,0.1428,0.0458,0.0000,31,0.6214,-0.8830,0
120.178,0.4293,-0.9447,-0.0000,0.2018,0.1428,0.0458,0.0000,31,0.6214,-0.8830,0
120.198,0.4303,-0.9444,-0.0000,0.2007,0.1428,0.0458,0.0000,31,0.6214,-0.8830,0
120.218,0.4303,-0.9444,-0.0000,0.2007,0.1428,0.0458,0.0000,31,0.6214,-0.8830,0
120.238,0.4303,-0.9444,-0.0000,0.2007,0.1428,0.0458,0.0000,31,0.6214,-0.8830,0
120.258,0.4303,-0.9444,-0.0000,0.2007,0.1428,0.0458,0.0000,31,0.6214,-0.8830,0
120.278,0.4314,-0.9440,-0.0000,0.1996,0.1428,0.0458,0.0000,31,0.6214,-0.8830,0
120.298,0.4324,-0.9437,-0.0000,0.1985,0.1428,0.0458,0.0000,31,0.6214,-0.8830,0
120.318,0.4335,-0.9433,-0.0000,0.1974,0.1428,0.0458,0.0000,31,0.6214,-0.8830,0
120.338,0.4345,-0.9430,-0.0000,0.1962,0.1428,0.0458,0.0000,31,0.6214,-0.8830,0
120.358,0.4345,-0.9430,-0.0000,0.1962,0.1428,0.0458,0.0000,31,0.6214,-0.8830,0
120.378,0.4356,-0.9427,-0.0000,0.1951,0.1428,0.0458,0.0000,31,0.6214,-0.8830,0
120.398,0.4367,-0.9423,-0.0000,0.1940,0.1428,0.0458,0.0000,31,0.6214,-0.8830,0
120.419,0.4367,-0.9423,-0.0000,0.1940,0.1428,0.0458,0.0000,31,0.6214,-0.8830,0
120.438,0.4377,-0.9420,-0.0000,0.1929,0.1428,0.0458,0.0000,31,0.6214,-0.8830,0
120.458,0.4388,-0.9417,-0.0000,0.1918,0.1428,0.0458,0.0000,31,0.6214,-0.8830,0
120.479,0.4388,-0.9417,-0.0000,0.1918,0.1428,0.0458,0.0000,31,0.6214,-0.8830,0
120.499,0.4388,-0.9417,-0.0000,0.1918,0.1428,0.0458,0.0000,31,0.6214,-0.8830,0
120.518,0.4398,-0.9413,-0.0000,0.1907,0.1428,0.0458,0.0000,31,0.6214,-0.8830,0
120.538,0.4398,-0.9413,-0.0000,0.1907,0.1428,0.0458,0.0000,31,0.6214,-0.8830,0
120.558,0.4398,-0.9413,-0.0000,0.1907,0.1428,0.0458,0.0000,31,0.6214,-0.8830,0
120.578,0.4398,-0.9413,-0.0000,0.1907,0.1428,0.0458,0.0000,31,0.6214,-0.8830,0
120.600,0.4398,-0.9413,-0.0000,0.1907,0.1428,0.0458,0.0000,31,0.6214,-0.8830,0
120.619,0.4409,-0.9410,-0.0000,0.1896,0.1428,0.0458,0.0000,31,0.6214,-0.8830,0
120.639,0.4430,-0.9403,-0.0000,0.1874,0.1428,0.0458,0.0000,31,0.6214,-0.8830,0
120.658,0.4440,-0.9400,-0.0000,0.1863,0.1428,0.0458,0.0000,31,0.6214,-0.8830,0
120.678,0.4440,-0.9400,-0.0000,0.1863,0.1428,0.0458,0.0000,31,0.6214,-0.8830,0
120.698,0.4440,-0.9400,-0.0000,0.1863,0.1428,0.0458,0.0000,31,0.6214,-0.8830,0
120.718,0.4440,-0.9400,-0.0000,0.1863,0.1428,0.0458,0.0000,31,0.6214,-0.8830,0
120.738,0.4461,-0.9393,-0.0000,0.1841,0.1428,0.0458,0.0000,31,0.6214,-0.8830,0
120.759,0.4461,-0.9393,-0.0000,0.1841,0.1428,0.0458,0.0000,31,0.6214,-0.8830,0
120.778,0.4472,-0.9389,-0.0000,0.1830,0.1428,0.0458,0.0000,31,0.6214,-0.8830,0
120.798,0.4483,-0.9386,-0.0000,0.1818,0.1428,0.0458,0.0000,31,0.6214,-0.8830,0
120.818,0.4493,-0.9383,-0.0000,0.1807,0.1428,0.0458,0.0000,31,0.6214,-0.8830,0
120.838,0.4493,-0.9383,-0.0000,0.1807,0.1428,0.0458,0.0000,31,0.6214,-0.8830,0
120.858,0.4493,-0.9383,-0.0000,0.1807,0.1428,0.0458,0.0000,31,0.6214,-0.8830,0
120.878,0.4493,-0.9383,-0.0000,0.1807,0.1428,0.0458,0.0000,31,0.6214,-0.8830,0
120.898,0.4504,-0.9379,-0.0000,0.1796,0.1428,0.0458,0.0000,31,0.6214,-0.8830,0
120.918,0.4504,-0.9379,-0.0000,0.1796,0.1428,0.0458,0.0000,31,0.6214,-0.8830,0
120.938,0.4504,-0.9379,-0.0000,0.1796,0.1428,0.0458,0.0000,31,0.6214,-0.8830,0
120.958,0.4504,-0.9379,-0.0000,0.1796,0.1428,0.0458,0.0000,31,0.6214,-0.8830,0
120.978,0.4504,-0.9379,-0.0000,0.1796,0.1428,0.0458,0.0000,31,0.6214,-0.8830,0
120.998,0.4504,-0.9379,-0.0000,0.1796,0.1428,0.0458,0.0000,31,0.6214,-0.8830,0
121.018,0.4504,-0.9379,-0.0000,0.1796,0.1428,0.0458,0.0000,31,0.6214,-0.8830,0
121.040,0.4504,-0.9379,-0.0000,0.1796,0.1428,0.0458,0.0000,31,0.6214,-0.8830,0
121.059,0.4514,-0.9376,-0.0000,0.1785,0.1428,0.0458,0.0000,31,0.6214,-0.8830,0
121.078,0.4535,-0.9369,-0.0000,0.1763,0.1428,0.0458,0.0000,31,0.6214,-0.8830,0
121.098,0.4546,-0.9366,-0.0000,0.1752,0.1428,0.0458,0.0000,31,0.6214,-0.8830,0
121.119,0.4567,-0.9359,-0.0000,0.1730,0.1428,0.0458,0.0000,31,0.6214,-0.8830,0
121.138,0.4567,-0.9359,-0.0000,0.1730,0.1428,0.0458,0.0000,31,0.6214,-0.8830,0
121.159,0.4577,-0.9356,-0.0000,0.1719,0.1428,0.0458,0.0000,31,0.6214,-0.8830,0
121.179,0.4599,-0.9349,-0.0000,0.1697,0.1428,0.0458,0.0000,31,0.6214,-0.8830,0
121.198,0.4609,-0.9345,-0.0000,0.1686,0.1428,0.0458,0.0000,31,0.6214,-0.8830,0
121.219,0.4609,-0.9345,-0.0000,0.1686,0.1428,0.0458,0.0000,31,0.6214,-0.8830,0
121.238,0.4630,-0.9339,-0.0000,0.1663,0.1428,0.0458,0.0000,31,0.6214,-0.8830,0
121.259,0.4630,-0.9339,-0.0000,0.1663,0.1428,0.0458,0.0000,31,0.6214,-0.8830,0
121.278,0.4630,-0.9339,-0.0000,0.1663,0.1428,0.0458,0.0000,31,0.6214,-0.8830,0
121.298,0.4641,-0.9335,-0.0000,0.1652,0.1428,0.0458,0.0000,31,0.6214,-0.8830,0
121.318,0.4651,-0.9332,-0.0000,0.1641,0.1428,0.0458,0.0000,31,0.6214,-0.8830,0
121.338,0.4651,-0.9332,-0.0000,0.1641,0.1428,0.0458,0.0000,31,0.6214,-0.8830,0
121.358,0.4662,-0.9328,-0.0000,0.1630,0.1428,0.0458,0.0000,31,0.6214,-0.8830,0
121.378,0.4662,-0.9328,-0.0000,0.1630,0.1428,0.0458,0.0000,31,0.6214,-0.8830,0
121.398,0.4662,-0.9328,-0.0000,0.1630,0.1428,0.0458,0.0000,31,0.6214,-0.8830,0
121.418,0.4662,-0.9328,-0.0000,0.1630,0.1428,0.0458,0.0000,31,0.6214,-0.8830,0
121.439,0.4662,-0.9328,-0.0000,0.1630,0.1428,0.0458,0.0000,31,0.6214,-0.8830,0
121.459,0.4672,-0.9325,-0.0000,0.1619,0.1428,0.0458,0.0000,31,0.6214,-0.8830,0
121.479,0.4672,-0.9325,-0.0000,0.1619,0.1428,0.0458,0.0000,31,0.6214,-0.8830,0
121.498,0.4672,-0.9325,-0.0000,0.1619,0.1428,0.0458,0.0000,31,0.6214,-0.8830,0
121.519,0.4672,-0.9325,-0.0000,0.1619,0.1428,0.0458,0.0000,31,0.6214,-0.8830,0
121.538,0.4683,-0.9322,-0.0000,0.1608,0.1428,0.0458,0.0000,31,0.6214,-0.8830,0
121.558,0.4693,-0.9318,-0.0000,0.1597,0.1428,0.0458,0.0000,31,0.6214,-0.8830,0
121.580,0.4693,-0.9318,-0.0000,0.1597,0.1428,0.0458,0.0000,31,0.6214,-0.8830,0
121.599,0.4704,-0.9315,-0.0000,0.1586,0.1428,0.0458,0.0000,31,0.6214,-0.8830,0
121.619,0.4715,-0.9312,-0.0000,0.1575,0.1428,0.0458,0.0000,31,0.6214,-0.8830,0
121.638,0.4715,-0.9312,-0.0000,0.1575,0.1428,0.0458,0.0000,31,0.6214,-0.8830,0
121.658,0.4725,-0.9308,-0.0000,0.1564,0.1428,0.0458,0.0000,31,0.6214,-0.8830,0
121.678,0.4736,-0.9305,-0.0000,0.1553,0.1428,0.0458,0.0000,31,0.6214,-0.8830,0
121.698,0.4746,-0.9301,-0.0000,0.1542,0.1428,0.0458,0.0000,31,0.6214,-0.8830,0
121.718,0.4757,-0.9298,-0.0000,0.1530,0.1428,0.0458,0.0000,31,0.6214,-0.8830,0
121.738,0.4757,-0.9298,-0.0000,0.1530,0.1428,0.0458,0.0000,31,0.6214,-0.8830,0
121.759,0.4757,-0.9298,-0.0000,0.1530,0.1428,0.0458,0.0000,31,0.6214,-0.8830,0
121.778,0.4767,-0.9295,-0.0000,0.1519,0.1428,0.0458,0.0000,31,0.6214,-0.8830,0
121.798,0.4767,-0.9295,-0.0000,0.1519,0.1428,0.0458,0.0000,31,0.6214,-0.8830,0
121.818,0.4767,-0.9295,-0.0000,0.1519,0.1428,0.0458,0.0000,31,0.6214,-0.8830,0
121.838,0.4767,-0.9295,-0.0000,0.1519,0.1428,0.0458,0.0000,31,0.6214,-0.8830,0
121.858,0.4767,-0.9295,-0.0000,0.1519,0.1428,0.0458,0.0000,31,0.6214,-0.8830,0
121.879,0.4767,-0.9295,-0.0000,0.1519,0.1428,0.0458,0.0000,31,0.6214,-0.8830,0
121.898,0.4767,-0.9295,-0.0000,0.1519,0.1428,0.0458,0.0000,31,0.6214,-0.8830,0
121.918,0.4767,-0.9295,-0.0000,0.1519,0.1428,0.0458,0.0000,31,0.6214,-0.8830,0
121.938,0.4767,-0.9295,-0.0000,0.1519,0.1428,0.0458,0.0000,31,0.6214,-0.8830,0
121.959,0.4767,-0.9295,-0.0000,0.1519,0.1428,0.0458,0.0000,31,0.6214,-0.8830,0
121.979,0.4767,-0.9295,-0.0000,0.1519,0.1428,0.0458,0.0000,31,0.6214,-0.8830,0
121.998,0.4778,-0.9291,-0.0000,0.1508,0.1428,0.0458,0.0000,31,0.6214,-0.8830,0
122.019,0.4799,-0.9284,-0.0000,0.2296,0.1327,0.0699,0.0000,32,0.6830,-0.8214,0
122.038,0.4809,-0.9279,-0.0000,0.2285,0.1327,0.0699,0.0000,32,0.6830,-0.8214,0
122.058,0.4819,-0.9274,-0.0000,0.2274,0.1327,0.0699,0.0000,32,0.6830,-0.8214,0
122.078,0.4819,-0.9274,-0.0000,0.2274,0.1327,0.0699,0.0000,32,0.6830,-0.8214,0
122.098,0.4828,-0.9269,-0.0000,0.2263,0.1327,0.0699,0.0000,32,0.6830,-0.8214,0
122.118,0.4828,-0.9269,-0.0000,0.2263,0.1327,0.0699,0.0000,32,0.6830,-0.8214,0
122.138,0.4828,-0.9269,-0.0000,0.2263,0.1327,0.0699,0.0000,32,0.6830,-0.8214,0
122.159,0.4828,-0.9269,-0.0000,0.2263,0.1327,0.0699,0.0000,32,0.6830,-0.8214,0
122.179,0.4828,-0.9269,-0.0000,0.2263,0.1327,0.0699,0.0000,32,0.6830,-0.8214,0
122.198,0.4828,-0.9269,-0.0000,0.2263,0.1327,0.0699,0.0000,32,0.6830,-0.8214,0
122.218,0.4828,-0.9269,-0.0000,0.2263,0.1327,0.0699,0.0000,32,0.6830,-0.8214,0
122.238,0.4828,-0.9269,-0.0000,0.2263,0.1327,0.0699,0.0000,32,0.6830,-0.8214,0
122.258,0.4828,-0.9269,-0.0000,0.2263,0.1327,0.0699,0.0000,32,0.6830,-0.8214,0
122.280,0.4828,-0.9269,-0.0000,0.2263,0.1327,0.0699,0.0000,32,0.6830,-0.8214,0
122.298,0.4848,-0.9259,-0.0000,0.2241,0.1327,0.0699,0.0000,32,0.6830,-0.8214,0
122.318,0.4858,-0.9253,-0.0000,0.2230,0.1327,0.0699,0.0000,32,0.6830,-0.8214,0
122.339,0.4868,-0.9248,-0.0000,0.2219,0.1327,0.0699,0.0000,32,0.6830,-0.8214,0
122.359,0.4868,-0.9248,-0.0000,0.2219,0.1327,0.0699,0.0000,32,0.6830,-0.8214,0
122.378,0.4868,-0.9248,-0.0000,0.2219,0.1327,0.0699,0.0000,32,0.6830,-0.8214,0
122.399,0.4868,-0.9248,-0.0000,0.2219,0.1327,0.0699,0.0000,32,0.6830,-0.8214,0
122.419,0.4887,-0.9238,-0.0000,0.2196,0.1327,0.0699,0.0000,32,0.6830,-0.8214,0
122.438,0.4887,-0.9238,-0.0000,0.2196,0.1327,0.0699,0.0000,32,0.6830,-0.8214,0
122.458,0.4887,-0.9238,-0.0000,0.2196,0.1327,0.0699,0.0000,32,0.6830,-0.8214,0
122.478,0.4887,-0.9238,-0.0000,0.2196,0.1327,0.0699,0.0000,32,0.6830,-0.8214,0
122.498,0.4887,-0.9238,-0.0000,0.2196,0.1327,0.0699,0.0000,32,0.6830,-0.8214,0
122.518,0.4887,-0.9238,-0.0000,0.2196,0.1327,0.0699,0.0000,32,0.6830,-0.8214,0
122.538,0.4887,-0.9238,-0.0000,0.2196,0.1327,0.0699,0.0000,32,0.6830,-0.8214,0
122.559,0.4887,-0.9238,-0.0000,0.2196,0.1327,0.0699,0.0000,32,0.6830,-0.8214,0
122.578,0.4897,-0.9233,-0.0000,0.2185,0.1327,0.0699,0.0000,32,0.6830,-0.8214,0
122.598,0.4917,-0.9222,-0.0000,0.2163,0.1327,0.0699,0.0000,32,0.6830,-0.8214,0
122.618,0.4926,-0.9217,-0.0000,0.2152,0.1327,0.0699,0.0000,32,0.6830,-0.8214,0
122.638,0.4946,-0.9207,-0.0000,0.2130,0.1327,0.0699,0.0000,32,0.6830,-0.8214,0
122.658,0.4956,-0.9202,-0.0000,0.2119,0.1327,0.0699,0.0000,32,0.6830,-0.8214,0
122.678,0.4966,-0.9197,-0.0000,0.2108,0.1327,0.0699,0.0000,32,0.6830,-0.8214,0
122.698,0.4975,-0.9192,-0.0000,0.2097,0.1327,0.0699,0.0000,32,0.6830,-0.8214,0
122.718,0.4975,-0.9192,-0.0000,0.2097,0.1327,0.0699,0.0000,32,0.6830,-0.8214,0
122.738,0.4975,-0.9192,-0.0000,0.2097,0.1327,0.0699,0.0000,32,0.6830,-0.8214,0
122.758,0.4985,-0.9186,-0.0000,0.2086,0.1327,0.0699,0.0000,32,0.6830,-0.8214,0
122.778,0.4985,-0.9186,-0.0000,0.2086,0.1327,0.0699,0.0000,32,0.6830,-0.8214,0
122.798,0.4985,-0.9186,-0.0000,0.2086,0.1327,0.0699,0.0000,32,0.6830,-0.8214,0
122.818,0.4985,-0.9186,-0.0000,0.2086,0.1327,0.0699,0.0000,32,0.6830,-0.8214,0
122.839,0.4985,-0.9186,-0.0000,0.2086,0.1327,0.0699,0.0000,32,0.6830,-0.8214,0
122.858,0.4985,-0.9186,-0.0000,0.2086,0.1327,0.0699,0.0000,32,0.6830,-0.8214,0
122.878,0.4985,-0.9186,-0.0000,0.2086,0.1327,0.0699,0.0000,32,0.6830,-0.8214,0
122.899,0.4985,-0.9186,-0.0000,0.2086,0.1327,0.0699,0.0000,32,0.6830,-0.8214,0
122.919,0.4985,-0.9186,-0.0000,0.2086,0.1327,0.0699,0.0000,32,0.6830,-0.8214,0
122.938,0.4995,-0.9181,-0.0000,0.2075,0.1327,0.0699,0.0000,32,0.6830,-0.8214,0
122.958,0.5015,-0.9171,-0.0000,0.2052,0.1327,0.0699,0.0000,32,0.6830,-0.8214,0
122.978,0.5024,-0.9166,-0.0000,0.2041,0.1327,0.0699,0.0000,32,0.6830,-0.8214,0
122.998,0.5034,-0.9161,-0.0000,0.2030,0.1327,0.0699,0.0000,32,0.6830,-0.8214,0
123.021,0.5034,-0.9161,-0.0000,0.2030,0.1327,0.0699,0.0000,32,0.6830,-0.8214,0
123.038,0.5054,-0.9150,-0.0000,0.2008,0.1327,0.0699,0.0000,32,0.6830,-0.8214,0
123.060,0.5064,-0.9145,-0.0000,0.1997,0.1327,0.0699,0.0000,32,0.6830,-0.8214,0
123.078,0.5064,-0.9145,-0.0000,0.1997,0.1327,0.0699,0.0000,32,0.6830,-0.8214,0
123.098,0.5064,-0.9145,-0.0000,0.1997,0.1327,0.0699,0.0000,32,0.6830,-0.8214,0
123.118,0.5073,-0.9140,-0.0000,0.1986,0.1327,0.0699,0.0000,32,0.6830,-0.8214,0
123.138,0.5073,-0.9140,-0.0000,0.1986,0.1327,0.0699,0.0000,32,0.6830,-0.8214,0
123.158,0.5073,-0.9140,-0.0000,0.1986,0.1327,0.0699,0.0000,32,0.6830,-0.8214,0
123.179,0.5073,-0.9140,-0.0000,0.1986,0.1327,0.0699,0.0000,32,0.6830,-0.8214,0
123.198,0.5083,-0.9135,-0.0000,0.1975,0.1327,0.0699,0.0000,32,0.6830,-0.8214,0
123.219,0.5083,-0.9135,-0.0000,0.1975,0.1327,0.0699,0.0000,32,0.6830,-0.8214,0
123.238,0.5103,-0.9124,-0.0000,0.1953,0.1327,0.0699,0.0000,32,0.6830,-0.8214,0
123.258,0.5103,-0.9124,-0.0000,0.1953,0.1327,0.0699,0.0000,32,0.6830,-0.8214,0
123.278,0.5103,-0.9124,-0.0000,0.1953,0.1327,0.0699,0.0000,32,0.6830,-0.8214,0
123.298,0.5113,-0.9119,-0.0000,0.1942,0.1327,0.0699,0.0000,32,0.6830,-0.8214,0
123.319,0.5122,-0.9114,-0.0000,0.1931,0.1327,0.0699,0.0000,32,0.6830,-0.8214,0
123.338,0.5132,-0.9109,-0.0000,0.1919,0.1327,0.0699,0.0000,32,0.6830,-0.8214,0
123.358,0.5142,-0.9104,-0.0000,0.1908,0.1327,0.0699,0.0000,32,0.6830,-0.8214,0
123.379,0.5142,-0.9104,-0.0000,0.1908,0.1327,0.0699,0.0000,32,0.6830,-0.8214,0
123.398,0.5152,-0.9099,-0.0000,0.1897,0.1327,0.0699,0.0000,32,0.6830,-0.8214,0
123.418,0.5152,-0.9099,-0.0000,0.1897,0.1327,0.0699,0.0000,32,0.6830,-0.8214,0
123.438,0.5152,-0.9099,-0.0000,0.1897,0.1327,0.0699,0.0000,32,0.6830,-0.8214,0
123.460,0.5152,-0.9099,-0.0000,0.1897,0.1327,0.0699,0.0000,32,0.6830,-0.8214,0
123.478,0.5152,-0.9099,-0.0000,0.1897,0.1327,0.0699,0.0000,32,0.6830,-0.8214,0
123.498,0.5152,-0.9099,-0.0000,0.1897,0.1327,0.0699,0.0000,32,0.6830,-0.8214,0
123.520,0.5152,-0.9099,-0.0000,0.1897,0.1327,0.0699,0.0000,32,0.6830,-0.8214,0
123.538,0.5152,-0.9099,-0.0000,0.1897,0.1327,0.0699,0.0000,32,0.6830,-0.8214,0
123.559,0.5152,-0.9099,-0.0000,0.1897,0.1327,0.0699,0.0000,32,0.6830,-0.8214,0
123.578,0.5152,-0.9099,-0.0000,0.1897,0.1327,0.0699,0.0000,32,0.6830,-0.8214,0
123.601,0.5152,-0.9099,-0.0000,0.1897,0.1327,0.0699,0.0000,32,0.6830,-0.8214,0
123.618,0.5162,-0.9093,-0.0000,0.1886,0.1327,0.0699,0.0000,32,0.6830,-0.8214,0
123.639,0.5171,-0.9088,-0.0000,0.1875,0.1327,0.0699,0.0000,32,0.6830,-0.8214,0
123.658,0.5191,-0.9078,-0.0000,0.1853,0.1327,0.0699,0.0000,32,0.6830,-0.8214,0
123.679,0.5201,-0.9073,-0.0000,0.1842,0.1327,0.0699,0.0000,32,0.6830,-0.8214,0
123.698,0.5201,-0.9073,-0.0000,0.1842,0.1327,0.0699,0.0000,32,0.6830,-0.8214,0
123.719,0.5201,-0.9073,-0.0000,0.1842,0.1327,0.0699,0.0000,32,0.6830,-0.8214,0
123.738,0.5211,-0.9068,-0.0000,0.1831,0.1327,0.0699,0.0000,32,0.6830,-0.8214,0
123.759,0.5211,-0.9068,-0.0000,0.1831,0.1327,0.0699,0.0000,32,0.6830,-0.8214,0
123.778,0.5211,-0.9068,-0.0000,0.1831,0.1327,0.0699,0.0000,32,0.6830,-0.8214,0
123.798,0.5211,-0.9068,-0.0000,0.1831,0.1327,0.0699,0.0000,32,0.6830,-0.8214,0
123.818,0.5220,-0.9062,-0.0000,0.1820,0.1327,0.0699,0.0000,32,0.6830,-0.8214,0
123.838,0.5230,-0.9057,-0.0000,0.1809,0.1327,0.0699,0.0000,32,0.6830,-0.8214,0
123.860,0.5230,-0.9057,-0.0000,0.1809,0.1327,0.0699,0.0000,32,0.6830,-0.8214,0
123.879,0.5250,-0.9047,-0.0000,0.1787,0.1327,0.0699,0.0000,32,0.6830,-0.8214,0
123.899,0.5250,-0.9047,-0.0000,0.1787,0.1327,0.0699,0.0000,32,0.6830,-0.8214,0
123.918,0.5250,-0.9047,-0.0000,0.1787,0.1327,0.0699,0.0000,32,0.6830,-0.8214,0
123.938,0.5260,-0.9042,-0.0000,0.1775,0.1327,0.0699,0.0000,32,0.6830,-0.8214,0
123.958,0.5279,-0.9031,-0.0000,0.1753,0.1327,0.0699,0.0000,32,0.6830,-0.8214,0
123.978,0.5279,-0.9031,-0.0000,0.1753,0.1327,0.0699,0.0000,32,0.6830,-0.8214,0
123.998,0.5279,-0.9031,-0.0000,0.1753,0.1327,0.0699,0.0000,32,0.6830,-0.8214,0
124.018,0.5289,-0.9026,-0.0000,0.1742,0.1327,0.0699,0.0000,32,0.6830,-0.8214,0
124.039,0.5299,-0.9021,-0.0000,0.1731,0.1327,0.0699,0.0000,32,0.6830,-0.8214,0
124.058,0.5299,-0.9021,-0.0000,0.1731,0.1327,0.0699,0.0000,32,0.6830,-0.8214,0
124.079,0.5299,-0.9021,-0.0000,0.1731,0.1327,0.0699,0.0000,32,0.6830,-0.8214,0
124.098,0.5299,-0.9021,-0.0000,0.1731,0.1327,0.0699,0.0000,32,0.6830,-0.8214,0
124.118,0.5299,-0.9021,-0.0000,0.1731,0.1327,0.0699,0.0000,32,0.6830,-0.8214,0
124.138,0.5299,-0.9021,-0.0000,0.1731,0.1327,0.0699,0.0000,32,0.6830,-0.8214,0
124.158,0.5299,-0.9021,-0.0000,0.1731,0.1327,0.0699,0.0000,32,0.6830,-0.8214,0
124.179,0.5299,-0.9021,-0.0000,0.1731,0.1327,0.0699,0.0000,32,0.6830,-0.8214,0
124.199,0.5299,-0.9021,-0.0000,0.1731,0.1327,0.0699,0.0000,32,0.6830,-0.8214,0
124.219,0.5309,-0.9016,-0.0000,0.1720,0.1327,0.0699,0.0000,32,0.6830,-0.8214,0
124.238,0.5328,-0.9006,-0.0000,0.1698,0.1327,0.0699,0.0000,32,0.6830,-0.8214,0
124.258,0.5348,-0.8995,-0.0000,0.1676,0.1327,0.0699,0.0000,32,0.6830,-0.8214,0
124.279,0.5367,-0.8985,-0.0000,0.1654,0.1327,0.0699,0.0000,32,0.6830,-0.8214,0
124.298,0.5387,-0.8975,-0.0000,0.1631,0.1327,0.0699,0.0000,32,0.6830,-0.8214,0
124.318,0.5397,-0.8969,-0.0000,0.1620,0.1327,0.0699,0.0000,32,0.6830,-0.8214,0
124.338,0.5397,-0.8969,-0.0000,0.1620,0.1327,0.0699,0.0000,32,0.6830,-0.8214,0
124.358,0.5397,-0.8969,-0.0000,0.1620,0.1327,0.0699,0.0000,32,0.6830,-0.8214,0
124.378,0.5397,-0.8969,-0.0000,0.1620,0.1327,0.0699,0.0000,32,0.6830,-0.8214,0
124.399,0.5406,-0.8964,-0.0000,0.1609,0.1327,0.0699,0.0000,32,0.6830,-0.8214,0
124.418,0.5406,-0.8964,-0.0000,0.1609,0.1327,0.0699,0.0000,32,0.6830,-0.8214,0
124.438,0.5406,-0.8964,-0.0000,0.1609,0.1327,0.0699,0.0000,32,0.6830,-0.8214,0
124.459,0.5406,-0.8964,-0.0000,0.1609,0.1327,0.0699,0.0000,32,0.6830,-0.8214,0
124.478,0.5416,-0.8959,-0.0000,0.1598,0.1327,0.0699,0.0000,32,0.6830,-0.8214,0
124.499,0.5426,-0.8954,-0.0000,0.1587,0.1327,0.0699,0.0000,32,0.6830,-0.8214,0
124.518,0.5426,-0.8954,-0.0000,0.1587,0.1327,0.0699,0.0000,32,0.6830,-0.8214,0
124.538,0.5436,-0.8949,-0.0000,0.1576,0.1327,0.0699,0.0000,32,0.6830,-0.8214,0
124.558,0.5446,-0.8944,-0.0000,0.1565,0.1327,0.0699,0.0000,32,0.6830,-0.8214,0
124.578,0.5446,-0.8944,-0.0000,0.1565,0.1327,0.0699,0.0000,32,0.6830,-0.8214,0
124.598,0.5455,-0.8938,-0.0000,0.1554,0.1327,0.0699,0.0000,32,0.6830,-0.8214,0
124.618,0.5465,-0.8933,-0.0000,0.1543,0.1327,0.0699,0.0000,32,0.6830,-0.8214,0
124.639,0.5465,-0.8933,-0.0000,0.1543,0.1327,0.0699,0.0000,32,0.6830,-0.8214,0
124.658,0.5485,-0.8923,-0.0000,0.1521,0.1327,0.0699,0.0000,32,0.6830,-0.8214,0
124.678,0.5485,-0.8923,-0.0000,0.1521,0.1327,0.0699,0.0000,32,0.6830,-0.8214,0
124.698,0.5485,-0.8923,-0.0000,0.1521,0.1327,0.0699,0.0000,32,0.6830,-0.8214,0
124.719,0.5495,-0.8918,-0.0000,0.1510,0.1327,0.0699,0.0000,32,0.6830,-0.8214,0
124.738,0.5495,-0.8918,-0.0000,0.1510,0.1327,0.0699,0.0000,32,0.6830,-0.8214,0
124.758,0.5495,-0.8918,-0.0000,0.1510,0.1327,0.0699,0.0000,32,0.6830,-0.8214,0
124.778,0.5495,-0.8918,-0.0000,0.1510,0.1327,0.0699,0.0000,32,0.6830,-0.8214,0
124.798,0.5495,-0.8918,-0.0000,0.1510,0.1327,0.0699,0.0000,32,0.6830,-0.8214,0
124.818,0.5495,-0.8918,-0.0000,0.1510,0.1327,0.0699,0.0000,32,0.6830,-0.8214,0
124.840,0.5495,-0.8918,-0.0000,0.1510,0.1327,0.0699,0.0000,32,0.6830,-0.8214,0
124.858,0.5495,-0.8918,-0.0000,0.1510,0.1327,0.0699,0.0000,32,0.6830,-0.8214,0
124.878,0.5495,-0.8918,-0.0000,0.1510,0.1327,0.0699,0.0000,32,0.6830,-0.8214,0
124.898,0.5495,-0.8918,-0.0000,0.1510,0.1327,0.0699,0.0000,32,0.6830,-0.8214,0
124.921,0.5495,-0.8918,-0.0000,0.1510,0.1327,0.0699,0.0000,32,0.6830,-0.8214,0
124.939,0.5504,-0.8913,-0.0000,0.2308,0.1186,0.0918,0.0000,33,0.7330,-0.7500,0
124.958,0.5514,-0.8907,-0.0000,0.2297,0.1186,0.0919,0.0000,33,0.7330,-0.7500,0
124.978,0.5523,-0.8901,-0.0000,0.2286,0.1186,0.0919,0.0000,33,0.7330,-0.7500,0
124.998,0.5532,-0.8894,-0.0000,0.2275,0.1186,0.0919,0.0000,33,0.7330,-0.7500,0
125.018,0.5541,-0.8887,-0.0000,0.2264,0.1186,0.0919,0.0000,33,0.7330,-0.7500,0
125.039,0.5541,-0.8887,-0.0000,0.2264,0.1186,0.0919,0.0000,33,0.7330,-0.7500,0
125.058,0.5549,-0.8880,-0.0000,0.2253,0.1186,0.0919,0.0000,33,0.7330,-0.7500,0
125.078,0.5549,-0.8880,-0.0000,0.2253,0.1186,0.0919,0.0000,33,0.7330,-0.7500,0
125.098,0.5549,-0.8880,-0.0000,0.2253,0.1186,0.0919,0.0000,33,0.7330,-0.7500,0
125.118,0.5549,-0.8880,-0.0000,0.2253,0.1186,0.0919,0.0000,33,0.7330,-0.7500,0
125.139,0.5549,-0.8880,-0.0000,0.2253,0.1186,0.0919,0.0000,33,0.7330,-0.7500,0
125.158,0.5549,-0.8880,-0.0000,0.2253,0.1186,0.0919,0.0000,33,0.7330,-0.7500,0
125.178,0.5549,-0.8880,-0.0000,0.2253,0.1186,0.0919,0.0000,33,0.7330,-0.7500,0
125.198,0.5549,-0.8880,-0.0000,0.2253,0.1186,0.0919,0.0000,33,0.7330,-0.7500,0
125.218,0.5549,-0.8880,-0.0000,0.2253,0.1186,0.0919,0.0000,33,0.7330,-0.7500,0
125.238,0.5558,-0.8874,-0.0000,0.2242,0.1186,0.0919,0.0000,33,0.7330,-0.7500,0
125.258,0.5576,-0.8860,-0.0000,0.2220,0.1186,0.0919,0.0000,33,0.7330,-0.7500,0
125.278,0.5584,-0.8853,-0.0000,0.2209,0.1186,0.0919,0.0000,33,0.7330,-0.7500,0
125.298,0.5602,-0.8840,-0.0000,0.2187,0.1186,0.0919,0.0000,33,0.7330,-0.7500,0
125.318,0.5602,-0.8840,-0.0000,0.2187,0.1186,0.0919,0.0000,33,0.7330,-0.7500,0
125.340,0.5602,-0.8840,-0.0000,0.2187,0.1186,0.0919,0.0000,33,0.7330,-0.7500,0
125.359,0.5611,-0.8833,-0.0000,0.2176,0.1186,0.0919,0.0000,33,0.7330,-0.7500,0
125.378,0.5611,-0.8833,-0.0000,0.2176,0.1186,0.0919,0.0000,33,0.7330,-0.7500,0
125.398,0.5611,-0.8833,-0.0000,0.2176,0.1186,0.0919,0.0000,33,0.7330,-0.7500,0
125.418,0.5611,-0.8833,-0.0000,0.2176,0.1186,0.0919,0.0000,33,0.7330,-0.7500,0
125.438,0.5611,-0.8833,-0.0000,0.2176,0.1186,0.0919,0.0000,33,0.7330,-0.7500,0
125.460,0.5611,-0.8833,-0.0000,0.2176,0.1186,0.0919,0.0000,33,0.7330,-0.7500,0
125.478,0.5611,-0.8833,-0.0000,0.2176,0.1186,0.0919,0.0000,33,0.7330,-0.7500,0
125.499,0.5611,-0.8833,-0.0000,0.2176,0.1186,0.0919,0.0000,33,0.7330,-0.7500,0
125.519,0.5611,-0.8833,-0.0000,0.2176,0.1186,0.0919,0.0000,33,0.7330,-0.7500,0
125.538,0.5628,-0.8819,-0.0000,0.2153,0.1186,0.0919,0.0000,33,0.7330,-0.7500,0
125.558,0.5637,-0.8812,-0.0000,0.2142,0.1186,0.0919,0.0000,33,0.7330,-0.7500,0
125.578,0.5654,-0.8799,-0.0000,0.2120,0.1186,0.0919,0.0000,33,0.7330,-0.7500,0
125.598,0.5672,-0.8785,-0.0000,0.2098,0.1186,0.0919,0.0000,33,0.7330,-0.7500,0
125.618,0.5672,-0.8785,-0.0000,0.2098,0.1186,0.0919,0.0000,33,0.7330,-0.7500,0
125.639,0.5672,-0.8785,-0.0000,0.2098,0.1186,0.0919,0.0000,33,0.7330,-0.7500,0
125.658,0.5689,-0.8772,-0.0000,0.2076,0.1186,0.0919,0.0000,33,0.7330,-0.7500,0
125.678,0.5689,-0.8772,-0.0000,0.2076,0.1186,0.0919,0.0000,33,0.7330,-0.7500,0
125.699,0.5689,-0.8772,-0.0000,0.2076,0.1186,0.0919,0.0000,33,0.7330,-0.7500,0
125.718,0.5698,-0.8765,-0.0000,0.2065,0.1186,0.0919,0.0000,33,0.7330,-0.7500,0
125.738,0.5698,-0.8765,-0.0000,0.2065,0.1186,0.0919,0.0000,33,0.7330,-0.7500,0
125.758,0.5698,-0.8765,-0.0000,0.2065,0.1186,0.0919,0.0000,33,0.7330,-0.7500,0
125.778,0.5698,-0.8765,-0.0000,0.2065,0.1186,0.0919,0.0000,33,0.7330,-0.7500,0
125.799,0.5707,-0.8758,-0.0000,0.2054,0.1186,0.0919,0.0000,33,0.7330,-0.7500,0
125.818,0.5716,-0.8751,-0.0000,0.2043,0.1186,0.0919,0.0000,33,0.7330,-0.7500,0
125.838,0.5724,-0.8745,-0.0000,0.2032,0.1186,0.0919,0.0000,33,0.7330,-0.7500,0
125.858,0.5742,-0.8731,-0.0000,0.2009,0.1186,0.0919,0.0000,33,0.7330,-0.7500,0
125.879,0.5742,-0.8731,-0.0000,0.2009,0.1186,0.0919,0.0000,33,0.7330,-0.7500,0
125.898,0.5742,-0.8731,-0.0000,0.2009,0.1186,0.0919,0.0000,33,0.7330,-0.7500,0
125.918,0.5751,-0.8724,-0.0000,0.1998,0.1186,0.0919,0.0000,33,0.7330,-0.7500,0
125.939,0.5759,-0.8717,-0.0000,0.1987,0.1186,0.0919,0.0000,33,0.7330,-0.7500,0
125.958,0.5768,-0.8711,-0.0000,0.1976,0.1186,0.0919,0.0000,33,0.7330,-0.7500,0
125.978,0.5768,-0.8711,-0.0000,0.1976,0.1186,0.0919,0.0000,33,0.7330,-0.7500,0
125.998,0.5768,-0.8711,-0.0000,0.1976,0.1186,0.0919,0.0000,33,0.7330,-0.7500,0
126.018,0.5768,-0.8711,-0.0000,0.1976,0.1186,0.0919,0.0000,33,0.7330,-0.7500,0
126.038,0.5768,-0.8711,-0.0000,0.1976,0.1186,0.0919,0.0000,33,0.7330,-0.7500,0
126.058,0.5768,-0.8711,-0.0000,0.1976,0.1186,0.0919,0.0000,33,0.7330,-0.7500,0
126.079,0.5768,-0.8711,-0.0000,0.1976,0.1186,0.0919,0.0000,33,0.7330,-0.7500,0
126.098,0.5768,-0.8711,-0.0000,0.1976,0.1186,0.0919,0.0000,33,0.7330,-0.7500,0
126.118,0.5768,-0.8711,-0.0000,0.1976,0.1186,0.0919,0.0000,33,0.7330,-0.7500,0
126.138,0.5768,-0.8711,-0.0000,0.1976,0.1186,0.0919,0.0000,33,0.7330,-0.7500,0
126.160,0.5768,-0.8711,-0.0000,0.1976,0.1186,0.0919,0.0000,33,0.7330,-0.7500,0
126.178,0.5777,-0.8704,-0.0000,0.1965,0.1186,0.0919,0.0000,33,0.7330,-0.7500,0
126.198,0.5794,-0.8690,-0.0000,0.1943,0.1186,0.0919,0.0000,33,0.7330,-0.7500,0
126.218,0.5803,-0.8684,-0.0000,0.1932,0.1186,0.0919,0.0000,33,0.7330,-0.7500,0
126.238,0.5829,-0.8663,-0.0000,0.1899,0.1186,0.0919,0.0000,33,0.7330,-0.7500,0
126.258,0.5838,-0.8656,-0.0000,0.1888,0.1186,0.0919,0.0000,33,0.7330,-0.7500,0
126.278,0.5838,-0.8656,-0.0000,0.1888,0.1186,0.0919,0.0000,33,0.7330,-0.7500,0
126.298,0.5838,-0.8656,-0.0000,0.1888,0.1186,0.0919,0.0000,33,0.7330,-0.7500,0
126.318,0.5838,-0.8656,-0.0000,0.1888,0.1186,0.0919,0.0000,33,0.7330,-0.7500,0
126.340,0.5838,-0.8656,-0.0000,0.1888,0.1186,0.0919,0.0000,33,0.7330,-0.7500,0
126.358,0.5856,-0.8643,-0.0000,0.1865,0.1186,0.0919,0.0000,33,0.7330,-0.7500,0
126.378,0.5856,-0.8643,-0.0000,0.1865,0.1186,0.0919,0.0000,33,0.7330,-0.7500,0
126.398,0.5856,-0.8643,-0.0000,0.1865,0.1186,0.0919,0.0000,33,0.7330,-0.7500,0
126.418,0.5856,-0.8643,-0.0000,0.1865,0.1186,0.0919,0.0000,33,0.7330,-0.7500,0
126.438,0.5864,-0.8636,-0.0000,0.1854,0.1186,0.0919,0.0000,33,0.7330,-0.7500,0
126.459,0.5873,-0.8629,-0.0000,0.1843,0.1186,0.0919,0.0000,33,0.7330,-0.7500,0
126.478,0.5891,-0.8616,-0.0000,0.1821,0.1186,0.0919,0.0000,33,0.7330,-0.7500,0
126.499,0.5891,-0.8616,-0.0000,0.1821,0.1186,0.0919,0.0000,33,0.7330,-0.7500,0
126.518,0.5900,-0.8609,-0.0000,0.1810,0.1186,0.0919,0.0000,33,0.7330,-0.7500,0
126.538,0.5908,-0.8602,-0.0000,0.1799,0.1186,0.0919,0.0000,33,0.7330,-0.7500,0
126.559,0.5908,-0.8602,-0.0000,0.1799,0.1186,0.0919,0.0000,33,0.7330,-0.7500,0
126.578,0.5908,-0.8602,-0.0000,0.1799,0.1186,0.0919,0.0000,33,0.7330,-0.7500,0
126.598,0.5908,-0.8602,-0.0000,0.1799,0.1186,0.0919,0.0000,33,0.7330,-0.7500,0
126.618,0.5917,-0.8595,-0.0000,0.1788,0.1186,0.0919,0.0000,33,0.7330,-0.7500,0
126.638,0.5917,-0.8595,-0.0000,0.1788,0.1186,0.0919,0.0000,33,0.7330,-0.7500,0
126.658,0.5917,-0.8595,-0.0000,0.1788,0.1186,0.0919,0.0000,33,0.7330,-0.7500,0
126.678,0.5917,-0.8595,-0.0000,0.1788,0.1186,0.0919,0.0000,33,0.7330,-0.7500,0
126.699,0.5917,-0.8595,-0.0000,0.1788,0.1186,0.0919,0.0000,33,0.7330,-0.7500,0
126.719,0.5917,-0.8595,-0.0000,0.1788,0.1186,0.0919,0.0000,33,0.7330,-0.7500,0
126.739,0.5917,-0.8595,-0.0000,0.1788,0.1186,0.0919,0.0000,33,0.7330,-0.7500,0
126.758,0.5917,-0.8595,-0.0000,0.1788,0.1186,0.0919,0.0000,33,0.7330,-0.7500,0
126.780,0.5917,-0.8595,-0.0000,0.1788,0.1186,0.0919,0.0000,33,0.7330,-0.7500,0
126.799,0.5935,-0.8582,-0.0000,0.1766,0.1186,0.0919,0.0000,33,0.7330,-0.7500,0
126.818,0.5943,-0.8575,-0.0000,0.1755,0.1186,0.0919,0.0000,33,0.7330,-0.7500,0
126.839,0.5961,-0.8561,-0.0000,0.1733,0.1186,0.0919,0.0000,33,0.7330,-0.7500,0
126.858,0.5978,-0.8548,-0.0000,0.1710,0.1186,0.0919,0.0000,33,0.7330,-0.7500,0
126.880,0.5978,-0.8548,-0.0000,0.1710,0.1186,0.0919,0.0000,33,0.7330,-0.7500,0
126.898,0.5987,-0.8541,-0.0000,0.1699,0.1186,0.0919,0.0000,33,0.7330,-0.7500,0
126.918,0.5996,-0.8534,-0.0000,0.1688,0.1186,0.0919,0.0000,33,0.7330,-0.7500,0
126.938,0.5996,-0.8534,-0.0000,0.1688,0.1186,0.0919,0.0000,33,0.7330,-0.7500,0
126.958,0.5996,-0.8534,-0.0000,0.1688,0.1186,0.0919,0.0000,33,0.7330,-0.7500,0
126.978,0.6005,-0.8527,-0.0000,0.1677,0.1186,0.0919,0.0000,33,0.7330,-0.7500,0
126.998,0.6005,-0.8527,-0.0000,0.1677,0.1186,0.0919,0.0000,33,0.7330,-0.7500,0
127.018,0.6005,-0.8527,-0.0000,0.1677,0.1186,0.0919,0.0000,33,0.7330,-0.7500,0
127.039,0.6005,-0.8527,-0.0000,0.1677,0.1186,0.0919,0.0000,33,0.7330,-0.7500,0
127.059,0.6005,-0.8527,-0.0000,0.1677,0.1186,0.0919,0.0000,33,0.7330,-0.7500,0
127.079,0.6005,-0.8527,-0.0000,0.1677,0.1186,0.0919,0.0000,33,0.7330,-0.7500,0
127.098,0.6005,-0.8527,-0.0000,0.1677,0.1186,0.0919,0.0000,33,0.7330,-0.7500,0
127.118,0.6005,-0.8527,-0.0000,0.1677,0.1186,0.0919,0.0000,33,0.7330,-0.7500,0
127.139,0.6005,-0.8527,-0.0000,0.1677,0.1186,0.0919,0.0000,33,0.7330,-0.7500,0
127.158,0.6022,-0.8514,-0.0000,0.1655,0.1186,0.0919,0.0000,33,0.7330,-0.7500,0
127.178,0.6031,-0.8507,-0.0000,0.1644,0.1186,0.0919,0.0000,33,0.7330,-0.7500,0
127.199,0.6048,-0.8494,-0.0000,0.1622,0.1186,0.0919,0.0000,33,0.7330,-0.7500,0
127.218,0.6066,-0.8480,-0.0000,0.1600,0.1186,0.0919,0.0000,33,0.7330,-0.7500,0
127.238,0.6075,-0.8473,-0.0000,0.1589,0.1186,0.0919,0.0000,33,0.7330,-0.7500,0
127.258,0.6075,-0.8473,-0.0000,0.1589,0.1186,0.0919,0.0000,33,0.7330,-0.7500,0
127.278,0.6075,-0.8473,-0.0000,0.1589,0.1186,0.0919,0.0000,33,0.7330,-0.7500,0
127.298,0.6075,-0.8473,-0.0000,0.1589,0.1186,0.0919,0.0000,33,0.7330,-0.7500,0
127.318,0.6075,-0.8473,-0.0000,0.1589,0.1186,0.0919,0.0000,33,0.7330,-0.7500,0
127.340,0.6092,-0.8460,-0.0000,0.1566,0.1186,0.0919,0.0000,33,0.7330,-0.7500,0
127.358,0.6101,-0.8453,-0.0000,0.1555,0.1186,0.0919,0.0000,33,0.7330,-0.7500,0
127.378,0.6110,-0.8446,-0.0000,0.1544,0.1186,0.0919,0.0000,33,0.7330,-0.7500,0
127.399,0.6118,-0.8439,-0.0000,0.1533,0.1186,0.0919,0.0000,33,0.7330,-0.7500,0
127.418,0.6118,-0.8439,-0.0000,0.1533,0.1186,0.0919,0.0000,33,0.7330,-0.7500,0
127.438,0.6127,-0.8432,-0.0000,0.1522,0.1186,0.0919,0.0000,33,0.7330,-0.7500,0
127.458,0.6136,-0.8426,-0.0000,0.1511,0.1186,0.0919,0.0000,33,0.7330,-0.7500,0
127.478,0.6136,-0.8426,-0.0000,0.1511,0.1186,0.0919,0.0000,33,0.7330,-0.7500,0
127.499,0.6136,-0.8426,-0.0000,0.1511,0.1186,0.0919,0.0000,33,0.7330,-0.7500,0
127.519,0.6153,-0.8412,-0.0000,0.2299,0.1008,0.1111,0.0000,34,0.7698,-0.6710,0
127.539,0.6153,-0.8412,-0.0000,0.2299,0.1008,0.1111,0.0000,34,0.7698,-0.6710,0
127.558,0.6161,-0.8404,-0.0000,0.2288,0.1008,0.1111,0.0000,34,0.7698,-0.6710,0
127.578,0.6168,-0.8396,-0.0000,0.2277,0.1008,0.1111,0.0000,34,0.7698,-0.6710,0
127.598,0.6168,-0.8396,-0.0000,0.2277,0.1008,0.1111,0.0000,34,0.7698,-0.6710,0
127.618,0.6168,-0.8396,-0.0000,0.2277,0.1008,0.1111,0.0000,34,0.7698,-0.6710,0
127.638,0.6168,-0.8396,-0.0000,0.2277,0.1008,0.1111,0.0000,34,0.7698,-0.6710,0
127.658,0.6168,-0.8396,-0.0000,0.2277,0.1008,0.1111,0.0000,34,0.7698,-0.6710,0
127.680,0.6176,-0.8387,-0.0000,0.2265,0.1008,0.1111,0.0000,34,0.7698,-0.6710,0
127.698,0.6176,-0.8387,-0.0000,0.2265,0.1008,0.1111,0.0000,34,0.7698,-0.6710,0
127.718,0.6176,-0.8387,-0.0000,0.2265,0.1008,0.1111,0.0000,34,0.7698,-0.6710,0
127.738,0.6176,-0.8387,-0.0000,0.2265,0.1008,0.1111,0.0000,34,0.7698,-0.6710,0
127.758,0.6176,-0.8387,-0.0000,0.2265,0.1008,0.1111,0.0000,34,0.7698,-0.6710,0
127.778,0.6176,-0.8387,-0.0000,0.2265,0.1008,0.1111,0.0000,34,0.7698,-0.6710,0
127.798,0.6176,-0.8387,-0.0000,0.2265,0.1008,0.1111,0.0000,34,0.7698,-0.6710,0
127.818,0.6176,-0.8387,-0.0000,0.2265,0.1008,0.1111,0.0000,34,0.7698,-0.6710,0
127.839,0.6183,-0.8379,-0.0000,0.2254,0.1008,0.1111,0.0000,34,0.7698,-0.6710,0
127.858,0.6191,-0.8371,-0.0000,0.2243,0.1008,0.1111,0.0000,34,0.7698,-0.6710,0
127.878,0.6198,-0.8363,-0.0000,0.2232,0.1008,0.1111,0.0000,34,0.7698,-0.6710,0
127.898,0.6213,-0.8346,-0.0000,0.2210,0.1008,0.1111,0.0000,34,0.7698,-0.6710,0
127.918,0.6220,-0.8338,-0.0000,0.2199,0.1008,0.1111,0.0000,34,0.7698,-0.6710,0
127.939,0.6220,-0.8338,-0.0000,0.2199,0.1008,0.1111,0.0000,34,0.7698,-0.6710,0
127.958,0.6228,-0.8330,-0.0000,0.2188,0.1008,0.1111,0.0000,34,0.7698,-0.6710,0
127.979,0.6235,-0.8322,-0.0000,0.2177,0.1008,0.1111,0.0000,34,0.7698,-0.6710,0
127.998,0.6235,-0.8322,-0.0000,0.2177,0.1008,0.1111,0.0000,34,0.7698,-0.6710,0
128.019,0.6235,-0.8322,-0.0000,0.2177,0.1008,0.1111,0.0000,34,0.7698,-0.6710,0
128.040,0.6243,-0.8314,-0.0000,0.2166,0.1008,0.1111,0.0000,34,0.7698,-0.6710,0
128.058,0.6243,-0.8314,-0.0000,0.2166,0.1008,0.1111,0.0000,34,0.7698,-0.6710,0
128.078,0.6243,-0.8314,-0.0000,0.2166,0.1008,0.1111,0.0000,34,0.7698,-0.6710,0
128.098,0.6243,-0.8314,-0.0000,0.2166,0.1008,0.1111,0.0000,34,0.7698,-0.6710,0
128.118,0.6243,-0.8314,-0.0000,0.2166,0.1008,0.1111,0.0000,34,0.7698,-0.6710,0
128.138,0.6243,-0.8314,-0.0000,0.2166,0.1008,0.1111,0.0000,34,0.7698,-0.6710,0
128.159,0.6243,-0.8314,-0.0000,0.2166,0.1008,0.1111,0.0000,34,0.7698,-0.6710,0
128.179,0.6243,-0.8314,-0.0000,0.2166,0.1008,0.1111,0.0000,34,0.7698,-0.6710,0
128.198,0.6250,-0.8305,-0.0000,0.2155,0.1008,0.1111,0.0000,34,0.7698,-0.6710,0
128.218,0.6265,-0.8289,-0.0000,0.2133,0.1008,0.1111,0.0000,34,0.7698,-0.6710,0
128.239,0.6273,-0.8281,-0.0000,0.2121,0.1008,0.1111,0.0000,34,0.7698,-0.6710,0
128.258,0.6287,-0.8264,-0.0000,0.2099,0.1008,0.1111,0.0000,34,0.7698,-0.6710,0
128.278,0.6295,-0.8256,-0.0000,0.2088,0.1008,0.1111,0.0000,34,0.7698,-0.6710,0
128.298,0.6295,-0.8256,-0.0000,0.2088,0.1008,0.1111,0.0000,34,0.7698,-0.6710,0
128.319,0.6295,-0.8256,-0.0000,0.2088,0.1008,0.1111,0.0000,34,0.7698,-0.6710,0
128.338,0.6302,-0.8248,-0.0000,0.2077,0.1008,0.1111,0.0000,34,0.7698,-0.6710,0
128.358,0.6310,-0.8240,-0.0000,0.2066,0.1008,0.1111,0.0000,34,0.7698,-0.6710,0
128.379,0.6310,-0.8240,-0.0000,0.2066,0.1008,0.1111,0.0000,34,0.7698,-0.6710,0
128.398,0.6310,-0.8240,-0.0000,0.2066,0.1008,0.1111,0.0000,34,0.7698,-0.6710,0
128.418,0.6317,-0.8232,-0.0000,0.2055,0.1008,0.1111,0.0000,34,0.7698,-0.6710,0
128.438,0.6325,-0.8223,-0.0000,0.2044,0.1008,0.1111,0.0000,34,0.7698,-0.6710,0
128.459,0.6325,-0.8223,-0.0000,0.2044,0.1008,0.1111,0.0000,34,0.7698,-0.6710,0
128.479,0.6332,-0.8215,-0.0000,0.2033,0.1008,0.1111,0.0000,34,0.7698,-0.6710,0
128.498,0.6340,-0.8207,-0.0000,0.2022,0.1008,0.1111,0.0000,34,0.7698,-0.6710,0
128.519,0.6340,-0.8207,-0.0000,0.2022,0.1008,0.1111,0.0000,34,0.7698,-0.6710,0
128.538,0.6340,-0.8207,-0.0000,0.2022,0.1008,0.1111,0.0000,34,0.7698,-0.6710,0
128.558,0.6340,-0.8207,-0.0000,0.2022,0.1008,0.1111,0.0000,34,0.7698,-0.6710,0
128.578,0.6347,-0.8199,-0.0000,0.2011,0.1008,0.1111,0.0000,34,0.7698,-0.6710,0
128.598,0.6347,-0.8199,-0.0000,0.2011,0.1008,0.1111,0.0000,34,0.7698,-0.6710,0
128.618,0.6347,-0.8199,-0.0000,0.2011,0.1008,0.1111,0.0000,34,0.7698,-0.6710,0
128.640,0.6347,-0.8199,-0.0000,0.2011,0.1008,0.1111,0.0000,34,0.7698,-0.6710,0
128.658,0.6347,-0.8199,-0.0000,0.2011,0.1008,0.1111,0.0000,34,0.7698,-0.6710,0
128.678,0.6347,-0.8199,-0.0000,0.2011,0.1008,0.1111,0.0000,34,0.7698,-0.6710,0
128.699,0.6354,-0.8191,-0.0000,0.2000,0.1008,0.1111,0.0000,34,0.7698,-0.6710,0
128.718,0.6369,-0.8174,-0.0000,0.1977,0.1008,0.1111,0.0000,34,0.7698,-0.6710,0
128.738,0.6377,-0.8166,-0.0000,0.1966,0.1008,0.1111,0.0000,34,0.7698,-0.6710,0
128.758,0.6392,-0.8150,-0.0000,0.1944,0.1008,0.1111,0.0000,34,0.7698,-0.6710,0
128.778,0.6407,-0.8133,-0.0000,0.1922,0.1008,0.1111,0.0000,34,0.7698,-0.6710,0
128.798,0.6407,-0.8133,-0.0000,0.1922,0.1008,0.1111,0.0000,34,0.7698,-0.6710,0
128.818,0.6421,-0.8117,-0.0000,0.1900,0.1008,0.1111,0.0000,34,0.7698,-0.6710,0
128.838,0.6429,-0.8109,-0.0000,0.1889,0.1008,0.1111,0.0000,34,0.7698,-0.6710,0
128.859,0.6429,-0.8109,-0.0000,0.1889,0.1008,0.1111,0.0000,34,0.7698,-0.6710,0
128.878,0.6429,-0.8109,-0.0000,0.1889,0.1008,0.1111,0.0000,34,0.7698,-0.6710,0
128.898,0.6429,-0.8109,-0.0000,0.1889,0.1008,0.1111,0.0000,34,0.7698,-0.6710,0
128.918,0.6436,-0.8100,-0.0000,0.1878,0.1008,0.1111,0.0000,34,0.7698,-0.6710,0
128.938,0.6436,-0.8100,-0.0000,0.1878,0.1008,0.1111,0.0000,34,0.7698,-0.6710,0
128.958,0.6451,-0.8084,-0.0000,0.1856,0.1008,0.1111,0.0000,34,0.7698,-0.6710,0
128.978,0.6451,-0.8084,-0.0000,0.1856,0.1008,0.1111,0.0000,34,0.7698,-0.6710,0
128.998,0.6451,-0.8084,-0.0000,0.1856,0.1008,0.1111,0.0000,34,0.7698,-0.6710,0
129.020,0.6451,-0.8084,-0.0000,0.1856,0.1008,0.1111,0.0000,34,0.7698,-0.6710,0
129.038,0.6459,-0.8076,-0.0000,0.1845,0.1008,0.1111,0.0000,34,0.7698,-0.6710,0
129.059,0.6474,-0.8059,-0.0000,0.1822,0.1008,0.1111,0.0000,34,0.7698,-0.6710,0
129.078,0.6474,-0.8059,-0.0000,0.1822,0.1008,0.1111,0.0000,34,0.7698,-0.6710,0
129.098,0.6481,-0.8051,-0.0000,0.1811,0.1008,0.1111,0.0000,34,0.7698,-0.6710,0
129.118,0.6488,-0.8043,-0.0000,0.1800,0.1008,0.1111,0.0000,34,0.7698,-0.6710,0
129.140,0.6488,-0.8043,-0.0000,0.1800,0.1008,0.1111,0.0000,34,0.7698,-0.6710,0
129.159,0.6496,-0.8035,-0.0000,0.1789,0.1008,0.1111,0.0000,34,0.7698,-0.6710,0
129.178,0.6503,-0.8027,-0.0000,0.1778,0.1008,0.1111,0.0000,34,0.7698,-0.6710,0
129.200,0.6503,-0.8027,-0.0000,0.1778,0.1008,0.1111,0.0000,34,0.7698,-0.6710,0
129.218,0.6503,-0.8027,-0.0000,0.1778,0.1008,0.1111,0.0000,34,0.7698,-0.6710,0
129.239,0.6503,-0.8027,-0.0000,0.1778,0.1008,0.1111,0.0000,34,0.7698,-0.6710,0
129.258,0.6511,-0.8018,-0.0000,0.1767,0.1008,0.1111,0.0000,34,0.7698,-0.6710,0
129.278,0.6511,-0.8018,-0.0000,0.1767,0.1008,0.1111,0.0000,34,0.7698,-0.6710,0
129.298,0.6511,-0.8018,-0.0000,0.1767,0.1008,0.1111,0.0000,34,0.7698,-0.6710,0
129.318,0.6511,-0.8018,-0.0000,0.1767,0.1008,0.1111,0.0000,34,0.7698,-0.6710,0
129.339,0.6518,-0.8010,-0.0000,0.1756,0.1008,0.1111,0.0000,34,0.7698,-0.6710,0
129.358,0.6526,-0.8002,-0.0000,0.1745,0.1008,0.1111,0.0000,34,0.7698,-0.6710,0
129.379,0.6533,-0.7994,-0.0000,0.1734,0.1008,0.1111,0.0000,34,0.7698,-0.6710,0
129.398,0.6548,-0.7977,-0.0000,0.1712,0.1008,0.1111,0.0000,34,0.7698,-0.6710,0
129.418,0.6548,-0.7977,-0.0000,0.1712,0.1008,0.1111,0.0000,34,0.7698,-0.6710,0
129.439,0.6548,-0.7977,-0.0000,0.1712,0.1008,0.1111,0.0000,34,0.7698,-0.6710,0
129.458,0.6563,-0.7961,-0.0000,0.1689,0.1008,0.1111,0.0000,34,0.7698,-0.6710,0
129.478,0.6570,-0.7953,-0.0000,0.1678,0.1008,0.1111,0.0000,34,0.7698,-0.6710,0
129.499,0.6578,-0.7945,-0.0000,0.1667,0.1008,0.1111,0.0000,34,0.7698,-0.6710,0
129.518,0.6585,-0.7936,-0.0000,0.1656,0.1008,0.1111,0.0000,34,0.7698,-0.6710,0
129.539,0.6585,-0.7936,-0.0000,0.1656,0.1008,0.1111,0.0000,34,0.7698,-0.6710,0
129.559,0.6585,-0.7936,-0.0000,0.1656,0.1008,0.1111,0.0000,34,0.7698,-0.6710,0
129.578,0.6593,-0.7928,-0.0000,0.1645,0.1008,0.1111,0.0000,34,0.7698,-0.6710,0
129.598,0.6593,-0.7928,-0.0000,0.1645,0.1008,0.1111,0.0000,34,0.7698,-0.6710,0
129.619,0.6593,-0.7928,-0.0000,0.1645,0.1008,0.1111,0.0000,34,0.7698,-0.6710,0
129.638,0.6593,-0.7928,-0.0000,0.1645,0.1008,0.1111,0.0000,34,0.7698,-0.6710,0
129.658,0.6593,-0.7928,-0.0000,0.1645,0.1008,0.1111,0.0000,34,0.7698,-0.6710,0
129.679,0.6593,-0.7928,-0.0000,0.1645,0.1008,0.1111,0.0000,34,0.7698,-0.6710,0
129.701,0.6608,-0.7912,-0.0000,0.1623,0.1008,0.1111,0.0000,34,0.7698,-0.6710,0
129.718,0.6615,-0.7904,-0.0000,0.1612,0.1008,0.1111,0.0000,34,0.7698,-0.6710,0
129.738,0.6622,-0.7895,-0.0000,0.1601,0.1008,0.1111,0.0000,34,0.7698,-0.6710,0
129.758,0.6622,-0.7895,-0.0000,0.1601,0.1008,0.1111,0.0000,34,0.7698,-0.6710,0
129.778,0.6622,-0.7895,-0.0000,0.1601,0.1008,0.1111,0.0000,34,0.7698,-0.6710,0
129.800,0.6622,-0.7895,-0.0000,0.1601,0.1008,0.1111,0.0000,34,0.7698,-0.6710,0
129.818,0.6630,-0.7887,-0.0000,0.1590,0.1008,0.1111,0.0000,34,0.7698,-0.6710,0
129.838,0.6637,-0.7879,-0.0000,0.1579,0.1008,0.1111,0.0000,34,0.7698,-0.6710,0
129.859,0.6637,-0.7879,-0.0000,0.1579,0.1008,0.1111,0.0000,34,0.7698,-0.6710,0
129.878,0.6645,-0.7871,-0.0000,0.1568,0.1008,0.1111,0.0000,34,0.7698,-0.6710,0
129.899,0.6645,-0.7871,-0.0000,0.1568,0.1008,0.1111,0.0000,34,0.7698,-0.6710,0
129.918,0.6645,-0.7871,-0.0000,0.1568,0.1008,0.1111,0.0000,34,0.7698,-0.6710,0
129.938,0.6645,-0.7871,-0.0000,0.1568,0.1008,0.1111,0.0000,34,0.7698,-0.6710,0
129.961,0.6645,-0.7871,-0.0000,0.1568,0.1008,0.1111,0.0000,34,0.7698,-0.6710,0
129.978,0.6652,-0.7863,-0.0000,0.1557,0.1008,0.1111,0.0000,34,0.7698,-0.6710,0
129.999,0.6660,-0.7854,-0.0000,0.1545,0.1008,0.1111,0.0000,34,0.7698,-0.6710,0
130.019,0.6660,-0.7854,-0.0000,0.1545,0.1008,0.1111,0.0000,34,0.7698,-0.6710,0
130.038,0.6667,-0.7846,-0.0000,0.1534,0.1008,0.1111,0.0000,34,0.7698,-0.6710,0
130.058,0.6675,-0.7838,-0.0000,0.1523,0.1008,0.1111,0.0000,34,0.7698,-0.6710,0
130.078,0.6675,-0.7838,-0.0000,0.1523,0.1008,0.1111,0.0000,34,0.7698,-0.6710,0
130.100,0.6675,-0.7838,-0.0000,0.1523,0.1008,0.1111,0.0000,34,0.7698,-0.6710,0
130.119,0.6689,-0.7822,-0.0000,0.1501,0.1008,0.1111,0.0000,34,0.7698,-0.6710,0
130.139,0.6689,-0.7822,-0.0000,0.1501,0.1008,0.1111,0.0000,34,0.7698,-0.6710,0
130.159,0.6704,-0.7805,-0.0000,0.2289,0.0799,0.1269,0.0000,35,0.7924,-0.5868,0
130.178,0.6712,-0.7797,-0.0000,0.2278,0.0798,0.1270,0.0000,35,0.7924,-0.5868,0
130.198,0.6712,-0.7797,-0.0000,0.2278,0.0798,0.1270,0.0000,35,0.7924,-0.5868,0
130.219,0.6712,-0.7797,-0.0000,0.2278,0.0798,0.1270,0.0000,35,0.7924,-0.5868,0
130.238,0.6712,-0.7797,-0.0000,0.2278,0.0798,0.1270,0.0000,35,0.7924,-0.5868,0
130.259,0.6712,-0.7797,-0.0000,0.2278,0.0798,0.1270,0.0000,35,0.7924,-0.5868,0
130.278,0.6712,-0.7797,-0.0000,0.2278,0.0798,0.1270,0.0000,35,0.7924,-0.5868,0
130.298,0.6712,-0.7797,-0.0000,0.2278,0.0798,0.1270,0.0000,35,0.7924,-0.5868,0
130.320,0.6712,-0.7797,-0.0000,0.2278,0.0798,0.1270,0.0000,35,0.7924,-0.5868,0
130.338,0.6712,-0.7797,-0.0000,0.2278,0.0798,0.1270,0.0000,35,0.7924,-0.5868,0
130.358,0.6712,-0.7797,-0.0000,0.2278,0.0798,0.1270,0.0000,35,0.7924,-0.5868,0
130.380,0.6712,-0.7797,-0.0000,0.2278,0.0798,0.1270,0.0000,35,0.7924,-0.5868,0
130.398,0.6712,-0.7797,-0.0000,0.2278,0.0798,0.1270,0.0000,35,0.7924,-0.5868,0
130.419,0.6724,-0.7778,-0.0000,0.2256,0.0798,0.1270,0.0000,35,0.7924,-0.5868,0
130.438,0.6735,-0.7759,-0.0000,0.2234,0.0798,0.1270,0.0000,35,0.7924,-0.5868,0
130.459,0.6747,-0.7741,-0.0000,0.2212,0.0798,0.1270,0.0000,35,0.7924,-0.5868,0
130.478,0.6747,-0.7741,-0.0000,0.2212,0.0798,0.1270,0.0000,35,0.7924,-0.5868,0
130.499,0.6747,-0.7741,-0.0000,0.2212,0.0798,0.1270,0.0000,35,0.7924,-0.5868,0
130.518,0.6759,-0.7722,-0.0000,0.2189,0.0798,0.1270,0.0000,35,0.7924,-0.5868,0
130.538,0.6759,-0.7722,-0.0000,0.2189,0.0798,0.1270,0.0000,35,0.7924,-0.5868,0
130.558,0.6759,-0.7722,-0.0000,0.2189,0.0798,0.1270,0.0000,35,0.7924,-0.5868,0
130.578,0.6759,-0.7722,-0.0000,0.2189,0.0798,0.1270,0.0000,35,0.7924,-0.5868,0
130.598,0.6759,-0.7722,-0.0000,0.2189,0.0798,0.1270,0.0000,35,0.7924,-0.5868,0
130.621,0.6759,-0.7722,-0.0000,0.2189,0.0798,0.1270,0.0000,35,0.7924,-0.5868,0
130.639,0.6765,-0.7713,-0.0000,0.2178,0.0798,0.1270,0.0000,35,0.7924,-0.5868,0
130.658,0.6771,-0.7703,-0.0000,0.2167,0.0798,0.1270,0.0000,35,0.7924,-0.5868,0
130.678,0.6783,-0.7684,-0.0000,0.2145,0.0798,0.1270,0.0000,35,0.7924,-0.5868,0
130.698,0.6794,-0.7666,-0.0000,0.2123,0.0798,0.1270,0.0000,35,0.7924,-0.5868,0
130.718,0.6806,-0.7647,-0.0000,0.2101,0.0798,0.1270,0.0000,35,0.7924,-0.5868,0
130.739,0.6806,-0.7647,-0.0000,0.2101,0.0798,0.1270,0.0000,35,0.7924,-0.5868,0
130.758,0.6818,-0.7628,-0.0000,0.2079,0.0798,0.1270,0.0000,35,0.7924,-0.5868,0
130.778,0.6818,-0.7628,-0.0000,0.2079,0.0798,0.1270,0.0000,35,0.7924,-0.5868,0
130.799,0.6818,-0.7628,-0.0000,0.2079,0.0798,0.1270,0.0000,35,0.7924,-0.5868,0
130.818,0.6818,-0.7628,-0.0000,0.2079,0.0798,0.1270,0.0000,35,0.7924,-0.5868,0
130.838,0.6818,-0.7628,-0.0000,0.2079,0.0798,0.1270,0.0000,35,0.7924,-0.5868,0
130.858,0.6824,-0.7619,-0.0000,0.2068,0.0798,0.1270,0.0000,35,0.7924,-0.5868,0
130.878,0.6824,-0.7619,-0.0000,0.2068,0.0798,0.1270,0.0000,35,0.7924,-0.5868,0
130.898,0.6824,-0.7619,-0.0000,0.2068,0.0798,0.1270,0.0000,35,0.7924,-0.5868,0
130.918,0.6824,-0.7619,-0.0000,0.2068,0.0798,0.1270,0.0000,35,0.7924,-0.5868,0
130.938,0.6824,-0.7619,-0.0000,0.2068,0.0798,0.1270,0.0000,35,0.7924,-0.5868,0
130.958,0.6824,-0.7619,-0.0000,0.2068,0.0798,0.1270,0.0000,35,0.7924,-0.5868,0
130.978,0.6824,-0.7619,-0.0000,0.2068,0.0798,0.1270,0.0000,35,0.7924,-0.5868,0
130.999,0.6824,-0.7619,-0.0000,0.2068,0.0798,0.1270,0.0000,35,0.7924,-0.5868,0
131.018,0.6824,-0.7619,-0.0000,0.2068,0.0798,0.1270,0.0000,35,0.7924,-0.5868,0
131.040,0.6824,-0.7619,-0.0000,0.2068,0.0798,0.1270,0.0000,35,0.7924,-0.5868,0
131.058,0.6824,-0.7619,-0.0000,0.2068,0.0798,0.1270,0.0000,35,0.7924,-0.5868,0
131.078,0.6836,-0.7600,-0.0000,0.2045,0.0798,0.1270,0.0000,35,0.7924,-0.5868,0
131.099,0.6841,-0.7591,-0.0000,0.2034,0.0798,0.1270,0.0000,35,0.7924,-0.5868,0
131.118,0.6853,-0.7572,-0.0000,0.2012,0.0798,0.1270,0.0000,35,0.7924,-0.5868,0
131.139,0.6865,-0.7553,-0.0000,0.1990,0.0798,0.1270,0.0000,35,0.7924,-0.5868,0
131.158,0.6865,-0.7553,-0.0000,0.1990,0.0798,0.1270,0.0000,35,0.7924,-0.5868,0
131.178,0.6871,-0.7544,-0.0000,0.1979,0.0798,0.1270,0.0000,35,0.7924,-0.5868,0
131.198,0.6871,-0.7544,-0.0000,0.1979,0.0798,0.1270,0.0000,35,0.7924,-0.5868,0
131.218,0.6871,-0.7544,-0.0000,0.1979,0.0798,0.1270,0.0000,35,0.7924,-0.5868,0
131.238,0.6871,-0.7544,-0.0000,0.1979,0.0798,0.1270,0.0000,35,0.7924,-0.5868,0
131.258,0.6871,-0.7544,-0.0000,0.1979,0.0798,0.1270,0.0000,35,0.7924,-0.5868,0
131.278,0.6871,-0.7544,-0.0000,0.1979,0.0798,0.1270,0.0000,35,0.7924,-0.5868,0
131.298,0.6871,-0.7544,-0.0000,0.1979,0.0798,0.1270,0.0000,35,0.7924,-0.5868,0
131.318,0.6871,-0.7544,-0.0000,0.1979,0.0798,0.1270,0.0000,35,0.7924,-0.5868,0
131.339,0.6871,-0.7544,-0.0000,0.1979,0.0798,0.1270,0.0000,35,0.7924,-0.5868,0
131.359,0.6877,-0.7534,-0.0000,0.1968,0.0798,0.1270,0.0000,35,0.7924,-0.5868,0
131.378,0.6889,-0.7516,-0.0000,0.1946,0.0798,0.1270,0.0000,35,0.7924,-0.5868,0
131.398,0.6895,-0.7506,-0.0000,0.1935,0.0798,0.1270,0.0000,35,0.7924,-0.5868,0
131.419,0.6912,-0.7478,-0.0000,0.1901,0.0798,0.1270,0.0000,35,0.7924,-0.5868,0
131.439,0.6918,-0.7469,-0.0000,0.1890,0.0798,0.1270,0.0000,35,0.7924,-0.5868,0
131.458,0.6918,-0.7469,-0.0000,0.1890,0.0798,0.1270,0.0000,35,0.7924,-0.5868,0
131.478,0.6936,-0.7441,-0.0000,0.1857,0.0798,0.1270,0.0000,35,0.7924,-0.5868,0
131.498,0.6936,-0.7441,-0.0000,0.1857,0.0798,0.1270,0.0000,35,0.7924,-0.5868,0
131.518,0.6936,-0.7441,-0.0000,0.1857,0.0798,0.1270,0.0000,35,0.7924,-0.5868,0
131.538,0.6942,-0.7431,-0.0000,0.1846,0.0798,0.1270,0.0000,35,0.7924,-0.5868,0
131.558,0.6942,-0.7431,-0.0000,0.1846,0.0798,0.1270,0.0000,35,0.7924,-0.5868,0
131.578,0.6942,-0.7431,-0.0000,0.1846,0.0798,0.1270,0.0000,35,0.7924,-0.5868,0
131.598,0.6942,-0.7431,-0.0000,0.1846,0.0798,0.1270,0.0000,35,0.7924,-0.5868,0
131.618,0.6942,-0.7431,-0.0000,0.1846,0.0798,0.1270,0.0000,35,0.7924,-0.5868,0
131.639,0.6942,-0.7431,-0.0000,0.1846,0.0798,0.1270,0.0000,35,0.7924,-0.5868,0
131.658,0.6942,-0.7431,-0.0000,0.1846,0.0798,0.1270,0.0000,35,0.7924,-0.5868,0
131.678,0.6942,-0.7431,-0.0000,0.1846,0.0798,0.1270,0.0000,35,0.7924,-0.5868,0
131.699,0.6942,-0.7431,-0.0000,0.1846,0.0798,0.1270,0.0000,35,0.7924,-0.5868,0
131.718,0.6953,-0.7412,-0.0000,0.1824,0.0798,0.1270,0.0000,35,0.7924,-0.5868,0
131.738,0.6959,-0.7403,-0.0000,0.1813,0.0798,0.1270,0.0000,35,0.7924,-0.5868,0
131.759,0.6965,-0.7394,-0.0000,0.1802,0.0798,0.1270,0.0000,35,0.7924,-0.5868,0
131.778,0.6977,-0.7375,-0.0000,0.1780,0.0798,0.1270,0.0000,35,0.7924,-0.5868,0
131.798,0.6977,-0.7375,-0.0000,0.1780,0.0798,0.1270,0.0000,35,0.7924,-0.5868,0
131.819,0.6977,-0.7375,-0.0000,0.1780,0.0798,0.1270,0.0000,35,0.7924,-0.5868,0
131.838,0.6977,-0.7375,-0.0000,0.1780,0.0798,0.1270,0.0000,35,0.7924,-0.5868,0
131.858,0.6977,-0.7375,-0.0000,0.1780,0.0798,0.1270,0.0000,35,0.7924,-0.5868,0
131.878,0.6977,-0.7375,-0.0000,0.1780,0.0798,0.1270,0.0000,35,0.7924,-0.5868,0
131.898,0.6977,-0.7375,-0.0000,0.1780,0.0798,0.1270,0.0000,35,0.7924,-0.5868,0
131.920,0.6977,-0.7375,-0.0000,0.1780,0.0798,0.1270,0.0000,35,0.7924,-0.5868,0
131.938,0.6977,-0.7375,-0.0000,0.1780,0.0798,0.1270,0.0000,35,0.7924,-0.5868,0
131.959,0.6977,-0.7375,-0.0000,0.1780,0.0798,0.1270,0.0000,35,0.7924,-0.5868,0
131.978,0.6977,-0.7375,-0.0000,0.1780,0.0798,0.1270,0.0000,35,0.7924,-0.5868,0
131.998,0.6989,-0.7356,-0.0000,0.1757,0.0798,0.1270,0.0000,35,0.7924,-0.5868,0
132.018,0.6995,-0.7347,-0.0000,0.1746,0.0798,0.1270,0.0000,35,0.7924,-0.5868,0
132.038,0.7007,-0.7328,-0.0000,0.1724,0.0798,0.1270,0.0000,35,0.7924,-0.5868,0
132.058,0.7012,-0.7319,-0.0000,0.1713,0.0798,0.1270,0.0000,35,0.7924,-0.5868,0
132.078,0.7024,-0.7300,-0.0000,0.1691,0.0798,0.1270,0.0000,35,0.7924,-0.5868,0
132.098,0.7024,-0.7300,-0.0000,0.1691,0.0798,0.1270,0.0000,35,0.7924,-0.5868,0
132.118,0.7024,-0.7300,-0.0000,0.1691,0.0798,0.1270,0.0000,35,0.7924,-0.5868,0
132.138,0.7024,-0.7300,-0.0000,0.1691,0.0798,0.1270,0.0000,35,0.7924,-0.5868,0
132.158,0.7024,-0.7300,-0.0000,0.1691,0.0798,0.1270,0.0000,35,0.7924,-0.5868,0
132.178,0.7030,-0.7291,-0.0000,0.1680,0.0798,0.1270,0.0000,35,0.7924,-0.5868,0
132.198,0.7030,-0.7291,-0.0000,0.1680,0.0798,0.1270,0.0000,35,0.7924,-0.5868,0
132.218,0.7030,-0.7291,-0.0000,0.1680,0.0798,0.1270,0.0000,35,0.7924,-0.5868,0
132.239,0.7030,-0.7291,-0.0000,0.1680,0.0798,0.1270,0.0000,35,0.7924,-0.5868,0
132.258,0.7042,-0.7272,-0.0000,0.1658,0.0798,0.1270,0.0000,35,0.7924,-0.5868,0
132.279,0.7042,-0.7272,-0.0000,0.1658,0.0798,0.1270,0.0000,35,0.7924,-0.5868,0
132.298,0.7054,-0.7253,-0.0000,0.1636,0.0798,0.1270,0.0000,35,0.7924,-0.5868,0
132.319,0.7054,-0.7253,-0.0000,0.1636,0.0798,0.1270,0.0000,35,0.7924,-0.5868,0
132.339,0.7054,-0.7253,-0.0000,0.1636,0.0798,0.1270,0.0000,35,0.7924,-0.5868,0
132.358,0.7060,-0.7244,-0.0000,0.1625,0.0798,0.1270,0.0000,35,0.7924,-0.5868,0
132.379,0.7065,-0.7234,-0.0000,0.1613,0.0798,0.1270,0.0000,35,0.7924,-0.5868,0
132.398,0.7071,-0.7225,-0.0000,0.1602,0.0798,0.1270,0.0000,35,0.7924,-0.5868,0
132.418,0.7071,-0.7225,-0.0000,0.1602,0.0798,0.1270,0.0000,35,0.7924,-0.5868,0
132.438,0.7071,-0.7225,-0.0000,0.1602,0.0798,0.1270,0.0000,35,0.7924,-0.5868,0
132.458,0.7071,-0.7225,-0.0000,0.1602,0.0798,0.1270,0.0000,35,0.7924,-0.5868,0
132.478,0.7071,-0.7225,-0.0000,0.1602,0.0798,0.1270,0.0000,35,0.7924,-0.5868,0
132.500,0.7071,-0.7225,-0.0000,0.1602,0.0798,0.1270,0.0000,35,0.7924,-0.5868,0
132.519,0.7077,-0.7216,-0.0000,0.1591,0.0798,0.1270,0.0000,35,0.7924,-0.5868,0
132.538,0.7083,-0.7206,-0.0000,0.1580,0.0798,0.1270,0.0000,35,0.7924,-0.5868,0
132.559,0.7083,-0.7206,-0.0000,0.1580,0.0798,0.1270,0.0000,35,0.7924,-0.5868,0
132.578,0.7095,-0.7187,-0.0000,0.1558,0.0798,0.1270,0.0000,35,0.7924,-0.5868,0
132.599,0.7095,-0.7187,-0.0000,0.1558,0.0798,0.1270,0.0000,35,0.7924,-0.5868,0
132.618,0.7095,-0.7187,-0.0000,0.1558,0.0798,0.1270,0.0000,35,0.7924,-0.5868,0
132.638,0.7101,-0.7178,-0.0000,0.1547,0.0798,0.1270,0.0000,35,0.7924,-0.5868,0
132.658,0.7107,-0.7169,-0.0000,0.1536,0.0798,0.1270,0.0000,35,0.7924,-0.5868,0
132.681,0.7107,-0.7169,-0.0000,0.1536,0.0798,0.1270,0.0000,35,0.7924,-0.5868,0
132.699,0.7113,-0.7159,-0.0000,0.1525,0.0798,0.1270,0.0000,35,0.7924,-0.5868,0
132.718,0.7119,-0.7150,-0.0000,0.1514,0.0798,0.1270,0.0000,35,0.7924,-0.5868,0
132.739,0.7119,-0.7150,-0.0000,0.1514,0.0798,0.1270,0.0000,35,0.7924,-0.5868,0
132.758,0.7119,-0.7150,-0.0000,0.1514,0.0798,0.1270,0.0000,35,0.7924,-0.5868,0
132.778,0.7119,-0.7150,-0.0000,0.1514,0.0798,0.1270,0.0000,35,0.7924,-0.5868,0
132.798,0.7119,-0.7150,-0.0000,0.1514,0.0798,0.1270,0.0000,35,0.7924,-0.5868,0
132.819,0.7124,-0.7140,-0.0000,0.1503,0.0798,0.1270,0.0000,35,0.7924,-0.5868,0
132.838,0.7124,-0.7140,-0.0000,0.1503,0.0798,0.1270,0.0000,35,0.7924,-0.5868,0
132.858,0.7124,-0.7140,-0.0000,0.1503,0.0798,0.1270,0.0000,35,0.7924,-0.5868,0
132.879,0.7124,-0.7140,-0.0000,0.1503,0.0798,0.1270,0.0000,35,0.7924,-0.5868,0
132.898,0.7124,-0.7140,-0.0000,0.1503,0.0798,0.1270,0.0000,35,0.7924,-0.5868,0
132.918,0.7124,-0.7140,-0.0000,0.1503,0.0798,0.1270,0.0000,35,0.7924,-0.5868,0
132.938,0.7124,-0.7140,-0.0000,0.1503,0.0798,0.1270,0.0000,35,0.7924,-0.5868,0
132.960,0.7124,-0.7140,-0.0000,0.1503,0.0798,0.1270,0.0000,35,0.7924,-0.5868,0
132.979,0.7130,-0.7131,-0.0000,0.2302,0.0696,0.1705,0.0000,36,0.8000,-0.5000,0
132.998,0.7141,-0.7109,-0.0000,0.2277,0.0659,0.1633,0.0000,36,0.8000,-0.5000,0
133.018,0.7146,-0.7097,-0.0000,0.2264,0.0671,0.1648,0.0000,36,0.8000,-0.5000,0
133.038,0.7146,-0.7097,-0.0000,0.2264,0.0683,0.1678,0.0000,36,0.8000,-0.5000,0
133.058,0.7146,-0.7097,-0.0000,0.2264,0.0683,0.1678,0.0000,36,0.8000,-0.5000,0
133.078,0.7146,-0.7097,-0.0000,0.2264,0.0683,0.1678,0.0000,36,0.8000,-0.5000,0
133.098,0.7146,-0.7097,-0.0000,0.2264,0.0683,0.1678,0.0000,36,0.8000,-0.5000,0
133.120,0.7146,-0.7097,-0.0000,0.2264,0.0683,0.1678,0.0000,36,0.8000,-0.5000,0
133.138,0.7151,-0.7085,-0.0000,0.2251,0.0667,0.1638,0.0000,36,0.8000,-0.5000,0
133.158,0.7161,-0.7061,-0.0000,0.2225,0.0646,0.1587,0.0000,36,0.8000,-0.5000,0
133.178,0.7176,-0.7025,-0.0000,0.2186,0.0623,0.1530,0.0000,36,0.8000,-0.5000,0
133.198,0.7185,-0.7002,-0.0000,0.2161,0.0629,0.1544,0.0000,36,0.8000,-0.5000,0
133.218,0.7185,-0.7002,-0.0000,0.2161,0.0652,0.1601,0.0000,36,0.8000,-0.5000,0
133.239,0.7185,-0.7002,-0.0000,0.2161,0.0652,0.1601,0.0000,36,0.8000,-0.5000,0
133.258,0.7199,-0.6967,-0.0000,0.2124,0.0606,0.1487,0.0000,36,0.8000,-0.5000,0
133.278,0.7199,-0.6967,-0.0000,0.2124,0.0641,0.1574,0.0000,36,0.8000,-0.5000,0
133.298,0.7199,-0.6967,-0.0000,0.2124,0.0641,0.1574,0.0000,36,0.8000,-0.5000,0
133.318,0.7204,-0.6956,-0.0000,0.2112,0.0626,0.1537,0.0000,36,0.8000,-0.5000,0
133.339,0.7204,-0.6956,-0.0000,0.2112,0.0637,0.1565,0.0000,36,0.8000,-0.5000,0
133.358,0.7204,-0.6956,-0.0000,0.2112,0.0637,0.1565,0.0000,36,0.8000,-0.5000,0
133.378,0.7204,-0.6956,-0.0000,0.2112,0.0637,0.1565,0.0000,36,0.8000,-0.5000,0
133.399,0.7208,-0.6944,-0.0000,0.2099,0.0622,0.1527,0.0000,36,0.8000,-0.5000,0
133.418,0.7213,-0.6933,-0.0000,0.2087,0.0618,0.1517,0.0000,36,0.8000,-0.5000,0
133.438,0.7218,-0.6922,-0.0000,0.2075,0.0614,0.1509,0.0000,36,0.8000,-0.5000,0
133.458,0.7227,-0.6899,-0.0000,0.2051,0.0596,0.1464,0.0000,36,0.8000,-0.5000,0
133.478,0.7227,-0.6899,-0.0000,0.2051,0.0619,0.1519,0.0000,36,0.8000,-0.5000,0
133.499,0.7227,-0.6899,-0.0000,0.2051,0.0619,0.1519,0.0000,36,0.8000,-0.5000,0
133.518,0.7236,-0.6877,-0.0000,0.2027,0.0589,0.1447,0.0000,36,0.8000,-0.5000,0
133.538,0.7236,-0.6877,-0.0000,0.2027,0.0611,0.1502,0.0000,36,0.8000,-0.5000,0
133.558,0.7240,-0.6867,-0.0000,0.2015,0.0597,0.1467,0.0000,36,0.8000,-0.5000,0
133.578,0.7245,-0.6856,-0.0000,0.2003,0.0593,0.1457,0.0000,36,0.8000,-0.5000,0
133.598,0.7245,-0.6856,-0.0000,0.2003,0.0604,0.1484,0.0000,36,0.8000,-0.5000,0
133.618,0.7245,-0.6856,-0.0000,0.2003,0.0604,0.1484,0.0000,36,0.8000,-0.5000,0
133.639,0.7245,-0.6856,-0.0000,0.2003,0.0604,0.1484,0.0000,36,0.8000,-0.5000,0
133.658,0.7249,-0.6845,-0.0000,0.1992,0.0590,0.1449,0.0000,36,0.8000,-0.5000,0
133.679,0.7249,-0.6845,-0.0000,0.1992,0.0601,0.1476,0.0000,36,0.8000,-0.5000,0
133.698,0.7249,-0.6845,-0.0000,0.1992,0.0601,0.1476,0.0000,36,0.8000,-0.5000,0
133.719,0.7249,-0.6845,-0.0000,0.1992,0.0601,0.1476,0.0000,36,0.8000,-0.5000,0
133.738,0.7258,-0.6823,-0.0000,0.1968,0.0571,0.1404,0.0000,36,0.8000,-0.5000,0
133.759,0.7258,-0.6823,-0.0000,0.1968,0.0594,0.1458,0.0000,36,0.8000,-0.5000,0
133.778,0.7258,-0.6823,-0.0000,0.1968,0.0594,0.1458,0.0000,36,0.8000,-0.5000,0
133.798,0.7266,-0.6802,-0.0000,0.1945,0.0565,0.1389,0.0000,36,0.8000,-0.5000,0
133.819,0.7266,-0.6802,-0.0000,0.1945,0.0587,0.1441,0.0000,36,0.8000,-0.5000,0
133.838,0.7266,-0.6802,-0.0000,0.1945,0.0587,0.1441,0.0000,36,0.8000,-0.5000,0
133.858,0.7275,-0.6781,-0.0000,0.1923,0.0559,0.1372,0.0000,36,0.8000,-0.5000,0
133.878,0.7279,-0.6770,-0.0000,0.1911,0.0566,0.1389,0.0000,36,0.8000,-0.5000,0
133.898,0.7283,-0.6760,-0.0000,0.1900,0.0563,0.1383,0.0000,36,0.8000,-0.5000,0
133.918,0.7292,-0.6739,-0.0000,0.1878,0.0546,0.1340,0.0000,36,0.8000,-0.5000,0
133.938,0.7292,-0.6739,-0.0000,0.1878,0.0567,0.1392,0.0000,36,0.8000,-0.5000,0
133.958,0.7292,-0.6739,-0.0000,0.1878,0.0567,0.1392,0.0000,36,0.8000,-0.5000,0
133.978,0.7296,-0.6730,-0.0000,0.1867,0.0553,0.1359,0.0000,36,0.8000,-0.5000,0
133.998,0.7296,-0.6730,-0.0000,0.1867,0.0563,0.1384,0.0000,36,0.8000,-0.5000,0
134.018,0.7296,-0.6730,-0.0000,0.1867,0.0563,0.1384,0.0000,36,0.8000,-0.5000,0
134.039,0.7296,-0.6730,-0.0000,0.1867,0.0563,0.1384,0.0000,36,0.8000,-0.5000,0
134.058,0.7296,-0.6730,-0.0000,0.1867,0.0563,0.1384,0.0000,36,0.8000,-0.5000,0
134.080,0.7296,-0.6730,-0.0000,0.1867,0.0563,0.1384,0.0000,36,0.8000,-0.5000,0
134.098,0.7296,-0.6730,-0.0000,0.1867,0.0563,0.1384,0.0000,36,0.8000,-0.5000,0
134.120,0.7296,-0.6730,-0.0000,0.1867,0.0563,0.1384,0.0000,36,0.8000,-0.5000,0
134.138,0.7296,-0.6730,-0.0000,0.1867,0.0563,0.1384,0.0000,36,0.8000,-0.5000,0
134.158,0.7296,-0.6730,-0.0000,0.1867,0.0563,0.1384,0.0000,36,0.8000,-0.5000,0
134.179,0.7296,-0.6730,-0.0000,0.1867,0.0563,0.1384,0.0000,36,0.8000,-0.5000,0
134.200,0.7296,-0.6730,-0.0000,0.1867,0.0563,0.1384,0.0000,36,0.8000,-0.5000,0
134.218,0.7300,-0.6719,-0.0000,0.1856,0.0550,0.1350,0.0000,36,0.8000,-0.5000,0
134.238,0.7304,-0.6709,-0.0000,0.1845,0.0546,0.1342,0.0000,36,0.8000,-0.5000,0
134.258,0.7308,-0.6699,-0.0000,0.1834,0.0543,0.1334,0.0000,36,0.8000,-0.5000,0
134.279,0.7316,-0.6679,-0.0000,0.1813,0.0527,0.1294,0.0000,36,0.8000,-0.5000,0
134.298,0.7316,-0.6679,-0.0000,0.1813,0.0547,0.1343,0.0000,36,0.8000,-0.5000,0
134.318,0.7316,-0.6679,-0.0000,0.1813,0.0547,0.1343,0.0000,36,0.8000,-0.5000,0
134.338,0.7316,-0.6679,-0.0000,0.1813,0.0547,0.1343,0.0000,36,0.8000,-0.5000,0
134.358,0.7316,-0.6679,-0.0000,0.1813,0.0547,0.1343,0.0000,36,0.8000,-0.5000,0
134.378,0.7316,-0.6679,-0.0000,0.1813,0.0547,0.1343,0.0000,36,0.8000,-0.5000,0
134.398,0.7316,-0.6679,-0.0000,0.1813,0.0547,0.1343,0.0000,36,0.8000,-0.5000,0
134.419,0.7316,-0.6679,-0.0000,0.1813,0.0547,0.1343,0.0000,36,0.8000,-0.5000,0
134.438,0.7316,-0.6679,-0.0000,0.1813,0.0547,0.1343,0.0000,36,0.8000,-0.5000,0
134.458,0.7324,-0.6660,-0.0000,0.1792,0.0521,0.1279,0.0000,36,0.8000,-0.5000,0
134.478,0.7328,-0.6650,-0.0000,0.1782,0.0528,0.1297,0.0000,36,0.8000,-0.5000,0
134.500,0.7340,-0.6622,-0.0000,0.1751,0.0499,0.1226,0.0000,36,0.8000,-0.5000,0
134.518,0.7343,-0.6613,-0.0000,0.1741,0.0516,0.1268,0.0000,36,0.8000,-0.5000,0
134.538,0.7351,-0.6595,-0.0000,0.1722,0.0501,0.1231,0.0000,36,0.8000,-0.5000,0
134.558,0.7351,-0.6595,-0.0000,0.1722,0.0519,0.1276,0.0000,36,0.8000,-0.5000,0
134.578,0.7351,-0.6595,-0.0000,0.1722,0.0519,0.1276,0.0000,36,0.8000,-0.5000,0
134.598,0.7351,-0.6595,-0.0000,0.1722,0.0519,0.1276,0.0000,36,0.8000,-0.5000,0
134.618,0.7355,-0.6585,-0.0000,0.1712,0.0507,0.1245,0.0000,36,0.8000,-0.5000,0
134.638,0.7355,-0.6585,-0.0000,0.1712,0.0516,0.1268,0.0000,36,0.8000,-0.5000,0
134.658,0.7355,-0.6585,-0.0000,0.1712,0.0516,0.1268,0.0000,36,0.8000,-0.5000,0
134.678,0.7355,-0.6585,-0.0000,0.1712,0.0516,0.1268,0.0000,36,0.8000,-0.5000,0
134.699,0.7355,-0.6585,-0.0000,0.1712,0.0516,0.1268,0.0000,36,0.8000,-0.5000,0
134.718,0.7355,-0.6585,-0.0000,0.1712,0.0516,0.1268,0.0000,36,0.8000,-0.5000,0
134.738,0.7355,-0.6585,-0.0000,0.1712,0.0516,0.1268,0.0000,36,0.8000,-0.5000,0
134.758,0.7355,-0.6585,-0.0000,0.1712,0.0516,0.1268,0.0000,36,0.8000,-0.5000,0
134.779,0.7355,-0.6585,-0.0000,0.1712,0.0516,0.1268,0.0000,36,0.8000,-0.5000,0
134.798,0.7358,-0.6576,-0.0000,0.1702,0.0504,0.1237,0.0000,36,0.8000,-0.5000,0
134.818,0.7366,-0.6557,-0.0000,0.1682,0.0488,0.1200,0.0000,36,0.8000,-0.5000,0
134.838,0.7370,-0.6549,-0.0000,0.1672,0.0495,0.1217,0.0000,36,0.8000,-0.5000,0
134.858,0.7377,-0.6531,-0.0000,0.1653,0.0480,0.1180,0.0000,36,0.8000,-0.5000,0
134.878,0.7377,-0.6531,-0.0000,0.1653,0.0499,0.1225,0.0000,36,0.8000,-0.5000,0
134.899,0.7377,-0.6531,-0.0000,0.1653,0.0499,0.1225,0.0000,36,0.8000,-0.5000,0
134.918,0.7380,-0.6522,-0.0000,0.1643,0.0487,0.1196,0.0000,36,0.8000,-0.5000,0
134.938,0.7384,-0.6513,-0.0000,0.1634,0.0484,0.1188,0.0000,36,0.8000,-0.5000,0
134.958,0.7384,-0.6513,-0.0000,0.1634,0.0493,0.1210,0.0000,36,0.8000,-0.5000,0
134.978,0.7384,-0.6513,-0.0000,0.1634,0.0493,0.1210,0.0000,36,0.8000,-0.5000,0
134.998,0.7384,-0.6513,-0.0000,0.1634,0.0493,0.1210,0.0000,36,0.8000,-0.5000,0
135.018,0.7384,-0.6513,-0.0000,0.1634,0.0493,0.1210,0.0000,36,0.8000,-0.5000,0
135.038,0.7384,-0.6513,-0.0000,0.1634,0.0493,0.1210,0.0000,36,0.8000,-0.5000,0
135.059,0.7384,-0.6513,-0.0000,0.1634,0.0493,0.1210,0.0000,36,0.8000,-0.5000,0
135.078,0.7384,-0.6513,-0.0000,0.1634,0.0493,0.1210,0.0000,36,0.8000,-0.5000,0
135.098,0.7391,-0.6495,-0.0000,0.1614,0.0469,0.1152,0.0000,36,0.8000,-0.5000,0
135.118,0.7395,-0.6487,-0.0000,0.1605,0.0476,0.1168,0.0000,36,0.8000,-0.5000,0
135.139,0.7402,-0.6470,-0.0000,0.1587,0.0461,0.1133,0.0000,36,0.8000,-0.5000,0
135.158,0.7405,-0.6461,-0.0000,0.1578,0.0467,0.1147,0.0000,36,0.8000,-0.5000,0
135.179,0.7405,-0.6461,-0.0000,0.1578,0.0476,0.1169,0.0000,36,0.8000,-0.5000,0
135.198,0.7412,-0.6444,-0.0000,0.1559,0.0453,0.1113,0.0000,36,0.8000,-0.5000,0
135.218,0.7412,-0.6444,-0.0000,0.1559,0.0470,0.1155,0.0000,36,0.8000,-0.5000,0
135.238,0.7412,-0.6444,-0.0000,0.1559,0.0470,0.1155,0.0000,36,0.8000,-0.5000,0
135.258,0.7412,-0.6444,-0.0000,0.1559,0.0470,0.1155,0.0000,36,0.8000,-0.5000,0
135.278,0.7415,-0.6436,-0.0000,0.1550,0.0459,0.1128,0.0000,36,0.8000,-0.5000,0
135.298,0.7415,-0.6436,-0.0000,0.1550,0.0468,0.1149,0.0000,36,0.8000,-0.5000,0
135.318,0.7415,-0.6436,-0.0000,0.1550,0.0468,0.1149,0.0000,36,0.8000,-0.5000,0
135.338,0.7419,-0.6427,-0.0000,0.1541,0.0456,0.1121,0.0000,36,0.8000,-0.5000,0
135.358,0.7422,-0.6419,-0.0000,0.1532,0.0454,0.1114,0.0000,36,0.8000,-0.5000,0
135.378,0.7426,-0.6411,-0.0000,0.1523,0.0451,0.1108,0.0000,36,0.8000,-0.5000,0
135.398,0.7429,-0.6402,-0.0000,0.1514,0.0448,0.1101,0.0000,36,0.8000,-0.5000,0
135.419,0.7432,-0.6394,-0.0000,0.1505,0.0446,0.1095,0.0000,36,0.8000,-0.5000,0
135.439,0.7432,-0.6394,-0.0000,0.1505,0.0454,0.1115,0.0000,36,0.8000,-0.5000,0
135.458,0.7436,-0.6386,-0.0000,0.1497,0.0443,0.1088,0.0000,36,0.8000,-0.5000,0
135.479,0.7439,-0.6378,-0.0000,0.1488,0.0440,0.1082,0.0000,36,0.8000,-0.5000,0
135.498,0.7439,-0.6378,-0.0000,0.1488,0.0449,0.1102,0.0000,36,0.8000,-0.5000,0
135.518,0.7439,-0.6378,-0.0000,0.1488,0.0449,0.1102,0.0000,36,0.8000,-0.5000,0
135.538,0.7442,-0.6370,-0.0000,0.1479,0.0438,0.1076,0.0000,36,0.8000,-0.5000,0
135.558,0.7446,-0.6362,-0.0000,0.1470,0.0435,0.1069,0.0000,36,0.8000,-0.5000,0
135.578,0.7446,-0.6362,-0.0000,0.1470,0.0443,0.1089,0.0000,36,0.8000,-0.5000,0
135.599,0.7449,-0.6354,-0.0000,0.1462,0.0433,0.1063,0.0000,36,0.8000,-0.5000,0
135.618,0.7449,-0.6354,-0.0000,0.1462,0.0441,0.1083,0.0000,36,0.8000,-0.5000,0
135.638,0.7449,-0.6354,-0.0000,0.1462,0.0441,0.1083,0.0000,36,0.8000,-0.5000,0
135.658,0.7449,-0.6354,-0.0000,0.1462,0.0441,0.1083,0.0000,36,0.8000,-0.5000,0
135.679,0.7449,-0.6354,-0.0000,0.1462,0.0441,0.1083,0.0000,36,0.8000,-0.5000,0
135.698,0.7449,-0.6354,-0.0000,0.1462,0.0441,0.1083,0.0000,36,0.8000,-0.5000,0
135.719,0.7452,-0.6346,-0.0000,0.1453,0.0430,0.1056,0.0000,36,0.8000,-0.5000,0
135.738,0.7459,-0.6330,-0.0000,0.1436,0.0417,0.1024,0.0000,36,0.8000,-0.5000,0
135.759,0.7462,-0.6322,-0.0000,0.1428,0.0423,0.1039,0.0000,36,0.8000,-0.5000,0
135.778,0.7462,-0.6322,-0.0000,0.1428,0.0431,0.1058,0.0000,36,0.8000,-0.5000,0
135.798,0.7465,-0.6315,-0.0000,0.1419,0.0421,0.1033,0.0000,36,0.8000,-0.5000,0
135.818,0.7471,-0.6299,-0.0000,0.1403,0.0407,0.1001,0.0000,36,0.8000,-0.5000,0
135.838,0.7471,-0.6299,-0.0000,0.1403,0.0423,0.1039,0.0000,36,0.8000,-0.5000,0
135.860,0.7471,-0.6299,-0.0000,0.1403,0.0423,0.1039,0.0000,36,0.8000,-0.5000,0
135.879,0.7474,-0.6292,-0.0000,0.1395,0.0413,0.1015,0.0000,36,0.8000,-0.5000,0
135.899,0.7477,-0.6284,-0.0000,0.1387,0.0410,0.1008,0.0000,36,0.8000,-0.5000,0
135.918,0.7477,-0.6284,-0.0000,0.1387,0.0418,0.1027,0.0000,36,0.8000,-0.5000,0
135.938,0.7480,-0.6277,-0.0000,0.1378,0.0408,0.1003,0.0000,36,0.8000,-0.5000,0
135.958,0.7480,-0.6277,-0.0000,0.1378,0.0416,0.1021,0.0000,36,0.8000,-0.5000,0
135.978,0.7480,-0.6277,-0.0000,0.1378,0.0416,0.1021,0.0000,36,0.8000,-0.5000,0
136.000,0.7480,-0.6277,-0.0000,0.1378,0.0416,0.1021,0.0000,36,0.8000,-0.5000,0
136.019,0.7480,-0.6277,-0.0000,0.1378,0.0416,0.1021,0.0000,36,0.8000,-0.5000,0
136.038,0.7480,-0.6277,-0.0000,0.1378,0.0416,0.1021,0.0000,36,0.8000,-0.5000,0
136.058,0.7480,-0.6277,-0.0000,0.1378,0.0416,0.1021,0.0000,36,0.8000,-0.5000,0
136.079,0.7480,-0.6277,-0.0000,0.1378,0.0416,0.1021,0.0000,36,0.8000,-0.5000,0
136.098,0.7480,-0.6277,-0.0000,0.1378,0.0416,0.1021,0.0000,36,0.8000,-0.5000,0
136.119,0.7480,-0.6277,-0.0000,0.1378,0.0416,0.1021,0.0000,36,0.8000,-0.5000,0
136.138,0.7483,-0.6269,-0.0000,0.1370,0.0406,0.0996,0.0000,36,0.8000,-0.5000,0
136.159,0.7489,-0.6254,-0.0000,0.1354,0.0393,0.0966,0.0000,36,0.8000,-0.5000,0
136.178,0.7492,-0.6247,-0.0000,0.1346,0.0399,0.0980,0.0000,36,0.8000,-0.5000,0
136.200,0.7501,-0.6226,-0.0000,0.1323,0.0377,0.0927,0.0000,36,0.8000,-0.5000,0
136.218,0.7501,-0.6226,-0.0000,0.1323,0.0399,0.0980,0.0000,36,0.8000,-0.5000,0
136.239,0.7501,-0.6226,-0.0000,0.1323,0.0399,0.0980,0.0000,36,0.8000,-0.5000,0
136.259,0.7504,-0.6219,-0.0000,0.1316,0.0390,0.0958,0.0000,36,0.8000,-0.5000,0
136.279,0.7504,-0.6219,-0.0000,0.1316,0.0397,0.0975,0.0000,36,0.8000,-0.5000,0
136.298,0.7504,-0.6219,-0.0000,0.1316,0.0397,0.0975,0.0000,36,0.8000,-0.5000,0
136.318,0.7504,-0.6219,-0.0000,0.1316,0.0397,0.0975,0.0000,36,0.8000,-0.5000,0
136.338,0.7504,-0.6219,-0.0000,0.1316,0.0397,0.0975,0.0000,36,0.8000,-0.5000,0
136.358,0.7510,-0.6204,-0.0000,0.1300,0.0378,0.0927,0.0000,36,0.8000,-0.5000,0
136.378,0.7510,-0.6204,-0.0000,0.1300,0.0392,0.0963,0.0000,36,0.8000,-0.5000,0
136.398,0.7515,-0.6190,-0.0000,0.1285,0.0373,0.0917,0.0000,36,0.8000,-0.5000,0
136.418,0.7518,-0.6184,-0.0000,0.1278,0.0379,0.0930,0.0000,36,0.8000,-0.5000,0
136.438,0.7518,-0.6184,-0.0000,0.1278,0.0385,0.0947,0.0000,36,0.8000,-0.5000,0
136.460,0.7518,-0.6184,-0.0000,0.1278,0.0385,0.0947,0.0000,36,0.8000,-0.5000,0
136.479,0.7524,-0.6170,-0.0000,0.1263,0.0367,0.0901,0.0000,36,0.8000,-0.5000,0
136.498,0.7526,-0.6163,-0.0000,0.1256,0.0372,0.0914,0.0000,36,0.8000,-0.5000,0
136.518,0.7529,-0.6156,-0.0000,0.1249,0.0370,0.0908,0.0000,36,0.8000,-0.5000,0
136.538,0.7529,-0.6156,-0.0000,0.1249,0.0377,0.0925,0.0000,36,0.8000,-0.5000,0
136.558,0.7529,-0.6156,-0.0000,0.1249,0.0377,0.0925,0.0000,36,0.8000,-0.5000,0
136.578,0.7529,-0.6156,-0.0000,0.1249,0.0377,0.0925,0.0000,36,0.8000,-0.5000,0
136.600,0.7529,-0.6156,-0.0000,0.1249,0.0377,0.0925,0.0000,36,0.8000,-0.5000,0
136.618,0.7535,-0.6143,-0.0000,0.1234,0.0359,0.0881,0.0000,36,0.8000,-0.5000,0
136.638,0.7535,-0.6143,-0.0000,0.1234,0.0372,0.0914,0.0000,36,0.8000,-0.5000,0
136.658,0.7535,-0.6143,-0.0000,0.1234,0.0372,0.0914,0.0000,36,0.8000,-0.5000,0
136.679,0.7535,-0.6143,-0.0000,0.1234,0.0372,0.0914,0.0000,36,0.8000,-0.5000,0
136.698,0.7535,-0.6143,-0.0000,0.1234,0.0372,0.0914,0.0000,36,0.8000,-0.5000,0
136.719,0.7535,-0.6143,-0.0000,0.1234,0.0372,0.0914,0.0000,36,0.8000,-0.5000,0
136.738,0.7535,-0.6143,-0.0000,0.1234,0.0372,0.0914,0.0000,36,0.8000,-0.5000,0
136.759,0.7535,-0.6143,-0.0000,0.1234,0.0372,0.0914,0.0000,36,0.8000,-0.5000,0
136.778,0.7537,-0.6136,-0.0000,0.1227,0.0363,0.0892,0.0000,36,0.8000,-0.5000,0
136.798,0.7540,-0.6129,-0.0000,0.1219,0.0361,0.0887,0.0000,36,0.8000,-0.5000,0
136.818,0.7546,-0.6116,-0.0000,0.1205,0.0350,0.0860,0.0000,36,0.8000,-0.5000,0
136.839,0.7548,-0.6110,-0.0000,0.1198,0.0355,0.0872,0.0000,36,0.8000,-0.5000,0
136.858,0.7548,-0.6110,-0.0000,0.1198,0.0361,0.0888,0.0000,36,0.8000,-0.5000,0
136.879,0.7548,-0.6110,-0.0000,0.1198,0.0361,0.0888,0.0000,36,0.8000,-0.5000,0
136.898,0.7553,-0.6097,-0.0000,0.1185,0.0344,0.0846,0.0000,36,0.8000,-0.5000,0
136.918,0.7553,-0.6097,-0.0000,0.1185,0.0357,0.0878,0.0000,36,0.8000,-0.5000,0
136.938,0.7553,-0.6097,-0.0000,0.1185,0.0357,0.0878,0.0000,36,0.8000,-0.5000,0
136.958,0.7556,-0.6091,-0.0000,0.1178,0.0349,0.0856,0.0000,36,0.8000,-0.5000,0
136.979,0.7559,-0.6084,-0.0000,0.1171,0.0347,0.0851,0.0000,36,0.8000,-0.5000,0
136.998,0.7561,-0.6078,-0.0000,0.1164,0.0345,0.0846,0.0000,36,0.8000,-0.5000,0
137.018,0.7566,-0.6065,-0.0000,0.1150,0.0334,0.0821,0.0000,36,0.8000,-0.5000,0
137.040,0.7569,-0.6059,-0.0000,0.1144,0.0339,0.0832,0.0000,36,0.8000,-0.5000,0
137.058,0.7569,-0.6059,-0.0000,0.1144,0.0345,0.0847,0.0000,36,0.8000,-0.5000,0
137.078,0.7571,-0.6053,-0.0000,0.1137,0.0337,0.0827,0.0000,36,0.8000,-0.5000,0
137.098,0.7574,-0.6047,-0.0000,0.1130,0.0335,0.0822,0.0000,36,0.8000,-0.5000,0
137.118,0.7574,-0.6047,-0.0000,0.1130,0.0341,0.0837,0.0000,36,0.8000,-0.5000,0
137.138,0.7579,-0.6034,-0.0000,0.1117,0.0324,0.0797,0.0000,36,0.8000,-0.5000,0
137.158,0.7579,-0.6034,-0.0000,0.1117,0.0337,0.0828,0.0000,36,0.8000,-0.5000,0
137.180,0.7579,-0.6034,-0.0000,0.1117,0.0337,0.0828,0.0000,36,0.8000,-0.5000,0
137.198,0.7581,-0.6029,-0.0000,0.1111,0.0329,0.0808,0.0000,36,0.8000,-0.5000,0
137.218,0.7584,-0.6023,-0.0000,0.1104,0.0327,0.0803,0.0000,36,0.8000,-0.5000,0
137.240,0.7584,-0.6023,-0.0000,0.1104,0.0333,0.0818,0.0000,36,0.8000,-0.5000,0
137.258,0.7584,-0.6023,-0.0000,0.1104,0.0333,0.0818,0.0000,36,0.8000,-0.5000,0
137.278,0.7586,-0.6017,-0.0000,0.1098,0.0325,0.0798,0.0000,36,0.8000,-0.5000,0
137.298,0.7586,-0.6017,-0.0000,0.1098,0.0331,0.0813,0.0000,36,0.8000,-0.5000,0
137.318,0.7586,-0.6017,-0.0000,0.1098,0.0331,0.0813,0.0000,36,0.8000,-0.5000,0
137.338,0.7586,-0.6017,-0.0000,0.1098,0.0331,0.0813,0.0000,36,0.8000,-0.5000,0
137.358,0.7586,-0.6017,-0.0000,0.1098,0.0331,0.0813,0.0000,36,0.8000,-0.5000,0
137.378,0.7586,-0.6017,-0.0000,0.1098,0.0331,0.0813,0.0000,36,0.8000,-0.5000,0
137.398,0.7586,-0.6017,-0.0000,0.1098,0.0331,0.0813,0.0000,36,0.8000,-0.5000,0
137.418,0.7586,-0.6017,-0.0000,0.1098,0.0331,0.0813,0.0000,36,0.8000,-0.5000,0
137.439,0.7586,-0.6017,-0.0000,0.1098,0.0331,0.0813,0.0000,36,0.8000,-0.5000,0
137.458,0.7586,-0.6017,-0.0000,0.1098,0.0331,0.0813,0.0000,36,0.8000,-0.5000,0
137.478,0.7589,-0.6010,-0.0000,0.1091,0.0323,0.0793,0.0000,36,0.8000,-0.5000,0
137.498,0.7593,-0.5999,-0.0000,0.1078,0.0313,0.0769,0.0000,36,0.8000,-0.5000,0
137.520,0.7593,-0.5999,-0.0000,0.1078,0.0325,0.0799,0.0000,36,0.8000,-0.5000,0
137.538,0.7596,-0.5993,-0.0000,0.1072,0.0318,0.0780,0.0000,36,0.8000,-0.5000,0
137.559,0.7596,-0.5993,-0.0000,0.1072,0.0323,0.0794,0.0000,36,0.8000,-0.5000,0
137.578,0.7596,-0.5993,-0.0000,0.1072,0.0323,0.0794,0.0000,36,0.8000,-0.5000,0
137.598,0.7596,-0.5993,-0.0000,0.1072,0.0323,0.0794,0.0000,36,0.8000,-0.5000,0
137.619,0.7596,-0.5993,-0.0000,0.1072,0.0323,0.0794,0.0000,36,0.8000,-0.5000,0
137.638,0.7596,-0.5993,-0.0000,0.1072,0.0323,0.0794,0.0000,36,0.8000,-0.5000,0
137.659,0.7596,-0.5993,-0.0000,0.1072,0.0323,0.0794,0.0000,36,0.8000,-0.5000,0
137.678,0.7598,-0.5987,-0.0000,0.1066,0.0315,0.0775,0.0000,36,0.8000,-0.5000,0
137.698,0.7601,-0.5981,-0.0000,0.1059,0.0314,0.0770,0.0000,36,0.8000,-0.5000,0
137.718,0.7605,-0.5970,-0.0000,0.1047,0.0304,0.0747,0.0000,36,0.8000,-0.5000,0
137.738,0.7607,-0.5964,-0.0000,0.1041,0.0308,0.0758,0.0000,36,0.8000,-0.5000,0
137.758,0.7607,-0.5964,-0.0000,0.1041,0.0314,0.0771,0.0000,36,0.8000,-0.5000,0
137.778,0.7607,-0.5964,-0.0000,0.1041,0.0314,0.0771,0.0000,36,0.8000,-0.5000,0
137.798,0.7614,-0.5947,-0.0000,0.1023,0.0291,0.0716,0.0000,36,0.8000,-0.5000,0
137.818,0.7614,-0.5947,-0.0000,0.1023,0.0309,0.0758,0.0000,36,0.8000,-0.5000,0
137.838,0.7614,-0.5947,-0.0000,0.1023,0.0309,0.0758,0.0000,36,0.8000,-0.5000,0
137.858,0.7616,-0.5942,-0.0000,0.1017,0.0301,0.0740,0.0000,36,0.8000,-0.5000,0
137.878,0.7616,-0.5942,-0.0000,0.1017,0.0307,0.0754,0.0000,36,0.8000,-0.5000,0
137.898,0.7616,-0.5942,-0.0000,0.1017,0.0307,0.0754,0.0000,36,0.8000,-0.5000,0
137.919,0.7616,-0.5942,-0.0000,0.1017,0.0307,0.0754,0.0000,36,0.8000,-0.5000,0
137.939,0.7616,-0.5942,-0.0000,0.1017,0.0307,0.0754,0.0000,36,0.8000,-0.5000,0
137.958,0.7616,-0.5942,-0.0000,0.1017,0.0307,0.0754,0.0000,36,0.8000,-0.5000,0
137.978,0.7616,-0.5942,-0.0000,0.1017,0.0307,0.0754,0.0000,36,0.8000,-0.5000,0
137.999,0.7616,-0.5942,-0.0000,0.1017,0.0307,0.0754,0.0000,36,0.8000,-0.5000,0
138.020,0.7616,-0.5942,-0.0000,0.1017,0.0307,0.0754,0.0000,36,0.8000,-0.5000,0
138.038,0.7619,-0.5937,-0.0000,0.1011,0.0299,0.0735,0.0000,36,0.8000,-0.5000,0
138.058,0.7621,-0.5931,-0.0000,0.1005,0.0298,0.0731,0.0000,36,0.8000,-0.5000,0
138.078,0.7625,-0.5920,-0.0000,0.0994,0.0289,0.0709,0.0000,36,0.8000,-0.5000,0
138.098,0.7627,-0.5915,-0.0000,0.0988,0.0293,0.0719,0.0000,36,0.8000,-0.5000,0
138.118,0.7627,-0.5915,-0.0000,0.0988,0.0298,0.0732,0.0000,36,0.8000,-0.5000,0
138.138,0.7632,-0.5904,-0.0000,0.0977,0.0284,0.0697,0.0000,36,0.8000,-0.5000,0
138.158,0.7634,-0.5899,-0.0000,0.0971,0.0287,0.0706,0.0000,36,0.8000,-0.5000,0
138.178,0.7634,-0.5899,-0.0000,0.0971,0.0293,0.0719,0.0000,36,0.8000,-0.5000,0
138.200,0.7634,-0.5899,-0.0000,0.0971,0.0293,0.0719,0.0000,36,0.8000,-0.5000,0
138.218,0.7636,-0.5894,-0.0000,0.0965,0.0286,0.0702,0.0000,36,0.8000,-0.5000,0
138.239,0.7636,-0.5894,-0.0000,0.0965,0.0291,0.0715,0.0000,36,0.8000,-0.5000,0
138.258,0.7636,-0.5894,-0.0000,0.0965,0.0291,0.0715,0.0000,36,0.8000,-0.5000,0
138.278,0.7636,-0.5894,-0.0000,0.0965,0.0291,0.0715,0.0000,36,0.8000,-0.5000,0
138.298,0.7638,-0.5889,-0.0000,0.0959,0.0284,0.0698,0.0000,36,0.8000,-0.5000,0
138.318,0.7640,-0.5883,-0.0000,0.0954,0.0282,0.0693,0.0000,36,0.8000,-0.5000,0
138.339,0.7640,-0.5883,-0.0000,0.0954,0.0288,0.0707,0.0000,36,0.8000,-0.5000,0
138.358,0.7645,-0.5873,-0.0000,0.0943,0.0274,0.0672,0.0000,36,0.8000,-0.5000,0
138.379,0.7645,-0.5873,-0.0000,0.0943,0.0284,0.0698,0.0000,36,0.8000,-0.5000,0
138.398,0.7645,-0.5873,-0.0000,0.0943,0.0284,0.0698,0.0000,36,0.8000,-0.5000,0
138.418,0.7647,-0.5868,-0.0000,0.0937,0.0278,0.0682,0.0000,36,0.8000,-0.5000,0
138.439,0.7649,-0.5863,-0.0000,0.0932,0.0276,0.0677,0.0000,36,0.8000,-0.5000,0
138.458,0.7651,-0.5858,-0.0000,0.0926,0.0274,0.0674,0.0000,36,0.8000,-0.5000,0
138.478,0.7653,-0.5853,-0.0000,0.0921,0.0273,0.0670,0.0000,36,0.8000,-0.5000,0
138.498,0.7653,-0.5853,-0.0000,0.0921,0.0278,0.0682,0.0000,36,0.8000,-0.5000,0
138.518,0.7653,-0.5853,-0.0000,0.0921,0.0278,0.0682,0.0000,36,0.8000,-0.5000,0
138.538,0.7653,-0.5853,-0.0000,0.0921,0.0278,0.0682,0.0000,36,0.8000,-0.5000,0
138.559,0.7655,-0.5848,-0.0000,0.0915,0.0271,0.0666,0.0000,36,0.8000,-0.5000,0
138.580,0.7655,-0.5848,-0.0000,0.0915,0.0276,0.0678,0.0000,36,0.8000,-0.5000,0
138.598,0.7655,-0.5848,-0.0000,0.0915,0.0276,0.0678,0.0000,36,0.8000,-0.5000,0
138.620,0.7655,-0.5848,-0.0000,0.0915,0.0276,0.0678,0.0000,36,0.8000,-0.5000,0
138.638,0.7657,-0.5843,-0.0000,0.0910,0.0269,0.0662,0.0000,36,0.8000,-0.5000,0
138.659,0.7659,-0.5838,-0.0000,0.0905,0.0268,0.0658,0.0000,36,0.8000,-0.5000,0
138.678,0.7659,-0.5838,-0.0000,0.0905,0.0273,0.0670,0.0000,36,0.8000,-0.5000,0
138.698,0.7661,-0.5833,-0.0000,0.0899,0.0266,0.0654,0.0000,36,0.8000,-0.5000,0
138.720,0.7663,-0.5828,-0.0000,0.0894,0.0265,0.0650,0.0000,36,0.8000,-0.5000,0
138.738,0.7663,-0.5828,-0.0000,0.0894,0.0270,0.0662,0.0000,36,0.8000,-0.5000,0
138.758,0.7663,-0.5828,-0.0000,0.0894,0.0270,0.0662,0.0000,36,0.8000,-0.5000,0
138.779,0.7667,-0.5818,-0.0000,0.0883,0.0257,0.0630,0.0000,36,0.8000,-0.5000,0
138.800,0.7667,-0.5818,-0.0000,0.0883,0.0267,0.0655,0.0000,36,0.8000,-0.5000,0
138.818,0.7669,-0.5814,-0.0000,0.0878,0.0260,0.0639,0.0000,36,0.8000,-0.5000,0
138.838,0.7671,-0.5809,-0.0000,0.0873,0.0259,0.0635,0.0000,36,0.8000,-0.5000,0
138.858,0.7671,-0.5809,-0.0000,0.0873,0.0263,0.0647,0.0000,36,0.8000,-0.5000,0
138.879,0.7671,-0.5809,-0.0000,0.0873,0.0263,0.0647,0.0000,36,0.8000,-0.5000,0
138.898,0.7671,-0.5809,-0.0000,0.0873,0.0263,0.0647,0.0000,36,0.8000,-0.5000,0
138.918,0.7673,-0.5804,-0.0000,0.0868,0.0257,0.0631,0.0000,36,0.8000,-0.5000,0
138.938,0.7673,-0.5804,-0.0000,0.0868,0.0262,0.0643,0.0000,36,0.8000,-0.5000,0
138.958,0.7673,-0.5804,-0.0000,0.0868,0.0262,0.0643,0.0000,36,0.8000,-0.5000,0
138.978,0.7673,-0.5804,-0.0000,0.0868,0.0262,0.0643,0.0000,36,0.8000,-0.5000,0
138.998,0.7673,-0.5804,-0.0000,0.0868,0.0262,0.0643,0.0000,36,0.8000,-0.5000,0
139.020,0.7673,-0.5804,-0.0000,0.0868,0.0262,0.0643,0.0000,36,0.8000,-0.5000,0
139.038,0.7673,-0.5804,-0.0000,0.0868,0.0262,0.0643,0.0000,36,0.8000,-0.5000,0
139.058,0.7673,-0.5804,-0.0000,0.0868,0.0262,0.0643,0.0000,36,0.8000,-0.5000,0
139.080,0.7673,-0.5804,-0.0000,0.0868,0.0262,0.0643,0.0000,36,0.8000,-0.5000,0
139.099,0.7673,-0.5804,-0.0000,0.0868,0.0262,0.0643,0.0000,36,0.8000,-0.5000,0
139.118,0.7675,-0.5799,-0.0000,0.0863,0.0255,0.0627,0.0000,36,0.8000,-0.5000,0
139.139,0.7678,-0.5790,-0.0000,0.0853,0.0248,0.0608,0.0000,36,0.8000,-0.5000,0
139.158,0.7680,-0.5785,-0.0000,0.0848,0.0251,0.0617,0.0000,36,0.8000,-0.5000,0
139.179,0.7684,-0.5776,-0.0000,0.0838,0.0244,0.0598,0.0000,36,0.8000,-0.5000,0
139.198,0.7686,-0.5772,-0.0000,0.0833,0.0247,0.0606,0.0000,36,0.8000,-0.5000,0
139.218,0.7688,-0.5767,-0.0000,0.0829,0.0245,0.0603,0.0000,36,0.8000,-0.5000,0
139.240,0.7688,-0.5767,-0.0000,0.0829,0.0250,0.0614,0.0000,36,0.8000,-0.5000,0
139.258,0.7688,-0.5767,-0.0000,0.0829,0.0250,0.0614,0.0000,36,0.8000,-0.5000,0
139.278,0.7688,-0.5767,-0.0000,0.0829,0.0250,0.0614,0.0000,36,0.8000,-0.5000,0
139.298,0.7689,-0.5763,-0.0000,0.0824,0.0244,0.0599,0.0000,36,0.8000,-0.5000,0
139.318,0.7689,-0.5763,-0.0000,0.0824,0.0249,0.0610,0.0000,36,0.8000,-0.5000,0
139.338,0.7689,-0.5763,-0.0000,0.0824,0.0249,0.0610,0.0000,36,0.8000,-0.5000,0
139.358,0.7689,-0.5763,-0.0000,0.0824,0.0249,0.0610,0.0000,36,0.8000,-0.5000,0
139.379,0.7691,-0.5758,-0.0000,0.0819,0.0242,0.0595,0.0000,36,0.8000,-0.5000,0
139.399,0.7693,-0.5754,-0.0000,0.0814,0.0241,0.0592,0.0000,36,0.8000,-0.5000,0
139.418,0.7695,-0.5750,-0.0000,0.0809,0.0240,0.0589,0.0000,36,0.8000,-0.5000,0
139.439,0.7697,-0.5745,-0.0000,0.0805,0.0238,0.0585,0.0000,36,0.8000,-0.5000,0
139.458,0.7697,-0.5745,-0.0000,0.0805,0.0243,0.0596,0.0000,36,0.8000,-0.5000,0
139.479,0.7698,-0.5741,-0.0000,0.0800,0.0237,0.0582,0.0000,36,0.8000,-0.5000,0
139.498,0.7700,-0.5736,-0.0000,0.0795,0.0235,0.0578,0.0000,36,0.8000,-0.5000,0
139.518,0.7700,-0.5736,-0.0000,0.0795,0.0240,0.0589,0.0000,36,0.8000,-0.5000,0
139.538,0.7700,-0.5736,-0.0000,0.0795,0.0240,0.0589,0.0000,36,0.8000,-0.5000,0
139.558,0.7700,-0.5736,-0.0000,0.0795,0.0240,0.0589,0.0000,36,0.8000,-0.5000,0
139.580,0.7704,-0.5728,-0.0000,0.0786,0.0228,0.0561,0.0000,36,0.8000,-0.5000,0
139.598,0.7704,-0.5728,-0.0000,0.0786,0.0237,0.0582,0.0000,36,0.8000,-0.5000,0
139.618,0.7705,-0.5724,-0.0000,0.0781,0.0231,0.0569,0.0000,36,0.8000,-0.5000,0
139.638,0.7705,-0.5724,-0.0000,0.0781,0.0236,0.0579,0.0000,36,0.8000,-0.5000,0
139.658,0.7705,-0.5724,-0.0000,0.0781,0.0236,0.0579,0.0000,36,0.8000,-0.5000,0
139.679,0.7705,-0.5724,-0.0000,0.0781,0.0236,0.0579,0.0000,36,0.8000,-0.5000,0
139.699,0.7705,-0.5724,-0.0000,0.0781,0.0236,0.0579,0.0000,36,0.8000,-0.5000,0
139.718,0.7705,-0.5724,-0.0000,0.0781,0.0236,0.0579,0.0000,36,0.8000,-0.5000,0
139.738,0.7705,-0.5724,-0.0000,0.0781,0.0236,0.0579,0.0000,36,0.8000,-0.5000,0
139.758,0.7709,-0.5715,-0.0000,0.0772,0.0224,0.0551,0.0000,36,0.8000,-0.5000,0
139.778,0.7712,-0.5707,-0.0000,0.0763,0.0222,0.0545,0.0000,36,0.8000,-0.5000,0
139.799,0.7716,-0.5699,-0.0000,0.0754,0.0219,0.0539,0.0000,36,0.8000,-0.5000,0
139.818,0.7719,-0.5691,-0.0000,0.0746,0.0217,0.0532,0.0000,36,0.8000,-0.5000,0
139.839,0.7719,-0.5691,-0.0000,0.0746,0.0225,0.0552,0.0000,36,0.8000,-0.5000,0
139.858,0.7719,-0.5691,-0.0000,0.0746,0.0225,0.0552,0.0000,36,0.8000,-0.5000,0
139.880,0.7719,-0.5691,-0.0000,0.0746,0.0225,0.0552,0.0000,36,0.8000,-0.5000,0
139.898,0.7720,-0.5687,-0.0000,0.0741,0.0220,0.0540,0.0000,36,0.8000,-0.5000,0
139.918,0.7724,-0.5679,-0.0000,0.0733,0.0213,0.0523,0.0000,36,0.8000,-0.5000,0
139.938,0.7724,-0.5679,-0.0000,0.0733,0.0221,0.0543,0.0000,36,0.8000,-0.5000,0
139.958,0.7724,-0.5679,-0.0000,0.0733,0.0221,0.0543,0.0000,36,0.8000,-0.5000,0
139.979,0.7724,-0.5679,-0.0000,0.0733,0.0221,0.0543,0.0000,36,0.8000,-0.5000,0
139.998,0.7724,-0.5679,-0.0000,0.0733,0.0221,0.0543,0.0000,36,0.8000,-0.5000,0
140.020,0.7724,-0.5679,-0.0000,0.0733,0.0221,0.0543,0.0000,36,0.8000,-0.5000,0
140.038,0.7724,-0.5679,-0.0000,0.0733,0.0221,0.0543,0.0000,36,0.8000,-0.5000,0
140.058,0.7724,-0.5679,-0.0000,0.0733,0.0221,0.0543,0.0000,36,0.8000,-0.5000,0
140.078,0.7724,-0.5679,-0.0000,0.0733,0.0221,0.0543,0.0000,36,0.8000,-0.5000,0
140.098,0.7724,-0.5679,-0.0000,0.0733,0.0221,0.0543,0.0000,36,0.8000,-0.5000,0
140.120,0.7724,-0.5679,-0.0000,0.0733,0.0221,0.0543,0.0000,36,0.8000,-0.5000,0
140.138,0.7725,-0.5675,-0.0000,0.0729,0.0216,0.0530,0.0000,36,0.8000,-0.5000,0
140.158,0.7729,-0.5667,-0.0000,0.0720,0.0209,0.0514,0.0000,36,0.8000,-0.5000,0
140.178,0.7730,-0.5663,-0.0000,0.0716,0.0212,0.0521,0.0000,36,0.8000,-0.5000,0
140.198,0.7733,-0.5655,-0.0000,0.0708,0.0206,0.0505,0.0000,36,0.8000,-0.5000,0
140.219,0.7733,-0.5655,-0.0000,0.0708,0.0213,0.0524,0.0000,36,0.8000,-0.5000,0
140.238,0.7735,-0.5652,-0.0000,0.0704,0.0208,0.0512,0.0000,36,0.8000,-0.5000,0
140.258,0.7735,-0.5652,-0.0000,0.0704,0.0212,0.0521,0.0000,36,0.8000,-0.5000,0
140.278,0.7735,-0.5652,-0.0000,0.0704,0.0212,0.0521,0.0000,36,0.8000,-0.5000,0
140.298,0.7735,-0.5652,-0.0000,0.0704,0.0212,0.0521,0.0000,36,0.8000,-0.5000,0
140.318,0.7735,-0.5652,-0.0000,0.0704,0.0212,0.0521,0.0000,36,0.8000,-0.5000,0
140.338,0.7738,-0.5644,-0.0000,0.0695,0.0202,0.0496,0.0000,36,0.8000,-0.5000,0
140.358,0.7738,-0.5644,-0.0000,0.0695,0.0210,0.0515,0.0000,36,0.8000,-0.5000,0
140.378,0.7738,-0.5644,-0.0000,0.0695,0.0210,0.0515,0.0000,36,0.8000,-0.5000,0
140.399,0.7741,-0.5636,-0.0000,0.0687,0.0200,0.0490,0.0000,36,0.8000,-0.5000,0
140.419,0.7741,-0.5636,-0.0000,0.0687,0.0207,0.0509,0.0000,36,0.8000,-0.5000,0
140.438,0.7744,-0.5629,-0.0000,0.0679,0.0197,0.0485,0.0000,36,0.8000,-0.5000,0
140.459,0.7744,-0.5629,-0.0000,0.0679,0.0205,0.0503,0.0000,36,0.8000,-0.5000,0
140.478,0.7745,-0.5625,-0.0000,0.0675,0.0200,0.0491,0.0000,36,0.8000,-0.5000,0
140.498,0.7747,-0.5622,-0.0000,0.0671,0.0199,0.0488,0.0000,36,0.8000,-0.5000,0
140.518,0.7747,-0.5622,-0.0000,0.0671,0.0203,0.0497,0.0000,36,0.8000,-0.5000,0
140.538,0.7747,-0.5622,-0.0000,0.0671,0.0203,0.0497,0.0000,36,0.8000,-0.5000,0
140.559,0.7747,-0.5622,-0.0000,0.0671,0.0203,0.0497,0.0000,36,0.8000,-0.5000,0
140.579,0.7748,-0.5618,-0.0000,0.0667,0.0198,0.0485,0.0000,36,0.8000,-0.5000,0
140.598,0.7748,-0.5618,-0.0000,0.0667,0.0201,0.0494,0.0000,36,0.8000,-0.5000,0
140.618,0.7748,-0.5618,-0.0000,0.0667,0.0201,0.0494,0.0000,36,0.8000,-0.5000,0
140.638,0.7748,-0.5618,-0.0000,0.0667,0.0201,0.0494,0.0000,36,0.8000,-0.5000,0
140.658,0.7750,-0.5614,-0.0000,0.0663,0.0196,0.0482,0.0000,36,0.8000,-0.5000,0
140.678,0.7751,-0.5611,-0.0000,0.0659,0.0195,0.0480,0.0000,36,0.8000,-0.5000,0
140.698,0.7751,-0.5611,-0.0000,0.0659,0.0199,0.0489,0.0000,36,0.8000,-0.5000,0
140.718,0.7754,-0.5604,-0.0000,0.0652,0.0189,0.0465,0.0000,36,0.8000,-0.5000,0
140.739,0.7754,-0.5604,-0.0000,0.0652,0.0197,0.0483,0.0000,36,0.8000,-0.5000,0
140.758,0.7754,-0.5604,-0.0000,0.0652,0.0197,0.0483,0.0000,36,0.8000,-0.5000,0
140.778,0.7757,-0.5597,-0.0000,0.0644,0.0187,0.0460,0.0000,36,0.8000,-0.5000,0
140.798,0.7759,-0.5593,-0.0000,0.0640,0.0190,0.0466,0.0000,36,0.8000,-0.5000,0
140.818,0.7760,-0.5590,-0.0000,0.0637,0.0189,0.0463,0.0000,36,0.8000,-0.5000,0
140.838,0.7761,-0.5586,-0.0000,0.0633,0.0187,0.0460,0.0000,36,0.8000,-0.5000,0
140.858,0.7761,-0.5586,-0.0000,0.0633,0.0191,0.0469,0.0000,36,0.8000,-0.5000,0
140.878,0.7761,-0.5586,-0.0000,0.0633,0.0191,0.0469,0.0000,36,0.8000,-0.5000,0
140.898,0.7761,-0.5586,-0.0000,0.0633,0.0191,0.0469,0.0000,36,0.8000,-0.5000,0
140.919,0.7761,-0.5586,-0.0000,0.0633,0.0191,0.0469,0.0000,36,0.8000,-0.5000,0
140.938,0.7763,-0.5583,-0.0000,0.0629,0.0186,0.0458,0.0000,36,0.8000,-0.5000,0
140.958,0.7763,-0.5583,-0.0000,0.0629,0.0190,0.0466,0.0000,36,0.8000,-0.5000,0
140.979,0.7763,-0.5583,-0.0000,0.0629,0.0190,0.0466,0.0000,36,0.8000,-0.5000,0
140.999,0.7763,-0.5583,-0.0000,0.0629,0.0190,0.0466,0.0000,36,0.8000,-0.5000,0
141.018,0.7763,-0.5583,-0.0000,0.0629,0.0190,0.0466,0.0000,36,0.8000,-0.5000,0
141.038,0.7763,-0.5583,-0.0000,0.0629,0.0190,0.0466,0.0000,36,0.8000,-0.5000,0
141.058,0.7763,-0.5583,-0.0000,0.0629,0.0190,0.0466,0.0000,36,0.8000,-0.5000,0
141.079,0.7763,-0.5583,-0.0000,0.0629,0.0190,0.0466,0.0000,36,0.8000,-0.5000,0
141.098,0.7764,-0.5579,-0.0000,0.0625,0.0185,0.0455,0.0000,36,0.8000,-0.5000,0
141.118,0.7767,-0.5572,-0.0000,0.0618,0.0180,0.0441,0.0000,36,0.8000,-0.5000,0
141.138,0.7768,-0.5569,-0.0000,0.0615,0.0182,0.0447,0.0000,36,0.8000,-0.5000,0
141.158,0.7772,-0.5559,-0.0000,0.0604,0.0172,0.0423,0.0000,36,0.8000,-0.5000,0
141.178,0.7772,-0.5559,-0.0000,0.0604,0.0182,0.0448,0.0000,36,0.8000,-0.5000,0
141.198,0.7774,-0.5556,-0.0000,0.0601,0.0178,0.0437,0.0000,36,0.8000,-0.5000,0
141.218,0.7775,-0.5553,-0.0000,0.0597,0.0177,0.0434,0.0000,36,0.8000,-0.5000,0
141.238,0.7775,-0.5553,-0.0000,0.0597,0.0180,0.0442,0.0000,36,0.8000,-0.5000,0
141.258,0.7775,-0.5553,-0.0000,0.0597,0.0180,0.0442,0.0000,36,0.8000,-0.5000,0
141.278,0.7776,-0.5550,-0.0000,0.0594,0.0176,0.0432,0.0000,36,0.8000,-0.5000,0
141.298,0.7776,-0.5550,-0.0000,0.0594,0.0179,0.0440,0.0000,36,0.8000,-0.5000,0
141.318,0.7776,-0.5550,-0.0000,0.0594,0.0179,0.0440,0.0000,36,0.8000,-0.5000,0
141.338,0.7776,-0.5550,-0.0000,0.0594,0.0179,0.0440,0.0000,36,0.8000,-0.5000,0
141.360,0.7776,-0.5550,-0.0000,0.0594,0.0179,0.0440,0.0000,36,0.8000,-0.5000,0
141.378,0.7776,-0.5550,-0.0000,0.0594,0.0179,0.0440,0.0000,36,0.8000,-0.5000,0
141.398,0.7776,-0.5550,-0.0000,0.0594,0.0179,0.0440,0.0000,36,0.8000,-0.5000,0
141.420,0.7776,-0.5550,-0.0000,0.0594,0.0179,0.0440,0.0000,36,0.8000,-0.5000,0
141.440,0.7776,-0.5550,-0.0000,0.0594,0.0179,0.0440,0.0000,36,0.8000,-0.5000,0
141.458,0.7777,-0.5546,-0.0000,0.0590,0.0175,0.0429,0.0000,36,0.8000,-0.5000,0
141.478,0.7779,-0.5543,-0.0000,0.0587,0.0174,0.0426,0.0000,36,0.8000,-0.5000,0
141.499,0.7781,-0.5537,-0.0000,0.0580,0.0168,0.0414,0.0000,36,0.8000,-0.5000,0
141.519,0.7784,-0.5531,-0.0000,0.0573,0.0167,0.0409,0.0000,36,0.8000,-0.5000,0
141.538,0.7784,-0.5531,-0.0000,0.0573,0.0173,0.0425,0.0000,36,0.8000,-0.5000,0
141.559,0.7784,-0.5531,-0.0000,0.0573,0.0173,0.0425,0.0000,36,0.8000,-0.5000,0
141.578,0.7786,-0.5525,-0.0000,0.0566,0.0165,0.0405,0.0000,36,0.8000,-0.5000,0
141.599,0.7788,-0.5522,-0.0000,0.0563,0.0167,0.0409,0.0000,36,0.8000,-0.5000,0
141.618,0.7788,-0.5522,-0.0000,0.0563,0.0170,0.0417,0.0000,36,0.8000,-0.5000,0
141.639,0.7788,-0.5522,-0.0000,0.0563,0.0170,0.0417,0.0000,36,0.8000,-0.5000,0
141.658,0.7789,-0.5519,-0.0000,0.0560,0.0166,0.0407,0.0000,36,0.8000,-0.5000,0
141.679,0.7789,-0.5519,-0.0000,0.0560,0.0169,0.0415,0.0000,36,0.8000,-0.5000,0
141.698,0.7789,-0.5519,-0.0000,0.0560,0.0169,0.0415,0.0000,36,0.8000,-0.5000,0
141.719,0.7789,-0.5519,-0.0000,0.0560,0.0169,0.0415,0.0000,36,0.8000,-0.5000,0
141.738,0.7789,-0.5519,-0.0000,0.0560,0.0169,0.0415,0.0000,36,0.8000,-0.5000,0
141.758,0.7789,-0.5519,-0.0000,0.0560,0.0169,0.0415,0.0000,36,0.8000,-0.5000,0
141.778,0.7789,-0.5519,-0.0000,0.0560,0.0169,0.0415,0.0000,36,0.8000,-0.5000,0
141.798,0.7789,-0.5519,-0.0000,0.0560,0.0169,0.0415,0.0000,36,0.8000,-0.5000,0
141.819,0.7789,-0.5519,-0.0000,0.0560,0.0169,0.0415,0.0000,36,0.8000,-0.5000,0
141.840,0.7789,-0.5519,-0.0000,0.0560,0.0169,0.0415,0.0000,36,0.8000,-0.5000,0
141.858,0.7791,-0.5512,-0.0000,0.0553,0.0161,0.0395,0.0000,36,0.8000,-0.5000,0
141.878,0.7793,-0.5509,-0.0000,0.0550,0.0163,0.0400,0.0000,36,0.8000,-0.5000,0
141.900,0.7795,-0.5504,-0.0000,0.0544,0.0158,0.0388,0.0000,36,0.8000,-0.5000,0
141.918,0.7795,-0.5504,-0.0000,0.0544,0.0164,0.0403,0.0000,36,0.8000,-0.5000,0
141.940,0.7795,-0.5504,-0.0000,0.0544,0.0164,0.0403,0.0000,36,0.8000,-0.5000,0
141.959,0.7795,-0.5504,-0.0000,0.0544,0.0164,0.0403,0.0000,36,0.8000,-0.5000,0
141.979,0.7795,-0.5504,-0.0000,0.0544,0.0164,0.0403,0.0000,36,0.8000,-0.5000,0
141.998,0.7795,-0.5504,-0.0000,0.0544,0.0164,0.0403,0.0000,36,0.8000,-0.5000,0
142.018,0.7795,-0.5504,-0.0000,0.0544,0.0164,0.0403,0.0000,36,0.8000,-0.5000,0
142.038,0.7795,-0.5504,-0.0000,0.0544,0.0164,0.0403,0.0000,36,0.8000,-0.5000,0
142.058,0.7795,-0.5504,-0.0000,0.0544,0.0164,0.0403,0.0000,36,0.8000,-0.5000,0
142.080,0.7795,-0.5504,-0.0000,0.0544,0.0164,0.0403,0.0000,36,0.8000,-0.5000,0
142.098,0.7797,-0.5498,-0.0000,0.0537,0.0156,0.0384,0.0000,36,0.8000,-0.5000,0
142.118,0.7800,-0.5492,-0.0000,0.0531,0.0154,0.0379,0.0000,36,0.8000,-0.5000,0
142.138,0.7802,-0.5486,-0.0000,0.0525,0.0153,0.0375,0.0000,36,0.8000,-0.5000,0
142.159,0.7804,-0.5481,-0.0000,0.0519,0.0151,0.0371,0.0000,36,0.8000,-0.5000,0
142.178,0.7804,-0.5481,-0.0000,0.0519,0.0157,0.0385,0.0000,36,0.8000,-0.5000,0
142.199,0.7804,-0.5481,-0.0000,0.0519,0.0157,0.0385,0.0000,36,0.8000,-0.5000,0
142.219,0.7807,-0.5475,-0.0000,0.0513,0.0149,0.0366,0.0000,36,0.8000,-0.5000,0
142.238,0.7807,-0.5475,-0.0000,0.0513,0.0155,0.0380,0.0000,36,0.8000,-0.5000,0
142.258,0.7807,-0.5475,-0.0000,0.0513,0.0155,0.0380,0.0000,36,0.8000,-0.5000,0
142.278,0.7807,-0.5475,-0.0000,0.0513,0.0155,0.0380,0.0000,36,0.8000,-0.5000,0
142.298,0.7807,-0.5475,-0.0000,0.0513,0.0155,0.0380,0.0000,36,0.8000,-0.5000,0
142.318,0.7807,-0.5475,-0.0000,0.0513,0.0155,0.0380,0.0000,36,0.8000,-0.5000,0
142.338,0.7807,-0.5475,-0.0000,0.0513,0.0155,0.0380,0.0000,36,0.8000,-0.5000,0
142.358,0.7809,-0.5470,-0.0000,0.0507,0.0147,0.0362,0.0000,36,0.8000,-0.5000,0
142.378,0.7811,-0.5464,-0.0000,0.0501,0.0146,0.0358,0.0000,36,0.8000,-0.5000,0
142.400,0.7813,-0.5459,-0.0000,0.0495,0.0000,0.0000,0.0000,36,0.8000,-0.5000,0
