t,x,y,theta,rho,vx,vy,w,wp_idx,ideal_x,ideal_y,reached
0.044,-0.5000,-1.0000,-0.0000,1.5000,0.2500,0.0000,0.0000,1,1.0000,-1.0000,0
0.065,-0.5000,-1.0000,-0.0000,1.5000,0.2500,0.0000,0.0000,1,1.0000,-1.0000,0
0.084,-0.5000,-1.0000,-0.0000,1.5000,0.2500,0.0000,0.0000,1,1.0000,-1.0000,0
0.103,-0.4982,-1.0000,-0.0000,1.4982,0.2500,0.0000,0.0000,1,1.0000,-1.0000,0
0.123,-0.4963,-1.0000,-0.0000,1.4963,0.2500,0.0000,0.0000,1,1.0000,-1.0000,0
0.143,-0.4963,-1.0000,-0.0000,1.4963,0.2500,0.0000,0.0000,1,1.0000,-1.0000,0
0.165,-0.4963,-1.0000,-0.0000,1.4963,0.2500,0.0000,0.0000,1,1.0000,-1.0000,0
0.183,-0.4945,-1.0000,-0.0000,1.4945,0.2500,0.0000,0.0000,1,1.0000,-1.0000,0
0.203,-0.4945,-1.0000,-0.0000,1.4945,0.2500,0.0000,0.0000,1,1.0000,-1.0000,0
0.224,-0.4945,-1.0000,-0.0000,1.4945,0.2500,0.0000,0.0000,1,1.0000,-1.0000,0
0.244,-0.4945,-1.0000,-0.0000,1.4945,0.2500,0.0000,0.0000,1,1.0000,-1.0000,0
0.263,-0.4945,-1.0000,-0.0000,1.4945,0.2500,0.0000,0.0000,1,1.0000,-1.0000,0
0.283,-0.4945,-1.0000,-0.0000,1.4945,0.2500,0.0000,0.0000,1,1.0000,-1.0000,0
0.303,-0.4945,-1.0000,-0.0000,1.4945,0.2500,0.0000,0.0000,1,1.0000,-1.0000,0
0.323,-0.4945,-1.0000,-0.0000,1.4945,0.2500,0.0000,0.0000,1,1.0000,-1.0000,0
0.343,-0.4945,-1.0000,-0.0000,1.4945,0.2500,0.0000,0.0000,1,1.0000,-1.0000,0
0.364,-0.4945,-1.0000,-0.0000,1.4945,0.2500,0.0000,0.0000,1,1.0000,-1.0000,0
0.384,-0.4945,-1.0000,-0.0000,1.4945,0.2500,0.0000,0.0000,1,1.0000,-1.0000,0
0.403,-0.4945,-1.0000,-0.0000,1.4945,0.2500,0.0000,0.0000,1,1.0000,-1.0000,0
0.423,-0.4945,-1.0000,-0.0000,1.4945,0.2500,0.0000,0.0000,1,1.0000,-1.0000,0
0.443,-0.4945,-1.0000,-0.0000,1.4945,0.2500,0.0000,0.0000,1,1.0000,-1.0000,0
0.463,-0.4908,-1.0000,-0.0000,1.4908,0.2500,0.0000,0.0000,1,1.0000,-1.0000,0
0.484,-0.4889,-1.0000,-0.0000,1.4889,0.2500,0.0000,0.0000,1,1.0000,-1.0000,0
0.503,-0.4889,-1.0000,-0.0000,1.4889,0.2500,0.0000,0.0000,1,1.0000,-1.0000,0
0.523,-0.4889,-1.0000,-0.0000,1.4889,0.2500,0.0000,0.0000,1,1.0000,-1.0000,0
0.543,-0.4889,-1.0000,-0.0000,1.4889,0.2500,0.0000,0.0000,1,1.0000,-1.0000,0
0.564,-0.4889,-1.0000,-0.0000,1.4889,0.2500,0.0000,0.0000,1,1.0000,-1.0000,0
0.584,-0.4889,-1.0000,-0.0000,1.4889,0.2500,0.0000,0.0000,1,1.0000,-1.0000,0
0.603,-0.4834,-1.0000,-0.0000,1.4834,0.2500,0.0000,0.0000,1,1.0000,-1.0000,0
0.623,-0.4779,-1.0000,-0.0000,1.4779,0.2500,0.0000,0.0000,1,1.0000,-1.0000,0
0.644,-0.4760,-1.0000,-0.0000,1.4760,0.2500,0.0000,0.0000,1,1.0000,-1.0000,0
0.666,-0.4760,-1.0000,-0.0000,1.4760,0.2500,0.0000,0.0000,1,1.0000,-1.0000,0
0.683,-0.4723,-1.0000,-0.0000,1.4723,0.2500,0.0000,0.0000,1,1.0000,-1.0000,0
0.703,-0.4705,-1.0000,-0.0000,1.4705,0.2500,0.0000,0.0000,1,1.0000,-1.0000,0
0.723,-0.4705,-1.0000,-0.0000,1.4705,0.2500,0.0000,0.0000,1,1.0000,-1.0000,0
0.744,-0.4705,-1.0000,-0.0000,1.4705,0.2500,0.0000,0.0000,1,1.0000,-1.0000,0
0.764,-0.4705,-1.0000,-0.0000,1.4705,0.2500,0.0000,0.0000,1,1.0000,-1.0000,0
0.783,-0.4686,-1.0000,-0.0000,1.4686,0.2500,0.0000,0.0000,1,1.0000,-1.0000,0
0.803,-0.4686,-1.0000,-0.0000,1.4686,0.2500,0.0000,0.0000,1,1.0000,-1.0000,0
0.823,-0.4686,-1.0000,-0.0000,1.4686,0.2500,0.0000,0.0000,1,1.0000,-1.0000,0
0.843,-0.4686,-1.0000,-0.0000,1.4686,0.2500,0.0000,0.0000,1,1.0000,-1.0000,0
0.863,-0.4686,-1.0000,-0.0000,1.4686,0.2500,0.0000,0.0000,1,1.0000,-1.0000,0
0.883,-0.4686,-1.0000,-0.0000,1.4686,0.2500,0.0000,0.0000,1,1.0000,-1.0000,0
0.903,-0.4686,-1.0000,-0.0000,1.4686,0.2500,0.0000,0.0000,1,1.0000,-1.0000,0
0.923,-0.4686,-1.0000,-0.0000,1.4686,0.2500,0.0000,0.0000,1,1.0000,-1.0000,0
0.944,-0.4686,-1.0000,-0.0000,1.4686,0.2500,0.0000,0.0000,1,1.0000,-1.0000,0
0.963,-0.4686,-1.0000,-0.0000,1.4686,0.2500,0.0000,0.0000,1,1.0000,-1.0000,0
0.985,-0.4668,-1.0000,-0.0000,1.4668,0.2500,0.0000,0.0000,1,1.0000,-1.0000,0
1.004,-0.4668,-1.0000,-0.0000,1.4668,0.2500,0.0000,0.0000,1,1.0000,-1.0000,0
1.024,-0.4649,-1.0000,-0.0000,1.4649,0.2500,0.0000,0.0000,1,1.0000,-1.0000,0
1.043,-0.4612,-1.0000,-0.0000,1.4612,0.2500,0.0000,0.0000,1,1.0000,-1.0000,0
1.063,-0.4594,-1.0000,-0.0000,1.4594,0.2500,0.0000,0.0000,1,1.0000,-1.0000,0
1.083,-0.4557,-1.0000,-0.0000,1.4557,0.2500,0.0000,0.0000,1,1.0000,-1.0000,0
1.103,-0.4557,-1.0000,-0.0000,1.4557,0.2500,0.0000,0.0000,1,1.0000,-1.0000,0
1.123,-0.4557,-1.0000,-0.0000,1.4557,0.2500,0.0000,0.0000,1,1.0000,-1.0000,0
1.145,-0.4557,-1.0000,-0.0000,1.4557,0.2500,0.0000,0.0000,1,1.0000,-1.0000,0
1.163,-0.4557,-1.0000,-0.0000,1.4557,0.2500,0.0000,0.0000,1,1.0000,-1.0000,0
1.183,-0.4557,-1.0000,-0.0000,1.4557,0.2500,0.0000,0.0000,1,1.0000,-1.0000,0
1.204,-0.4557,-1.0000,-0.0000,1.4557,0.2500,0.0000,0.0000,1,1.0000,-1.0000,0
1.225,-0.4539,-1.0000,-0.0000,1.4539,0.2500,0.0000,0.0000,1,1.0000,-1.0000,0
1.243,-0.4520,-1.0000,-0.0000,1.4520,0.2500,0.0000,0.0000,1,1.0000,-1.0000,0
1.263,-0.4483,-1.0000,-0.0000,1.4483,0.2500,0.0000,0.0000,1,1.0000,-1.0000,0
1.283,-0.4446,-1.0000,-0.0000,1.4446,0.2500,0.0000,0.0000,1,1.0000,-1.0000,0
1.303,-0.4428,-1.0000,-0.0000,1.4428,0.2500,0.0000,0.0000,1,1.0000,-1.0000,0
1.323,-0.4391,-1.0000,-0.0000,1.4391,0.2500,0.0000,0.0000,1,1.0000,-1.0000,0
1.343,-0.4391,-1.0000,-0.0000,1.4391,0.2500,0.0000,0.0000,1,1.0000,-1.0000,0
1.363,-0.4391,-1.0000,-0.0000,1.4391,0.2500,0.0000,0.0000,1,1.0000,-1.0000,0
1.383,-0.4391,-1.0000,-0.0000,1.4391,0.2500,0.0000,0.0000,1,1.0000,-1.0000,0
1.405,-0.4391,-1.0000,-0.0000,1.4391,0.2500,0.0000,0.0000,1,1.0000,-1.0000,0
1.423,-0.4372,-1.0000,-0.0000,1.4372,0.2500,0.0000,0.0000,1,1.0000,-1.0000,0
1.443,-0.4372,-1.0000,-0.0000,1.4372,0.2500,0.0000,0.0000,1,1.0000,-1.0000,0
1.463,-0.4372,-1.0000,-0.0000,1.4372,0.2500,0.0000,0.0000,1,1.0000,-1.0000,0
1.484,-0.4372,-1.0000,-0.0000,1.4372,0.2500,0.0000,0.0000,1,1.0000,-1.0000,0
1.503,-0.4372,-1.0000,-0.0000,1.4372,0.2500,0.0000,0.0000,1,1.0000,-1.0000,0
1.524,-0.4372,-1.0000,-0.0000,1.4372,0.2500,0.0000,0.0000,1,1.0000,-1.0000,0
1.543,-0.4372,-1.0000,-0.0000,1.4372,0.2500,0.0000,0.0000,1,1.0000,-1.0000,0
1.565,-0.4372,-1.0000,-0.0000,1.4372,0.2500,0.0000,0.0000,1,1.0000,-1.0000,0
1.583,-0.4354,-1.0000,-0.0000,1.4354,0.2500,0.0000,0.0000,1,1.0000,-1.0000,0
1.603,-0.4317,-1.0000,-0.0000,1.4317,0.2500,0.0000,0.0000,1,1.0000,-1.0000,0
1.623,-0.4280,-1.0000,-0.0000,1.4280,0.2500,0.0000,0.0000,1,1.0000,-1.0000,0
1.643,-0.4243,-1.0000,-0.0000,1.4243,0.2500,0.0000,0.0000,1,1.0000,-1.0000,0
1.664,-0.4243,-1.0000,-0.0000,1.4243,0.2500,0.0000,0.0000,1,1.0000,-1.0000,0
1.683,-0.4225,-1.0000,-0.0000,1.4225,0.2500,0.0000,0.0000,1,1.0000,-1.0000,0
1.705,-0.4206,-1.0000,-0.0000,1.4206,0.2500,0.0000,0.0000,1,1.0000,-1.0000,0
1.723,-0.4206,-1.0000,-0.0000,1.4206,0.2500,0.0000,0.0000,1,1.0000,-1.0000,0
1.743,-0.4188,-1.0000,-0.0000,1.4188,0.2500,0.0000,0.0000,1,1.0000,-1.0000,0
1.763,-0.4169,-1.0000,-0.0000,1.4169,0.2500,0.0000,0.0000,1,1.0000,-1.0000,0
1.783,-0.4169,-1.0000,-0.0000,1.4169,0.2500,0.0000,0.0000,1,1.0000,-1.0000,0
1.803,-0.4169,-1.0000,-0.0000,1.4169,0.2500,0.0000,0.0000,1,1.0000,-1.0000,0
1.823,-0.4169,-1.0000,-0.0000,1.4169,0.2500,0.0000,0.0000,1,1.0000,-1.0000,0
1.843,-0.4132,-1.0000,-0.0000,1.4132,0.2500,0.0000,0.0000,1,1.0000,-1.0000,0
1.863,-0.4132,-1.0000,-0.0000,1.4132,0.2500,0.0000,0.0000,1,1.0000,-1.0000,0
1.883,-0.4114,-1.0000,-0.0000,1.4114,0.2500,0.0000,0.0000,1,1.0000,-1.0000,0
1.904,-0.4095,-1.0000,-0.0000,1.4095,0.2500,0.0000,0.0000,1,1.0000,-1.0000,0
1.924,-0.4077,-1.0000,-0.0000,1.4077,0.2500,0.0000,0.0000,1,1.0000,-1.0000,0
1.943,-0.4040,-1.0000,-0.0000,1.4040,0.2500,0.0000,0.0000,1,1.0000,-1.0000,0
1.963,-0.4040,-1.0000,-0.0000,1.4040,0.2500,0.0000,0.0000,1,1.0000,-1.0000,0
1.983,-0.4040,-1.0000,-0.0000,1.4040,0.2500,0.0000,0.0000,1,1.0000,-1.0000,0
2.003,-0.4040,-1.0000,-0.0000,1.4040,0.2500,0.0000,0.0000,1,1.0000,-1.0000,0
2.023,-0.4022,-1.0000,-0.0000,1.4022,0.2500,0.0000,0.0000,1,1.0000,-1.0000,0
2.044,-0.4022,-1.0000,-0.0000,1.4022,0.2500,0.0000,0.0000,1,1.0000,-1.0000,0
2.063,-0.4022,-1.0000,-0.0000,1.4022,0.2500,0.0000,0.0000,1,1.0000,-1.0000,0
2.083,-0.4022,-1.0000,-0.0000,1.4022,0.2500,0.0000,0.0000,1,1.0000,-1.0000,0
2.104,-0.4003,-1.0000,-0.0000,1.4003,0.2500,0.0000,0.0000,1,1.0000,-1.0000,0
2.123,-0.3985,-1.0000,-0.0000,1.3985,0.2500,0.0000,0.0000,1,1.0000,-1.0000,0
2.143,-0.3985,-1.0000,-0.0000,1.3985,0.2500,0.0000,0.0000,1,1.0000,-1.0000,0
2.163,-0.3966,-1.0000,-0.0000,1.3966,0.2500,0.0000,0.0000,1,1.0000,-1.0000,0
2.183,-0.3948,-1.0000,-0.0000,1.3948,0.2500,0.0000,0.0000,1,1.0000,-1.0000,0
2.203,-0.3948,-1.0000,-0.0000,1.3948,0.2500,0.0000,0.0000,1,1.0000,-1.0000,0
2.223,-0.3929,-1.0000,-0.0000,1.3929,0.2500,0.0000,0.0000,1,1.0000,-1.0000,0
2.243,-0.3911,-1.0000,-0.0000,1.3911,0.2500,0.0000,0.0000,1,1.0000,-1.0000,0
2.263,-0.3911,-1.0000,-0.0000,1.3911,0.2500,0.0000,0.0000,1,1.0000,-1.0000,0
2.285,-0.3911,-1.0000,-0.0000,1.3911,0.2500,0.0000,0.0000,1,1.0000,-1.0000,0
2.304,-0.3874,-1.0000,-0.0000,1.3874,0.2500,0.0000,0.0000,1,1.0000,-1.0000,0
2.323,-0.3874,-1.0000,-0.0000,1.3874,0.2500,0.0000,0.0000,1,1.0000,-1.0000,0
2.343,-0.3874,-1.0000,-0.0000,1.3874,0.2500,0.0000,0.0000,1,1.0000,-1.0000,0
2.363,-0.3874,-1.0000,-0.0000,1.3874,0.2500,0.0000,0.0000,1,1.0000,-1.0000,0
2.383,-0.3855,-1.0000,-0.0000,1.3855,0.2500,0.0000,0.0000,1,1.0000,-1.0000,0
2.403,-0.3837,-1.0000,-0.0000,1.3837,0.2500,0.0000,0.0000,1,1.0000,-1.0000,0
2.423,-0.3819,-1.0000,-0.0000,1.3819,0.2500,0.0000,0.0000,1,1.0000,-1.0000,0
2.443,-0.3800,-1.0000,-0.0000,1.3800,0.2500,0.0000,0.0000,1,1.0000,-1.0000,0
2.463,-0.3800,-1.0000,-0.0000,1.3800,0.2500,0.0000,0.0000,1,1.0000,-1.0000,0
2.483,-0.3782,-1.0000,-0.0000,1.3782,0.2500,0.0000,0.0000,1,1.0000,-1.0000,0
2.503,-0.3763,-1.0000,-0.0000,1.3763,0.2500,0.0000,0.0000,1,1.0000,-1.0000,0
2.525,-0.3763,-1.0000,-0.0000,1.3763,0.2500,0.0000,0.0000,1,1.0000,-1.0000,0
2.543,-0.3745,-1.0000,-0.0000,1.3745,0.2500,0.0000,0.0000,1,1.0000,-1.0000,0
2.563,-0.3726,-1.0000,-0.0000,1.3726,0.2500,0.0000,0.0000,1,1.0000,-1.0000,0
2.583,-0.3726,-1.0000,-0.0000,1.3726,0.2500,0.0000,0.0000,1,1.0000,-1.0000,0
2.603,-0.3726,-1.0000,-0.0000,1.3726,0.2500,0.0000,0.0000,1,1.0000,-1.0000,0
2.625,-0.3726,-1.0000,-0.0000,1.3726,0.2500,0.0000,0.0000,1,1.0000,-1.0000,0
2.643,-0.3689,-1.0000,-0.0000,1.3689,0.2500,0.0000,0.0000,1,1.0000,-1.0000,0
2.663,-0.3689,-1.0000,-0.0000,1.3689,0.2500,0.0000,0.0000,1,1.0000,-1.0000,0
2.683,-0.3671,-1.0000,-0.0000,1.3671,0.2500,0.0000,0.0000,1,1.0000,-1.0000,0
2.703,-0.3652,-1.0000,-0.0000,1.3652,0.2500,0.0000,0.0000,1,1.0000,-1.0000,0
2.723,-0.3652,-1.0000,-0.0000,1.3652,0.2500,0.0000,0.0000,1,1.0000,-1.0000,0
2.745,-0.3652,-1.0000,-0.0000,1.3652,0.2500,0.0000,0.0000,1,1.0000,-1.0000,0
2.763,-0.3652,-1.0000,-0.0000,1.3652,0.2500,0.0000,0.0000,1,1.0000,-1.0000,0
2.785,-0.3652,-1.0000,-0.0000,1.3652,0.2500,0.0000,0.0000,1,1.0000,-1.0000,0
2.803,-0.3634,-1.0000,-0.0000,1.3634,0.2500,0.0000,0.0000,1,1.0000,-1.0000,0
2.825,-0.3634,-1.0000,-0.0000,1.3634,0.2500,0.0000,0.0000,1,1.0000,-1.0000,0
2.843,-0.3597,-1.0000,-0.0000,1.3597,0.2500,0.0000,0.0000,1,1.0000,-1.0000,0
2.863,-0.3579,-1.0000,-0.0000,1.3579,0.2500,0.0000,0.0000,1,1.0000,-1.0000,0
2.884,-0.3579,-1.0000,-0.0000,1.3579,0.2500,0.0000,0.0000,1,1.0000,-1.0000,0
2.903,-0.3542,-1.0000,-0.0000,1.3542,0.2500,0.0000,0.0000,1,1.0000,-1.0000,0
2.923,-0.3523,-1.0000,-0.0000,1.3523,0.2500,0.0000,0.0000,1,1.0000,-1.0000,0
2.944,-0.3523,-1.0000,-0.0000,1.3523,0.2500,0.0000,0.0000,1,1.0000,-1.0000,0
2.963,-0.3505,-1.0000,-0.0000,1.3505,0.2500,0.0000,0.0000,1,1.0000,-1.0000,0
2.983,-0.3468,-1.0000,-0.0000,1.3468,0.2500,0.0000,0.0000,1,1.0000,-1.0000,0
3.003,-0.3468,-1.0000,-0.0000,1.3468,0.2500,0.0000,0.0000,1,1.0000,-1.0000,0
3.023,-0.3468,-1.0000,-0.0000,1.3468,0.2500,0.0000,0.0000,1,1.0000,-1.0000,0
3.043,-0.3468,-1.0000,-0.0000,1.3468,0.2500,0.0000,0.0000,1,1.0000,-1.0000,0
3.063,-0.3449,-1.0000,-0.0000,1.3449,0.2500,0.0000,0.0000,1,1.0000,-1.0000,0
3.083,-0.3431,-1.0000,-0.0000,1.3431,0.2500,0.0000,0.0000,1,1.0000,-1.0000,0
3.104,-0.3431,-1.0000,-0.0000,1.3431,0.2500,0.0000,0.0000,1,1.0000,-1.0000,0
3.123,-0.3431,-1.0000,-0.0000,1.3431,0.2500,0.0000,0.0000,1,1.0000,-1.0000,0
3.143,-0.3431,-1.0000,-0.0000,1.3431,0.2500,0.0000,0.0000,1,1.0000,-1.0000,0
3.163,-0.3412,-1.0000,-0.0000,1.3412,0.2500,0.0000,0.0000,1,1.0000,-1.0000,0
3.184,-0.3412,-1.0000,-0.0000,1.3412,0.2500,0.0000,0.0000,1,1.0000,-1.0000,0
3.203,-0.3412,-1.0000,-0.0000,1.3412,0.2500,0.0000,0.0000,1,1.0000,-1.0000,0
3.223,-0.3412,-1.0000,-0.0000,1.3412,0.2500,0.0000,0.0000,1,1.0000,-1.0000,0
3.243,-0.3394,-1.0000,-0.0000,1.3394,0.2500,0.0000,0.0000,1,1.0000,-1.0000,0
3.264,-0.3357,-1.0000,-0.0000,1.3357,0.2500,0.0000,0.0000,1,1.0000,-1.0000,0
3.283,-0.3357,-1.0000,-0.0000,1.3357,0.2500,0.0000,0.0000,1,1.0000,-1.0000,0
3.303,-0.3339,-1.0000,-0.0000,1.3339,0.2500,0.0000,0.0000,1,1.0000,-1.0000,0
3.323,-0.3302,-1.0000,-0.0000,1.3302,0.2500,0.0000,0.0000,1,1.0000,-1.0000,0
3.344,-0.3302,-1.0000,-0.0000,1.3302,0.2500,0.0000,0.0000,1,1.0000,-1.0000,0
3.365,-0.3302,-1.0000,-0.0000,1.3302,0.2500,0.0000,0.0000,1,1.0000,-1.0000,0
3.383,-0.3283,-1.0000,-0.0000,1.3283,0.2500,0.0000,0.0000,1,1.0000,-1.0000,0
3.403,-0.3265,-1.0000,-0.0000,1.3265,0.2500,0.0000,0.0000,1,1.0000,-1.0000,0
3.423,-0.3246,-1.0000,-0.0000,1.3246,0.2500,0.0000,0.0000,1,1.0000,-1.0000,0
3.443,-0.3228,-1.0000,-0.0000,1.3228,0.2500,0.0000,0.0000,1,1.0000,-1.0000,0
3.463,-0.3228,-1.0000,-0.0000,1.3228,0.2500,0.0000,0.0000,1,1.0000,-1.0000,0
3.484,-0.3228,-1.0000,-0.0000,1.3228,0.2500,0.0000,0.0000,1,1.0000,-1.0000,0
3.503,-0.3228,-1.0000,-0.0000,1.3228,0.2500,0.0000,0.0000,1,1.0000,-1.0000,0
3.523,-0.3209,-1.0000,-0.0000,1.3209,0.2500,0.0000,0.0000,1,1.0000,-1.0000,0
3.543,-0.3209,-1.0000,-0.0000,1.3209,0.2500,0.0000,0.0000,1,1.0000,-1.0000,0
3.564,-0.3209,-1.0000,-0.0000,1.3209,0.2500,0.0000,0.0000,1,1.0000,-1.0000,0
3.583,-0.3191,-1.0000,-0.0000,1.3191,0.2500,0.0000,0.0000,1,1.0000,-1.0000,0
3.603,-0.3172,-1.0000,-0.0000,1.3172,0.2500,0.0000,0.0000,1,1.0000,-1.0000,0
3.624,-0.3172,-1.0000,-0.0000,1.3172,0.2500,0.0000,0.0000,1,1.0000,-1.0000,0
3.643,-0.3172,-1.0000,-0.0000,1.3172,0.2500,0.0000,0.0000,1,1.0000,-1.0000,0
3.664,-0.3172,-1.0000,-0.0000,1.3172,0.2500,0.0000,0.0000,1,1.0000,-1.0000,0
3.683,-0.3135,-1.0000,-0.0000,1.3135,0.2500,0.0000,0.0000,1,1.0000,-1.0000,0
3.704,-0.3135,-1.0000,-0.0000,1.3135,0.2500,0.0000,0.0000,1,1.0000,-1.0000,0
3.723,-0.3135,-1.0000,-0.0000,1.3135,0.2500,0.0000,0.0000,1,1.0000,-1.0000,0
3.744,-0.3099,-1.0000,-0.0000,1.3099,0.2500,0.0000,0.0000,1,1.0000,-1.0000,0
3.763,-0.3080,-1.0000,-0.0000,1.3080,0.2500,0.0000,0.0000,1,1.0000,-1.0000,0
3.784,-0.3080,-1.0000,-0.0000,1.3080,0.2500,0.0000,0.0000,1,1.0000,-1.0000,0
3.803,-0.3080,-1.0000,-0.0000,1.3080,0.2500,0.0000,0.0000,1,1.0000,-1.0000,0
3.825,-0.3080,-1.0000,-0.0000,1.3080,0.2500,0.0000,0.0000,1,1.0000,-1.0000,0
3.845,-0.3062,-1.0000,-0.0000,1.3062,0.2500,0.0000,0.0000,1,1.0000,-1.0000,0
3.863,-0.3043,-1.0000,-0.0000,1.3043,0.2500,0.0000,0.0000,1,1.0000,-1.0000,0
3.884,-0.3043,-1.0000,-0.0000,1.3043,0.2500,0.0000,0.0000,1,1.0000,-1.0000,0
3.903,-0.3006,-1.0000,-0.0000,1.3006,0.2500,0.0000,0.0000,1,1.0000,-1.0000,0
3.923,-0.3006,-1.0000,-0.0000,1.3006,0.2500,0.0000,0.0000,1,1.0000,-1.0000,0
3.943,-0.3006,-1.0000,-0.0000,1.3006,0.2500,0.0000,0.0000,1,1.0000,-1.0000,0
3.963,-0.2951,-1.0000,-0.0000,1.2951,0.2500,0.0000,0.0000,1,1.0000,-1.0000,0
3.985,-0.2951,-1.0000,-0.0000,1.2951,0.2500,0.0000,0.0000,1,1.0000,-1.0000,0
4.003,-0.2951,-1.0000,-0.0000,1.2951,0.2500,0.0000,0.0000,1,1.0000,-1.0000,0
4.023,-0.2914,-1.0000,-0.0000,1.2914,0.2500,0.0000,0.0000,1,1.0000,-1.0000,0
4.044,-0.2877,-1.0000,-0.0000,1.2877,0.2500,0.0000,0.0000,1,1.0000,-1.0000,0
4.063,-0.2859,-1.0000,-0.0000,1.2859,0.2500,0.0000,0.0000,1,1.0000,-1.0000,0
4.083,-0.2840,-1.0000,-0.0000,1.2840,0.2500,0.0000,0.0000,1,1.0000,-1.0000,0
4.103,-0.2840,-1.0000,-0.0000,1.2840,0.2500,0.0000,0.0000,1,1.0000,-1.0000,0
4.124,-0.2840,-1.0000,-0.0000,1.2840,0.2500,0.0000,0.0000,1,1.0000,-1.0000,0
4.143,-0.2840,-1.0000,-0.0000,1.2840,0.2500,0.0000,0.0000,1,1.0000,-1.0000,0
4.163,-0.2840,-1.0000,-0.0000,1.2840,0.2500,0.0000,0.0000,1,1.0000,-1.0000,0
4.184,-0.2822,-1.0000,-0.0000,1.2822,0.2500,0.0000,0.0000,1,1.0000,-1.0000,0
4.205,-0.2803,-1.0000,-0.0000,1.2803,0.2500,0.0000,0.0000,1,1.0000,-1.0000,0
4.223,-0.2766,-1.0000,-0.0000,1.2766,0.2500,0.0000,0.0000,1,1.0000,-1.0000,0
4.243,-0.2766,-1.0000,-0.0000,1.2766,0.2500,0.0000,0.0000,1,1.0000,-1.0000,0
4.263,-0.2766,-1.0000,-0.0000,1.2766,0.2500,0.0000,0.0000,1,1.0000,-1.0000,0
4.283,-0.2748,-1.0000,-0.0000,1.2748,0.2500,0.0000,0.0000,1,1.0000,-1.0000,0
4.303,-0.2711,-1.0000,-0.0000,1.2711,0.2500,0.0000,0.0000,1,1.0000,-1.0000,0
4.323,-0.2711,-1.0000,-0.0000,1.2711,0.2500,0.0000,0.0000,1,1.0000,-1.0000,0
4.343,-0.2692,-1.0000,-0.0000,1.2692,0.2500,0.0000,0.0000,1,1.0000,-1.0000,0
4.363,-0.2674,-1.0000,-0.0000,1.2674,0.2500,0.0000,0.0000,1,1.0000,-1.0000,0
4.384,-0.2674,-1.0000,-0.0000,1.2674,0.2500,0.0000,0.0000,1,1.0000,-1.0000,0
4.403,-0.2674,-1.0000,-0.0000,1.2674,0.2500,0.0000,0.0000,1,1.0000,-1.0000,0
4.423,-0.2674,-1.0000,-0.0000,1.2674,0.2500,0.0000,0.0000,1,1.0000,-1.0000,0
4.443,-0.2674,-1.0000,-0.0000,1.2674,0.2500,0.0000,0.0000,1,1.0000,-1.0000,0
4.464,-0.2637,-1.0000,-0.0000,1.2637,0.2500,0.0000,0.0000,1,1.0000,-1.0000,0
4.483,-0.2619,-1.0000,-0.0000,1.2619,0.2500,0.0000,0.0000,1,1.0000,-1.0000,0
4.503,-0.2619,-1.0000,-0.0000,1.2619,0.2500,0.0000,0.0000,1,1.0000,-1.0000,0
4.523,-0.2619,-1.0000,-0.0000,1.2619,0.2500,0.0000,0.0000,1,1.0000,-1.0000,0
4.543,-0.2619,-1.0000,-0.0000,1.2619,0.2500,0.0000,0.0000,1,1.0000,-1.0000,0
4.566,-0.2619,-1.0000,-0.0000,1.2619,0.2500,0.0000,0.0000,1,1.0000,-1.0000,0
4.583,-0.2600,-1.0000,-0.0000,1.2600,0.2500,0.0000,0.0000,1,1.0000,-1.0000,0
4.603,-0.2582,-1.0000,-0.0000,1.2582,0.2500,0.0000,0.0000,1,1.0000,-1.0000,0
4.623,-0.2582,-1.0000,-0.0000,1.2582,0.2500,0.0000,0.0000,1,1.0000,-1.0000,0
4.643,-0.2563,-1.0000,-0.0000,1.2563,0.2500,0.0000,0.0000,1,1.0000,-1.0000,0
4.665,-0.2526,-1.0000,-0.0000,1.2526,0.2500,0.0000,0.0000,1,1.0000,-1.0000,0
4.683,-0.2526,-1.0000,-0.0000,1.2526,0.2500,0.0000,0.0000,1,1.0000,-1.0000,0
4.703,-0.2508,-1.0000,-0.0000,1.2508,0.2500,0.0000,0.0000,1,1.0000,-1.0000,0
4.723,-0.2489,-1.0000,-0.0000,1.2489,0.2500,0.0000,0.0000,1,1.0000,-1.0000,0
4.745,-0.2489,-1.0000,-0.0000,1.2489,0.2500,0.0000,0.0000,1,1.0000,-1.0000,0
4.763,-0.2452,-1.0000,-0.0000,1.2452,0.2500,0.0000,0.0000,1,1.0000,-1.0000,0
4.783,-0.2452,-1.0000,-0.0000,1.2452,0.2500,0.0000,0.0000,1,1.0000,-1.0000,0
4.803,-0.2452,-1.0000,-0.0000,1.2452,0.2500,0.0000,0.0000,1,1.0000,-1.0000,0
4.823,-0.2434,-1.0000,-0.0000,1.2434,0.2500,0.0000,0.0000,1,1.0000,-1.0000,0
4.843,-0.2434,-1.0000,-0.0000,1.2434,0.2500,0.0000,0.0000,1,1.0000,-1.0000,0
4.863,-0.2434,-1.0000,-0.0000,1.2434,0.2500,0.0000,0.0000,1,1.0000,-1.0000,0
4.884,-0.2434,-1.0000,-0.0000,1.2434,0.2500,0.0000,0.0000,1,1.0000,-1.0000,0
4.903,-0.2415,-1.0000,-0.0000,1.2415,0.2500,0.0000,0.0000,1,1.0000,-1.0000,0
4.923,-0.2415,-1.0000,-0.0000,1.2415,0.2500,0.0000,0.0000,1,1.0000,-1.0000,0
4.944,-0.2415,-1.0000,-0.0000,1.2415,0.2500,0.0000,0.0000,1,1.0000,-1.0000,0
4.963,-0.2415,-1.0000,-0.0000,1.2415,0.2500,0.0000,0.0000,1,1.0000,-1.0000,0
4.983,-0.2397,-1.0000,-0.0000,1.2397,0.2500,0.0000,0.0000,1,1.0000,-1.0000,0
5.004,-0.2379,-1.0000,-0.0000,1.2379,0.2500,0.0000,0.0000,1,1.0000,-1.0000,0
5.023,-0.2379,-1.0000,-0.0000,1.2379,0.2500,0.0000,0.0000,1,1.0000,-1.0000,0
5.043,-0.2360,-1.0000,-0.0000,1.2360,0.2500,0.0000,0.0000,1,1.0000,-1.0000,0
5.063,-0.2323,-1.0000,-0.0000,1.2323,0.2500,0.0000,0.0000,1,1.0000,-1.0000,0
5.083,-0.2323,-1.0000,-0.0000,1.2323,0.2500,0.0000,0.0000,1,1.0000,-1.0000,0
5.103,-0.2286,-1.0000,-0.0000,1.2286,0.2500,0.0000,0.0000,1,1.0000,-1.0000,0
5.123,-0.2286,-1.0000,-0.0000,1.2286,0.2500,0.0000,0.0000,1,1.0000,-1.0000,0
5.143,-0.2286,-1.0000,-0.0000,1.2286,0.2500,0.0000,0.0000,1,1.0000,-1.0000,0
5.163,-0.2286,-1.0000,-0.0000,1.2286,0.2500,0.0000,0.0000,1,1.0000,-1.0000,0
5.185,-0.2286,-1.0000,-0.0000,1.2286,0.2500,0.0000,0.0000,1,1.0000,-1.0000,0
5.204,-0.2268,-1.0000,-0.0000,1.2268,0.2500,0.0000,0.0000,1,1.0000,-1.0000,0
5.223,-0.2268,-1.0000,-0.0000,1.2268,0.2500,0.0000,0.0000,1,1.0000,-1.0000,0
5.243,-0.2231,-1.0000,-0.0000,1.2231,0.2500,0.0000,0.0000,1,1.0000,-1.0000,0
5.263,-0.2231,-1.0000,-0.0000,1.2231,0.2500,0.0000,0.0000,1,1.0000,-1.0000,0
5.283,-0.2231,-1.0000,-0.0000,1.2231,0.2500,0.0000,0.0000,1,1.0000,-1.0000,0
5.303,-0.2175,-1.0000,-0.0000,1.2175,0.2500,0.0000,0.0000,1,1.0000,-1.0000,0
5.323,-0.2175,-1.0000,-0.0000,1.2175,0.2500,0.0000,0.0000,1,1.0000,-1.0000,0
5.345,-0.2175,-1.0000,-0.0000,1.2175,0.2500,0.0000,0.0000,1,1.0000,-1.0000,0
5.363,-0.2175,-1.0000,-0.0000,1.2175,0.2500,0.0000,0.0000,1,1.0000,-1.0000,0
5.383,-0.2157,-1.0000,-0.0000,1.2157,0.2500,0.0000,0.0000,1,1.0000,-1.0000,0
5.403,-0.2120,-1.0000,-0.0000,1.2120,0.2500,0.0000,0.0000,1,1.0000,-1.0000,0
5.423,-0.2120,-1.0000,-0.0000,1.2120,0.2500,0.0000,0.0000,1,1.0000,-1.0000,0
5.443,-0.2120,-1.0000,-0.0000,1.2120,0.2500,0.0000,0.0000,1,1.0000,-1.0000,0
5.464,-0.2120,-1.0000,-0.0000,1.2120,0.2500,0.0000,0.0000,1,1.0000,-1.0000,0
5.484,-0.2083,-1.0000,-0.0000,1.2083,0.2500,0.0000,0.0000,1,1.0000,-1.0000,0
5.503,-0.2083,-1.0000,-0.0000,1.2083,0.2500,0.0000,0.0000,1,1.0000,-1.0000,0
5.523,-0.2083,-1.0000,-0.0000,1.2083,0.2500,0.0000,0.0000,1,1.0000,-1.0000,0
5.543,-0.2065,-1.0000,-0.0000,1.2065,0.2500,0.0000,0.0000,1,1.0000,-1.0000,0
5.564,-0.2065,-1.0000,-0.0000,1.2065,0.2500,0.0000,0.0000,1,1.0000,-1.0000,0
5.583,-0.2065,-1.0000,-0.0000,1.2065,0.2500,0.0000,0.0000,1,1.0000,-1.0000,0
5.604,-0.2065,-1.0000,-0.0000,1.2065,0.2500,0.0000,0.0000,1,1.0000,-1.0000,0
5.624,-0.2028,-1.0000,-0.0000,1.2028,0.2500,0.0000,0.0000,1,1.0000,-1.0000,0
5.643,-0.2028,-1.0000,-0.0000,1.2028,0.2500,0.0000,0.0000,1,1.0000,-1.0000,0
5.663,-0.1972,-1.0000,-0.0000,1.1972,0.2500,0.0000,0.0000,1,1.0000,-1.0000,0
5.684,-0.1954,-1.0000,-0.0000,1.1954,0.2500,0.0000,0.0000,1,1.0000,-1.0000,0
5.703,-0.1954,-1.0000,-0.0000,1.1954,0.2500,0.0000,0.0000,1,1.0000,-1.0000,0
5.723,-0.1935,-1.0000,-0.0000,1.1935,0.2500,0.0000,0.0000,1,1.0000,-1.0000,0
5.743,-0.1899,-1.0000,-0.0000,1.1899,0.2500,0.0000,0.0000,1,1.0000,-1.0000,0
5.763,-0.1880,-1.0000,-0.0000,1.1880,0.2500,0.0000,0.0000,1,1.0000,-1.0000,0
5.783,-0.1862,-1.0000,-0.0000,1.1862,0.2500,0.0000,0.0000,1,1.0000,-1.0000,0
5.803,-0.1862,-1.0000,-0.0000,1.1862,0.2500,0.0000,0.0000,1,1.0000,-1.0000,0
5.824,-0.1862,-1.0000,-0.0000,1.1862,0.2500,0.0000,0.0000,1,1.0000,-1.0000,0
5.843,-0.1862,-1.0000,-0.0000,1.1862,0.2500,0.0000,0.0000,1,1.0000,-1.0000,0
5.863,-0.1843,-1.0000,-0.0000,1.1843,0.2500,0.0000,0.0000,1,1.0000,-1.0000,0
5.884,-0.1843,-1.0000,-0.0000,1.1843,0.2500,0.0000,0.0000,1,1.0000,-1.0000,0
5.903,-0.1843,-1.0000,-0.0000,1.1843,0.2500,0.0000,0.0000,1,1.0000,-1.0000,0
5.923,-0.1806,-1.0000,-0.0000,1.1806,0.2500,0.0000,0.0000,1,1.0000,-1.0000,0
5.943,-0.1806,-1.0000,-0.0000,1.1806,0.2500,0.0000,0.0000,1,1.0000,-1.0000,0
5.964,-0.1806,-1.0000,-0.0000,1.1806,0.2500,0.0000,0.0000,1,1.0000,-1.0000,0
5.983,-0.1806,-1.0000,-0.0000,1.1806,0.2500,0.0000,0.0000,1,1.0000,-1.0000,0
6.003,-0.1788,-1.0000,-0.0000,1.1788,0.2500,0.0000,0.0000,1,1.0000,-1.0000,0
6.025,-0.1769,-1.0000,-0.0000,1.1769,0.2500,0.0000,0.0000,1,1.0000,-1.0000,0
6.043,-0.1769,-1.0000,-0.0000,1.1769,0.2500,0.0000,0.0000,1,1.0000,-1.0000,0
6.063,-0.1751,-1.0000,-0.0000,1.1751,0.2500,0.0000,0.0000,1,1.0000,-1.0000,0
6.083,-0.1732,-1.0000,-0.0000,1.1732,0.2500,0.0000,0.0000,1,1.0000,-1.0000,0
6.104,-0.1732,-1.0000,-0.0000,1.1732,0.2500,0.0000,0.0000,1,1.0000,-1.0000,0
6.123,-0.1732,-1.0000,-0.0000,1.1732,0.2500,0.0000,0.0000,1,1.0000,-1.0000,0
6.146,-0.1732,-1.0000,-0.0000,1.1732,0.2500,0.0000,0.0000,1,1.0000,-1.0000,0
6.164,-0.1714,-1.0000,-0.0000,1.1714,0.2500,0.0000,0.0000,1,1.0000,-1.0000,0
6.183,-0.1714,-1.0000,-0.0000,1.1714,0.2500,0.0000,0.0000,1,1.0000,-1.0000,0
6.203,-0.1714,-1.0000,-0.0000,1.1714,0.2500,0.0000,0.0000,1,1.0000,-1.0000,0
6.223,-0.1714,-1.0000,-0.0000,1.1714,0.2500,0.0000,0.0000,1,1.0000,-1.0000,0
6.244,-0.1677,-1.0000,-0.0000,1.1677,0.2500,0.0000,0.0000,1,1.0000,-1.0000,0
6.265,-0.1677,-1.0000,-0.0000,1.1677,0.2500,0.0000,0.0000,1,1.0000,-1.0000,0
6.283,-0.1622,-1.0000,-0.0000,1.1622,0.2500,0.0000,0.0000,1,1.0000,-1.0000,0
6.304,-0.1622,-1.0000,-0.0000,1.1622,0.2500,0.0000,0.0000,1,1.0000,-1.0000,0
6.323,-0.1622,-1.0000,-0.0000,1.1622,0.2500,0.0000,0.0000,1,1.0000,-1.0000,0
6.343,-0.1585,-1.0000,-0.0000,1.1585,0.2500,0.0000,0.0000,1,1.0000,-1.0000,0
6.364,-0.1548,-1.0000,-0.0000,1.1548,0.2500,0.0000,0.0000,1,1.0000,-1.0000,0
6.384,-0.1548,-1.0000,-0.0000,1.1548,0.2500,0.0000,0.0000,1,1.0000,-1.0000,0
6.403,-0.1511,-1.0000,-0.0000,1.1511,0.2500,0.0000,0.0000,1,1.0000,-1.0000,0
6.423,-0.1511,-1.0000,-0.0000,1.1511,0.2500,0.0000,0.0000,1,1.0000,-1.0000,0
6.445,-0.1511,-1.0000,-0.0000,1.1511,0.2500,0.0000,0.0000,1,1.0000,-1.0000,0
6.463,-0.1492,-1.0000,-0.0000,1.1492,0.2500,0.0000,0.0000,1,1.0000,-1.0000,0
6.483,-0.1492,-1.0000,-0.0000,1.1492,0.2500,0.0000,0.0000,1,1.0000,-1.0000,0
6.506,-0.1492,-1.0000,-0.0000,1.1492,0.2500,0.0000,0.0000,1,1.0000,-1.0000,0
6.524,-0.1492,-1.0000,-0.0000,1.1492,0.2500,0.0000,0.0000,1,1.0000,-1.0000,0
6.543,-0.1455,-1.0000,-0.0000,1.1455,0.2500,0.0000,0.0000,1,1.0000,-1.0000,0
6.563,-0.1455,-1.0000,-0.0000,1.1455,0.2500,0.0000,0.0000,1,1.0000,-1.0000,0
6.583,-0.1455,-1.0000,-0.0000,1.1455,0.2500,0.0000,0.0000,1,1.0000,-1.0000,0
6.605,-0.1455,-1.0000,-0.0000,1.1455,0.2500,0.0000,0.0000,1,1.0000,-1.0000,0
6.623,-0.1419,-1.0000,-0.0000,1.1419,0.2500,0.0000,0.0000,1,1.0000,-1.0000,0
6.644,-0.1419,-1.0000,-0.0000,1.1419,0.2500,0.0000,0.0000,1,1.0000,-1.0000,0
6.663,-0.1400,-1.0000,-0.0000,1.1400,0.2500,0.0000,0.0000,1,1.0000,-1.0000,0
6.683,-0.1363,-1.0000,-0.0000,1.1363,0.2500,0.0000,0.0000,1,1.0000,-1.0000,0
6.704,-0.1363,-1.0000,-0.0000,1.1363,0.2500,0.0000,0.0000,1,1.0000,-1.0000,0
6.723,-0.1363,-1.0000,-0.0000,1.1363,0.2500,0.0000,0.0000,1,1.0000,-1.0000,0
6.743,-0.1326,-1.0000,-0.0000,1.1326,0.2500,0.0000,0.0000,1,1.0000,-1.0000,0
6.763,-0.1326,-1.0000,-0.0000,1.1326,0.2500,0.0000,0.0000,1,1.0000,-1.0000,0
6.783,-0.1326,-1.0000,-0.0000,1.1326,0.2500,0.0000,0.0000,1,1.0000,-1.0000,0
6.803,-0.1308,-1.0000,-0.0000,1.1308,0.2500,0.0000,0.0000,1,1.0000,-1.0000,0
6.823,-0.1308,-1.0000,-0.0000,1.1308,0.2500,0.0000,0.0000,1,1.0000,-1.0000,0
6.843,-0.1308,-1.0000,-0.0000,1.1308,0.2500,0.0000,0.0000,1,1.0000,-1.0000,0
6.863,-0.1308,-1.0000,-0.0000,1.1308,0.2500,0.0000,0.0000,1,1.0000,-1.0000,0
6.885,-0.1308,-1.0000,-0.0000,1.1308,0.2500,0.0000,0.0000,1,1.0000,-1.0000,0
6.905,-0.1289,-1.0000,-0.0000,1.1289,0.2500,0.0000,0.0000,1,1.0000,-1.0000,0
6.923,-0.1271,-1.0000,-0.0000,1.1271,0.2500,0.0000,0.0000,1,1.0000,-1.0000,0
6.943,-0.1252,-1.0000,-0.0000,1.1252,0.2500,0.0000,0.0000,1,1.0000,-1.0000,0
6.963,-0.1234,-1.0000,-0.0000,1.1234,0.2500,0.0000,0.0000,1,1.0000,-1.0000,0
6.983,-0.1234,-1.0000,-0.0000,1.1234,0.2500,0.0000,0.0000,1,1.0000,-1.0000,0
7.005,-0.1234,-1.0000,-0.0000,1.1234,0.2500,0.0000,0.0000,1,1.0000,-1.0000,0
7.023,-0.1197,-1.0000,-0.0000,1.1197,0.2500,0.0000,0.0000,1,1.0000,-1.0000,0
7.044,-0.1197,-1.0000,-0.0000,1.1197,0.2500,0.0000,0.0000,1,1.0000,-1.0000,0
7.063,-0.1197,-1.0000,-0.0000,1.1197,0.2500,0.0000,0.0000,1,1.0000,-1.0000,0
7.083,-0.1197,-1.0000,-0.0000,1.1197,0.2500,0.0000,0.0000,1,1.0000,-1.0000,0
7.103,-0.1179,-1.0000,-0.0000,1.1179,0.2500,0.0000,0.0000,1,1.0000,-1.0000,0
7.124,-0.1179,-1.0000,-0.0000,1.1179,0.2500,0.0000,0.0000,1,1.0000,-1.0000,0
7.143,-0.1179,-1.0000,-0.0000,1.1179,0.2500,0.0000,0.0000,1,1.0000,-1.0000,0
7.166,-0.1179,-1.0000,-0.0000,1.1179,0.2500,0.0000,0.0000,1,1.0000,-1.0000,0
7.184,-0.1160,-1.0000,-0.0000,1.1160,0.2500,0.0000,0.0000,1,1.0000,-1.0000,0
7.203,-0.1142,-1.0000,-0.0000,1.1142,0.2500,0.0000,0.0000,1,1.0000,-1.0000,0
7.224,-0.1142,-1.0000,-0.0000,1.1142,0.2500,0.0000,0.0000,1,1.0000,-1.0000,0
7.243,-0.1105,-1.0000,-0.0000,1.1105,0.2500,0.0000,0.0000,1,1.0000,-1.0000,0
7.264,-0.1105,-1.0000,-0.0000,1.1105,0.2500,0.0000,0.0000,1,1.0000,-1.0000,0
7.283,-0.1105,-1.0000,-0.0000,1.1105,0.2500,0.0000,0.0000,1,1.0000,-1.0000,0
7.304,-0.1049,-1.0000,-0.0000,1.1049,0.2500,0.0000,0.0000,1,1.0000,-1.0000,0
7.323,-0.1031,-1.0000,-0.0000,1.1031,0.2500,0.0000,0.0000,1,1.0000,-1.0000,0
7.343,-0.1012,-1.0000,-0.0000,1.1012,0.2500,0.0000,0.0000,1,1.0000,-1.0000,0
7.364,-0.0994,-1.0000,-0.0000,1.0994,0.2500,0.0000,0.0000,1,1.0000,-1.0000,0
7.383,-0.0994,-1.0000,-0.0000,1.0994,0.2500,0.0000,0.0000,1,1.0000,-1.0000,0
7.403,-0.0994,-1.0000,-0.0000,1.0994,0.2500,0.0000,0.0000,1,1.0000,-1.0000,0
7.423,-0.0994,-1.0000,-0.0000,1.0994,0.2500,0.0000,0.0000,1,1.0000,-1.0000,0
7.443,-0.0975,-1.0000,-0.0000,1.0975,0.2500,0.0000,0.0000,1,1.0000,-1.0000,0
7.463,-0.0975,-1.0000,-0.0000,1.0975,0.2500,0.0000,0.0000,1,1.0000,-1.0000,0
7.483,-0.0975,-1.0000,-0.0000,1.0975,0.2500,0.0000,0.0000,1,1.0000,-1.0000,0
7.503,-0.0957,-1.0000,-0.0000,1.0957,0.2500,0.0000,0.0000,1,1.0000,-1.0000,0
7.523,-0.0939,-1.0000,-0.0000,1.0939,0.2500,0.0000,0.0000,1,1.0000,-1.0000,0
7.543,-0.0939,-1.0000,-0.0000,1.0939,0.2500,0.0000,0.0000,1,1.0000,-1.0000,0
7.566,-0.0939,-1.0000,-0.0000,1.0939,0.2500,0.0000,0.0000,1,1.0000,-1.0000,0
7.583,-0.0902,-1.0000,-0.0000,1.0902,0.2500,0.0000,0.0000,1,1.0000,-1.0000,0
7.604,-0.0902,-1.0000,-0.0000,1.0902,0.2500,0.0000,0.0000,1,1.0000,-1.0000,0
7.623,-0.0902,-1.0000,-0.0000,1.0902,0.2500,0.0000,0.0000,1,1.0000,-1.0000,0
7.643,-0.0883,-1.0000,-0.0000,1.0883,0.2500,0.0000,0.0000,1,1.0000,-1.0000,0
7.663,-0.0846,-1.0000,-0.0000,1.0846,0.2500,0.0000,0.0000,1,1.0000,-1.0000,0
7.684,-0.0846,-1.0000,-0.0000,1.0846,0.2500,0.0000,0.0000,1,1.0000,-1.0000,0
7.703,-0.0809,-1.0000,-0.0000,1.0809,0.2500,0.0000,0.0000,1,1.0000,-1.0000,0
7.723,-0.0809,-1.0000,-0.0000,1.0809,0.2500,0.0000,0.0000,1,1.0000,-1.0000,0
7.744,-0.0809,-1.0000,-0.0000,1.0809,0.2500,0.0000,0.0000,1,1.0000,-1.0000,0
7.763,-0.0809,-1.0000,-0.0000,1.0809,0.2500,0.0000,0.0000,1,1.0000,-1.0000,0
7.785,-0.0809,-1.0000,-0.0000,1.0809,0.2500,0.0000,0.0000,1,1.0000,-1.0000,0
7.803,-0.0791,-1.0000,-0.0000,1.0791,0.2500,0.0000,0.0000,1,1.0000,-1.0000,0
7.823,-0.0791,-1.0000,-0.0000,1.0791,0.2500,0.0000,0.0000,1,1.0000,-1.0000,0
7.843,-0.0791,-1.0000,-0.0000,1.0791,0.2500,0.0000,0.0000,1,1.0000,-1.0000,0
7.863,-0.0791,-1.0000,-0.0000,1.0791,0.2500,0.0000,0.0000,1,1.0000,-1.0000,0
7.883,-0.0791,-1.0000,-0.0000,1.0791,0.2500,0.0000,0.0000,1,1.0000,-1.0000,0
7.903,-0.0754,-1.0000,-0.0000,1.0754,0.2500,0.0000,0.0000,1,1.0000,-1.0000,0
7.925,-0.0754,-1.0000,-0.0000,1.0754,0.2500,0.0000,0.0000,1,1.0000,-1.0000,0
7.944,-0.0699,-1.0000,-0.0000,1.0699,0.2500,0.0000,0.0000,1,1.0000,-1.0000,0
7.963,-0.0662,-1.0000,-0.0000,1.0662,0.2500,0.0000,0.0000,1,1.0000,-1.0000,0
7.983,-0.0625,-1.0000,-0.0000,1.0625,0.2500,0.0000,0.0000,1,1.0000,-1.0000,0
8.003,-0.0625,-1.0000,-0.0000,1.0625,0.2500,0.0000,0.0000,1,1.0000,-1.0000,0
8.023,-0.0625,-1.0000,-0.0000,1.0625,0.2500,0.0000,0.0000,1,1.0000,-1.0000,0
8.043,-0.0625,-1.0000,-0.0000,1.0625,0.2500,0.0000,0.0000,1,1.0000,-1.0000,0
8.064,-0.0625,-1.0000,-0.0000,1.0625,0.2500,0.0000,0.0000,1,1.0000,-1.0000,0
8.084,-0.0606,-1.0000,-0.0000,1.0606,0.2500,0.0000,0.0000,1,1.0000,-1.0000,0
8.103,-0.0588,-1.0000,-0.0000,1.0588,0.2500,0.0000,0.0000,1,1.0000,-1.0000,0
8.123,-0.0588,-1.0000,-0.0000,1.0588,0.2500,0.0000,0.0000,1,1.0000,-1.0000,0
8.143,-0.0569,-1.0000,-0.0000,1.0569,0.2500,0.0000,0.0000,1,1.0000,-1.0000,0
8.163,-0.0569,-1.0000,-0.0000,1.0569,0.2500,0.0000,0.0000,1,1.0000,-1.0000,0
8.183,-0.0569,-1.0000,-0.0000,1.0569,0.2500,0.0000,0.0000,1,1.0000,-1.0000,0
8.203,-0.0569,-1.0000,-0.0000,1.0569,0.2500,0.0000,0.0000,1,1.0000,-1.0000,0
8.224,-0.0569,-1.0000,-0.0000,1.0569,0.2500,0.0000,0.0000,1,1.0000,-1.0000,0
8.244,-0.0532,-1.0000,-0.0000,1.0532,0.2500,0.0000,0.0000,1,1.0000,-1.0000,0
8.263,-0.0495,-1.0000,-0.0000,1.0495,0.2500,0.0000,0.0000,1,1.0000,-1.0000,0
8.283,-0.0477,-1.0000,-0.0000,1.0477,0.2500,0.0000,0.0000,1,1.0000,-1.0000,0
8.303,-0.0477,-1.0000,-0.0000,1.0477,0.2500,0.0000,0.0000,1,1.0000,-1.0000,0
8.324,-0.0477,-1.0000,-0.0000,1.0477,0.2500,0.0000,0.0000,1,1.0000,-1.0000,0
8.343,-0.0422,-1.0000,-0.0000,1.0422,0.2500,0.0000,0.0000,1,1.0000,-1.0000,0
8.364,-0.0422,-1.0000,-0.0000,1.0422,0.2500,0.0000,0.0000,1,1.0000,-1.0000,0
8.383,-0.0403,-1.0000,-0.0000,1.0403,0.2500,0.0000,0.0000,1,1.0000,-1.0000,0
8.403,-0.0385,-1.0000,-0.0000,1.0385,0.2500,0.0000,0.0000,1,1.0000,-1.0000,0
8.425,-0.0385,-1.0000,-0.0000,1.0385,0.2500,0.0000,0.0000,1,1.0000,-1.0000,0
8.443,-0.0366,-1.0000,-0.0000,1.0366,0.2500,0.0000,0.0000,1,1.0000,-1.0000,0
8.463,-0.0366,-1.0000,-0.0000,1.0366,0.2500,0.0000,0.0000,1,1.0000,-1.0000,0
8.483,-0.0366,-1.0000,-0.0000,1.0366,0.2500,0.0000,0.0000,1,1.0000,-1.0000,0
8.504,-0.0366,-1.0000,-0.0000,1.0366,0.2500,0.0000,0.0000,1,1.0000,-1.0000,0
8.523,-0.0366,-1.0000,-0.0000,1.0366,0.2500,0.0000,0.0000,1,1.0000,-1.0000,0
8.543,-0.0366,-1.0000,-0.0000,1.0366,0.2500,0.0000,0.0000,1,1.0000,-1.0000,0
8.564,-0.0366,-1.0000,-0.0000,1.0366,0.2500,0.0000,0.0000,1,1.0000,-1.0000,0
8.583,-0.0366,-1.0000,-0.0000,1.0366,0.2500,0.0000,0.0000,1,1.0000,-1.0000,0
8.603,-0.0366,-1.0000,-0.0000,1.0366,0.2500,0.0000,0.0000,1,1.0000,-1.0000,0
8.623,-0.0366,-1.0000,-0.0000,1.0366,0.2500,0.0000,0.0000,1,1.0000,-1.0000,0
8.643,-0.0366,-1.0000,-0.0000,1.0366,0.2500,0.0000,0.0000,1,1.0000,-1.0000,0
8.664,-0.0329,-1.0000,-0.0000,1.0329,0.2500,0.0000,0.0000,1,1.0000,-1.0000,0
8.683,-0.0311,-1.0000,-0.0000,1.0311,0.2500,0.0000,0.0000,1,1.0000,-1.0000,0
8.704,-0.0292,-1.0000,-0.0000,1.0292,0.2500,0.0000,0.0000,1,1.0000,-1.0000,0
8.723,-0.0274,-1.0000,-0.0000,1.0274,0.2500,0.0000,0.0000,1,1.0000,-1.0000,0
8.743,-0.0274,-1.0000,-0.0000,1.0274,0.2500,0.0000,0.0000,1,1.0000,-1.0000,0
8.763,-0.0255,-1.0000,-0.0000,1.0255,0.2500,0.0000,0.0000,1,1.0000,-1.0000,0
8.785,-0.0255,-1.0000,-0.0000,1.0255,0.2500,0.0000,0.0000,1,1.0000,-1.0000,0
8.803,-0.0255,-1.0000,-0.0000,1.0255,0.2500,0.0000,0.0000,1,1.0000,-1.0000,0
8.823,-0.0237,-1.0000,-0.0000,1.0237,0.2500,0.0000,0.0000,1,1.0000,-1.0000,0
8.844,-0.0237,-1.0000,-0.0000,1.0237,0.2500,0.0000,0.0000,1,1.0000,-1.0000,0
8.863,-0.0237,-1.0000,-0.0000,1.0237,0.2500,0.0000,0.0000,1,1.0000,-1.0000,0
8.883,-0.0219,-1.0000,-0.0000,1.0219,0.2500,0.0000,0.0000,1,1.0000,-1.0000,0
8.903,-0.0200,-1.0000,-0.0000,1.0200,0.2500,0.0000,0.0000,1,1.0000,-1.0000,0
8.925,-0.0200,-1.0000,-0.0000,1.0200,0.2500,0.0000,0.0000,1,1.0000,-1.0000,0
8.943,-0.0200,-1.0000,-0.0000,1.0200,0.2500,0.0000,0.0000,1,1.0000,-1.0000,0
8.963,-0.0182,-1.0000,-0.0000,1.0182,0.2500,0.0000,0.0000,1,1.0000,-1.0000,0
8.983,-0.0163,-1.0000,-0.0000,1.0163,0.2500,0.0000,0.0000,1,1.0000,-1.0000,0
9.004,-0.0163,-1.0000,-0.0000,1.0163,0.2500,0.0000,0.0000,1,1.0000,-1.0000,0
9.023,-0.0126,-1.0000,-0.0000,1.0126,0.2500,0.0000,0.0000,1,1.0000,-1.0000,0
9.043,-0.0126,-1.0000,-0.0000,1.0126,0.2500,0.0000,0.0000,1,1.0000,-1.0000,0
9.066,-0.0126,-1.0000,-0.0000,1.0126,0.2500,0.0000,0.0000,1,1.0000,-1.0000,0
9.083,-0.0126,-1.0000,-0.0000,1.0126,0.2500,0.0000,0.0000,1,1.0000,-1.0000,0
9.103,-0.0108,-1.0000,-0.0000,1.0108,0.2500,0.0000,0.0000,1,1.0000,-1.0000,0
9.123,-0.0108,-1.0000,-0.0000,1.0108,0.2500,0.0000,0.0000,1,1.0000,-1.0000,0
9.143,-0.0108,-1.0000,-0.0000,1.0108,0.2500,0.0000,0.0000,1,1.0000,-1.0000,0
9.163,-0.0071,-1.0000,-0.0000,1.0071,0.2500,0.0000,0.0000,1,1.0000,-1.0000,0
9.183,-0.0071,-1.0000,-0.0000,1.0071,0.2500,0.0000,0.0000,1,1.0000,-1.0000,0
9.203,-0.0071,-1.0000,-0.0000,1.0071,0.2500,0.0000,0.0000,1,1.0000,-1.0000,0
9.223,-0.0071,-1.0000,-0.0000,1.0071,0.2500,0.0000,0.0000,1,1.0000,-1.0000,0
9.244,-0.0071,-1.0000,-0.0000,1.0071,0.2500,0.0000,0.0000,1,1.0000,-1.0000,0
9.264,-0.0034,-1.0000,-0.0000,1.0034,0.2500,0.0000,0.0000,1,1.0000,-1.0000,0
9.283,-0.0034,-1.0000,-0.0000,1.0034,0.2500,0.0000,0.0000,1,1.0000,-1.0000,0
9.303,-0.0034,-1.0000,-0.0000,1.0034,0.2500,0.0000,0.0000,1,1.0000,-1.0000,0
9.323,-0.0015,-1.0000,-0.0000,1.0015,0.2500,0.0000,0.0000,1,1.0000,-1.0000,0
9.343,0.0021,-1.0000,-0.0000,0.9979,0.2500,0.0000,0.0000,1,1.0000,-1.0000,0
9.365,0.0021,-1.0000,-0.0000,0.9979,0.2500,0.0000,0.0000,1,1.0000,-1.0000,0
9.383,0.0058,-1.0000,-0.0000,0.9942,0.2500,0.0000,0.0000,1,1.0000,-1.0000,0
9.404,0.0058,-1.0000,-0.0000,0.9942,0.2500,0.0000,0.0000,1,1.0000,-1.0000,0
9.426,0.0058,-1.0000,-0.0000,0.9942,0.2500,0.0000,0.0000,1,1.0000,-1.0000,0
9.443,0.0058,-1.0000,-0.0000,0.9942,0.2500,0.0000,0.0000,1,1.0000,-1.0000,0
9.464,0.0077,-1.0000,-0.0000,0.9923,0.2500,0.0000,0.0000,1,1.0000,-1.0000,0
9.483,0.0077,-1.0000,-0.0000,0.9923,0.2500,0.0000,0.0000,1,1.0000,-1.0000,0
9.503,0.0077,-1.0000,-0.0000,0.9923,0.2500,0.0000,0.0000,1,1.0000,-1.0000,0
9.523,0.0077,-1.0000,-0.0000,0.9923,0.2500,0.0000,0.0000,1,1.0000,-1.0000,0
9.543,0.0077,-1.0000,-0.0000,0.9923,0.2500,0.0000,0.0000,1,1.0000,-1.0000,0
9.564,0.0077,-1.0000,-0.0000,0.9923,0.2500,0.0000,0.0000,1,1.0000,-1.0000,0
9.585,0.0114,-1.0000,-0.0000,0.9886,0.2500,0.0000,0.0000,1,1.0000,-1.0000,0
9.603,0.0132,-1.0000,-0.0000,0.9868,0.2500,0.0000,0.0000,1,1.0000,-1.0000,0
9.623,0.0169,-1.0000,-0.0000,0.9831,0.2500,0.0000,0.0000,1,1.0000,-1.0000,0
9.644,0.0169,-1.0000,-0.0000,0.9831,0.2500,0.0000,0.0000,1,1.0000,-1.0000,0
9.663,0.0169,-1.0000,-0.0000,0.9831,0.2500,0.0000,0.0000,1,1.0000,-1.0000,0
9.683,0.0206,-1.0000,-0.0000,0.9794,0.2500,0.0000,0.0000,1,1.0000,-1.0000,0
9.703,0.0206,-1.0000,-0.0000,0.9794,0.2500,0.0000,0.0000,1,1.0000,-1.0000,0
9.725,0.0206,-1.0000,-0.0000,0.9794,0.2500,0.0000,0.0000,1,1.0000,-1.0000,0
9.743,0.0243,-1.0000,-0.0000,0.9757,0.2500,0.0000,0.0000,1,1.0000,-1.0000,0
9.763,0.0243,-1.0000,-0.0000,0.9757,0.2500,0.0000,0.0000,1,1.0000,-1.0000,0
9.784,0.0243,-1.0000,-0.0000,0.9757,0.2500,0.0000,0.0000,1,1.0000,-1.0000,0
9.803,0.0243,-1.0000,-0.0000,0.9757,0.2500,0.0000,0.0000,1,1.0000,-1.0000,0
9.824,0.0243,-1.0000,-0.0000,0.9757,0.2500,0.0000,0.0000,1,1.0000,-1.0000,0
9.844,0.0261,-1.0000,-0.0000,0.9739,0.2500,0.0000,0.0000,1,1.0000,-1.0000,0
9.863,0.0261,-1.0000,-0.0000,0.9739,0.2500,0.0000,0.0000,1,1.0000,-1.0000,0
9.883,0.0261,-1.0000,-0.0000,0.9739,0.2500,0.0000,0.0000,1,1.0000,-1.0000,0
9.904,0.0261,-1.0000,-0.0000,0.9739,0.2500,0.0000,0.0000,1,1.0000,-1.0000,0
9.924,0.0298,-1.0000,-0.0000,0.9702,0.2500,0.0000,0.0000,1,1.0000,-1.0000,0
9.943,0.0317,-1.0000,-0.0000,0.9683,0.2500,0.0000,0.0000,1,1.0000,-1.0000,0
9.963,0.0354,-1.0000,-0.0000,0.9646,0.2500,0.0000,0.0000,1,1.0000,-1.0000,0
9.983,0.0354,-1.0000,-0.0000,0.9646,0.2500,0.0000,0.0000,1,1.0000,-1.0000,0
10.003,0.0354,-1.0000,-0.0000,0.9646,0.2500,0.0000,0.0000,1,1.0000,-1.0000,0
10.023,0.0372,-1.0000,-0.0000,0.9628,0.2500,0.0000,0.0000,1,1.0000,-1.0000,0
10.043,0.0391,-1.0000,-0.0000,0.9609,0.2500,0.0000,0.0000,1,1.0000,-1.0000,0
10.065,0.0391,-1.0000,-0.0000,0.9609,0.2500,0.0000,0.0000,1,1.0000,-1.0000,0
10.083,0.0409,-1.0000,-0.0000,0.9591,0.2500,0.0000,0.0000,1,1.0000,-1.0000,0
10.103,0.0428,-1.0000,-0.0000,0.9572,0.2500,0.0000,0.0000,1,1.0000,-1.0000,0
10.123,0.0428,-1.0000,-0.0000,0.9572,0.2500,0.0000,0.0000,1,1.0000,-1.0000,0
10.143,0.0446,-1.0000,-0.0000,0.9554,0.2500,0.0000,0.0000,1,1.0000,-1.0000,0
10.163,0.0446,-1.0000,-0.0000,0.9554,0.2500,0.0000,0.0000,1,1.0000,-1.0000,0
10.183,0.0446,-1.0000,-0.0000,0.9554,0.2500,0.0000,0.0000,1,1.0000,-1.0000,0
10.203,0.0446,-1.0000,-0.0000,0.9554,0.2500,0.0000,0.0000,1,1.0000,-1.0000,0
10.223,0.0446,-1.0000,-0.0000,0.9554,0.2500,0.0000,0.0000,1,1.0000,-1.0000,0
10.243,0.0446,-1.0000,-0.0000,0.9554,0.2500,0.0000,0.0000,1,1.0000,-1.0000,0
10.264,0.0446,-1.0000,-0.0000,0.9554,0.2500,0.0000,0.0000,1,1.0000,-1.0000,0
10.283,0.0446,-1.0000,-0.0000,0.9554,0.2500,0.0000,0.0000,1,1.0000,-1.0000,0
10.303,0.0446,-1.0000,-0.0000,0.9554,0.2500,0.0000,0.0000,1,1.0000,-1.0000,0
10.324,0.0446,-1.0000,-0.0000,0.9554,0.2500,0.0000,0.0000,1,1.0000,-1.0000,0
10.343,0.0446,-1.0000,-0.0000,0.9554,0.2500,0.0000,0.0000,1,1.0000,-1.0000,0
10.363,0.0483,-1.0000,-0.0000,0.9517,0.2500,0.0000,0.0000,1,1.0000,-1.0000,0
10.383,0.0501,-1.0000,-0.0000,0.9499,0.2500,0.0000,0.0000,1,1.0000,-1.0000,0
10.403,0.0538,-1.0000,-0.0000,0.9462,0.2500,0.0000,0.0000,1,1.0000,-1.0000,0
10.423,0.0557,-1.0000,-0.0000,0.9443,0.2500,0.0000,0.0000,1,1.0000,-1.0000,0
10.445,0.0575,-1.0000,-0.0000,0.9425,0.2500,0.0000,0.0000,1,1.0000,-1.0000,0
10.463,0.0575,-1.0000,-0.0000,0.9425,0.2500,0.0000,0.0000,1,1.0000,-1.0000,0
10.484,0.0612,-1.0000,-0.0000,0.9388,0.2500,0.0000,0.0000,1,1.0000,-1.0000,0
10.503,0.0612,-1.0000,-0.0000,0.9388,0.2500,0.0000,0.0000,1,1.0000,-1.0000,0
10.523,0.0612,-1.0000,-0.0000,0.9388,0.2500,0.0000,0.0000,1,1.0000,-1.0000,0
10.543,0.0631,-1.0000,-0.0000,0.9369,0.2500,0.0000,0.0000,1,1.0000,-1.0000,0
10.564,0.0649,-1.0000,-0.0000,0.9351,0.2500,0.0000,0.0000,1,1.0000,-1.0000,0
10.583,0.0668,-1.0000,-0.0000,0.9332,0.2500,0.0000,0.0000,1,1.0000,-1.0000,0
10.603,0.0668,-1.0000,-0.0000,0.9332,0.2500,0.0000,0.0000,1,1.0000,-1.0000,0
10.623,0.0668,-1.0000,-0.0000,0.9332,0.2500,0.0000,0.0000,1,1.0000,-1.0000,0
10.643,0.0668,-1.0000,-0.0000,0.9332,0.2500,0.0000,0.0000,1,1.0000,-1.0000,0
10.663,0.0705,-1.0000,-0.0000,0.9295,0.2500,0.0000,0.0000,1,1.0000,-1.0000,0
10.683,0.0705,-1.0000,-0.0000,0.9295,0.2500,0.0000,0.0000,1,1.0000,-1.0000,0
10.703,0.0723,-1.0000,-0.0000,0.9277,0.2500,0.0000,0.0000,1,1.0000,-1.0000,0
10.723,0.0741,-1.0000,-0.0000,0.9259,0.2500,0.0000,0.0000,1,1.0000,-1.0000,0
10.747,0.0741,-1.0000,-0.0000,0.9259,0.2500,0.0000,0.0000,1,1.0000,-1.0000,0
10.763,0.0741,-1.0000,-0.0000,0.9259,0.2500,0.0000,0.0000,1,1.0000,-1.0000,0
10.783,0.0760,-1.0000,-0.0000,0.9240,0.2500,0.0000,0.0000,1,1.0000,-1.0000,0
10.803,0.0760,-1.0000,-0.0000,0.9240,0.2500,0.0000,0.0000,1,1.0000,-1.0000,0
10.825,0.0760,-1.0000,-0.0000,0.9240,0.2500,0.0000,0.0000,1,1.0000,-1.0000,0
10.843,0.0797,-1.0000,-0.0000,0.9203,0.2500,0.0000,0.0000,1,1.0000,-1.0000,0
10.863,0.0797,-1.0000,-0.0000,0.9203,0.2500,0.0000,0.0000,1,1.0000,-1.0000,0
10.884,0.0797,-1.0000,-0.0000,0.9203,0.2500,0.0000,0.0000,1,1.0000,-1.0000,0
10.903,0.0797,-1.0000,-0.0000,0.9203,0.2500,0.0000,0.0000,1,1.0000,-1.0000,0
10.923,0.0815,-1.0000,-0.0000,0.9185,0.2500,0.0000,0.0000,1,1.0000,-1.0000,0
10.944,0.0834,-1.0000,-0.0000,0.9166,0.2500,0.0000,0.0000,1,1.0000,-1.0000,0
10.963,0.0834,-1.0000,-0.0000,0.9166,0.2500,0.0000,0.0000,1,1.0000,-1.0000,0
10.983,0.0834,-1.0000,-0.0000,0.9166,0.2500,0.0000,0.0000,1,1.0000,-1.0000,0
11.003,0.0871,-1.0000,-0.0000,0.9129,0.2500,0.0000,0.0000,1,1.0000,-1.0000,0
11.024,0.0871,-1.0000,-0.0000,0.9129,0.2500,0.0000,0.0000,1,1.0000,-1.0000,0
11.043,0.0871,-1.0000,-0.0000,0.9129,0.2500,0.0000,0.0000,1,1.0000,-1.0000,0
11.065,0.0871,-1.0000,-0.0000,0.9129,0.2500,0.0000,0.0000,1,1.0000,-1.0000,0
11.085,0.0908,-1.0000,-0.0000,0.9092,0.2500,0.0000,0.0000,1,1.0000,-1.0000,0
11.103,0.0908,-1.0000,-0.0000,0.9092,0.2500,0.0000,0.0000,1,1.0000,-1.0000,0
11.123,0.0908,-1.0000,-0.0000,0.9092,0.2500,0.0000,0.0000,1,1.0000,-1.0000,0
11.143,0.0908,-1.0000,-0.0000,0.9092,0.2500,0.0000,0.0000,1,1.0000,-1.0000,0
11.163,0.0908,-1.0000,-0.0000,0.9092,0.2500,0.0000,0.0000,1,1.0000,-1.0000,0
11.183,0.0908,-1.0000,-0.0000,0.9092,0.2500,0.0000,0.0000,1,1.0000,-1.0000,0
11.203,0.0908,-1.0000,-0.0000,0.9092,0.2500,0.0000,0.0000,1,1.0000,-1.0000,0
11.226,0.0908,-1.0000,-0.0000,0.9092,0.2500,0.0000,0.0000,1,1.0000,-1.0000,0
11.243,0.0926,-1.0000,-0.0000,0.9074,0.2500,0.0000,0.0000,1,1.0000,-1.0000,0
11.263,0.0963,-1.0000,-0.0000,0.9037,0.2500,0.0000,0.0000,1,1.0000,-1.0000,0
11.283,0.1000,-1.0000,-0.0000,0.9000,0.2500,0.0000,0.0000,1,1.0000,-1.0000,0
11.303,0.1055,-1.0000,-0.0000,0.8945,0.2500,0.0000,0.0000,1,1.0000,-1.0000,0
11.323,0.1055,-1.0000,-0.0000,0.8945,0.2500,0.0000,0.0000,1,1.0000,-1.0000,0
11.343,0.1092,-1.0000,-0.0000,0.8908,0.2500,0.0000,0.0000,1,1.0000,-1.0000,0
11.363,0.1111,-1.0000,-0.0000,0.8889,0.2500,0.0000,0.0000,1,1.0000,-1.0000,0
11.383,0.1111,-1.0000,-0.0000,0.8889,0.2500,0.0000,0.0000,1,1.0000,-1.0000,0
11.403,0.1111,-1.0000,-0.0000,0.8889,0.2500,0.0000,0.0000,1,1.0000,-1.0000,0
11.423,0.1129,-1.0000,-0.0000,0.8871,0.2500,0.0000,0.0000,1,1.0000,-1.0000,0
11.444,0.1148,-1.0000,-0.0000,0.8852,0.2500,0.0000,0.0000,1,1.0000,-1.0000,0
11.463,0.1166,-1.0000,-0.0000,0.8834,0.2500,0.0000,0.0000,1,1.0000,-1.0000,0
11.483,0.1185,-1.0000,-0.0000,0.8815,0.2500,0.0000,0.0000,1,1.0000,-1.0000,0
11.505,0.1185,-1.0000,-0.0000,0.8815,0.2500,0.0000,0.0000,1,1.0000,-1.0000,0
11.523,0.1185,-1.0000,-0.0000,0.8815,0.2500,0.0000,0.0000,1,1.0000,-1.0000,0
11.543,0.1185,-1.0000,-0.0000,0.8815,0.2500,0.0000,0.0000,1,1.0000,-1.0000,0
11.563,0.1203,-1.0000,-0.0000,0.8797,0.2500,0.0000,0.0000,1,1.0000,-1.0000,0
11.584,0.1221,-1.0000,-0.0000,0.8779,0.2500,0.0000,0.0000,1,1.0000,-1.0000,0
11.603,0.1221,-1.0000,-0.0000,0.8779,0.2500,0.0000,0.0000,1,1.0000,-1.0000,0
11.623,0.1240,-1.0000,-0.0000,0.8760,0.2500,0.0000,0.0000,1,1.0000,-1.0000,0
11.643,0.1258,-1.0000,-0.0000,0.8742,0.2500,0.0000,0.0000,1,1.0000,-1.0000,0
11.664,0.1258,-1.0000,-0.0000,0.8742,0.2500,0.0000,0.0000,1,1.0000,-1.0000,0
11.683,0.1295,-1.0000,-0.0000,0.8705,0.2500,0.0000,0.0000,1,1.0000,-1.0000,0
11.703,0.1295,-1.0000,-0.0000,0.8705,0.2500,0.0000,0.0000,1,1.0000,-1.0000,0
11.724,0.1295,-1.0000,-0.0000,0.8705,0.2500,0.0000,0.0000,1,1.0000,-1.0000,0
11.743,0.1295,-1.0000,-0.0000,0.8705,0.2500,0.0000,0.0000,1,1.0000,-1.0000,0
11.766,0.1295,-1.0000,-0.0000,0.8705,0.2500,0.0000,0.0000,1,1.0000,-1.0000,0
11.783,0.1332,-1.0000,-0.0000,0.8668,0.2500,0.0000,0.0000,1,1.0000,-1.0000,0
11.803,0.1332,-1.0000,-0.0000,0.8668,0.2500,0.0000,0.0000,1,1.0000,-1.0000,0
11.823,0.1332,-1.0000,-0.0000,0.8668,0.2500,0.0000,0.0000,1,1.0000,-1.0000,0
11.845,0.1332,-1.0000,-0.0000,0.8668,0.2500,0.0000,0.0000,1,1.0000,-1.0000,0
11.865,0.1369,-1.0000,-0.0000,0.8631,0.2500,0.0000,0.0000,1,1.0000,-1.0000,0
11.883,0.1369,-1.0000,-0.0000,0.8631,0.2500,0.0000,0.0000,1,1.0000,-1.0000,0
11.903,0.1369,-1.0000,-0.0000,0.8631,0.2500,0.0000,0.0000,1,1.0000,-1.0000,0
11.923,0.1406,-1.0000,-0.0000,0.8594,0.2500,0.0000,0.0000,1,1.0000,-1.0000,0
11.943,0.1406,-1.0000,-0.0000,0.8594,0.2500,0.0000,0.0000,1,1.0000,-1.0000,0
11.964,0.1406,-1.0000,-0.0000,0.8594,0.2500,0.0000,0.0000,1,1.0000,-1.0000,0
11.983,0.1461,-1.0000,-0.0000,0.8539,0.2500,0.0000,0.0000,1,1.0000,-1.0000,0
12.005,0.1461,-1.0000,-0.0000,0.8539,0.2500,0.0000,0.0000,1,1.0000,-1.0000,0
12.023,0.1480,-1.0000,-0.0000,0.8520,0.2500,0.0000,0.0000,1,1.0000,-1.0000,0
12.043,0.1498,-1.0000,-0.0000,0.8502,0.2500,0.0000,0.0000,1,1.0000,-1.0000,0
12.064,0.1498,-1.0000,-0.0000,0.8502,0.2500,0.0000,0.0000,1,1.0000,-1.0000,0
12.084,0.1498,-1.0000,-0.0000,0.8502,0.2500,0.0000,0.0000,1,1.0000,-1.0000,0
12.103,0.1517,-1.0000,-0.0000,0.8483,0.2500,0.0000,0.0000,1,1.0000,-1.0000,0
12.123,0.1517,-1.0000,-0.0000,0.8483,0.2500,0.0000,0.0000,1,1.0000,-1.0000,0
12.143,0.1517,-1.0000,-0.0000,0.8483,0.2500,0.0000,0.0000,1,1.0000,-1.0000,0
12.163,0.1517,-1.0000,-0.0000,0.8483,0.2500,0.0000,0.0000,1,1.0000,-1.0000,0
12.183,0.1517,-1.0000,-0.0000,0.8483,0.2500,0.0000,0.0000,1,1.0000,-1.0000,0
12.204,0.1535,-1.0000,-0.0000,0.8465,0.2500,0.0000,0.0000,1,1.0000,-1.0000,0
12.223,0.1554,-1.0000,-0.0000,0.8446,0.2500,-0.0000,0.0000,1,1.0000,-1.0000,0
12.243,0.1572,-1.0000,-0.0000,0.8428,0.2500,0.0000,0.0000,1,1.0000,-1.0000,0
12.264,0.1591,-1.0000,-0.0000,0.8409,0.2500,0.0000,0.0000,1,1.0000,-1.0000,0
12.283,0.1591,-1.0000,-0.0000,0.8409,0.2500,0.0000,0.0000,1,1.0000,-1.0000,0
12.303,0.1609,-1.0000,-0.0000,0.8391,0.2500,0.0000,0.0000,1,1.0000,-1.0000,0
12.323,0.1628,-1.0000,-0.0000,0.8372,0.2500,0.0000,0.0000,1,1.0000,-1.0000,0
12.344,0.1628,-1.0000,-0.0000,0.8372,0.2500,0.0000,0.0000,1,1.0000,-1.0000,0
12.363,0.1646,-1.0000,-0.0000,0.8354,0.2500,0.0000,0.0000,1,1.0000,-1.0000,0
12.383,0.1665,-1.0000,-0.0000,0.8335,0.2500,0.0000,0.0000,1,1.0000,-1.0000,0
12.404,0.1665,-1.0000,-0.0000,0.8335,0.2500,0.0000,0.0000,1,1.0000,-1.0000,0
12.423,0.1683,-1.0000,-0.0000,0.8317,0.2500,0.0000,0.0000,1,1.0000,-1.0000,0
12.443,0.1683,-1.0000,-0.0000,0.8317,0.2500,0.0000,0.0000,1,1.0000,-1.0000,0
12.465,0.1683,-1.0000,-0.0000,0.8317,0.2500,0.0000,0.0000,1,1.0000,-1.0000,0
12.484,0.1683,-1.0000,-0.0000,0.8317,0.2500,0.0000,0.0000,1,1.0000,-1.0000,0
12.503,0.1683,-1.0000,-0.0000,0.8317,0.2500,0.0000,0.0000,1,1.0000,-1.0000,0
12.523,0.1683,-1.0000,-0.0000,0.8317,0.2500,0.0000,0.0000,1,1.0000,-1.0000,0
12.543,0.1683,-1.0000,-0.0000,0.8317,0.2500,0.0000,0.0000,1,1.0000,-1.0000,0
12.563,0.1683,-1.0000,-0.0000,0.8317,0.2500,0.0000,0.0000,1,1.0000,-1.0000,0
12.583,0.1683,-1.0000,-0.0000,0.8317,0.2500,0.0000,0.0000,1,1.0000,-1.0000,0
12.604,0.1683,-1.0000,-0.0000,0.8317,0.2500,0.0000,0.0000,1,1.0000,-1.0000,0
12.623,0.1683,-1.0000,-0.0000,0.8317,0.2500,0.0000,0.0000,1,1.0000,-1.0000,0
12.643,0.1720,-1.0000,-0.0000,0.8280,0.2500,-0.0000,0.0000,1,1.0000,-1.0000,0
12.663,0.1738,-1.0000,-0.0000,0.8262,0.2500,0.0000,0.0000,1,1.0000,-1.0000,0
12.683,0.1757,-1.0000,-0.0000,0.8243,0.2500,0.0000,0.0000,1,1.0000,-1.0000,0
12.703,0.1757,-1.0000,-0.0000,0.8243,0.2500,0.0000,0.0000,1,1.0000,-1.0000,0
12.727,0.1757,-1.0000,-0.0000,0.8243,0.2500,0.0000,0.0000,1,1.0000,-1.0000,0
12.743,0.1794,-1.0000,-0.0000,0.8206,0.2500,0.0000,0.0000,1,1.0000,-1.0000,0
12.763,0.1812,-1.0000,-0.0000,0.8188,0.2500,0.0000,0.0000,1,1.0000,-1.0000,0
12.783,0.1831,-1.0000,-0.0000,0.8169,0.2500,0.0000,0.0000,1,1.0000,-1.0000,0
12.803,0.1831,-1.0000,-0.0000,0.8169,0.2500,0.0000,0.0000,1,1.0000,-1.0000,0
12.823,0.1831,-1.0000,-0.0000,0.8169,0.2500,0.0000,0.0000,1,1.0000,-1.0000,0
12.843,0.1849,-1.0000,-0.0000,0.8151,0.2500,0.0000,0.0000,1,1.0000,-1.0000,0
12.863,0.1868,-1.0000,-0.0000,0.8132,0.2500,0.0000,0.0000,1,1.0000,-1.0000,0
12.884,0.1868,-1.0000,-0.0000,0.8132,0.2500,0.0000,0.0000,1,1.0000,-1.0000,0
12.903,0.1886,-1.0000,-0.0000,0.8114,0.2500,0.0000,0.0000,1,1.0000,-1.0000,0
12.923,0.1905,-1.0000,-0.0000,0.8095,0.2500,0.0000,0.0000,1,1.0000,-1.0000,0
12.945,0.1905,-1.0000,-0.0000,0.8095,0.2500,0.0000,0.0000,1,1.0000,-1.0000,0
12.963,0.1923,-1.0000,-0.0000,0.8077,0.2500,0.0000,0.0000,1,1.0000,-1.0000,0
12.983,0.1941,-1.0000,-0.0000,0.8059,0.2500,0.0000,0.0000,1,1.0000,-1.0000,0
13.003,0.1941,-1.0000,-0.0000,0.8059,0.2500,0.0000,0.0000,1,1.0000,-1.0000,0
13.025,0.1941,-1.0000,-0.0000,0.8059,0.2500,0.0000,0.0000,1,1.0000,-1.0000,0
13.043,0.1960,-1.0000,-0.0000,0.8040,0.2500,0.0000,0.0000,1,1.0000,-1.0000,0
13.063,0.1960,-1.0000,-0.0000,0.8040,0.2500,0.0000,0.0000,1,1.0000,-1.0000,0
13.085,0.1960,-1.0000,-0.0000,0.8040,0.2500,0.0000,0.0000,1,1.0000,-1.0000,0
13.103,0.1978,-1.0000,-0.0000,0.8022,0.2500,0.0000,0.0000,1,1.0000,-1.0000,0
13.123,0.1997,-1.0000,-0.0000,0.8003,0.2500,0.0000,0.0000,1,1.0000,-1.0000,0
13.143,0.1997,-1.0000,-0.0000,0.8003,0.2500,0.0000,0.0000,1,1.0000,-1.0000,0
13.163,0.2015,-1.0000,-0.0000,0.7985,0.2500,0.0000,0.0000,1,1.0000,-1.0000,0
13.183,0.2034,-1.0000,-0.0000,0.7966,0.2500,0.0000,0.0000,1,1.0000,-1.0000,0
13.203,0.2034,-1.0000,-0.0000,0.7966,0.2500,0.0000,0.0000,1,1.0000,-1.0000,0
13.223,0.2034,-1.0000,-0.0000,0.7966,0.2500,0.0000,0.0000,1,1.0000,-1.0000,0
13.244,0.2034,-1.0000,-0.0000,0.7966,0.2500,0.0000,0.0000,1,1.0000,-1.0000,0
13.263,0.2052,-1.0000,-0.0000,0.7948,0.2500,0.0000,0.0000,1,1.0000,-1.0000,0
13.284,0.2089,-1.0000,-0.0000,0.7911,0.2500,0.0000,0.0000,1,1.0000,-1.0000,0
13.303,0.2108,-1.0000,-0.0000,0.7892,0.2500,0.0000,0.0000,1,1.0000,-1.0000,0
13.323,0.2126,-1.0000,-0.0000,0.7874,0.2500,-0.0000,0.0000,1,1.0000,-1.0000,0
13.343,0.2126,-1.0000,-0.0000,0.7874,0.2500,0.0000,0.0000,1,1.0000,-1.0000,0
13.363,0.2126,-1.0000,-0.0000,0.7874,0.2500,0.0000,0.0000,1,1.0000,-1.0000,0
13.383,0.2145,-1.0000,-0.0000,0.7855,0.2500,0.0000,0.0000,1,1.0000,-1.0000,0
13.403,0.2145,-1.0000,-0.0000,0.7855,0.2500,0.0000,0.0000,1,1.0000,-1.0000,0
13.423,0.2145,-1.0000,-0.0000,0.7855,0.2500,0.0000,0.0000,1,1.0000,-1.0000,0
13.444,0.2145,-1.0000,-0.0000,0.7855,0.2500,0.0000,0.0000,1,1.0000,-1.0000,0
13.463,0.2145,-1.0000,-0.0000,0.7855,0.2500,0.0000,0.0000,1,1.0000,-1.0000,0
13.483,0.2145,-1.0000,-0.0000,0.7855,0.2500,0.0000,0.0000,1,1.0000,-1.0000,0
13.503,0.2145,-1.0000,-0.0000,0.7855,0.2500,0.0000,0.0000,1,1.0000,-1.0000,0
13.523,0.2145,-1.0000,-0.0000,0.7855,0.2500,0.0000,0.0000,1,1.0000,-1.0000,0
13.543,0.2145,-1.0000,-0.0000,0.7855,0.2500,0.0000,0.0000,1,1.0000,-1.0000,0
13.564,0.2145,-1.0000,-0.0000,0.7855,0.2500,0.0000,0.0000,1,1.0000,-1.0000,0
13.583,0.2163,-1.0000,-0.0000,0.7837,0.2500,0.0000,0.0000,1,1.0000,-1.0000,0
13.603,0.2200,-1.0000,-0.0000,0.7800,0.2500,0.0000,0.0000,1,1.0000,-1.0000,0
13.623,0.2218,-1.0000,-0.0000,0.7782,0.2500,0.0000,0.0000,1,1.0000,-1.0000,0
13.643,0.2255,-1.0000,-0.0000,0.7745,0.2500,0.0000,0.0000,1,1.0000,-1.0000,0
13.663,0.2255,-1.0000,-0.0000,0.7745,0.2500,0.0000,0.0000,1,1.0000,-1.0000,0
13.684,0.2274,-1.0000,-0.0000,0.7726,0.2500,0.0000,0.0000,1,1.0000,-1.0000,0
13.703,0.2292,-1.0000,-0.0000,0.7708,0.2500,0.0000,0.0000,1,1.0000,-1.0000,0
13.723,0.2292,-1.0000,-0.0000,0.7708,0.2500,0.0000,0.0000,1,1.0000,-1.0000,0
13.743,0.2292,-1.0000,-0.0000,0.7708,0.2500,0.0000,0.0000,1,1.0000,-1.0000,0
13.763,0.2311,-1.0000,-0.0000,0.7689,0.2500,0.0000,0.0000,1,1.0000,-1.0000,0
13.783,0.2329,-1.0000,-0.0000,0.7671,0.2500,0.0000,0.0000,1,1.0000,-1.0000,0
13.803,0.2329,-1.0000,-0.0000,0.7671,0.2500,0.0000,0.0000,1,1.0000,-1.0000,0
13.825,0.2329,-1.0000,-0.0000,0.7671,0.2500,0.0000,0.0000,1,1.0000,-1.0000,0
13.845,0.2348,-1.0000,-0.0000,0.7652,0.2500,0.0000,0.0000,1,1.0000,-1.0000,0
13.863,0.2366,-1.0000,-0.0000,0.7634,0.2500,0.0000,0.0000,1,1.0000,-1.0000,0
13.885,0.2366,-1.0000,-0.0000,0.7634,0.2500,0.0000,0.0000,1,1.0000,-1.0000,0
13.903,0.2385,-1.0000,-0.0000,0.7615,0.2500,0.0000,0.0000,1,1.0000,-1.0000,0
13.924,0.2403,-1.0000,-0.0000,0.7597,0.2500,0.0000,0.0000,1,1.0000,-1.0000,0
13.944,0.2403,-1.0000,-0.0000,0.7597,0.2500,0.0000,0.0000,1,1.0000,-1.0000,0
13.963,0.2421,-1.0000,-0.0000,0.7579,0.2500,0.0000,0.0000,1,1.0000,-1.0000,0
13.983,0.2440,-1.0000,-0.0000,0.7560,0.2500,0.0000,0.0000,1,1.0000,-1.0000,0
14.007,0.2440,-1.0000,-0.0000,0.7560,0.2500,0.0000,0.0000,1,1.0000,-1.0000,0
14.024,0.2440,-1.0000,-0.0000,0.7560,0.2500,0.0000,0.0000,1,1.0000,-1.0000,0
14.043,0.2458,-1.0000,-0.0000,0.7542,0.2500,0.0000,0.0000,1,1.0000,-1.0000,0
14.063,0.2458,-1.0000,-0.0000,0.7542,0.2500,0.0000,0.0000,1,1.0000,-1.0000,0
14.084,0.2458,-1.0000,-0.0000,0.7542,0.2500,0.0000,0.0000,1,1.0000,-1.0000,0
14.104,0.2458,-1.0000,-0.0000,0.7542,0.2500,0.0000,0.0000,1,1.0000,-1.0000,0
14.123,0.2458,-1.0000,-0.0000,0.7542,0.2500,0.0000,0.0000,1,1.0000,-1.0000,0
14.143,0.2458,-1.0000,-0.0000,0.7542,0.2500,0.0000,0.0000,1,1.0000,-1.0000,0
14.163,0.2458,-1.0000,-0.0000,0.7542,0.2500,0.0000,0.0000,1,1.0000,-1.0000,0
14.183,0.2458,-1.0000,-0.0000,0.7542,0.2500,0.0000,0.0000,1,1.0000,-1.0000,0
14.203,0.2458,-1.0000,-0.0000,0.7542,0.2500,0.0000,0.0000,1,1.0000,-1.0000,0
14.224,0.2458,-1.0000,-0.0000,0.7542,0.2500,0.0000,0.0000,1,1.0000,-1.0000,0
14.244,0.2477,-1.0000,-0.0000,0.7523,0.2500,0.0000,0.0000,1,1.0000,-1.0000,0
14.263,0.2495,-1.0000,-0.0000,0.7505,0.2500,0.0000,0.0000,1,1.0000,-1.0000,0
14.283,0.2532,-1.0000,-0.0000,0.7468,0.2500,0.0000,0.0000,1,1.0000,-1.0000,0
14.304,0.2551,-1.0000,-0.0000,0.7449,0.2500,0.0000,0.0000,1,1.0000,-1.0000,0
14.323,0.2551,-1.0000,-0.0000,0.7449,0.2500,0.0000,0.0000,1,1.0000,-1.0000,0
14.344,0.2588,-1.0000,-0.0000,0.7412,0.2500,0.0000,0.0000,1,1.0000,-1.0000,0
14.364,0.2606,-1.0000,-0.0000,0.7394,0.2500,-0.0000,0.0000,1,1.0000,-1.0000,0
14.383,0.2606,-1.0000,-0.0000,0.7394,0.2500,0.0000,0.0000,1,1.0000,-1.0000,0
14.403,0.2643,-1.0000,-0.0000,0.7357,0.2500,0.0000,0.0000,1,1.0000,-1.0000,0
14.423,0.2643,-1.0000,-0.0000,0.7357,0.2500,0.0000,0.0000,1,1.0000,-1.0000,0
14.443,0.2643,-1.0000,-0.0000,0.7357,0.2500,0.0000,0.0000,1,1.0000,-1.0000,0
14.465,0.2643,-1.0000,-0.0000,0.7357,0.2500,0.0000,0.0000,1,1.0000,-1.0000,0
14.483,0.2661,-1.0000,-0.0000,0.7339,0.2500,0.0000,0.0000,1,1.0000,-1.0000,0
14.503,0.2680,-1.0000,-0.0000,0.7320,0.2500,0.0000,0.0000,1,1.0000,-1.0000,0
14.523,0.2680,-1.0000,-0.0000,0.7320,0.2500,0.0000,0.0000,1,1.0000,-1.0000,0
14.543,0.2698,-1.0000,-0.0000,0.7302,0.2500,0.0000,0.0000,1,1.0000,-1.0000,0
14.563,0.2717,-1.0000,-0.0000,0.7283,0.2500,0.0000,0.0000,1,1.0000,-1.0000,0
14.583,0.2717,-1.0000,-0.0000,0.7283,0.2500,0.0000,0.0000,1,1.0000,-1.0000,0
14.603,0.2754,-1.0000,-0.0000,0.7246,0.2500,0.0000,0.0000,1,1.0000,-1.0000,0
14.623,0.2754,-1.0000,-0.0000,0.7246,0.2500,0.0000,0.0000,1,1.0000,-1.0000,0
14.643,0.2754,-1.0000,-0.0000,0.7246,0.2500,0.0000,0.0000,1,1.0000,-1.0000,0
14.663,0.2754,-1.0000,-0.0000,0.7246,0.2500,0.0000,0.0000,1,1.0000,-1.0000,0
14.683,0.2772,-1.0000,-0.0000,0.7228,0.2500,0.0000,0.0000,1,1.0000,-1.0000,0
14.703,0.2772,-1.0000,-0.0000,0.7228,0.2500,0.0000,0.0000,1,1.0000,-1.0000,0
14.723,0.2772,-1.0000,-0.0000,0.7228,0.2500,0.0000,0.0000,1,1.0000,-1.0000,0
14.743,0.2772,-1.0000,-0.0000,0.7228,0.2500,0.0000,0.0000,1,1.0000,-1.0000,0
14.765,0.2772,-1.0000,-0.0000,0.7228,0.2500,0.0000,0.0000,1,1.0000,-1.0000,0
14.784,0.2809,-1.0000,-0.0000,0.7191,0.2500,0.0000,0.0000,1,1.0000,-1.0000,0
14.803,0.2809,-1.0000,-0.0000,0.7191,0.2500,0.0000,0.0000,1,1.0000,-1.0000,0
14.823,0.2846,-1.0000,-0.0000,0.7154,0.2500,0.0000,0.0000,1,1.0000,-1.0000,0
14.843,0.2846,-1.0000,-0.0000,0.7154,0.2500,0.0000,0.0000,1,1.0000,-1.0000,0
14.865,0.2846,-1.0000,-0.0000,0.7154,0.2500,0.0000,0.0000,1,1.0000,-1.0000,0
14.883,0.2883,-1.0000,-0.0000,0.7117,0.2500,0.0000,0.0000,1,1.0000,-1.0000,0
14.903,0.2901,-1.0000,-0.0000,0.7099,0.2500,0.0000,0.0000,1,1.0000,-1.0000,0
14.923,0.2920,-1.0000,-0.0000,0.7080,0.2500,0.0000,0.0000,1,1.0000,-1.0000,0
14.944,0.2920,-1.0000,-0.0000,0.7080,0.2500,0.0000,0.0000,1,1.0000,-1.0000,0
14.963,0.2938,-1.0000,-0.0000,0.7062,0.2500,0.0000,0.0000,1,1.0000,-1.0000,0
14.983,0.2957,-1.0000,-0.0000,0.7043,0.2500,0.0000,0.0000,1,1.0000,-1.0000,0
15.003,0.2957,-1.0000,-0.0000,0.7043,0.2500,0.0000,0.0000,1,1.0000,-1.0000,0
15.023,0.2957,-1.0000,-0.0000,0.7043,0.2500,0.0000,0.0000,1,1.0000,-1.0000,0
15.043,0.2957,-1.0000,-0.0000,0.7043,0.2500,0.0000,0.0000,1,1.0000,-1.0000,0
15.065,0.2957,-1.0000,-0.0000,0.7043,0.2500,0.0000,0.0000,1,1.0000,-1.0000,0
15.084,0.2975,-1.0000,-0.0000,0.7025,0.2500,-0.0000,0.0000,1,1.0000,-1.0000,0
15.104,0.2975,-1.0000,-0.0000,0.7025,0.2500,0.0000,0.0000,1,1.0000,-1.0000,0
15.123,0.2975,-1.0000,-0.0000,0.7025,0.2500,0.0000,0.0000,1,1.0000,-1.0000,0
15.143,0.2975,-1.0000,-0.0000,0.7025,0.2500,0.0000,0.0000,1,1.0000,-1.0000,0
15.164,0.2975,-1.0000,-0.0000,0.7025,0.2500,0.0000,0.0000,1,1.0000,-1.0000,0
15.183,0.2975,-1.0000,-0.0000,0.7025,0.2500,0.0000,0.0000,1,1.0000,-1.0000,0
15.203,0.2975,-1.0000,-0.0000,0.7025,0.2500,0.0000,0.0000,1,1.0000,-1.0000,0
15.223,0.2975,-1.0000,-0.0000,0.7025,0.2500,0.0000,0.0000,1,1.0000,-1.0000,0
15.244,0.2975,-1.0000,-0.0000,0.7025,0.2500,0.0000,0.0000,1,1.0000,-1.0000,0
15.265,0.2975,-1.0000,-0.0000,0.7025,0.2500,0.0000,0.0000,1,1.0000,-1.0000,0
15.283,0.3012,-1.0000,-0.0000,0.6988,0.2500,0.0000,0.0000,1,1.0000,-1.0000,0
15.303,0.3031,-1.0000,-0.0000,0.6969,0.2500,0.0000,0.0000,1,1.0000,-1.0000,0
15.323,0.3086,-1.0000,-0.0000,0.6914,0.2500,0.0000,0.0000,1,1.0000,-1.0000,0
15.343,0.3105,-1.0000,-0.0000,0.6895,0.2500,0.0000,0.0000,1,1.0000,-1.0000,0
15.363,0.3105,-1.0000,-0.0000,0.6895,0.2500,0.0000,0.0000,1,1.0000,-1.0000,0
15.383,0.3141,-1.0000,-0.0000,0.6859,0.2500,0.0000,0.0000,1,1.0000,-1.0000,0
15.403,0.3160,-1.0000,-0.0000,0.6840,0.2500,0.0000,0.0000,1,1.0000,-1.0000,0
15.423,0.3160,-1.0000,-0.0000,0.6840,0.2500,0.0000,0.0000,1,1.0000,-1.0000,0
15.443,0.3160,-1.0000,-0.0000,0.6840,0.2500,0.0000,0.0000,1,1.0000,-1.0000,0
15.464,0.3160,-1.0000,-0.0000,0.6840,0.2500,0.0000,0.0000,1,1.0000,-1.0000,0
15.484,0.3197,-1.0000,-0.0000,0.6803,0.2500,0.0000,0.0000,1,1.0000,-1.0000,0
15.503,0.3215,-1.0000,-0.0000,0.6785,0.2500,0.0000,0.0000,1,1.0000,-1.0000,0
15.523,0.3234,-1.0000,-0.0000,0.6766,0.2500,0.0000,0.0000,1,1.0000,-1.0000,0
15.545,0.3234,-1.0000,-0.0000,0.6766,0.2500,0.0000,0.0000,1,1.0000,-1.0000,0
15.563,0.3234,-1.0000,-0.0000,0.6766,0.2500,0.0000,0.0000,1,1.0000,-1.0000,0
15.584,0.3234,-1.0000,-0.0000,0.6766,0.2500,0.0000,0.0000,1,1.0000,-1.0000,0
15.603,0.3271,-1.0000,-0.0000,0.6729,0.2500,0.0000,0.0000,1,1.0000,-1.0000,0
15.623,0.3271,-1.0000,-0.0000,0.6729,0.2500,0.0000,0.0000,1,1.0000,-1.0000,0
15.643,0.3271,-1.0000,-0.0000,0.6729,0.2500,0.0000,0.0000,1,1.0000,-1.0000,0
15.665,0.3271,-1.0000,-0.0000,0.6729,0.2500,0.0000,0.0000,1,1.0000,-1.0000,0
15.683,0.3289,-1.0000,-0.0000,0.6711,0.2500,0.0000,0.0000,1,1.0000,-1.0000,0
15.704,0.3308,-1.0000,-0.0000,0.6692,0.2500,0.0000,0.0000,1,1.0000,-1.0000,0
15.723,0.3308,-1.0000,-0.0000,0.6692,0.2500,0.0000,0.0000,1,1.0000,-1.0000,0
15.744,0.3308,-1.0000,-0.0000,0.6692,0.2500,0.0000,0.0000,1,1.0000,-1.0000,0
15.763,0.3326,-1.0000,-0.0000,0.6674,0.2500,0.0000,0.0000,1,1.0000,-1.0000,0
15.783,0.3326,-1.0000,-0.0000,0.6674,0.2500,0.0000,0.0000,1,1.0000,-1.0000,0
15.803,0.3326,-1.0000,-0.0000,0.6674,0.2500,0.0000,0.0000,1,1.0000,-1.0000,0
15.823,0.3326,-1.0000,-0.0000,0.6674,0.2500,0.0000,0.0000,1,1.0000,-1.0000,0
15.844,0.3363,-1.0000,-0.0000,0.6637,0.2500,0.0000,0.0000,1,1.0000,-1.0000,0
15.863,0.3363,-1.0000,-0.0000,0.6637,0.2500,0.0000,0.0000,1,1.0000,-1.0000,0
15.883,0.3381,-1.0000,-0.0000,0.6619,0.2500,0.0000,0.0000,1,1.0000,-1.0000,0
15.903,0.3418,-1.0000,-0.0000,0.6582,0.2500,0.0000,0.0000,1,1.0000,-1.0000,0
15.923,0.3418,-1.0000,-0.0000,0.6582,0.2500,0.0000,0.0000,1,1.0000,-1.0000,0
15.946,0.3418,-1.0000,-0.0000,0.6582,0.2500,0.0000,0.0000,1,1.0000,-1.0000,0
15.963,0.3455,-1.0000,-0.0000,0.6545,0.2500,0.0000,0.0000,1,1.0000,-1.0000,0
15.984,0.3455,-1.0000,-0.0000,0.6545,0.2500,0.0000,0.0000,1,1.0000,-1.0000,0
16.003,0.3455,-1.0000,-0.0000,0.6545,0.2500,0.0000,0.0000,1,1.0000,-1.0000,0
16.023,0.3455,-1.0000,-0.0000,0.6545,0.2500,0.0000,0.0000,1,1.0000,-1.0000,0
16.044,0.3474,-1.0000,-0.0000,0.6526,0.2500,0.0000,0.0000,1,1.0000,-1.0000,0
16.063,0.3492,-1.0000,-0.0000,0.6508,0.2500,0.0000,0.0000,1,1.0000,-1.0000,0
16.083,0.3492,-1.0000,-0.0000,0.6508,0.2500,0.0000,0.0000,1,1.0000,-1.0000,0
16.103,0.3529,-1.0000,-0.0000,0.6471,0.2500,0.0000,0.0000,1,1.0000,-1.0000,0
16.125,0.3548,-1.0000,-0.0000,0.6452,0.2500,-0.0000,0.0000,1,1.0000,-1.0000,0
16.143,0.3548,-1.0000,-0.0000,0.6452,0.2500,0.0000,0.0000,1,1.0000,-1.0000,0
16.163,0.3566,-1.0000,-0.0000,0.6434,0.2500,0.0000,0.0000,1,1.0000,-1.0000,0
16.183,0.3603,-1.0000,-0.0000,0.6397,0.2500,0.0000,0.0000,1,1.0000,-1.0000,0
16.203,0.3603,-1.0000,-0.0000,0.6397,0.2500,0.0000,0.0000,1,1.0000,-1.0000,0
16.225,0.3603,-1.0000,-0.0000,0.6397,0.2500,0.0000,0.0000,1,1.0000,-1.0000,0
16.243,0.3640,-1.0000,-0.0000,0.6360,0.2500,0.0000,0.0000,1,1.0000,-1.0000,0
16.264,0.3640,-1.0000,-0.0000,0.6360,0.2500,0.0000,0.0000,1,1.0000,-1.0000,0
16.283,0.3658,-1.0000,-0.0000,0.6342,0.2500,0.0000,0.0000,1,1.0000,-1.0000,0
16.303,0.3677,-1.0000,-0.0000,0.6323,0.2500,-0.0000,0.0000,1,1.0000,-1.0000,0
16.323,0.3677,-1.0000,-0.0000,0.6323,0.2500,0.0000,0.0000,1,1.0000,-1.0000,0
16.343,0.3677,-1.0000,-0.0000,0.6323,0.2500,0.0000,0.0000,1,1.0000,-1.0000,0
16.363,0.3695,-1.0000,-0.0000,0.6305,0.2500,0.0000,0.0000,1,1.0000,-1.0000,0
16.383,0.3695,-1.0000,-0.0000,0.6305,0.2500,0.0000,0.0000,1,1.0000,-1.0000,0
16.404,0.3695,-1.0000,-0.0000,0.6305,0.2500,0.0000,0.0000,1,1.0000,-1.0000,0
16.423,0.3714,-1.0000,-0.0000,0.6286,0.2500,0.0000,0.0000,1,1.0000,-1.0000,0
16.443,0.3732,-1.0000,-0.0000,0.6268,0.2500,0.0000,0.0000,1,1.0000,-1.0000,0
16.464,0.3732,-1.0000,-0.0000,0.6268,0.2500,0.0000,0.0000,1,1.0000,-1.0000,0
16.483,0.3751,-1.0000,-0.0000,0.6249,0.2500,-0.0000,0.0000,1,1.0000,-1.0000,0
16.503,0.3769,-1.0000,-0.0000,0.6231,0.2500,0.0000,0.0000,1,1.0000,-1.0000,0
16.524,0.3769,-1.0000,-0.0000,0.6231,0.2500,0.0000,0.0000,1,1.0000,-1.0000,0
16.543,0.3769,-1.0000,-0.0000,0.6231,0.2500,0.0000,0.0000,1,1.0000,-1.0000,0
16.564,0.3769,-1.0000,-0.0000,0.6231,0.2500,0.0000,0.0000,1,1.0000,-1.0000,0
16.583,0.3806,-1.0000,-0.0000,0.6194,0.2500,0.0000,0.0000,1,1.0000,-1.0000,0
16.604,0.3806,-1.0000,-0.0000,0.6194,0.2500,0.0000,0.0000,1,1.0000,-1.0000,0
16.623,0.3825,-1.0000,-0.0000,0.6175,0.2500,0.0000,0.0000,1,1.0000,-1.0000,0
16.643,0.3861,-1.0000,-0.0000,0.6139,0.2500,0.0000,0.0000,1,1.0000,-1.0000,0
16.666,0.3861,-1.0000,-0.0000,0.6139,0.2500,0.0000,0.0000,1,1.0000,-1.0000,0
16.683,0.3861,-1.0000,-0.0000,0.6139,0.2500,0.0000,0.0000,1,1.0000,-1.0000,0
16.703,0.3880,-1.0000,-0.0000,0.6120,0.2500,0.0000,0.0000,1,1.0000,-1.0000,0
16.723,0.3880,-1.0000,-0.0000,0.6120,0.2500,0.0000,0.0000,1,1.0000,-1.0000,0
16.743,0.3880,-1.0000,-0.0000,0.6120,0.2500,0.0000,0.0000,1,1.0000,-1.0000,0
16.763,0.3880,-1.0000,-0.0000,0.6120,0.2500,0.0000,0.0000,1,1.0000,-1.0000,0
16.783,0.3880,-1.0000,-0.0000,0.6120,0.2500,0.0000,0.0000,1,1.0000,-1.0000,0
16.804,0.3917,-1.0000,-0.0000,0.6083,0.2500,0.0000,0.0000,1,1.0000,-1.0000,0
16.823,0.3935,-1.0000,-0.0000,0.6065,0.2500,-0.0000,0.0000,1,1.0000,-1.0000,0
16.843,0.3954,-1.0000,-0.0000,0.6046,0.2500,0.0000,0.0000,1,1.0000,-1.0000,0
16.863,0.3954,-1.0000,-0.0000,0.6046,0.2500,0.0000,0.0000,1,1.0000,-1.0000,0
16.883,0.3954,-1.0000,-0.0000,0.6046,0.2500,0.0000,0.0000,1,1.0000,-1.0000,0
16.903,0.3954,-1.0000,-0.0000,0.6046,0.2500,0.0000,0.0000,1,1.0000,-1.0000,0
16.923,0.4009,-1.0000,-0.0000,0.5991,0.2500,0.0000,0.0000,1,1.0000,-1.0000,0
16.943,0.4009,-1.0000,-0.0000,0.5991,0.2500,0.0000,0.0000,1,1.0000,-1.0000,0
16.963,0.4046,-1.0000,-0.0000,0.5954,0.2500,0.0000,0.0000,1,1.0000,-1.0000,0
16.983,0.4083,-1.0000,-0.0000,0.5917,0.2500,0.0000,0.0000,1,1.0000,-1.0000,0
17.003,0.4083,-1.0000,-0.0000,0.5917,0.2500,0.0000,0.0000,1,1.0000,-1.0000,0
17.023,0.4083,-1.0000,-0.0000,0.5917,0.2500,0.0000,0.0000,1,1.0000,-1.0000,0
17.043,0.4083,-1.0000,-0.0000,0.5917,0.2500,0.0000,0.0000,1,1.0000,-1.0000,0
17.064,0.4083,-1.0000,-0.0000,0.5917,0.2500,0.0000,0.0000,1,1.0000,-1.0000,0
17.084,0.4101,-1.0000,-0.0000,0.5899,0.2500,-0.0000,0.0000,1,1.0000,-1.0000,0
17.103,0.4101,-1.0000,-0.0000,0.5899,0.2500,0.0000,0.0000,1,1.0000,-1.0000,0
17.123,0.4101,-1.0000,-0.0000,0.5899,0.2500,0.0000,0.0000,1,1.0000,-1.0000,0
17.144,0.4101,-1.0000,-0.0000,0.5899,0.2500,0.0000,0.0000,1,1.0000,-1.0000,0
17.163,0.4120,-1.0000,-0.0000,0.5880,0.2500,0.0000,0.0000,1,1.0000,-1.0000,0
17.183,0.4157,-1.0000,-0.0000,0.5843,0.2500,0.0000,0.0000,1,1.0000,-1.0000,0
17.203,0.4175,-1.0000,-0.0000,0.5825,0.2500,-0.0000,0.0000,1,1.0000,-1.0000,0
17.223,0.4175,-1.0000,-0.0000,0.5825,0.2500,0.0000,0.0000,1,1.0000,-1.0000,0
17.244,0.4175,-1.0000,-0.0000,0.5825,0.2500,0.0000,0.0000,1,1.0000,-1.0000,0
17.263,0.4212,-1.0000,-0.0000,0.5788,0.2500,0.0000,0.0000,1,1.0000,-1.0000,0
17.283,0.4231,-1.0000,-0.0000,0.5769,0.2500,-0.0000,0.0000,1,1.0000,-1.0000,0
17.303,0.4249,-1.0000,-0.0000,0.5751,0.2500,0.0000,0.0000,1,1.0000,-1.0000,0
17.323,0.4268,-1.0000,-0.0000,0.5732,0.2500,-0.0000,0.0000,1,1.0000,-1.0000,0
17.343,0.4268,-1.0000,-0.0000,0.5732,0.2500,0.0000,0.0000,1,1.0000,-1.0000,0
17.364,0.4268,-1.0000,-0.0000,0.5732,0.2500,0.0000,0.0000,1,1.0000,-1.0000,0
17.383,0.4286,-1.0000,-0.0000,0.5714,0.2500,0.0000,0.0000,1,1.0000,-1.0000,0
17.403,0.4286,-1.0000,-0.0000,0.5714,0.2500,0.0000,0.0000,1,1.0000,-1.0000,0
17.425,0.4286,-1.0000,-0.0000,0.5714,0.2500,0.0000,0.0000,1,1.0000,-1.0000,0
17.443,0.4286,-1.0000,-0.0000,0.5714,0.2500,0.0000,0.0000,1,1.0000,-1.0000,0
17.463,0.4286,-1.0000,-0.0000,0.5714,0.2500,0.0000,0.0000,1,1.0000,-1.0000,0
17.483,0.4286,-1.0000,-0.0000,0.5714,0.2500,0.0000,0.0000,1,1.0000,-1.0000,0
17.504,0.4286,-1.0000,-0.0000,0.5714,0.2500,0.0000,0.0000,1,1.0000,-1.0000,0
17.523,0.4286,-1.0000,-0.0000,0.5714,0.2500,0.0000,0.0000,1,1.0000,-1.0000,0
17.543,0.4286,-1.0000,-0.0000,0.5714,0.2500,0.0000,0.0000,1,1.0000,-1.0000,0
17.564,0.4286,-1.0000,-0.0000,0.5714,0.2500,0.0000,0.0000,1,1.0000,-1.0000,0
17.583,0.4305,-1.0000,-0.0000,0.5695,0.2500,0.0000,0.0000,1,1.0000,-1.0000,0
17.603,0.4341,-1.0000,-0.0000,0.5659,0.2500,-0.0000,0.0000,1,1.0000,-1.0000,0
17.623,0.4360,-1.0000,-0.0000,0.5640,0.2500,0.0000,0.0000,1,1.0000,-1.0000,0
17.643,0.4378,-1.0000,-0.0000,0.5622,0.2500,0.0000,0.0000,1,1.0000,-1.0000,0
17.663,0.4378,-1.0000,-0.0000,0.5622,0.2500,0.0000,0.0000,1,1.0000,-1.0000,0
17.683,0.4397,-1.0000,-0.0000,0.5603,0.2500,0.0000,0.0000,1,1.0000,-1.0000,0
17.703,0.4397,-1.0000,-0.0000,0.5603,0.2500,0.0000,0.0000,1,1.0000,-1.0000,0
17.723,0.4397,-1.0000,-0.0000,0.5603,0.2500,0.0000,0.0000,1,1.0000,-1.0000,0
17.744,0.4397,-1.0000,-0.0000,0.5603,0.2500,0.0000,0.0000,1,1.0000,-1.0000,0
17.764,0.4397,-1.0000,-0.0000,0.5603,0.2500,0.0000,0.0000,1,1.0000,-1.0000,0
17.783,0.4397,-1.0000,-0.0000,0.5603,0.2500,0.0000,0.0000,1,1.0000,-1.0000,0
17.803,0.4397,-1.0000,-0.0000,0.5603,0.2500,0.0000,0.0000,1,1.0000,-1.0000,0
17.824,0.4397,-1.0000,-0.0000,0.5603,0.2500,0.0000,0.0000,1,1.0000,-1.0000,0
17.843,0.4415,-1.0000,-0.0000,0.5585,0.2500,-0.0000,0.0000,1,1.0000,-1.0000,0
17.863,0.4452,-1.0000,-0.0000,0.5548,0.2500,0.0000,0.0000,1,1.0000,-1.0000,0
17.883,0.4471,-1.0000,-0.0000,0.5529,0.2500,0.0000,0.0000,1,1.0000,-1.0000,0
17.903,0.4508,-1.0000,-0.0000,0.5492,0.2500,0.0000,0.0000,1,1.0000,-1.0000,0
17.923,0.4526,-1.0000,-0.0000,0.5474,0.2500,0.0000,0.0000,1,1.0000,-1.0000,0
17.943,0.4545,-1.0000,-0.0000,0.5455,0.2500,-0.0000,0.0000,1,1.0000,-1.0000,0
17.964,0.4545,-1.0000,-0.0000,0.5455,0.2500,-0.0000,0.0000,1,1.0000,-1.0000,0
17.983,0.4563,-1.0000,-0.0000,0.5437,0.2500,-0.0000,0.0000,1,1.0000,-1.0000,0
18.003,0.4563,-1.0000,-0.0000,0.5437,0.2500,-0.0000,0.0000,1,1.0000,-1.0000,0
18.023,0.4563,-1.0000,-0.0000,0.5437,0.2500,-0.0000,0.0000,1,1.0000,-1.0000,0
18.043,0.4563,-1.0000,-0.0000,0.5437,0.2500,-0.0000,0.0000,1,1.0000,-1.0000,0
18.063,0.4563,-1.0000,-0.0000,0.5437,0.2500,-0.0000,0.0000,1,1.0000,-1.0000,0
18.084,0.4563,-1.0000,-0.0000,0.5437,0.2500,-0.0000,0.0000,1,1.0000,-1.0000,0
18.105,0.4581,-1.0000,-0.0000,0.5419,0.2500,0.0000,0.0000,1,1.0000,-1.0000,0
18.123,0.4618,-1.0000,-0.0000,0.5382,0.2500,-0.0000,0.0000,1,1.0000,-1.0000,0
18.143,0.4637,-1.0000,-0.0000,0.5363,0.2500,0.0000,0.0000,1,1.0000,-1.0000,0
18.164,0.4637,-1.0000,-0.0000,0.5363,0.2500,0.0000,0.0000,1,1.0000,-1.0000,0
18.183,0.4655,-1.0000,-0.0000,0.5345,0.2500,0.0000,0.0000,1,1.0000,-1.0000,0
18.203,0.4674,-1.0000,-0.0000,0.5326,0.2500,-0.0000,0.0000,1,1.0000,-1.0000,0
18.223,0.4674,-1.0000,-0.0000,0.5326,0.2500,0.0000,0.0000,1,1.0000,-1.0000,0
18.244,0.4674,-1.0000,-0.0000,0.5326,0.2500,0.0000,0.0000,1,1.0000,-1.0000,0
18.263,0.4711,-1.0000,-0.0000,0.5289,0.2500,-0.0000,0.0000,1,1.0000,-1.0000,0
18.283,0.4711,-1.0000,-0.0000,0.5289,0.2500,0.0000,0.0000,1,1.0000,-1.0000,0
18.303,0.4711,-1.0000,-0.0000,0.5289,0.2500,0.0000,0.0000,1,1.0000,-1.0000,0
18.323,0.4711,-1.0000,-0.0000,0.5289,0.2500,0.0000,0.0000,1,1.0000,-1.0000,0
18.343,0.4729,-1.0000,-0.0000,0.5271,0.2500,0.0000,0.0000,1,1.0000,-1.0000,0
18.364,0.4729,-1.0000,-0.0000,0.5271,0.2500,0.0000,0.0000,1,1.0000,-1.0000,0
18.383,0.4729,-1.0000,-0.0000,0.5271,0.2500,0.0000,0.0000,1,1.0000,-1.0000,0
18.403,0.4729,-1.0000,-0.0000,0.5271,0.2500,0.0000,0.0000,1,1.0000,-1.0000,0
18.423,0.4748,-1.0000,-0.0000,0.5252,0.2500,0.0000,0.0000,1,1.0000,-1.0000,0
18.444,0.4766,-1.0000,-0.0000,0.5234,0.2500,-0.0000,0.0000,1,1.0000,-1.0000,0
18.463,0.4785,-1.0000,-0.0000,0.5215,0.2500,0.0000,0.0000,1,1.0000,-1.0000,0
18.483,0.4803,-1.0000,-0.0000,0.5197,0.2500,0.0000,0.0000,1,1.0000,-1.0000,0
18.503,0.4803,-1.0000,-0.0000,0.5197,0.2500,0.0000,0.0000,1,1.0000,-1.0000,0
18.523,0.4821,-1.0000,-0.0000,0.5179,0.2500,0.0000,0.0000,1,1.0000,-1.0000,0
18.543,0.4840,-1.0000,-0.0000,0.5160,0.2500,0.0000,0.0000,1,1.0000,-1.0000,0
18.563,0.4840,-1.0000,-0.0000,0.5160,0.2500,0.0000,0.0000,1,1.0000,-1.0000,0
18.583,0.4858,-1.0000,-0.0000,0.5142,0.2500,0.0000,0.0000,1,1.0000,-1.0000,0
18.603,0.4877,-1.0000,-0.0000,0.5123,0.2500,-0.0000,0.0000,1,1.0000,-1.0000,0
18.623,0.4877,-1.0000,-0.0000,0.5123,0.2500,0.0000,0.0000,1,1.0000,-1.0000,0
18.643,0.4877,-1.0000,-0.0000,0.5123,0.2500,0.0000,0.0000,1,1.0000,-1.0000,0
18.663,0.4895,-1.0000,-0.0000,0.5105,0.2500,0.0000,0.0000,1,1.0000,-1.0000,0
18.683,0.4895,-1.0000,-0.0000,0.5105,0.2500,0.0000,0.0000,1,1.0000,-1.0000,0
18.703,0.4895,-1.0000,-0.0000,0.5105,0.2500,0.0000,0.0000,1,1.0000,-1.0000,0
18.723,0.4895,-1.0000,-0.0000,0.5105,0.2500,0.0000,0.0000,1,1.0000,-1.0000,0
18.745,0.4895,-1.0000,-0.0000,0.5105,0.2500,0.0000,0.0000,1,1.0000,-1.0000,0
18.764,0.4914,-1.0000,-0.0000,0.5086,0.2500,-0.0000,0.0000,1,1.0000,-1.0000,0
18.783,0.4951,-1.0000,-0.0000,0.5049,0.2500,0.0000,0.0000,1,1.0000,-1.0000,0
18.803,0.4969,-1.0000,-0.0000,0.5031,0.2500,-0.0000,0.0000,1,1.0000,-1.0000,0
18.824,0.4969,-1.0000,-0.0000,0.5031,0.2500,-0.0000,0.0000,1,1.0000,-1.0000,0
18.843,0.4969,-1.0000,-0.0000,0.5031,0.2500,-0.0000,0.0000,1,1.0000,-1.0000,0
18.863,0.4969,-1.0000,-0.0000,0.5031,0.2500,-0.0000,0.0000,1,1.0000,-1.0000,0
18.883,0.5025,-1.0000,-0.0000,0.4975,0.2500,0.0000,0.0000,1,1.0000,-1.0000,0
18.904,0.5025,-1.0000,-0.0000,0.4975,0.2500,0.0000,0.0000,1,1.0000,-1.0000,0
18.923,0.5043,-1.0000,-0.0000,0.4957,0.2500,-0.0000,0.0000,1,1.0000,-1.0000,0
18.943,0.5061,-1.0000,-0.0000,0.4939,0.2500,0.0000,0.0000,1,1.0000,-1.0000,0
18.965,0.5061,-1.0000,-0.0000,0.4939,0.2500,0.0000,0.0000,1,1.0000,-1.0000,0
18.983,0.5080,-1.0000,-0.0000,0.4920,0.2500,0.0000,0.0000,1,1.0000,-1.0000,0
19.003,0.5098,-1.0000,-0.0000,0.4902,0.2500,0.0000,0.0000,1,1.0000,-1.0000,0
19.023,0.5098,-1.0000,-0.0000,0.4902,0.2500,0.0000,0.0000,1,1.0000,-1.0000,0
19.043,0.5098,-1.0000,-0.0000,0.4902,0.2500,0.0000,0.0000,1,1.0000,-1.0000,0
19.063,0.5098,-1.0000,-0.0000,0.4902,0.2500,0.0000,0.0000,1,1.0000,-1.0000,0
19.083,0.5117,-1.0000,-0.0000,0.4883,0.2500,-0.0000,0.0000,1,1.0000,-1.0000,0
19.104,0.5135,-1.0000,-0.0000,0.4865,0.2500,0.0000,0.0000,1,1.0000,-1.0000,0
19.123,0.5154,-1.0000,-0.0000,0.4846,0.2500,0.0000,0.0000,1,1.0000,-1.0000,0
19.143,0.5172,-1.0000,-0.0000,0.4828,0.2500,-0.0000,0.0000,1,1.0000,-1.0000,0
19.164,0.5172,-1.0000,-0.0000,0.4828,0.2500,-0.0000,0.0000,1,1.0000,-1.0000,0
19.183,0.5191,-1.0000,-0.0000,0.4809,0.2500,-0.0000,0.0000,1,1.0000,-1.0000,0
19.203,0.5209,-1.0000,-0.0000,0.4791,0.2500,0.0000,0.0000,1,1.0000,-1.0000,0
19.225,0.5209,-1.0000,-0.0000,0.4791,0.2500,0.0000,0.0000,1,1.0000,-1.0000,0
19.243,0.5209,-1.0000,-0.0000,0.4791,0.2500,0.0000,0.0000,1,1.0000,-1.0000,0
19.263,0.5228,-1.0000,-0.0000,0.4772,0.2500,0.0000,0.0000,1,1.0000,-1.0000,0
19.283,0.5246,-1.0000,-0.0000,0.4754,0.2500,-0.0000,0.0000,1,1.0000,-1.0000,0
19.304,0.5246,-1.0000,-0.0000,0.4754,0.2500,0.0000,0.0000,1,1.0000,-1.0000,0
19.323,0.5265,-1.0000,-0.0000,0.4735,0.2500,0.0000,0.0000,1,1.0000,-1.0000,0
19.343,0.5265,-1.0000,-0.0000,0.4735,0.2500,0.0000,0.0000,1,1.0000,-1.0000,0
19.367,0.5265,-1.0000,-0.0000,0.4735,0.2500,0.0000,0.0000,1,1.0000,-1.0000,0
19.383,0.5265,-1.0000,-0.0000,0.4735,0.2500,0.0000,0.0000,1,1.0000,-1.0000,0
19.403,0.5265,-1.0000,-0.0000,0.4735,0.2500,0.0000,0.0000,1,1.0000,-1.0000,0
19.423,0.5265,-1.0000,-0.0000,0.4735,0.2500,0.0000,0.0000,1,1.0000,-1.0000,0
19.443,0.5265,-1.0000,-0.0000,0.4735,0.2500,0.0000,0.0000,1,1.0000,-1.0000,0
19.463,0.5265,-1.0000,-0.0000,0.4735,0.2500,0.0000,0.0000,1,1.0000,-1.0000,0
19.483,0.5265,-1.0000,-0.0000,0.4735,0.2500,0.0000,0.0000,1,1.0000,-1.0000,0
19.504,0.5265,-1.0000,-0.0000,0.4735,0.2500,0.0000,0.0000,1,1.0000,-1.0000,0
19.524,0.5283,-1.0000,-0.0000,0.4717,0.2500,-0.0000,0.0000,1,1.0000,-1.0000,0
19.543,0.5301,-1.0000,-0.0000,0.4699,0.2500,0.0000,0.0000,1,1.0000,-1.0000,0
19.563,0.5338,-1.0000,-0.0000,0.4662,0.2500,0.0000,0.0000,1,1.0000,-1.0000,0
19.583,0.5375,-1.0000,-0.0000,0.4625,0.2500,0.0000,0.0000,1,1.0000,-1.0000,0
19.603,0.5375,-1.0000,-0.0000,0.4625,0.2500,0.0000,0.0000,1,1.0000,-1.0000,0
19.624,0.5394,-1.0000,-0.0000,0.4606,0.2500,-0.0000,0.0000,1,1.0000,-1.0000,0
19.645,0.5394,-1.0000,-0.0000,0.4606,0.2500,-0.0000,0.0000,1,1.0000,-1.0000,0
19.664,0.5431,-1.0000,-0.0000,0.4569,0.2500,0.0000,0.0000,1,1.0000,-1.0000,0
19.683,0.5449,-1.0000,-0.0000,0.4551,0.2500,-0.0000,0.0000,1,1.0000,-1.0000,0
19.703,0.5449,-1.0000,-0.0000,0.4551,0.2500,-0.0000,0.0000,1,1.0000,-1.0000,0
19.724,0.5468,-1.0000,-0.0000,0.4532,0.2500,0.0000,0.0000,1,1.0000,-1.0000,0
19.743,0.5486,-1.0000,-0.0000,0.4514,0.2500,-0.0000,0.0000,1,1.0000,-1.0000,0
19.763,0.5486,-1.0000,-0.0000,0.4514,0.2500,-0.0000,0.0000,1,1.0000,-1.0000,0
19.784,0.5486,-1.0000,-0.0000,0.4514,0.2500,-0.0000,0.0000,1,1.0000,-1.0000,0
19.803,0.5486,-1.0000,-0.0000,0.4514,0.2500,-0.0000,0.0000,1,1.0000,-1.0000,0
19.824,0.5505,-1.0000,-0.0000,0.4495,0.2500,0.0000,0.0000,1,1.0000,-1.0000,0
19.843,0.5523,-1.0000,-0.0000,0.4477,0.2500,-0.0000,0.0000,1,1.0000,-1.0000,0
19.866,0.5523,-1.0000,-0.0000,0.4477,0.2500,-0.0000,0.0000,1,1.0000,-1.0000,0
19.883,0.5523,-1.0000,-0.0000,0.4477,0.2500,-0.0000,0.0000,1,1.0000,-1.0000,0
19.903,0.5523,-1.0000,-0.0000,0.4477,0.2500,-0.0000,0.0000,1,1.0000,-1.0000,0
19.924,0.5541,-1.0000,-0.0000,0.4459,0.2500,-0.0000,0.0000,1,1.0000,-1.0000,0
19.945,0.5541,-1.0000,-0.0000,0.4459,0.2500,-0.0000,0.0000,1,1.0000,-1.0000,0
19.963,0.5541,-1.0000,-0.0000,0.4459,0.2500,-0.0000,0.0000,1,1.0000,-1.0000,0
19.983,0.5541,-1.0000,-0.0000,0.4459,0.2500,-0.0000,0.0000,1,1.0000,-1.0000,0
20.004,0.5541,-1.0000,-0.0000,0.4459,0.2500,-0.0000,0.0000,1,1.0000,-1.0000,0
20.023,0.5541,-1.0000,-0.0000,0.4459,0.2500,-0.0000,0.0000,1,1.0000,-1.0000,0
20.043,0.5541,-1.0000,-0.0000,0.4459,0.2500,-0.0000,0.0000,1,1.0000,-1.0000,0
20.064,0.5541,-1.0000,-0.0000,0.4459,0.2500,-0.0000,0.0000,1,1.0000,-1.0000,0
20.083,0.5541,-1.0000,-0.0000,0.4459,0.2500,-0.0000,0.0000,1,1.0000,-1.0000,0
20.103,0.5560,-1.0000,-0.0000,0.4440,0.2500,0.0000,0.0000,1,1.0000,-1.0000,0
20.123,0.5597,-1.0000,-0.0000,0.4403,0.2500,0.0000,0.0000,1,1.0000,-1.0000,0
20.145,0.5615,-1.0000,-0.0000,0.4385,0.2500,-0.0000,0.0000,1,1.0000,-1.0000,0
20.163,0.5652,-1.0000,-0.0000,0.4348,0.2500,-0.0000,0.0000,1,1.0000,-1.0000,0
20.186,0.5652,-1.0000,-0.0000,0.4348,0.2500,-0.0000,0.0000,1,1.0000,-1.0000,0
20.203,0.5671,-1.0000,-0.0000,0.4329,0.2500,-0.0000,0.0000,1,1.0000,-1.0000,0
20.224,0.5689,-1.0000,-0.0000,0.4311,0.2500,-0.0000,0.0000,1,1.0000,-1.0000,0
20.244,0.5689,-1.0000,-0.0000,0.4311,0.2500,-0.0000,0.0000,1,1.0000,-1.0000,0
20.263,0.5708,-1.0000,-0.0000,0.4292,0.2500,-0.0000,0.0000,1,1.0000,-1.0000,0
20.286,0.5708,-1.0000,-0.0000,0.4292,0.2500,-0.0000,0.0000,1,1.0000,-1.0000,0
20.303,0.5708,-1.0000,-0.0000,0.4292,0.2500,-0.0000,0.0000,1,1.0000,-1.0000,0
20.323,0.5726,-1.0000,-0.0000,0.4274,0.2500,0.0000,0.0000,1,1.0000,-1.0000,0
20.343,0.5745,-1.0000,-0.0000,0.4255,0.2500,0.0000,0.0000,1,1.0000,-1.0000,0
20.364,0.5745,-1.0000,-0.0000,0.4255,0.2500,-0.0000,0.0000,1,1.0000,-1.0000,0
20.383,0.5763,-1.0000,-0.0000,0.4237,0.2500,-0.0000,0.0000,1,1.0000,-1.0000,0
20.403,0.5781,-1.0000,-0.0000,0.4219,0.2500,0.0000,0.0000,1,1.0000,-1.0000,0
20.423,0.5781,-1.0000,-0.0000,0.4219,0.2500,-0.0000,0.0000,1,1.0000,-1.0000,0
20.443,0.5781,-1.0000,-0.0000,0.4219,0.2500,-0.0000,0.0000,1,1.0000,-1.0000,0
20.463,0.5800,-1.0000,-0.0000,0.4200,0.2500,-0.0000,0.0000,1,1.0000,-1.0000,0
20.483,0.5837,-1.0000,-0.0000,0.4163,0.2500,-0.0000,0.0000,1,1.0000,-1.0000,0
20.504,0.5837,-1.0000,-0.0000,0.4163,0.2500,-0.0000,0.0000,1,1.0000,-1.0000,0
20.523,0.5855,-1.0000,-0.0000,0.4145,0.2500,0.0000,0.0000,1,1.0000,-1.0000,0
20.543,0.5874,-1.0000,-0.0000,0.4126,0.2500,0.0000,0.0000,1,1.0000,-1.0000,0
20.566,0.5874,-1.0000,-0.0000,0.4126,0.2500,-0.0000,0.0000,1,1.0000,-1.0000,0
20.585,0.5874,-1.0000,-0.0000,0.4126,0.2500,-0.0000,0.0000,1,1.0000,-1.0000,0
20.603,0.5892,-1.0000,-0.0000,0.4108,0.2500,-0.0000,0.0000,1,1.0000,-1.0000,0
20.623,0.5892,-1.0000,-0.0000,0.4108,0.2500,-0.0000,0.0000,1,1.0000,-1.0000,0
20.644,0.5892,-1.0000,-0.0000,0.4108,0.2500,-0.0000,0.0000,1,1.0000,-1.0000,0
20.663,0.5892,-1.0000,-0.0000,0.4108,0.2500,-0.0000,0.0000,1,1.0000,-1.0000,0
20.684,0.5892,-1.0000,-0.0000,0.4108,0.2500,-0.0000,0.0000,1,1.0000,-1.0000,0
20.703,0.5929,-1.0000,-0.0000,0.4071,0.2500,-0.0000,0.0000,1,1.0000,-1.0000,0
20.724,0.5929,-1.0000,-0.0000,0.4071,0.2500,-0.0000,0.0000,1,1.0000,-1.0000,0
20.743,0.5966,-1.0000,-0.0000,0.4034,0.2500,0.0000,0.0000,1,1.0000,-1.0000,0
20.763,0.5985,-1.0000,-0.0000,0.4015,0.2500,-0.0000,0.0000,1,1.0000,-1.0000,0
20.784,0.5985,-1.0000,-0.0000,0.4015,0.2500,-0.0000,0.0000,1,1.0000,-1.0000,0
20.803,0.5985,-1.0000,-0.0000,0.4015,0.2500,-0.0000,0.0000,1,1.0000,-1.0000,0
20.823,0.6003,-1.0000,-0.0000,0.3997,0.2500,0.0000,0.0000,1,1.0000,-1.0000,0
20.843,0.6040,-1.0000,-0.0000,0.3960,0.2500,-0.0000,0.0000,1,1.0000,-1.0000,0
20.864,0.6040,-1.0000,-0.0000,0.3960,0.2500,-0.0000,0.0000,1,1.0000,-1.0000,0
20.883,0.6058,-1.0000,-0.0000,0.3942,0.2500,-0.0000,0.0000,1,1.0000,-1.0000,0
20.903,0.6077,-1.0000,-0.0000,0.3923,0.2500,-0.0000,0.0000,1,1.0000,-1.0000,0
20.923,0.6077,-1.0000,-0.0000,0.3923,0.2500,-0.0000,0.0000,1,1.0000,-1.0000,0
20.943,0.6077,-1.0000,-0.0000,0.3923,0.2500,-0.0000,0.0000,1,1.0000,-1.0000,0
20.963,0.6077,-1.0000,-0.0000,0.3923,0.2500,-0.0000,0.0000,1,1.0000,-1.0000,0
20.983,0.6095,-1.0000,-0.0000,0.3905,0.2500,-0.0000,0.0000,1,1.0000,-1.0000,0
21.006,0.6114,-1.0000,-0.0000,0.3886,0.2500,0.0000,0.0000,1,1.0000,-1.0000,0
21.023,0.6114,-1.0000,-0.0000,0.3886,0.2500,-0.0000,0.0000,1,1.0000,-1.0000,0
21.044,0.6114,-1.0000,-0.0000,0.3886,0.2500,-0.0000,0.0000,1,1.0000,-1.0000,0
21.063,0.6132,-1.0000,-0.0000,0.3868,0.2500,-0.0000,0.0000,1,1.0000,-1.0000,0
21.083,0.6151,-1.0000,-0.0000,0.3849,0.2500,-0.0000,0.0000,1,1.0000,-1.0000,0
21.103,0.6151,-1.0000,-0.0000,0.3849,0.2500,-0.0000,0.0000,1,1.0000,-1.0000,0
21.123,0.6169,-1.0000,-0.0000,0.3831,0.2500,0.0000,0.0000,1,1.0000,-1.0000,0
21.143,0.6206,-1.0000,-0.0000,0.3794,0.2500,-0.0000,0.0000,1,1.0000,-1.0000,0
21.163,0.6206,-1.0000,-0.0000,0.3794,0.2500,-0.0000,0.0000,1,1.0000,-1.0000,0
21.184,0.6206,-1.0000,-0.0000,0.3794,0.2500,-0.0000,0.0000,1,1.0000,-1.0000,0
21.203,0.6243,-1.0000,-0.0000,0.3757,0.2500,-0.0000,0.0000,1,1.0000,-1.0000,0
21.224,0.6243,-1.0000,-0.0000,0.3757,0.2500,-0.0000,0.0000,1,1.0000,-1.0000,0
21.243,0.6243,-1.0000,-0.0000,0.3757,0.2500,-0.0000,0.0000,1,1.0000,-1.0000,0
21.263,0.6243,-1.0000,-0.0000,0.3757,0.2500,-0.0000,0.0000,1,1.0000,-1.0000,0
21.283,0.6261,-1.0000,-0.0000,0.3739,0.2500,-0.0000,0.0000,1,1.0000,-1.0000,0
21.303,0.6298,-1.0000,-0.0000,0.3702,0.2500,0.0000,0.0000,1,1.0000,-1.0000,0
21.323,0.6335,-1.0000,-0.0000,0.3665,0.2500,-0.0000,0.0000,1,1.0000,-1.0000,0
21.343,0.6335,-1.0000,-0.0000,0.3665,0.2500,-0.0000,0.0000,1,1.0000,-1.0000,0
21.363,0.6335,-1.0000,-0.0000,0.3665,0.2500,-0.0000,0.0000,1,1.0000,-1.0000,0
21.383,0.6335,-1.0000,-0.0000,0.3665,0.2500,-0.0000,0.0000,1,1.0000,-1.0000,0
21.403,0.6372,-1.0000,-0.0000,0.3628,0.2500,-0.0000,0.0000,1,1.0000,-1.0000,0
21.423,0.6372,-1.0000,-0.0000,0.3628,0.2500,-0.0000,0.0000,1,1.0000,-1.0000,0
21.443,0.6391,-1.0000,-0.0000,0.3609,0.2500,-0.0000,0.0000,1,1.0000,-1.0000,0
21.463,0.6409,-1.0000,-0.0000,0.3591,0.2500,0.0000,0.0000,1,1.0000,-1.0000,0
21.484,0.6409,-1.0000,-0.0000,0.3591,0.2500,-0.0000,0.0000,1,1.0000,-1.0000,0
21.503,0.6409,-1.0000,-0.0000,0.3591,0.2500,-0.0000,0.0000,1,1.0000,-1.0000,0
21.523,0.6428,-1.0000,-0.0000,0.3572,0.2500,-0.0000,0.0000,1,1.0000,-1.0000,0
21.543,0.6428,-1.0000,-0.0000,0.3572,0.2500,-0.0000,0.0000,1,1.0000,-1.0000,0
21.564,0.6428,-1.0000,-0.0000,0.3572,0.2500,-0.0000,0.0000,1,1.0000,-1.0000,0
21.583,0.6428,-1.0000,-0.0000,0.3572,0.2500,-0.0000,0.0000,1,1.0000,-1.0000,0
21.603,0.6428,-1.0000,-0.0000,0.3572,0.2500,-0.0000,0.0000,1,1.0000,-1.0000,0
21.623,0.6428,-1.0000,-0.0000,0.3572,0.2500,-0.0000,0.0000,1,1.0000,-1.0000,0
21.643,0.6428,-1.0000,-0.0000,0.3572,0.2500,-0.0000,0.0000,1,1.0000,-1.0000,0
21.663,0.6428,-1.0000,-0.0000,0.3572,0.2500,-0.0000,0.0000,1,1.0000,-1.0000,0
21.683,0.6428,-1.0000,-0.0000,0.3572,0.2500,-0.0000,0.0000,1,1.0000,-1.0000,0
21.704,0.6428,-1.0000,-0.0000,0.3572,0.2500,-0.0000,0.0000,1,1.0000,-1.0000,0
21.723,0.6446,-1.0000,-0.0000,0.3554,0.2500,-0.0000,0.0000,1,1.0000,-1.0000,0
21.743,0.6465,-1.0000,-0.0000,0.3535,0.2500,-0.0000,0.0000,1,1.0000,-1.0000,0
21.763,0.6483,-1.0000,-0.0000,0.3517,0.2500,-0.0000,0.0000,1,1.0000,-1.0000,0
21.783,0.6520,-1.0000,-0.0000,0.3480,0.2500,-0.0000,0.0000,1,1.0000,-1.0000,0
21.803,0.6520,-1.0000,-0.0000,0.3480,0.2500,-0.0000,0.0000,1,1.0000,-1.0000,0
21.823,0.6538,-1.0000,-0.0000,0.3462,0.2500,-0.0000,0.0000,1,1.0000,-1.0000,0
21.844,0.6538,-1.0000,-0.0000,0.3462,0.2500,-0.0000,0.0000,1,1.0000,-1.0000,0
21.863,0.6538,-1.0000,-0.0000,0.3462,0.2500,-0.0000,0.0000,1,1.0000,-1.0000,0
21.883,0.6538,-1.0000,-0.0000,0.3462,0.2500,-0.0000,0.0000,1,1.0000,-1.0000,0
21.903,0.6557,-1.0000,-0.0000,0.3443,0.2500,-0.0000,0.0000,1,1.0000,-1.0000,0
21.924,0.6575,-1.0000,-0.0000,0.3425,0.2500,-0.0000,0.0000,1,1.0000,-1.0000,0
21.943,0.6612,-1.0000,-0.0000,0.3388,0.2500,0.0000,0.0000,1,1.0000,-1.0000,0
21.963,0.6612,-1.0000,-0.0000,0.3388,0.2500,-0.0000,0.0000,1,1.0000,-1.0000,0
21.983,0.6612,-1.0000,-0.0000,0.3388,0.2500,-0.0000,0.0000,1,1.0000,-1.0000,0
22.003,0.6631,-1.0000,-0.0000,0.3369,0.2500,-0.0000,0.0000,1,1.0000,-1.0000,0
22.023,0.6668,-1.0000,-0.0000,0.3332,0.2500,-0.0000,0.0000,1,1.0000,-1.0000,0
22.045,0.6668,-1.0000,-0.0000,0.3332,0.2500,-0.0000,0.0000,1,1.0000,-1.0000,0
22.063,0.6686,-1.0000,-0.0000,0.3314,0.2500,-0.0000,0.0000,1,1.0000,-1.0000,0
22.083,0.6705,-1.0000,-0.0000,0.3295,0.2500,-0.0000,0.0000,1,1.0000,-1.0000,0
22.103,0.6705,-1.0000,-0.0000,0.3295,0.2500,-0.0000,0.0000,1,1.0000,-1.0000,0
22.123,0.6705,-1.0000,-0.0000,0.3295,0.2500,-0.0000,0.0000,1,1.0000,-1.0000,0
22.143,0.6705,-1.0000,-0.0000,0.3295,0.2500,-0.0000,0.0000,1,1.0000,-1.0000,0
22.164,0.6705,-1.0000,-0.0000,0.3295,0.2500,-0.0000,0.0000,1,1.0000,-1.0000,0
22.184,0.6723,-1.0000,-0.0000,0.3277,0.2500,-0.0000,0.0000,1,1.0000,-1.0000,0
22.204,0.6723,-1.0000,-0.0000,0.3277,0.2500,-0.0000,0.0000,1,1.0000,-1.0000,0
22.223,0.6723,-1.0000,-0.0000,0.3277,0.2500,-0.0000,0.0000,1,1.0000,-1.0000,0
22.243,0.6723,-1.0000,-0.0000,0.3277,0.2500,-0.0000,0.0000,1,1.0000,-1.0000,0
22.264,0.6741,-1.0000,-0.0000,0.3259,0.2500,-0.0000,0.0000,1,1.0000,-1.0000,0
22.283,0.6760,-1.0000,-0.0000,0.3240,0.2500,-0.0000,0.0000,1,1.0000,-1.0000,0
22.304,0.6778,-1.0000,-0.0000,0.3222,0.2500,-0.0000,0.0000,1,1.0000,-1.0000,0
22.325,0.6797,-1.0000,-0.0000,0.3203,0.2500,-0.0000,0.0000,1,1.0000,-1.0000,0
22.343,0.6797,-1.0000,-0.0000,0.3203,0.2500,-0.0000,0.0000,1,1.0000,-1.0000,0
22.363,0.6815,-1.0000,-0.0000,0.3185,0.2500,-0.0000,0.0000,1,1.0000,-1.0000,0
22.383,0.6834,-1.0000,-0.0000,0.3166,0.2487,-0.0000,0.0000,1,1.0000,-1.0000,0
22.403,0.6852,-1.0000,-0.0000,0.3148,0.2472,-0.0000,0.0000,1,1.0000,-1.0000,0
22.423,0.6871,-1.0000,-0.0000,0.3129,0.2458,-0.0000,0.0000,1,1.0000,-1.0000,0
22.443,0.6871,-1.0000,-0.0000,0.3129,0.2500,-0.0000,0.0000,1,1.0000,-1.0000,0
22.465,0.6871,-1.0000,-0.0000,0.3129,0.2500,-0.0000,0.0000,1,1.0000,-1.0000,0
22.483,0.6871,-1.0000,-0.0000,0.3129,0.2500,-0.0000,0.0000,1,1.0000,-1.0000,0
22.506,0.6871,-1.0000,-0.0000,0.3129,0.2500,-0.0000,0.0000,1,1.0000,-1.0000,0
22.523,0.6889,-1.0000,-0.0000,0.3111,0.2443,-0.0000,0.0000,1,1.0000,-1.0000,0
22.543,0.6907,-1.0000,-0.0000,0.3093,0.2428,-0.0000,0.0000,1,1.0000,-1.0000,0
22.563,0.6925,-1.0000,-0.0000,0.3075,0.2415,-0.0000,0.0000,1,1.0000,-1.0000,0
22.583,0.6925,-1.0000,-0.0000,0.3075,0.2460,-0.0000,0.0000,1,1.0000,-1.0000,0
22.603,0.6925,-1.0000,-0.0000,0.3075,0.2460,-0.0000,0.0000,1,1.0000,-1.0000,0
22.623,0.6961,-1.0000,-0.0000,0.3039,0.2341,-0.0000,0.0000,1,1.0000,-1.0000,0
22.643,0.6961,-1.0000,-0.0000,0.3039,0.2431,-0.0000,0.0000,1,1.0000,-1.0000,0
22.664,0.6961,-1.0000,-0.0000,0.3039,0.2431,-0.0000,0.0000,1,1.0000,-1.0000,0
22.683,0.6979,-1.0000,-0.0000,0.3021,0.2374,-0.0000,0.0000,1,1.0000,-1.0000,0
22.703,0.6997,-1.0000,-0.0000,0.3003,0.2358,-0.0000,0.0000,1,1.0000,-1.0000,0
22.725,0.6997,-1.0000,-0.0000,0.3003,0.2403,-0.0000,0.0000,1,1.0000,-1.0000,0
22.744,0.6997,-1.0000,-0.0000,0.3003,0.2403,-0.0000,0.0000,1,1.0000,-1.0000,0
22.763,0.7032,-1.0000,-0.0000,0.2968,0.2286,-0.0000,0.0000,1,1.0000,-1.0000,0
22.783,0.7032,-1.0000,-0.0000,0.2968,0.2374,-0.0000,0.0000,1,1.0000,-1.0000,0
22.805,0.7032,-1.0000,-0.0000,0.2968,0.2374,-0.0000,0.0000,1,1.0000,-1.0000,0
22.825,0.7049,-1.0000,-0.0000,0.2951,0.2319,0.0000,0.0000,1,1.0000,-1.0000,0
22.843,0.7049,-1.0000,-0.0000,0.2951,0.2361,-0.0000,0.0000,1,1.0000,-1.0000,0
22.863,0.7049,-1.0000,-0.0000,0.2951,0.2361,-0.0000,0.0000,1,1.0000,-1.0000,0
22.885,0.7049,-1.0000,-0.0000,0.2951,0.2361,-0.0000,0.0000,1,1.0000,-1.0000,0
22.906,0.7049,-1.0000,-0.0000,0.2951,0.2361,-0.0000,0.0000,1,1.0000,-1.0000,0
22.923,0.7049,-1.0000,-0.0000,0.2951,0.2361,-0.0000,0.0000,1,1.0000,-1.0000,0
22.943,0.7066,-1.0000,-0.0000,0.2934,0.2303,-0.0000,0.0000,1,1.0000,-1.0000,0
22.963,0.7101,-1.0000,-0.0000,0.2899,0.2233,-0.0000,0.0000,1,1.0000,-1.0000,0
22.983,0.7101,-1.0000,-0.0000,0.2899,0.2319,-0.0000,0.0000,1,1.0000,-1.0000,0
23.003,0.7134,-1.0000,-0.0000,0.2866,0.2208,-0.0000,0.0000,1,1.0000,-1.0000,0
23.023,0.7134,-1.0000,-0.0000,0.2866,0.2292,-0.0000,0.0000,1,1.0000,-1.0000,0
23.045,0.7134,-1.0000,-0.0000,0.2866,0.2292,-0.0000,0.0000,1,1.0000,-1.0000,0
23.063,0.7134,-1.0000,-0.0000,0.2866,0.2292,-0.0000,0.0000,1,1.0000,-1.0000,0
23.083,0.7152,-1.0000,-0.0000,0.2848,0.2236,-0.0000,0.0000,1,1.0000,-1.0000,0
23.103,0.7185,-1.0000,-0.0000,0.2815,0.2168,-0.0000,0.0000,1,1.0000,-1.0000,0
23.124,0.7185,-1.0000,-0.0000,0.2815,0.2252,-0.0000,0.0000,1,1.0000,-1.0000,0
23.143,0.7201,-1.0000,-0.0000,0.2799,0.2199,0.0000,0.0000,1,1.0000,-1.0000,0
23.163,0.7201,-1.0000,-0.0000,0.2799,0.2239,-0.0000,0.0000,1,1.0000,-1.0000,0
23.184,0.7201,-1.0000,-0.0000,0.2799,0.2239,-0.0000,0.0000,1,1.0000,-1.0000,0
23.203,0.7201,-1.0000,-0.0000,0.2799,0.2239,-0.0000,0.0000,1,1.0000,-1.0000,0
23.223,0.7201,-1.0000,-0.0000,0.2799,0.2239,-0.0000,0.0000,1,1.0000,-1.0000,0
23.243,0.7201,-1.0000,-0.0000,0.2799,0.2239,-0.0000,0.0000,1,1.0000,-1.0000,0
23.263,0.7201,-1.0000,-0.0000,0.2799,0.2239,-0.0000,0.0000,1,1.0000,-1.0000,0
23.283,0.7201,-1.0000,-0.0000,0.2799,0.2239,-0.0000,0.0000,1,1.0000,-1.0000,0
23.305,0.7201,-1.0000,-0.0000,0.2799,0.2239,-0.0000,0.0000,1,1.0000,-1.0000,0
23.324,0.7201,-1.0000,-0.0000,0.2799,0.2239,-0.0000,0.0000,1,1.0000,-1.0000,0
23.343,0.7234,-1.0000,-0.0000,0.2766,0.2130,-0.0000,0.0000,1,1.0000,-1.0000,0
23.363,0.7266,-1.0000,-0.0000,0.2734,0.2106,-0.0000,0.0000,1,1.0000,-1.0000,0
23.384,0.7298,-1.0000,-0.0000,0.2702,0.2084,-0.0000,0.0000,1,1.0000,-1.0000,0
23.403,0.7344,-1.0000,-0.0000,0.2656,0.2008,-0.0000,0.0000,1,1.0000,-1.0000,0
23.424,0.7344,-1.0000,-0.0000,0.2656,0.2125,-0.0000,0.0000,1,1.0000,-1.0000,0
23.443,0.7359,-1.0000,-0.0000,0.2641,0.2076,-0.0000,0.0000,1,1.0000,-1.0000,0
23.463,0.7359,-1.0000,-0.0000,0.2641,0.2113,-0.0000,0.0000,1,1.0000,-1.0000,0
23.483,0.7359,-1.0000,-0.0000,0.2641,0.2113,-0.0000,0.0000,1,1.0000,-1.0000,0
23.503,0.7359,-1.0000,-0.0000,0.2641,0.2113,-0.0000,0.0000,1,1.0000,-1.0000,0
23.524,0.7359,-1.0000,-0.0000,0.2641,0.2113,-0.0000,0.0000,1,1.0000,-1.0000,0
23.543,0.7359,-1.0000,-0.0000,0.2641,0.2113,-0.0000,0.0000,1,1.0000,-1.0000,0
23.563,0.7359,-1.0000,-0.0000,0.2641,0.2113,-0.0000,0.0000,1,1.0000,-1.0000,0
23.584,0.7359,-1.0000,-0.0000,0.2641,0.2113,-0.0000,0.0000,1,1.0000,-1.0000,0
23.603,0.7375,-1.0000,-0.0000,0.2625,0.2061,-0.0000,0.0000,1,1.0000,-1.0000,0
23.623,0.7406,-1.0000,-0.0000,0.2594,0.1998,-0.0000,0.0000,1,1.0000,-1.0000,0
23.643,0.7420,-1.0000,-0.0000,0.2580,0.2027,-0.0000,0.0000,1,1.0000,-1.0000,0
23.663,0.7465,-1.0000,-0.0000,0.2535,0.1917,-0.0000,0.0000,1,1.0000,-1.0000,0
23.683,0.7479,-1.0000,-0.0000,0.2521,0.1981,-0.0000,0.0000,1,1.0000,-1.0000,0
23.703,0.7493,-1.0000,-0.0000,0.2507,0.1970,-0.0000,0.0000,1,1.0000,-1.0000,0
23.723,0.7508,-1.0000,-0.0000,0.2492,0.1957,-0.0000,0.0000,1,1.0000,-1.0000,0
23.744,0.7508,-1.0000,-0.0000,0.2492,0.1994,-0.0000,0.0000,1,1.0000,-1.0000,0
23.763,0.7508,-1.0000,-0.0000,0.2492,0.1994,-0.0000,0.0000,1,1.0000,-1.0000,0
23.785,0.7508,-1.0000,-0.0000,0.2492,0.1994,-0.0000,0.0000,1,1.0000,-1.0000,0
23.805,0.7522,-1.0000,-0.0000,0.2478,0.1946,-0.0000,0.0000,1,1.0000,-1.0000,0
23.824,0.7537,-1.0000,-0.0000,0.2463,0.1934,-0.0000,0.0000,1,1.0000,-1.0000,0
23.845,0.7537,-1.0000,-0.0000,0.2463,0.1970,-0.0000,0.0000,1,1.0000,-1.0000,0
23.863,0.7551,-1.0000,-0.0000,0.2449,0.1923,-0.0000,0.0000,1,1.0000,-1.0000,0
23.884,0.7580,-1.0000,-0.0000,0.2420,0.1864,-0.0000,0.0000,1,1.0000,-1.0000,0
23.903,0.7580,-1.0000,-0.0000,0.2420,0.1936,-0.0000,0.0000,1,1.0000,-1.0000,0
23.923,0.7594,-1.0000,-0.0000,0.2406,0.1890,-0.0000,0.0000,1,1.0000,-1.0000,0
23.944,0.7622,-1.0000,-0.0000,0.2378,0.1832,-0.0000,0.0000,1,1.0000,-1.0000,0
23.963,0.7622,-1.0000,-0.0000,0.2378,0.1902,-0.0000,0.0000,1,1.0000,-1.0000,0
23.983,0.7636,-1.0000,-0.0000,0.2364,0.1858,-0.0000,0.0000,1,1.0000,-1.0000,0
24.003,0.7650,-1.0000,-0.0000,0.2350,0.1845,-0.0000,0.0000,1,1.0000,-1.0000,0
24.023,0.7650,-1.0000,-0.0000,0.2350,0.1880,-0.0000,0.0000,1,1.0000,-1.0000,0
24.043,0.7663,-1.0000,-0.0000,0.2337,0.1835,-0.0000,0.0000,1,1.0000,-1.0000,0
24.063,0.7677,-1.0000,-0.0000,0.2323,0.1823,-0.0000,0.0000,1,1.0000,-1.0000,0
24.083,0.7677,-1.0000,-0.0000,0.2323,0.1858,-0.0000,0.0000,1,1.0000,-1.0000,0
24.103,0.7677,-1.0000,-0.0000,0.2323,0.1858,-0.0000,0.0000,1,1.0000,-1.0000,0
24.123,0.7691,-1.0000,-0.0000,0.2309,0.1813,-0.0000,0.0000,1,1.0000,-1.0000,0
24.143,0.7691,-1.0000,-0.0000,0.2309,0.1847,-0.0000,0.0000,1,1.0000,-1.0000,0
24.166,0.7691,-1.0000,-0.0000,0.2309,0.1847,-0.0000,0.0000,1,1.0000,-1.0000,0
24.184,0.7691,-1.0000,-0.0000,0.2309,0.1847,-0.0000,0.0000,1,1.0000,-1.0000,0
24.203,0.7691,-1.0000,-0.0000,0.2309,0.1847,-0.0000,0.0000,1,1.0000,-1.0000,0
24.224,0.7691,-1.0000,-0.0000,0.2309,0.1847,-0.0000,0.0000,1,1.0000,-1.0000,0
24.245,0.7705,-1.0000,-0.0000,0.2295,0.1802,-0.0000,0.0000,1,1.0000,-1.0000,0
24.263,0.7732,-1.0000,-0.0000,0.2268,0.1747,-0.0000,0.0000,1,1.0000,-1.0000,0
24.283,0.7732,-1.0000,-0.0000,0.2268,0.1815,-0.0000,0.0000,1,1.0000,-1.0000,0
24.304,0.7732,-1.0000,-0.0000,0.2268,0.1815,-0.0000,0.0000,1,1.0000,-1.0000,0
24.324,0.7732,-1.0000,-0.0000,0.2268,0.1815,-0.0000,0.0000,1,1.0000,-1.0000,0
24.343,0.7758,-1.0000,-0.0000,0.2242,0.1728,-0.0000,0.0000,1,1.0000,-1.0000,0
24.363,0.7758,-1.0000,-0.0000,0.2242,0.1794,-0.0000,0.0000,1,1.0000,-1.0000,0
24.383,0.7758,-1.0000,-0.0000,0.2242,0.1794,-0.0000,0.0000,1,1.0000,-1.0000,0
24.403,0.7771,-1.0000,-0.0000,0.2229,0.1752,-0.0000,0.0000,1,1.0000,-1.0000,0
24.423,0.7784,-1.0000,-0.0000,0.2216,0.1740,-0.0000,0.0000,1,1.0000,-1.0000,0
24.444,0.7784,-1.0000,-0.0000,0.2216,0.1773,-0.0000,0.0000,1,1.0000,-1.0000,0
24.463,0.7784,-1.0000,-0.0000,0.2216,0.1773,-0.0000,0.0000,1,1.0000,-1.0000,0
24.483,0.7784,-1.0000,-0.0000,0.2216,0.1773,-0.0000,0.0000,1,1.0000,-1.0000,0
24.503,0.7797,-1.0000,-0.0000,0.2203,0.1730,-0.0000,0.0000,1,1.0000,-1.0000,0
24.523,0.7797,-1.0000,-0.0000,0.2203,0.1763,-0.0000,0.0000,1,1.0000,-1.0000,0
24.543,0.7797,-1.0000,-0.0000,0.2203,0.1763,-0.0000,0.0000,1,1.0000,-1.0000,0
24.563,0.7797,-1.0000,-0.0000,0.2203,0.1763,-0.0000,0.0000,1,1.0000,-1.0000,0
24.583,0.7797,-1.0000,-0.0000,0.2203,0.1763,-0.0000,0.0000,1,1.0000,-1.0000,0
24.603,0.7797,-1.0000,-0.0000,0.2203,0.1763,-0.0000,0.0000,1,1.0000,-1.0000,0
24.623,0.7797,-1.0000,-0.0000,0.2203,0.1763,-0.0000,0.0000,1,1.0000,-1.0000,0
24.644,0.7797,-1.0000,-0.0000,0.2203,0.1763,-0.0000,0.0000,1,1.0000,-1.0000,0
24.664,0.7810,-1.0000,-0.0000,0.2190,0.1719,0.0000,0.0000,1,1.0000,-1.0000,0
24.683,0.7823,-1.0000,-0.0000,0.2177,0.1709,-0.0000,0.0000,1,1.0000,-1.0000,0
24.703,0.7848,-1.0000,-0.0000,0.2152,0.1658,-0.0000,0.0000,1,1.0000,-1.0000,0
24.724,0.7873,-1.0000,-0.0000,0.2127,0.1639,-0.0000,0.0000,1,1.0000,-1.0000,0
24.743,0.7873,-1.0000,-0.0000,0.2127,0.1701,-0.0000,0.0000,1,1.0000,-1.0000,0
24.763,0.7873,-1.0000,-0.0000,0.2127,0.1701,-0.0000,0.0000,1,1.0000,-1.0000,0
24.784,0.7898,-1.0000,-0.0000,0.2102,0.1620,-0.0000,0.0000,1,1.0000,-1.0000,0
24.804,0.7898,-1.0000,-0.0000,0.2102,0.1682,-0.0000,0.0000,1,1.0000,-1.0000,0
24.823,0.7898,-1.0000,-0.0000,0.2102,0.1682,-0.0000,0.0000,1,1.0000,-1.0000,0
24.843,0.7898,-1.0000,-0.0000,0.2102,0.1682,-0.0000,0.0000,1,1.0000,-1.0000,0
24.863,0.7910,-1.0000,-0.0000,0.2090,0.1642,-0.0000,0.0000,1,1.0000,-1.0000,0
24.885,0.7922,-1.0000,-0.0000,0.2078,0.1631,-0.0000,0.0000,1,1.0000,-1.0000,0
24.903,0.7946,-1.0000,-0.0000,0.2054,0.1582,-0.0000,0.0000,1,1.0000,-1.0000,0
24.923,0.7946,-1.0000,-0.0000,0.2054,0.1643,-0.0000,0.0000,1,1.0000,-1.0000,0
24.943,0.7946,-1.0000,-0.0000,0.2054,0.1643,-0.0000,0.0000,1,1.0000,-1.0000,0
24.963,0.7958,-1.0000,-0.0000,0.2042,0.1604,-0.0000,0.0000,1,1.0000,-1.0000,0
24.983,0.7970,-1.0000,-0.0000,0.2030,0.1594,-0.0000,0.0000,1,1.0000,-1.0000,0
25.004,0.7970,-1.0000,-0.0000,0.2030,0.1624,-0.0000,0.0000,1,1.0000,-1.0000,0
25.023,0.7982,-1.0000,-0.0000,0.2018,0.1585,-0.0000,0.0000,1,1.0000,-1.0000,0
25.043,0.7982,-1.0000,-0.0000,0.2018,0.1614,-0.0000,0.0000,1,1.0000,-1.0000,0
25.063,0.7982,-1.0000,-0.0000,0.2018,0.1614,-0.0000,0.0000,1,1.0000,-1.0000,0
25.083,0.7982,-1.0000,-0.0000,0.2018,0.1614,-0.0000,0.0000,1,1.0000,-1.0000,0
25.103,0.7982,-1.0000,-0.0000,0.2018,0.1614,-0.0000,0.0000,1,1.0000,-1.0000,0
25.123,0.7982,-1.0000,-0.0000,0.2018,0.1614,-0.0000,0.0000,1,1.0000,-1.0000,0
25.145,0.8006,-1.0000,-0.0000,0.1994,0.1535,-0.0000,0.0000,1,1.0000,-1.0000,0
25.163,0.8006,-1.0000,-0.0000,0.1994,0.1595,-0.0000,0.0000,1,1.0000,-1.0000,0
25.183,0.8017,-1.0000,-0.0000,0.1983,0.1558,-0.0000,0.0000,1,1.0000,-1.0000,0
25.203,0.8041,-1.0000,-0.0000,0.1959,0.1509,-0.0000,0.0000,1,1.0000,-1.0000,0
25.223,0.8041,-1.0000,-0.0000,0.1959,0.1568,-0.0000,0.0000,1,1.0000,-1.0000,0
25.244,0.8041,-1.0000,-0.0000,0.1959,0.1568,-0.0000,0.0000,1,1.0000,-1.0000,0
25.263,0.8063,-1.0000,-0.0000,0.1937,0.1493,-0.0000,0.0000,1,1.0000,-1.0000,0
25.284,0.8063,-1.0000,-0.0000,0.1937,0.1549,-0.0000,0.0000,1,1.0000,-1.0000,0
25.303,0.8086,-1.0000,-0.0000,0.1914,0.1475,-0.0000,0.0000,1,1.0000,-1.0000,0
25.323,0.8086,-1.0000,-0.0000,0.1914,0.1531,-0.0000,0.0000,1,1.0000,-1.0000,0
25.344,0.8086,-1.0000,-0.0000,0.1914,0.1531,-0.0000,0.0000,1,1.0000,-1.0000,0
25.363,0.8097,-1.0000,-0.0000,0.1903,0.1495,-0.0000,0.0000,1,1.0000,-1.0000,0
25.383,0.8097,-1.0000,-0.0000,0.1903,0.1523,-0.0000,0.0000,1,1.0000,-1.0000,0
25.403,0.8097,-1.0000,-0.0000,0.1903,0.1523,-0.0000,0.0000,1,1.0000,-1.0000,0
25.424,0.8097,-1.0000,-0.0000,0.1903,0.1523,-0.0000,0.0000,1,1.0000,-1.0000,0
25.443,0.8097,-1.0000,-0.0000,0.1903,0.1523,-0.0000,0.0000,1,1.0000,-1.0000,0
25.464,0.8097,-1.0000,-0.0000,0.1903,0.1523,-0.0000,0.0000,1,1.0000,-1.0000,0
25.484,0.8097,-1.0000,-0.0000,0.1903,0.1523,-0.0000,0.0000,1,1.0000,-1.0000,0
25.503,0.8097,-1.0000,-0.0000,0.1903,0.1523,-0.0000,0.0000,1,1.0000,-1.0000,0
25.523,0.8097,-1.0000,-0.0000,0.1903,0.1523,-0.0000,0.0000,1,1.0000,-1.0000,0
25.545,0.8097,-1.0000,-0.0000,0.1903,0.1523,-0.0000,0.0000,1,1.0000,-1.0000,0
25.563,0.8097,-1.0000,-0.0000,0.1903,0.1523,-0.0000,0.0000,1,1.0000,-1.0000,0
25.583,0.8119,-1.0000,-0.0000,0.1881,0.1448,-0.0000,0.0000,1,1.0000,-1.0000,0
25.603,0.8130,-1.0000,-0.0000,0.1870,0.1469,-0.0000,0.0000,1,1.0000,-1.0000,0
25.624,0.8141,-1.0000,-0.0000,0.1859,0.1460,-0.0000,0.0000,1,1.0000,-1.0000,0
25.643,0.8162,-1.0000,-0.0000,0.1838,0.1416,-0.0000,0.0000,1,1.0000,-1.0000,0
25.664,0.8162,-1.0000,-0.0000,0.1838,0.1470,-0.0000,0.0000,1,1.0000,-1.0000,0
25.683,0.8173,-1.0000,-0.0000,0.1827,0.1436,-0.0000,0.0000,1,1.0000,-1.0000,0
25.703,0.8184,-1.0000,-0.0000,0.1816,0.1426,-0.0000,0.0000,1,1.0000,-1.0000,0
25.723,0.8184,-1.0000,-0.0000,0.1816,0.1453,-0.0000,0.0000,1,1.0000,-1.0000,0
25.743,0.8184,-1.0000,-0.0000,0.1816,0.1453,-0.0000,0.0000,1,1.0000,-1.0000,0
25.763,0.8194,-1.0000,-0.0000,0.1806,0.1418,-0.0000,0.0000,1,1.0000,-1.0000,0
25.783,0.8205,-1.0000,-0.0000,0.1795,0.1409,-0.0000,0.0000,1,1.0000,-1.0000,0
25.805,0.8205,-1.0000,-0.0000,0.1795,0.1436,-0.0000,0.0000,1,1.0000,-1.0000,0
25.823,0.8215,-1.0000,-0.0000,0.1785,0.1401,-0.0000,0.0000,1,1.0000,-1.0000,0
25.844,0.8226,-1.0000,-0.0000,0.1774,0.1393,-0.0000,0.0000,1,1.0000,-1.0000,0
25.863,0.8226,-1.0000,-0.0000,0.1774,0.1419,-0.0000,0.0000,1,1.0000,-1.0000,0
25.883,0.8236,-1.0000,-0.0000,0.1764,0.1385,-0.0000,0.0000,1,1.0000,-1.0000,0
25.906,0.8247,-1.0000,-0.0000,0.1753,0.1376,-0.0000,0.0000,1,1.0000,-1.0000,0
25.924,0.8257,-1.0000,-0.0000,0.1743,0.1369,-0.0000,0.0000,1,1.0000,-1.0000,0
25.943,0.8267,-1.0000,-0.0000,0.1733,0.1361,-0.0000,0.0000,1,1.0000,-1.0000,0
25.963,0.8267,-1.0000,-0.0000,0.1733,0.1386,-0.0000,0.0000,1,1.0000,-1.0000,0
25.983,0.8267,-1.0000,-0.0000,0.1733,0.1386,-0.0000,0.0000,1,1.0000,-1.0000,0
26.003,0.8267,-1.0000,-0.0000,0.1733,0.1386,-0.0000,0.0000,1,1.0000,-1.0000,0
26.025,0.8267,-1.0000,-0.0000,0.1733,0.1386,-0.0000,0.0000,1,1.0000,-1.0000,0
26.045,0.8277,-1.0000,-0.0000,0.1723,0.1353,-0.0000,0.0000,1,1.0000,-1.0000,0
26.063,0.8277,-1.0000,-0.0000,0.1723,0.1378,-0.0000,0.0000,1,1.0000,-1.0000,0
26.083,0.8277,-1.0000,-0.0000,0.1723,0.1378,-0.0000,0.0000,1,1.0000,-1.0000,0
26.103,0.8277,-1.0000,-0.0000,0.1723,0.1378,-0.0000,0.0000,1,1.0000,-1.0000,0
26.124,0.8277,-1.0000,-0.0000,0.1723,0.1378,-0.0000,0.0000,1,1.0000,-1.0000,0
26.143,0.8277,-1.0000,-0.0000,0.1723,0.1378,-0.0000,0.0000,1,1.0000,-1.0000,0
26.163,0.8277,-1.0000,-0.0000,0.1723,0.1378,-0.0000,0.0000,1,1.0000,-1.0000,0
26.185,0.8277,-1.0000,-0.0000,0.1723,0.1378,-0.0000,0.0000,1,1.0000,-1.0000,0
26.205,0.8277,-1.0000,-0.0000,0.1723,0.1378,-0.0000,0.0000,1,1.0000,-1.0000,0
26.223,0.8288,-1.0000,-0.0000,0.1712,0.1344,-0.0000,0.0000,1,1.0000,-1.0000,0
26.243,0.8308,-1.0000,-0.0000,0.1692,0.1304,-0.0000,0.0000,1,1.0000,-1.0000,0
26.263,0.8317,-1.0000,-0.0000,0.1683,0.1322,-0.0000,0.0000,1,1.0000,-1.0000,0
26.283,0.8327,-1.0000,-0.0000,0.1673,0.1314,-0.0000,0.0000,1,1.0000,-1.0000,0
26.303,0.8327,-1.0000,-0.0000,0.1673,0.1338,-0.0000,0.0000,1,1.0000,-1.0000,0
26.324,0.8327,-1.0000,-0.0000,0.1673,0.1338,-0.0000,0.0000,1,1.0000,-1.0000,0
26.344,0.8347,-1.0000,-0.0000,0.1653,0.1274,-0.0000,0.0000,1,1.0000,-1.0000,0
26.364,0.8347,-1.0000,-0.0000,0.1653,0.1323,-0.0000,0.0000,1,1.0000,-1.0000,0
26.383,0.8347,-1.0000,-0.0000,0.1653,0.1323,-0.0000,0.0000,1,1.0000,-1.0000,0
26.405,0.8347,-1.0000,-0.0000,0.1653,0.1323,-0.0000,0.0000,1,1.0000,-1.0000,0
26.423,0.8356,-1.0000,-0.0000,0.1644,0.1292,-0.0000,0.0000,1,1.0000,-1.0000,0
26.443,0.8366,-1.0000,-0.0000,0.1634,0.1283,-0.0000,0.0000,1,1.0000,-1.0000,0
26.463,0.8366,-1.0000,-0.0000,0.1634,0.1307,-0.0000,0.0000,1,1.0000,-1.0000,0
26.483,0.8375,-1.0000,-0.0000,0.1625,0.1276,-0.0000,0.0000,1,1.0000,-1.0000,0
26.505,0.8385,-1.0000,-0.0000,0.1615,0.1268,-0.0000,0.0000,1,1.0000,-1.0000,0
26.523,0.8385,-1.0000,-0.0000,0.1615,0.1292,-0.0000,0.0000,1,1.0000,-1.0000,0
26.543,0.8385,-1.0000,-0.0000,0.1615,0.1292,-0.0000,0.0000,1,1.0000,-1.0000,0
26.563,0.8404,-1.0000,-0.0000,0.1596,0.1229,-0.0000,0.0000,1,1.0000,-1.0000,0
26.583,0.8404,-1.0000,-0.0000,0.1596,0.1277,-0.0000,0.0000,1,1.0000,-1.0000,0
26.603,0.8413,-1.0000,-0.0000,0.1587,0.1247,-0.0000,0.0000,1,1.0000,-1.0000,0
26.623,0.8423,-1.0000,-0.0000,0.1577,0.1238,-0.0000,0.0000,1,1.0000,-1.0000,0
26.643,0.8432,-1.0000,-0.0000,0.1568,0.1232,-0.0000,0.0000,1,1.0000,-1.0000,0
26.663,0.8432,-1.0000,-0.0000,0.1568,0.1255,-0.0000,0.0000,1,1.0000,-1.0000,0
26.683,0.8432,-1.0000,-0.0000,0.1568,0.1255,-0.0000,0.0000,1,1.0000,-1.0000,0
26.703,0.8441,-1.0000,-0.0000,0.1559,0.1224,-0.0000,0.0000,1,1.0000,-1.0000,0
26.723,0.8441,-1.0000,-0.0000,0.1559,0.1247,-0.0000,0.0000,1,1.0000,-1.0000,0
26.743,0.8441,-1.0000,-0.0000,0.1559,0.1247,-0.0000,0.0000,1,1.0000,-1.0000,0
26.763,0.8450,-1.0000,-0.0000,0.1550,0.1217,-0.0000,0.0000,1,1.0000,-1.0000,0
26.783,0.8459,-1.0000,-0.0000,0.1541,0.1209,-0.0000,0.0000,1,1.0000,-1.0000,0
26.803,0.8459,-1.0000,-0.0000,0.1541,0.1232,-0.0000,0.0000,1,1.0000,-1.0000,0
26.824,0.8459,-1.0000,-0.0000,0.1541,0.1232,-0.0000,0.0000,1,1.0000,-1.0000,0
26.843,0.8477,-1.0000,-0.0000,0.1523,0.1173,-0.0000,0.0000,1,1.0000,-1.0000,0
26.863,0.8477,-1.0000,-0.0000,0.1523,0.1218,-0.0000,0.0000,1,1.0000,-1.0000,0
26.884,0.8477,-1.0000,-0.0000,0.1523,0.1218,-0.0000,0.0000,1,1.0000,-1.0000,0
26.903,0.8477,-1.0000,-0.0000,0.1523,0.1218,-0.0000,0.0000,1,1.0000,-1.0000,0
26.923,0.8486,-1.0000,-0.0000,0.1514,0.1189,-0.0000,0.0000,1,1.0000,-1.0000,0
26.943,0.8504,-1.0000,-0.0000,0.1496,0.1152,-0.0000,0.0000,1,1.0000,-1.0000,0
26.964,0.8504,-1.0000,-0.0000,0.1496,0.1197,-0.0000,0.0000,1,1.0000,-1.0000,0
26.983,0.8521,-1.0000,-0.0000,0.1479,0.1140,-0.0000,0.0000,1,1.0000,-1.0000,0
27.003,0.8521,-1.0000,-0.0000,0.1479,0.1183,-0.0000,0.0000,1,1.0000,-1.0000,0
27.023,0.8521,-1.0000,-0.0000,0.1479,0.1183,-0.0000,0.0000,1,1.0000,-1.0000,0
27.043,0.8530,-1.0000,-0.0000,0.1470,0.1155,-0.0000,0.0000,1,1.0000,-1.0000,0
27.063,0.8538,-1.0000,-0.0000,0.1462,0.1147,-0.0000,0.0000,1,1.0000,-1.0000,0
27.085,0.8538,-1.0000,-0.0000,0.1462,0.1169,-0.0000,0.0000,1,1.0000,-1.0000,0
27.103,0.8547,-1.0000,-0.0000,0.1453,0.1141,-0.0000,0.0000,1,1.0000,-1.0000,0
27.123,0.8556,-1.0000,-0.0000,0.1444,0.1134,-0.0000,0.0000,1,1.0000,-1.0000,0
27.143,0.8564,-1.0000,-0.0000,0.1436,0.1128,-0.0000,0.0000,1,1.0000,-1.0000,0
27.163,0.8564,-1.0000,-0.0000,0.1436,0.1149,-0.0000,0.0000,1,1.0000,-1.0000,0
27.183,0.8564,-1.0000,-0.0000,0.1436,0.1149,-0.0000,0.0000,1,1.0000,-1.0000,0
27.203,0.8572,-1.0000,-0.0000,0.1428,0.1121,-0.0000,0.0000,1,1.0000,-1.0000,0
27.224,0.8589,-1.0000,-0.0000,0.1411,0.1087,-0.0000,0.0000,1,1.0000,-1.0000,0
27.243,0.8597,-1.0000,-0.0000,0.1403,0.1102,-0.0000,0.0000,1,1.0000,-1.0000,0
27.263,0.8605,-1.0000,-0.0000,0.1395,0.1095,-0.0000,0.0000,1,1.0000,-1.0000,0
27.283,0.8605,-1.0000,-0.0000,0.1395,0.1116,-0.0000,0.0000,1,1.0000,-1.0000,0
27.303,0.8605,-1.0000,-0.0000,0.1395,0.1116,-0.0000,0.0000,1,1.0000,-1.0000,0
27.323,0.8605,-1.0000,-0.0000,0.1395,0.1116,-0.0000,0.0000,1,1.0000,-1.0000,0
27.343,0.8613,-1.0000,-0.0000,0.1387,0.1089,-0.0000,0.0000,1,1.0000,-1.0000,0
27.364,0.8613,-1.0000,-0.0000,0.1387,0.1109,-0.0000,0.0000,1,1.0000,-1.0000,0
27.383,0.8622,-1.0000,-0.0000,0.1378,0.1082,-0.0000,0.0000,1,1.0000,-1.0000,0
27.403,0.8630,-1.0000,-0.0000,0.1370,0.1076,-0.0000,0.0000,1,1.0000,-1.0000,0
27.424,0.8630,-1.0000,-0.0000,0.1370,0.1096,-0.0000,0.0000,1,1.0000,-1.0000,0
27.443,0.8630,-1.0000,-0.0000,0.1370,0.1096,-0.0000,0.0000,1,1.0000,-1.0000,0
27.466,0.8630,-1.0000,-0.0000,0.1370,0.1096,-0.0000,0.0000,1,1.0000,-1.0000,0
27.483,0.8646,-1.0000,-0.0000,0.1354,0.1043,-0.0000,0.0000,1,1.0000,-1.0000,0
27.503,0.8646,-1.0000,-0.0000,0.1354,0.1083,-0.0000,0.0000,1,1.0000,-1.0000,0
27.523,0.8646,-1.0000,-0.0000,0.1354,0.1083,-0.0000,0.0000,1,1.0000,-1.0000,0
27.543,0.8654,-1.0000,-0.0000,0.1346,0.1058,-0.0000,0.0000,1,1.0000,-1.0000,0
27.563,0.8669,-1.0000,-0.0000,0.1331,0.1025,-0.0000,0.0000,1,1.0000,-1.0000,0
27.583,0.8669,-1.0000,-0.0000,0.1331,0.1064,-0.0000,0.0000,1,1.0000,-1.0000,0
27.603,0.8685,-1.0000,-0.0000,0.1315,0.1014,-0.0000,0.0000,1,1.0000,-1.0000,0
27.623,0.8685,-1.0000,-0.0000,0.1315,0.1052,-0.0000,0.0000,1,1.0000,-1.0000,0
27.643,0.8685,-1.0000,-0.0000,0.1315,0.1052,-0.0000,0.0000,1,1.0000,-1.0000,0
27.663,0.8692,-1.0000,-0.0000,0.1308,0.1027,-0.0000,0.0000,1,1.0000,-1.0000,0
27.683,0.8692,-1.0000,-0.0000,0.1308,0.1046,-0.0000,0.0000,1,1.0000,-1.0000,0
27.705,0.8692,-1.0000,-0.0000,0.1308,0.1046,-0.0000,0.0000,1,1.0000,-1.0000,0
27.723,0.8692,-1.0000,-0.0000,0.1308,0.1046,-0.0000,0.0000,1,1.0000,-1.0000,0
27.743,0.8692,-1.0000,-0.0000,0.1308,0.1046,-0.0000,0.0000,1,1.0000,-1.0000,0
27.764,0.8692,-1.0000,-0.0000,0.1308,0.1046,-0.0000,0.0000,1,1.0000,-1.0000,0
27.783,0.8692,-1.0000,-0.0000,0.1308,0.1046,-0.0000,0.0000,1,1.0000,-1.0000,0
27.803,0.8692,-1.0000,-0.0000,0.1308,0.1046,-0.0000,0.0000,1,1.0000,-1.0000,0
27.823,0.8692,-1.0000,-0.0000,0.1308,0.1046,-0.0000,0.0000,1,1.0000,-1.0000,0
27.844,0.8692,-1.0000,-0.0000,0.1308,0.1046,-0.0000,0.0000,1,1.0000,-1.0000,0
27.863,0.8708,-1.0000,-0.0000,0.1292,0.0995,-0.0000,0.0000,1,1.0000,-1.0000,0
27.883,0.8715,-1.0000,-0.0000,0.1285,0.1009,-0.0000,0.0000,1,1.0000,-1.0000,0
27.905,0.8730,-1.0000,-0.0000,0.1270,0.0979,-0.0000,0.0000,1,1.0000,-1.0000,0
27.923,0.8730,-1.0000,-0.0000,0.1270,0.1016,-0.0000,0.0000,1,1.0000,-1.0000,0
27.945,0.8730,-1.0000,-0.0000,0.1270,0.1016,-0.0000,0.0000,1,1.0000,-1.0000,0
27.963,0.8745,-1.0000,-0.0000,0.1255,0.0968,-0.0000,0.0000,1,1.0000,-1.0000,0
27.984,0.8752,-1.0000,-0.0000,0.1248,0.0979,-0.0000,0.0000,1,1.0000,-1.0000,0
28.003,0.8752,-1.0000,-0.0000,0.1248,0.0998,-0.0000,0.0000,1,1.0000,-1.0000,0
28.023,0.8752,-1.0000,-0.0000,0.1248,0.0998,-0.0000,0.0000,1,1.0000,-1.0000,0
28.043,0.8752,-1.0000,-0.0000,0.1248,0.0998,-0.0000,0.0000,1,1.0000,-1.0000,0
28.064,0.8759,-1.0000,-0.0000,0.1241,0.0975,-0.0000,0.0000,1,1.0000,-1.0000,0
28.083,0.8759,-1.0000,-0.0000,0.1241,0.0992,-0.0000,0.0000,1,1.0000,-1.0000,0
28.105,0.8759,-1.0000,-0.0000,0.1241,0.0992,-0.0000,0.0000,1,1.0000,-1.0000,0
28.123,0.8759,-1.0000,-0.0000,0.1241,0.0992,-0.0000,0.0000,1,1.0000,-1.0000,0
28.143,0.8759,-1.0000,-0.0000,0.1241,0.0992,-0.0000,0.0000,1,1.0000,-1.0000,0
28.163,0.8759,-1.0000,-0.0000,0.1241,0.0992,-0.0000,0.0000,1,1.0000,-1.0000,0
28.183,0.8759,-1.0000,-0.0000,0.1241,0.0992,-0.0000,0.0000,1,1.0000,-1.0000,0
28.205,0.8759,-1.0000,-0.0000,0.1241,0.0992,-0.0000,0.0000,1,1.0000,-1.0000,0
28.223,0.8767,-1.0000,-0.0000,0.1233,0.0968,-0.0000,0.0000,1,1.0000,-1.0000,0
28.244,0.8781,-1.0000,-0.0000,0.1219,0.0939,-0.0000,0.0000,1,1.0000,-1.0000,0
28.263,0.8795,-1.0000,-0.0000,0.1205,0.0929,-0.0000,0.0000,1,1.0000,-1.0000,0
28.283,0.8809,-1.0000,-0.0000,0.1191,0.0918,-0.0000,0.0000,1,1.0000,-1.0000,0
28.303,0.8809,-1.0000,-0.0000,0.1191,0.0953,-0.0000,0.0000,1,1.0000,-1.0000,0
28.326,0.8809,-1.0000,-0.0000,0.1191,0.0953,-0.0000,0.0000,1,1.0000,-1.0000,0
28.343,0.8816,-1.0000,-0.0000,0.1184,0.0930,-0.0000,0.0000,1,1.0000,-1.0000,0
28.364,0.8823,-1.0000,-0.0000,0.1177,0.0924,-0.0000,0.0000,1,1.0000,-1.0000,0
28.383,0.8823,-1.0000,-0.0000,0.1177,0.0942,-0.0000,0.0000,1,1.0000,-1.0000,0
28.403,0.8830,-1.0000,-0.0000,0.1170,0.0919,-0.0000,0.0000,1,1.0000,-1.0000,0
28.423,0.8844,-1.0000,-0.0000,0.1156,0.0891,-0.0000,0.0000,1,1.0000,-1.0000,0
28.443,0.8844,-1.0000,-0.0000,0.1156,0.0925,-0.0000,0.0000,1,1.0000,-1.0000,0
28.464,0.8844,-1.0000,-0.0000,0.1156,0.0925,-0.0000,0.0000,1,1.0000,-1.0000,0
28.483,0.8857,-1.0000,-0.0000,0.1143,0.0881,-0.0000,0.0000,1,1.0000,-1.0000,0
28.504,0.8857,-1.0000,-0.0000,0.1143,0.0914,-0.0000,0.0000,1,1.0000,-1.0000,0
28.523,0.8857,-1.0000,-0.0000,0.1143,0.0914,-0.0000,0.0000,1,1.0000,-1.0000,0
28.543,0.8857,-1.0000,-0.0000,0.1143,0.0914,-0.0000,0.0000,1,1.0000,-1.0000,0
28.563,0.8863,-1.0000,-0.0000,0.1137,0.0893,-0.0000,0.0000,1,1.0000,-1.0000,0
28.583,0.8870,-1.0000,-0.0000,0.1130,0.0887,-0.0000,0.0000,1,1.0000,-1.0000,0
28.604,0.8877,-1.0000,-0.0000,0.1123,0.0882,-0.0000,0.0000,1,1.0000,-1.0000,0
28.623,0.8877,-1.0000,-0.0000,0.1123,0.0899,-0.0000,0.0000,1,1.0000,-1.0000,0
28.643,0.8877,-1.0000,-0.0000,0.1123,0.0899,-0.0000,0.0000,1,1.0000,-1.0000,0
28.663,0.8877,-1.0000,-0.0000,0.1123,0.0899,-0.0000,0.0000,1,1.0000,-1.0000,0
28.683,0.8877,-1.0000,-0.0000,0.1123,0.0899,-0.0000,0.0000,1,1.0000,-1.0000,0
28.703,0.8877,-1.0000,-0.0000,0.1123,0.0899,-0.0000,0.0000,1,1.0000,-1.0000,0
28.723,0.8877,-1.0000,-0.0000,0.1123,0.0899,-0.0000,0.0000,1,1.0000,-1.0000,0
28.743,0.8877,-1.0000,-0.0000,0.1123,0.0899,-0.0000,0.0000,1,1.0000,-1.0000,0
28.765,0.8877,-1.0000,-0.0000,0.1123,0.0899,-0.0000,0.0000,1,1.0000,-1.0000,0
28.784,0.8877,-1.0000,-0.0000,0.1123,0.0899,-0.0000,0.0000,1,1.0000,-1.0000,0
28.803,0.8883,-1.0000,-0.0000,0.1117,0.0877,0.0000,0.0000,1,1.0000,-1.0000,0
28.823,0.8896,-1.0000,-0.0000,0.1104,0.0850,-0.0000,0.0000,1,1.0000,-1.0000,0
28.843,0.8903,-1.0000,-0.0000,0.1097,0.0862,-0.0000,0.0000,1,1.0000,-1.0000,0
28.863,0.8915,-1.0000,-0.0000,0.1085,0.0836,-0.0000,0.0000,1,1.0000,-1.0000,0
28.883,0.8922,-1.0000,-0.0000,0.1078,0.0847,-0.0000,0.0000,1,1.0000,-1.0000,0
28.903,0.8928,-1.0000,-0.0000,0.1072,0.0842,-0.0000,0.0000,1,1.0000,-1.0000,0
28.923,0.8934,-1.0000,-0.0000,0.1066,0.0837,-0.0000,0.0000,1,1.0000,-1.0000,0
28.943,0.8934,-1.0000,-0.0000,0.1066,0.0853,-0.0000,0.0000,1,1.0000,-1.0000,0
28.963,0.8934,-1.0000,-0.0000,0.1066,0.0853,-0.0000,0.0000,1,1.0000,-1.0000,0
28.983,0.8940,-1.0000,-0.0000,0.1060,0.0832,-0.0000,0.0000,1,1.0000,-1.0000,0
29.003,0.8947,-1.0000,-0.0000,0.1053,0.0827,-0.0000,0.0000,1,1.0000,-1.0000,0
29.023,0.8953,-1.0000,-0.0000,0.1047,0.0822,-0.0000,0.0000,1,1.0000,-1.0000,0
29.043,0.8959,-1.0000,-0.0000,0.1041,0.0818,-0.0000,0.0000,1,1.0000,-1.0000,0
29.063,0.8959,-1.0000,-0.0000,0.1041,0.0833,-0.0000,0.0000,1,1.0000,-1.0000,0
29.084,0.8959,-1.0000,-0.0000,0.1041,0.0833,-0.0000,0.0000,1,1.0000,-1.0000,0
29.103,0.8965,-1.0000,-0.0000,0.1035,0.0813,-0.0000,0.0000,1,1.0000,-1.0000,0
29.123,0.8971,-1.0000,-0.0000,0.1029,0.0808,-0.0000,0.0000,1,1.0000,-1.0000,0
29.144,0.8971,-1.0000,-0.0000,0.1029,0.0823,-0.0000,0.0000,1,1.0000,-1.0000,0
29.163,0.8977,-1.0000,-0.0000,0.1023,0.0803,-0.0000,0.0000,1,1.0000,-1.0000,0
29.183,0.8983,-1.0000,-0.0000,0.1017,0.0798,-0.0000,0.0000,1,1.0000,-1.0000,0
29.204,0.8983,-1.0000,-0.0000,0.1017,0.0813,-0.0000,0.0000,1,1.0000,-1.0000,0
29.223,0.8983,-1.0000,-0.0000,0.1017,0.0813,-0.0000,0.0000,1,1.0000,-1.0000,0
29.243,0.8983,-1.0000,-0.0000,0.1017,0.0813,-0.0000,0.0000,1,1.0000,-1.0000,0
29.263,0.8989,-1.0000,-0.0000,0.1011,0.0794,-0.0000,0.0000,1,1.0000,-1.0000,0
29.283,0.8995,-1.0000,-0.0000,0.1005,0.0789,-0.0000,0.0000,1,1.0000,-1.0000,0
29.303,0.8995,-1.0000,-0.0000,0.1005,0.0804,-0.0000,0.0000,1,1.0000,-1.0000,0
29.323,0.9001,-1.0000,-0.0000,0.0999,0.0785,-0.0000,0.0000,1,1.0000,-1.0000,0
29.343,0.9007,-1.0000,-0.0000,0.0993,0.0780,-0.0000,0.0000,1,1.0000,-1.0000,0
29.363,0.9013,-1.0000,-0.0000,0.0987,0.0775,-0.0000,0.0000,1,1.0000,-1.0000,0
29.383,0.9018,-1.0000,-0.0000,0.0982,0.0771,-0.0000,0.0000,1,1.0000,-1.0000,0
29.403,0.9018,-1.0000,-0.0000,0.0982,0.0785,-0.0000,0.0000,1,1.0000,-1.0000,0
29.423,0.9018,-1.0000,-0.0000,0.0982,0.0785,-0.0000,0.0000,1,1.0000,-1.0000,0
29.443,0.9024,-1.0000,-0.0000,0.0976,0.0766,-0.0000,0.0000,1,1.0000,-1.0000,0
29.463,0.9030,-1.0000,-0.0000,0.0970,0.0762,-0.0000,0.0000,1,1.0000,-1.0000,0
29.483,0.9030,-1.0000,-0.0000,0.0970,0.0776,-0.0000,0.0000,1,1.0000,-1.0000,0
29.503,0.9036,-1.0000,-0.0000,0.0964,0.0757,-0.0000,0.0000,1,1.0000,-1.0000,0
29.523,0.9041,-1.0000,-0.0000,0.0959,0.0753,-0.0000,0.0000,1,1.0000,-1.0000,0
29.543,0.9041,-1.0000,-0.0000,0.0959,0.0767,-0.0000,0.0000,1,1.0000,-1.0000,0
29.563,0.9047,-1.0000,-0.0000,0.0953,0.0748,-0.0000,0.0000,1,1.0000,-1.0000,0
29.583,0.9047,-1.0000,-0.0000,0.0953,0.0762,-0.0000,0.0000,1,1.0000,-1.0000,0
29.606,0.9047,-1.0000,-0.0000,0.0953,0.0762,-0.0000,0.0000,1,1.0000,-1.0000,0
29.625,0.9047,-1.0000,-0.0000,0.0953,0.0762,-0.0000,0.0000,1,1.0000,-1.0000,0
29.643,0.9047,-1.0000,-0.0000,0.0953,0.0762,-0.0000,0.0000,1,1.0000,-1.0000,0
29.665,0.9047,-1.0000,-0.0000,0.0953,0.0762,-0.0000,0.0000,1,1.0000,-1.0000,0
29.684,0.9053,-1.0000,-0.0000,0.0947,0.0744,-0.0000,0.0000,1,1.0000,-1.0000,0
29.703,0.9058,-1.0000,-0.0000,0.0942,0.0739,-0.0000,0.0000,1,1.0000,-1.0000,0
29.723,0.9058,-1.0000,-0.0000,0.0942,0.0753,-0.0000,0.0000,1,1.0000,-1.0000,0
29.743,0.9069,-1.0000,-0.0000,0.0931,0.0717,-0.0000,0.0000,1,1.0000,-1.0000,0
29.763,0.9069,-1.0000,-0.0000,0.0931,0.0745,-0.0000,0.0000,1,1.0000,-1.0000,0
29.786,0.9069,-1.0000,-0.0000,0.0931,0.0745,-0.0000,0.0000,1,1.0000,-1.0000,0
29.803,0.9080,-1.0000,-0.0000,0.0920,0.0709,-0.0000,0.0000,1,1.0000,-1.0000,0
29.824,0.9080,-1.0000,-0.0000,0.0920,0.0736,-0.0000,0.0000,1,1.0000,-1.0000,0
29.843,0.9085,-1.0000,-0.0000,0.0915,0.0719,-0.0000,0.0000,1,1.0000,-1.0000,0
29.863,0.9091,-1.0000,-0.0000,0.0909,0.0714,-0.0000,0.0000,1,1.0000,-1.0000,0
29.884,0.9091,-1.0000,-0.0000,0.0909,0.0727,-0.0000,0.0000,1,1.0000,-1.0000,0
29.903,0.9091,-1.0000,-0.0000,0.0909,0.0727,-0.0000,0.0000,1,1.0000,-1.0000,0
29.923,0.9091,-1.0000,-0.0000,0.0909,0.0727,-0.0000,0.0000,1,1.0000,-1.0000,0
29.943,0.9091,-1.0000,-0.0000,0.0909,0.0727,-0.0000,0.0000,1,1.0000,-1.0000,0
29.964,0.9096,-1.0000,-0.0000,0.0904,0.0710,-0.0000,0.0000,1,1.0000,-1.0000,0
29.983,0.9096,-1.0000,-0.0000,0.0904,0.0723,-0.0000,0.0000,1,1.0000,-1.0000,0
30.003,0.9096,-1.0000,-0.0000,0.0904,0.0723,-0.0000,0.0000,1,1.0000,-1.0000,0
30.024,0.9096,-1.0000,-0.0000,0.0904,0.0723,-0.0000,0.0000,1,1.0000,-1.0000,0
30.043,0.9096,-1.0000,-0.0000,0.0904,0.0723,-0.0000,0.0000,1,1.0000,-1.0000,0
30.063,0.9096,-1.0000,-0.0000,0.0904,0.0723,-0.0000,0.0000,1,1.0000,-1.0000,0
30.086,0.9096,-1.0000,-0.0000,0.0904,0.0723,-0.0000,0.0000,1,1.0000,-1.0000,0
30.103,0.9101,-1.0000,-0.0000,0.0899,0.0705,-0.0000,0.0000,1,1.0000,-1.0000,0
30.123,0.9107,-1.0000,-0.0000,0.0893,0.0701,-0.0000,0.0000,1,1.0000,-1.0000,0
30.143,0.9117,-1.0000,-0.0000,0.0883,0.0680,-0.0000,0.0000,1,1.0000,-1.0000,0
30.165,0.9122,-1.0000,-0.0000,0.0878,0.0690,-0.0000,0.0000,1,1.0000,-1.0000,0
30.183,0.9132,-1.0000,-0.0000,0.0868,0.0669,-0.0000,0.0000,1,1.0000,-1.0000,0
30.203,0.9137,-1.0000,-0.0000,0.0863,0.0677,-0.0000,0.0000,1,1.0000,-1.0000,0
30.224,0.9137,-1.0000,-0.0000,0.0863,0.0690,-0.0000,0.0000,1,1.0000,-1.0000,0
30.244,0.9137,-1.0000,-0.0000,0.0863,0.0690,-0.0000,0.0000,1,1.0000,-1.0000,0
30.263,0.9142,-1.0000,-0.0000,0.0858,0.0674,-0.0000,0.0000,1,1.0000,-1.0000,0
30.283,0.9142,-1.0000,-0.0000,0.0858,0.0686,-0.0000,0.0000,1,1.0000,-1.0000,0
30.303,0.9142,-1.0000,-0.0000,0.0858,0.0686,-0.0000,0.0000,1,1.0000,-1.0000,0
30.323,0.9142,-1.0000,-0.0000,0.0858,0.0686,-0.0000,0.0000,1,1.0000,-1.0000,0
30.346,0.9142,-1.0000,-0.0000,0.0858,0.0686,-0.0000,0.0000,1,1.0000,-1.0000,0
30.364,0.9147,-1.0000,-0.0000,0.0853,0.0669,-0.0000,0.0000,1,1.0000,-1.0000,0
30.383,0.9147,-1.0000,-0.0000,0.0853,0.0682,-0.0000,0.0000,1,1.0000,-1.0000,0
30.404,0.9147,-1.0000,-0.0000,0.0853,0.0682,-0.0000,0.0000,1,1.0000,-1.0000,0
30.423,0.9157,-1.0000,-0.0000,0.0843,0.0649,-0.0000,0.0000,1,1.0000,-1.0000,0
30.443,0.9157,-1.0000,-0.0000,0.0843,0.0674,-0.0000,0.0000,1,1.0000,-1.0000,0
30.466,0.9157,-1.0000,-0.0000,0.0843,0.0674,-0.0000,0.0000,1,1.0000,-1.0000,0
30.483,0.9167,-1.0000,-0.0000,0.0833,0.0642,-0.0000,0.0000,1,1.0000,-1.0000,0
30.504,0.9167,-1.0000,-0.0000,0.0833,0.0666,-0.0000,0.0000,1,1.0000,-1.0000,0
30.523,0.9172,-1.0000,-0.0000,0.0828,0.0651,-0.0000,0.0000,1,1.0000,-1.0000,0
30.543,0.9177,-1.0000,-0.0000,0.0823,0.0646,-0.0000,0.0000,1,1.0000,-1.0000,0
30.565,0.9177,-1.0000,-0.0000,0.0823,0.0658,-0.0000,0.0000,1,1.0000,-1.0000,0
30.583,0.9177,-1.0000,-0.0000,0.0823,0.0658,-0.0000,0.0000,1,1.0000,-1.0000,0
30.603,0.9182,-1.0000,-0.0000,0.0818,0.0643,-0.0000,0.0000,1,1.0000,-1.0000,0
30.625,0.9182,-1.0000,-0.0000,0.0818,0.0655,-0.0000,0.0000,1,1.0000,-1.0000,0
30.643,0.9182,-1.0000,-0.0000,0.0818,0.0655,-0.0000,0.0000,1,1.0000,-1.0000,0
30.663,0.9182,-1.0000,-0.0000,0.0818,0.0655,-0.0000,0.0000,1,1.0000,-1.0000,0
30.683,0.9182,-1.0000,-0.0000,0.0818,0.0655,-0.0000,0.0000,1,1.0000,-1.0000,0
30.703,0.9182,-1.0000,-0.0000,0.0818,0.0655,-0.0000,0.0000,1,1.0000,-1.0000,0
30.725,0.9182,-1.0000,-0.0000,0.0818,0.0655,-0.0000,0.0000,1,1.0000,-1.0000,0
30.743,0.9182,-1.0000,-0.0000,0.0818,0.0655,-0.0000,0.0000,1,1.0000,-1.0000,0
30.765,0.9182,-1.0000,-0.0000,0.0818,0.0655,-0.0000,0.0000,1,1.0000,-1.0000,0
30.784,0.9187,-1.0000,-0.0000,0.0813,0.0639,-0.0000,0.0000,1,1.0000,-1.0000,0
30.803,0.9191,-1.0000,-0.0000,0.0809,0.0635,-0.0000,0.0000,1,1.0000,-1.0000,0
30.823,0.9196,-1.0000,-0.0000,0.0804,0.0631,-0.0000,0.0000,1,1.0000,-1.0000,0
30.843,0.9205,-1.0000,-0.0000,0.0795,0.0612,-0.0000,0.0000,1,1.0000,-1.0000,0
30.863,0.9205,-1.0000,-0.0000,0.0795,0.0636,-0.0000,0.0000,1,1.0000,-1.0000,0
30.883,0.9210,-1.0000,-0.0000,0.0790,0.0621,-0.0000,0.0000,1,1.0000,-1.0000,0
30.904,0.9215,-1.0000,-0.0000,0.0785,0.0617,-0.0000,0.0000,1,1.0000,-1.0000,0
30.923,0.9215,-1.0000,-0.0000,0.0785,0.0628,-0.0000,0.0000,1,1.0000,-1.0000,0
30.943,0.9215,-1.0000,-0.0000,0.0785,0.0628,-0.0000,0.0000,1,1.0000,-1.0000,0
30.963,0.9215,-1.0000,-0.0000,0.0785,0.0628,-0.0000,0.0000,1,1.0000,-1.0000,0
30.983,0.9224,-1.0000,-0.0000,0.0776,0.0598,-0.0000,0.0000,1,1.0000,-1.0000,0
31.003,0.9224,-1.0000,-0.0000,0.0776,0.0621,-0.0000,0.0000,1,1.0000,-1.0000,0
31.025,0.9224,-1.0000,-0.0000,0.0776,0.0621,-0.0000,0.0000,1,1.0000,-1.0000,0
31.043,0.9228,-1.0000,-0.0000,0.0772,0.0606,-0.0000,0.0000,1,1.0000,-1.0000,0
31.063,0.9233,-1.0000,-0.0000,0.0767,0.0602,-0.0000,0.0000,1,1.0000,-1.0000,0
31.083,0.9233,-1.0000,-0.0000,0.0767,0.0614,-0.0000,0.0000,1,1.0000,-1.0000,0
31.103,0.9237,-1.0000,-0.0000,0.0763,0.0599,-0.0000,0.0000,1,1.0000,-1.0000,0
31.124,0.9246,-1.0000,-0.0000,0.0754,0.0581,-0.0000,0.0000,1,1.0000,-1.0000,0
31.143,0.9246,-1.0000,-0.0000,0.0754,0.0603,-0.0000,0.0000,1,1.0000,-1.0000,0
31.165,0.9246,-1.0000,-0.0000,0.0754,0.0603,-0.0000,0.0000,1,1.0000,-1.0000,0
31.184,0.9251,-1.0000,-0.0000,0.0749,0.0589,-0.0000,0.0000,1,1.0000,-1.0000,0
31.203,0.9255,-1.0000,-0.0000,0.0745,0.0585,-0.0000,0.0000,1,1.0000,-1.0000,0
31.225,0.9255,-1.0000,-0.0000,0.0745,0.0596,-0.0000,0.0000,1,1.0000,-1.0000,0
31.243,0.9259,-1.0000,-0.0000,0.0741,0.0582,-0.0000,0.0000,1,1.0000,-1.0000,0
31.263,0.9264,-1.0000,-0.0000,0.0736,0.0578,-0.0000,0.0000,1,1.0000,-1.0000,0
31.283,0.9264,-1.0000,-0.0000,0.0736,0.0589,-0.0000,0.0000,1,1.0000,-1.0000,0
31.304,0.9264,-1.0000,-0.0000,0.0736,0.0589,-0.0000,0.0000,1,1.0000,-1.0000,0
31.325,0.9268,-1.0000,-0.0000,0.0732,0.0575,-0.0000,0.0000,1,1.0000,-1.0000,0
31.343,0.9272,-1.0000,-0.0000,0.0728,0.0571,-0.0000,0.0000,1,1.0000,-1.0000,0
31.363,0.9277,-1.0000,-0.0000,0.0723,0.0568,-0.0000,0.0000,1,1.0000,-1.0000,0
31.383,0.9281,-1.0000,-0.0000,0.0719,0.0565,-0.0000,0.0000,1,1.0000,-1.0000,0
31.403,0.9281,-1.0000,-0.0000,0.0719,0.0575,-0.0000,0.0000,1,1.0000,-1.0000,0
31.423,0.9285,-1.0000,-0.0000,0.0715,0.0561,-0.0000,0.0000,1,1.0000,-1.0000,0
31.443,0.9289,-1.0000,-0.0000,0.0711,0.0558,-0.0000,0.0000,1,1.0000,-1.0000,0
31.465,0.9289,-1.0000,-0.0000,0.0711,0.0568,-0.0000,0.0000,1,1.0000,-1.0000,0
31.483,0.9294,-1.0000,-0.0000,0.0706,0.0555,-0.0000,0.0000,1,1.0000,-1.0000,0
31.503,0.9298,-1.0000,-0.0000,0.0702,0.0551,-0.0000,0.0000,1,1.0000,-1.0000,0
31.523,0.9298,-1.0000,-0.0000,0.0702,0.0562,-0.0000,0.0000,1,1.0000,-1.0000,0
31.543,0.9298,-1.0000,-0.0000,0.0702,0.0562,-0.0000,0.0000,1,1.0000,-1.0000,0
31.563,0.9298,-1.0000,-0.0000,0.0702,0.0562,-0.0000,0.0000,1,1.0000,-1.0000,0
31.583,0.9298,-1.0000,-0.0000,0.0702,0.0562,-0.0000,0.0000,1,1.0000,-1.0000,0
31.604,0.9302,-1.0000,-0.0000,0.0698,0.0548,-0.0000,0.0000,1,1.0000,-1.0000,0
31.623,0.9310,-1.0000,-0.0000,0.0690,0.0531,-0.0000,0.0000,1,1.0000,-1.0000,0
31.643,0.9310,-1.0000,-0.0000,0.0690,0.0552,-0.0000,0.0000,1,1.0000,-1.0000,0
31.664,0.9310,-1.0000,-0.0000,0.0690,0.0552,-0.0000,0.0000,1,1.0000,-1.0000,0
31.683,0.9310,-1.0000,-0.0000,0.0690,0.0552,-0.0000,0.0000,1,1.0000,-1.0000,0
31.703,0.9318,-1.0000,-0.0000,0.0682,0.0526,-0.0000,0.0000,1,1.0000,-1.0000,0
31.724,0.9318,-1.0000,-0.0000,0.0682,0.0546,-0.0000,0.0000,1,1.0000,-1.0000,0
31.743,0.9322,-1.0000,-0.0000,0.0678,0.0533,-0.0000,0.0000,1,1.0000,-1.0000,0
31.763,0.9326,-1.0000,-0.0000,0.0674,0.0529,-0.0000,0.0000,1,1.0000,-1.0000,0
31.783,0.9326,-1.0000,-0.0000,0.0674,0.0539,-0.0000,0.0000,1,1.0000,-1.0000,0
31.804,0.9326,-1.0000,-0.0000,0.0674,0.0539,-0.0000,0.0000,1,1.0000,-1.0000,0
31.823,0.9326,-1.0000,-0.0000,0.0674,0.0539,-0.0000,0.0000,1,1.0000,-1.0000,0
31.843,0.9326,-1.0000,-0.0000,0.0674,0.0539,-0.0000,0.0000,1,1.0000,-1.0000,0
31.863,0.9330,-1.0000,-0.0000,0.0670,0.0526,-0.0000,0.0000,1,1.0000,-1.0000,0
31.883,0.9334,-1.0000,-0.0000,0.0666,0.0523,-0.0000,0.0000,1,1.0000,-1.0000,0
31.903,0.9338,-1.0000,-0.0000,0.0662,0.0520,-0.0000,0.0000,1,1.0000,-1.0000,0
31.923,0.9338,-1.0000,-0.0000,0.0662,0.0530,-0.0000,0.0000,1,1.0000,-1.0000,0
31.943,0.9338,-1.0000,-0.0000,0.0662,0.0530,-0.0000,0.0000,1,1.0000,-1.0000,0
31.963,0.9338,-1.0000,-0.0000,0.0662,0.0530,-0.0000,0.0000,1,1.0000,-1.0000,0
31.983,0.9338,-1.0000,-0.0000,0.0662,0.0530,-0.0000,0.0000,1,1.0000,-1.0000,0
32.003,0.9346,-1.0000,-0.0000,0.0654,0.0504,-0.0000,0.0000,1,1.0000,-1.0000,0
32.023,0.9346,-1.0000,-0.0000,0.0654,0.0524,-0.0000,0.0000,1,1.0000,-1.0000,0
32.045,0.9346,-1.0000,-0.0000,0.0654,0.0524,-0.0000,0.0000,1,1.0000,-1.0000,0
32.063,0.9353,-1.0000,-0.0000,0.0647,0.0499,-0.0000,0.0000,1,1.0000,-1.0000,0
32.083,0.9353,-1.0000,-0.0000,0.0647,0.0518,-0.0000,0.0000,1,1.0000,-1.0000,0
32.103,0.9353,-1.0000,-0.0000,0.0647,0.0518,-0.0000,0.0000,1,1.0000,-1.0000,0
32.125,0.9353,-1.0000,-0.0000,0.0647,0.0518,-0.0000,0.0000,1,1.0000,-1.0000,0
32.143,0.9364,-1.0000,-0.0000,0.0636,0.0480,-0.0000,0.0000,1,1.0000,-1.0000,0
32.164,0.9364,-1.0000,-0.0000,0.0636,0.0508,-0.0000,0.0000,1,1.0000,-1.0000,0
32.184,0.9368,-1.0000,-0.0000,0.0632,0.0497,-0.0000,0.0000,1,1.0000,-1.0000,0
32.203,0.9372,-1.0000,-0.0000,0.0628,0.0493,-0.0000,0.0000,1,1.0000,-1.0000,0
32.223,0.9372,-1.0000,-0.0000,0.0628,0.0503,-0.0000,0.0000,1,1.0000,-1.0000,0
32.243,0.9372,-1.0000,-0.0000,0.0628,0.0503,-0.0000,0.0000,1,1.0000,-1.0000,0
32.263,0.9372,-1.0000,-0.0000,0.0628,0.0503,-0.0000,0.0000,1,1.0000,-1.0000,0
32.283,0.9372,-1.0000,-0.0000,0.0628,0.0503,-0.0000,0.0000,1,1.0000,-1.0000,0
32.303,0.9372,-1.0000,-0.0000,0.0628,0.0503,-0.0000,0.0000,1,1.0000,-1.0000,0
32.323,0.9372,-1.0000,-0.0000,0.0628,0.0503,-0.0000,0.0000,1,1.0000,-1.0000,0
32.343,0.9372,-1.0000,-0.0000,0.0628,0.0503,-0.0000,0.0000,1,1.0000,-1.0000,0
32.363,0.9372,-1.0000,-0.0000,0.0628,0.0503,-0.0000,0.0000,1,1.0000,-1.0000,0
32.385,0.9372,-1.0000,-0.0000,0.0628,0.0503,-0.0000,0.0000,1,1.0000,-1.0000,0
32.404,0.9375,-1.0000,-0.0000,0.0625,0.0490,-0.0000,0.0000,1,1.0000,-1.0000,0
32.423,0.9383,-1.0000,-0.0000,0.0617,0.0475,-0.0000,0.0000,1,1.0000,-1.0000,0
32.443,0.9386,-1.0000,-0.0000,0.0614,0.0482,-0.0000,0.0000,1,1.0000,-1.0000,0
32.463,0.9397,-1.0000,-0.0000,0.0603,0.0456,-0.0000,0.0000,1,1.0000,-1.0000,0
32.483,0.9397,-1.0000,-0.0000,0.0603,0.0483,-0.0000,0.0000,1,1.0000,-1.0000,0
32.503,0.9397,-1.0000,-0.0000,0.0603,0.0483,-0.0000,0.0000,1,1.0000,-1.0000,0
32.523,0.9400,-1.0000,-0.0000,0.0600,0.0471,-0.0000,0.0000,1,1.0000,-1.0000,0
32.543,0.9400,-1.0000,-0.0000,0.0600,0.0480,-0.0000,0.0000,1,1.0000,-1.0000,0
32.563,0.9400,-1.0000,-0.0000,0.0600,0.0480,-0.0000,0.0000,1,1.0000,-1.0000,0
32.585,0.9400,-1.0000,-0.0000,0.0600,0.0480,-0.0000,0.0000,1,1.0000,-1.0000,0
32.603,0.9404,-1.0000,-0.0000,0.0596,0.0468,-0.0000,0.0000,1,1.0000,-1.0000,0
32.624,0.9407,-1.0000,-0.0000,0.0593,0.0465,-0.0000,0.0000,1,1.0000,-1.0000,0
32.643,0.9407,-1.0000,-0.0000,0.0593,0.0474,-0.0000,0.0000,1,1.0000,-1.0000,0
32.663,0.9411,-1.0000,-0.0000,0.0589,0.0463,-0.0000,0.0000,1,1.0000,-1.0000,0
32.684,0.9414,-1.0000,-0.0000,0.0586,0.0460,-0.0000,0.0000,1,1.0000,-1.0000,0
32.703,0.9418,-1.0000,-0.0000,0.0582,0.0457,-0.0000,0.0000,1,1.0000,-1.0000,0
32.723,0.9424,-1.0000,-0.0000,0.0576,0.0443,-0.0000,0.0000,1,1.0000,-1.0000,0
32.743,0.9424,-1.0000,-0.0000,0.0576,0.0460,-0.0000,0.0000,1,1.0000,-1.0000,0
32.763,0.9424,-1.0000,-0.0000,0.0576,0.0460,-0.0000,0.0000,1,1.0000,-1.0000,0
32.783,0.9428,-1.0000,-0.0000,0.0572,0.0450,-0.0000,0.0000,1,1.0000,-1.0000,0
32.803,0.9431,-1.0000,-0.0000,0.0569,0.0447,-0.0000,0.0000,1,1.0000,-1.0000,0
32.824,0.9431,-1.0000,-0.0000,0.0569,0.0455,-0.0000,0.0000,1,1.0000,-1.0000,0
32.843,0.9434,-1.0000,-0.0000,0.0566,0.0444,-0.0000,0.0000,1,1.0000,-1.0000,0
32.863,0.9434,-1.0000,-0.0000,0.0566,0.0452,-0.0000,0.0000,1,1.0000,-1.0000,0
32.884,0.9434,-1.0000,-0.0000,0.0566,0.0452,-0.0000,0.0000,1,1.0000,-1.0000,0
32.904,0.9434,-1.0000,-0.0000,0.0566,0.0452,-0.0000,0.0000,1,1.0000,-1.0000,0
32.923,0.9441,-1.0000,-0.0000,0.0559,0.0430,-0.0000,0.0000,1,1.0000,-1.0000,0
32.943,0.9441,-1.0000,-0.0000,0.0559,0.0447,-0.0000,0.0000,1,1.0000,-1.0000,0
32.963,0.9441,-1.0000,-0.0000,0.0559,0.0447,-0.0000,0.0000,1,1.0000,-1.0000,0
32.983,0.9444,-1.0000,-0.0000,0.0556,0.0437,-0.0000,0.0000,1,1.0000,-1.0000,0
33.003,0.9448,-1.0000,-0.0000,0.0552,0.0434,-0.0000,0.0000,1,1.0000,-1.0000,0
33.025,0.9448,-1.0000,-0.0000,0.0552,0.0442,-0.0000,0.0000,1,1.0000,-1.0000,0
33.043,0.9451,-1.0000,-0.0000,0.0549,0.0431,-0.0000,0.0000,1,1.0000,-1.0000,0
33.063,0.9454,-1.0000,-0.0000,0.0546,0.0429,-0.0000,0.0000,1,1.0000,-1.0000,0
33.083,0.9454,-1.0000,-0.0000,0.0546,0.0437,-0.0000,0.0000,1,1.0000,-1.0000,0
33.104,0.9454,-1.0000,-0.0000,0.0546,0.0437,-0.0000,0.0000,1,1.0000,-1.0000,0
33.123,0.9454,-1.0000,-0.0000,0.0546,0.0437,-0.0000,0.0000,1,1.0000,-1.0000,0
33.144,0.9454,-1.0000,-0.0000,0.0546,0.0437,-0.0000,0.0000,1,1.0000,-1.0000,0
33.163,0.9461,-1.0000,-0.0000,0.0539,0.0416,-0.0000,0.0000,1,1.0000,-1.0000,0
33.183,0.9461,-1.0000,-0.0000,0.0539,0.0432,-0.0000,0.0000,1,1.0000,-1.0000,0
33.203,0.9461,-1.0000,-0.0000,0.0539,0.0432,-0.0000,0.0000,1,1.0000,-1.0000,0
33.224,0.9461,-1.0000,-0.0000,0.0539,0.0432,-0.0000,0.0000,1,1.0000,-1.0000,0
33.244,0.9467,-1.0000,-0.0000,0.0533,0.0411,-0.0000,0.0000,1,1.0000,-1.0000,0
33.263,0.9473,-1.0000,-0.0000,0.0527,0.0406,-0.0000,0.0000,1,1.0000,-1.0000,0
33.283,0.9476,-1.0000,-0.0000,0.0524,0.0412,-0.0000,0.0000,1,1.0000,-1.0000,0
33.303,0.9476,-1.0000,-0.0000,0.0524,0.0419,-0.0000,0.0000,1,1.0000,-1.0000,0
33.323,0.9476,-1.0000,-0.0000,0.0524,0.0419,-0.0000,0.0000,1,1.0000,-1.0000,0
33.343,0.9482,-1.0000,-0.0000,0.0518,0.0399,-0.0000,0.0000,1,1.0000,-1.0000,0
33.363,0.9485,-1.0000,-0.0000,0.0515,0.0404,-0.0000,0.0000,1,1.0000,-1.0000,0
33.384,0.9485,-1.0000,-0.0000,0.0515,0.0412,-0.0000,0.0000,1,1.0000,-1.0000,0
33.403,0.9485,-1.0000,-0.0000,0.0515,0.0412,-0.0000,0.0000,1,1.0000,-1.0000,0
33.423,0.9485,-1.0000,-0.0000,0.0515,0.0412,-0.0000,0.0000,1,1.0000,-1.0000,0
33.443,0.9488,-1.0000,-0.0000,0.0512,0.0402,-0.0000,0.0000,1,1.0000,-1.0000,0
33.463,0.9491,-1.0000,-0.0000,0.0509,0.0399,-0.0000,0.0000,1,1.0000,-1.0000,0
33.483,0.9494,-1.0000,-0.0000,0.0506,0.0397,-0.0000,0.0000,1,1.0000,-1.0000,0
33.503,0.9494,-1.0000,-0.0000,0.0506,0.0405,-0.0000,0.0000,1,1.0000,-1.0000,0
33.523,0.9494,-1.0000,-0.0000,0.0506,0.0405,-0.0000,0.0000,1,1.0000,-1.0000,0
33.543,0.9494,-1.0000,-0.0000,0.0506,0.0405,-0.0000,0.0000,1,1.0000,-1.0000,0
33.565,0.9494,-1.0000,-0.0000,0.0506,0.0405,-0.0000,0.0000,1,1.0000,-1.0000,0
33.583,0.9494,-1.0000,-0.0000,0.0506,0.0405,-0.0000,0.0000,1,1.0000,-1.0000,0
33.603,0.9494,-1.0000,-0.0000,0.0506,0.0405,-0.0000,0.0000,1,1.0000,-1.0000,0
33.623,0.9494,-1.0000,-0.0000,0.0506,0.0405,-0.0000,0.0000,1,1.0000,-1.0000,0
33.644,0.9494,-1.0000,-0.0000,0.0506,0.0405,-0.0000,0.0000,1,1.0000,-1.0000,0
33.664,0.9494,-1.0000,-0.0000,0.0506,0.0405,-0.0000,0.0000,1,1.0000,-1.0000,0
33.683,0.9497,-1.0000,-0.0000,0.0503,0.0395,-0.0000,0.0000,1,1.0000,-1.0000,0
33.703,0.9503,-1.0000,-0.0000,0.0497,0.0000,0.0000,0.0000,1,1.0000,-1.0000,0
